time_ns,ecd_hsa,pep_hsa,lnk_hsa,ecd_pep,pep_lnk
0.0,79.2020460172492,100.84997387662642,88.47209276021503,22.93435762360787,16.07123912966659
0.04997986914947156,81.19463135809515,102.47349830599326,78.95499422681897,22.269467266,23.755779950158715
0.09995973829894313,80.75817294042288,102.83466411569766,88.9253370225745,22.930724210216958,17.66647427803032
0.1499396074484147,81.94802796370105,104.69303554174961,91.12631958718126,23.63208683612881,16.629883018068355
0.19991947659788625,82.53516400811023,104.45988723969674,91.06651837023243,22.67949491051858,16.79183318579306
0.24989934574735784,81.57955183956356,102.81198608886902,89.50758447539245,22.51659667354539,15.793131739800565
0.2998792148968294,81.74665986559847,102.98772933763964,88.99890260454232,22.21776938011232,16.194029242149988
0.349859084046301,82.37244398919856,103.92192859845638,91.94781874525549,22.566892901388304,14.826975853576178
0.3998389531957725,81.62774125256573,102.94456397526656,91.02442877732344,22.26862396787554,14.782612982081822
0.44981882234524406,81.6339097985739,102.38641701240566,89.55184455040282,21.854308649085866,14.601973312407495
0.4997986914947157,82.02880892560417,103.01215620317673,91.08342617909105,22.19552283309026,13.571164484671115
0.5497785606441873,80.70766756599434,101.7870499101499,89.37292141952143,22.277553237778456,14.145203800329915
0.5997584297936588,80.55260809316411,100.95068547971799,89.8170957414811,22.228511271354492,13.397381574498443
0.6497382989431303,79.47227821852323,100.09566432910547,89.30058024471376,21.976051448061842,13.604280494166725
0.699718168092602,79.61963889968253,99.98783113819138,90.8215395406993,22.019608144532164,10.943157858639358
0.7496980372420735,79.87901334629285,100.36178886331466,90.7770645892049,21.966046183322014,11.534607684624472
0.799677906391545,80.94524469541238,101.96636234771202,92.19106394286099,22.291071979597316,11.291735313844738
0.8496577755410166,80.69493274750111,101.61093624721832,90.90073969794774,22.03154738763665,12.422588516324238
0.8996376446904881,80.21689741319425,100.67895451181742,90.69897422368066,21.774147171761033,12.307013508146268
0.9496175138399597,79.4999311691853,100.94161557709289,90.95942071087687,22.064565029161777,12.419028086531448
0.9995973829894313,80.6836582342689,102.34725455550496,91.9690523424871,22.328612381978562,13.423069323131502
1.049577252138903,81.3921722784088,102.91983916506489,91.92387109755184,22.310709097093778,12.751698722924074
1.0995571212883746,80.45840939845971,101.77147762876568,91.00981990125,21.88453062316314,12.777115234831127
1.149536990437846,80.31687743254103,101.51576570971295,90.80419457163487,21.800116038239455,12.800636787762171
1.1995168595873176,80.02728451210749,101.15317957107717,89.18256069495865,21.996531087671773,13.751572665005906
1.249496728736789,79.55467881184973,100.80862108308366,89.57468755176792,21.93252167360396,13.402375802156417
1.2994765978862606,79.6888222934446,100.87007138781486,89.4089298270028,21.69827320752698,13.809127543546365
1.3494564670357323,79.32954112279155,100.78162768180196,89.30657676687304,21.893152274693477,13.793093282891505
1.399436336185204,78.88608830676515,100.47708947078863,88.16277378682723,21.87939676579121,14.994978166827327
1.4494162053346755,78.31687036472508,100.15486916037982,88.8821216700051,22.056493905228187,14.14798524912939
1.499396074484147,78.77607019898358,100.32228379749243,89.973883078374,21.726406664722028,13.47527643391673
1.5493759436336185,79.09530513654198,101.17973251285034,90.0018657790514,22.335421519204157,13.739768879674767
1.59935581278309,79.63527072033082,101.64426973067965,91.058546093611,22.348008188626107,12.938947410676265
1.6493356819325617,79.57312975666525,100.98690330908761,90.06451202593276,21.80415383652806,13.144592258282017
1.6993155510820332,80.7423793840664,102.56668171824992,90.6937893838489,21.93476939985767,14.281977235756164
1.7492954202315047,79.72037319313068,101.91537818047983,90.16411475978606,22.258041436298388,14.455923865903243
1.7992752893809763,79.52558431723942,101.54988989271881,91.51765449159761,22.05352381552353,13.224096974852984
1.849255158530448,79.59222493868435,101.58655936412504,91.87108796272976,22.10512505145864,12.57015914391582
1.8992350276799195,80.98820351007782,102.11220053681828,92.28853396880253,21.448824157200498,12.183672218533388
1.9492148968293912,80.00194943565648,102.1019263208303,92.2601999261156,22.309638688181607,12.54940153751884
1.9991947659788627,81.17600550998162,103.29668181659396,92.1042576302297,22.363047173990772,13.714417588609354
2.049174635128334,81.31919220019815,103.66923142955925,93.30554994013991,22.534188735709904,12.88489261786962
2.099154504277806,81.08902039014187,102.87045122263757,92.32087764021396,21.878848136253474,13.638787301176034
2.149134373427277,80.61057048016359,102.34350003486155,91.73367607585938,21.858215906711482,13.438233024391849
2.199114242576749,80.81451442769821,103.13539363631105,92.94900326056961,22.372640257301864,12.885385366146345
2.24909411172622,80.66861532139255,102.89200894763904,90.99098006418082,22.25120568944927,14.734314193548693
2.299073980875692,81.89362187141043,104.26568351098527,94.24199439871057,22.390490890648792,12.920668284788078
2.349053850025163,83.2809295756906,105.56952178412126,93.94804867687347,22.329754003749265,14.334643626659231
2.399033719174635,83.22470005047211,105.108579043071,95.1546968957704,21.884693814242958,13.97593304040813
2.449013588324107,84.14160275202049,106.04251205629228,95.57968264848445,21.94044311257098,14.020514959968462
2.498993457473578,85.47717113830403,107.62124525308883,97.16756943485251,22.22998721509033,13.943952908799368
2.54897332662305,85.81386974668321,108.19575369188975,97.05683189460923,22.413708518886846,14.716551806598277
2.598953195772521,87.09207549457786,109.08306610140407,97.65659278183209,22.09758268640243,14.552776290585857
2.648933064921993,86.97826857434808,109.36049414228988,99.4849199792089,22.55738834124915,12.911571058579774
2.6989129340714646,87.95216737183206,110.30300176111989,99.51159631261801,22.53604074653444,13.26930902966557
2.748892803220936,87.3496810696086,109.1782869450167,98.50726877168594,22.092810825365937,13.3421623784679
2.798872672370408,88.45156163686839,109.8643552014522,100.75050462714263,21.655863962882638,12.15905054478308
2.848852541519879,87.8582864851412,109.67309298436201,98.91257412309322,22.207054499665208,12.88569773500226
2.898832410669351,87.88750428088403,109.44070196836117,97.79288112409817,22.10578031078339,13.558252948172866
2.9488122798188225,87.89577576834759,109.89170395704296,98.05404990882218,22.79692627251165,13.453538552615285
2.998792148968294,88.40969631886176,109.65841315116464,98.7233175604042,22.031280035539513,12.650319250754452
3.0487720181177655,87.8570516429674,109.57173272390594,99.38404969470649,22.209609203294676,12.248752261245027
3.098751887267237,87.279063738517,108.82023715152954,97.77971788684356,21.986116533895,12.792495862524902
3.1487317564167085,88.28596443659197,109.99174722320313,98.74838090120426,22.282545994829054,12.69904762947318
3.19871162556618,89.0123755796708,110.24569362046176,98.95366591523175,22.072614935775416,12.446823197357748
3.248691494715652,88.50708708006819,109.86915627579829,97.06841103738445,22.467146866444143,14.080281404757965
3.2986713638651235,89.2415623412195,110.85743009193659,97.52331922393293,22.580879101199315,14.509353292526129
3.348651233014595,88.79890091601804,110.27681684620391,98.43657984881311,22.488271353635728,13.389983823375232
3.3986311021640665,88.81700531867243,110.89790709763173,98.54195592746355,22.437963795555522,14.418551295133907
3.448610971313538,89.89616820536277,112.44073788168032,98.9119026931162,22.901304018484886,15.292060584031988
3.4985908404630095,89.78868821513967,111.74993868417488,99.61792356103801,22.40944780995263,14.23640444487576
3.5485707096124814,89.66506640546848,112.41715563167533,101.04985432235999,22.900122189009824,14.314678001547692
3.5985505787619525,88.37965901477126,110.50813446177233,100.3880115977843,22.31088995175866,12.559333179415436
3.6485304479114244,88.50758119192747,111.0182527736802,99.08171168461752,22.82764153195252,14.28207200353584
3.698510317060896,89.02283472697866,111.68325088083762,100.28587549985642,22.8451372764477,13.889598380549172
3.7484901862103674,88.91617483139386,111.31955804854215,99.91363705878807,22.605107315112075,14.301304515018668
3.798470055359839,87.93225520449082,110.23966219757192,100.00536311430766,22.446482721551842,12.900737897687295
3.8484499245093104,88.06842403974515,110.25605323191603,99.71188879211905,22.257363083648926,13.259255926721824
3.8984297936587824,88.95806704652568,110.74322600311822,100.64787494328674,21.897607277863155,12.669818568664894
3.9484096628082535,88.87419693970739,111.03452315188818,101.03308917292847,22.297399491879016,12.84039498926621
3.9983895319577254,88.0106956201114,110.25490998353324,99.77902241963893,22.59057668035509,13.846175298748722
4.048369401107197,89.41758402127556,111.55859212927614,101.43671571170748,22.422814418209008,13.492592562326239
4.098349270256668,89.88058344153103,111.290023608119,101.69980851574273,21.851181947216404,12.43839877360138
4.1483291394061395,90.23402348166907,112.63462395816114,101.92210223487157,22.62723613071457,13.22104442482526
4.198309008555612,89.98617460514883,111.9810065500004,101.16613141740659,22.181510603289762,13.715870954965993
4.248288877705083,89.65140431803185,111.35426349014928,100.27293082571488,21.894617038683215,15.542565897705089
4.298268746854554,88.39480472260423,109.36034173044061,100.22482941943221,21.44006170507876,14.32412987875981
4.3482486160040255,87.66702583020356,109.76547349861666,99.00808656809387,22.585088962687944,15.028444442739744
4.398228485153498,87.20979512782742,108.34833755698197,98.78670301373644,21.672264911221006,14.019808644796765
4.448208354302969,87.38994010011322,108.22243182120816,98.57613448707997,21.457648085661273,13.902273696446075
4.49818822345244,86.49387883520687,107.61888180389145,97.09015041669039,21.894133880168614,15.174426173411915
4.548168092601913,87.3199740736892,108.5023513386719,98.2515162777733,21.662066388787256,14.398331617378647
4.598147961751384,87.76625567386805,109.4507914884455,97.52042548021143,22.05119651890946,16.111845642554233
4.648127830900855,89.43301332976125,110.80013379592764,99.8242533138052,21.984759081265434,15.874707345054432
4.698107700050326,90.11280832333371,111.5403332361515,100.92922884194721,22.476693106504396,15.480818301054722
4.748087569199799,90.56227841185543,111.72698997065154,101.25465533660295,21.94197013344886,15.35431693488654
4.79806743834927,91.82095197755413,112.66865899524076,101.53376415470878,22.0190115035666,15.041986703340283
4.848047307498741,92.55468911116242,112.59669026073514,99.93285100310082,21.646283405577133,16.740885909075416
4.898027176648214,93.72273486897711,113.97560800628011,101.0788927463464,21.688834895989014,17.22636940569507
4.948007045797685,94.39090938701301,114.56699172926108,102.06856679368185,21.84177753489296,17.343338281938475
4.997986914947156,93.32979850132016,112.98519448880289,99.69337723126642,21.7201269657511,19.163353500218356
5.047966784096628,92.9211251346822,113.69536483831966,101.05606254698473,22.286491366398586,16.98622992008946
5.0979466532461,93.90205674182836,114.61688082020372,100.40783807618274,22.135607172427555,17.525499187137438
5.147926522395571,94.36109001547143,114.72263476035366,101.11270128281517,22.20656929434775,17.670801655733957
5.197906391545042,93.20127623696398,113.63043081906719,99.70964047057174,22.101946570184577,18.845197759444854
5.247886260694515,94.4966598210871,114.2415005498618,100.98465293696869,21.62440457932714,18.683402584917086
5.297866129843986,95.10730492421823,115.22259760708295,101.86053610284873,21.397871429359977,18.575378238354865
5.347845998993457,95.44137502134726,116.2399846174637,102.45278052972171,22.046521325296673,18.808400916614467
5.397825868142929,94.95969981589721,115.8086348553729,100.673602774602,21.908635429141043,19.239999454941398
5.447805737292401,95.53682457224689,115.8050744058739,101.24508306295688,21.84532197666013,18.389355016912603
5.497785606441872,95.01153701308978,115.88499004901264,100.98341858153991,22.536855927041977,18.106960986279496
5.547765475591343,96.51848398152083,116.9757159584042,102.63452663791078,22.660276875209572,17.69606215055729
5.597745344740816,97.06055061231302,117.61746949878375,101.971115058333,23.080968331382085,18.6486407114779
5.647725213890287,96.4858738678492,117.21823061083269,104.33540003786105,22.93559504361505,16.751243742285908
5.697705083039758,97.2168471320192,118.19994403842105,105.85897933124951,22.713674695899652,16.003238546969435
5.74768495218923,98.93137291511081,118.61400890188433,107.98181485948479,21.549112266517273,14.320703536308148
5.797664821338702,98.04781908085086,117.60803444119738,105.5812565363193,21.353603852818885,15.593812827757533
5.847644690488173,98.82539206523494,118.73985456044751,107.06052406727251,21.737799938675106,15.328879139385274
5.897624559637645,98.67338341789608,118.75177453840203,106.70666242629699,21.829930333153353,15.636014326944162
5.947604428787116,99.42196343349227,119.75708053108987,107.54035344225339,22.370224750485306,15.812612474677215
5.997584297936588,99.2714495284521,118.98575532009681,105.8711331719392,22.570895173806594,16.867720543473506
6.047564167086059,100.04181298037847,119.24815267803216,105.82840858522424,22.110523653468153,17.85523784404402
6.097544036235531,98.15362828078435,118.3097911821945,104.63030874213055,22.220205066687523,17.43999333139756
6.147523905385003,96.9605990714143,116.81422973834555,102.61766464416837,22.36332869227944,17.421806439226955
6.197503774534474,98.10988202365188,117.32769223108166,102.83287167744962,22.407653804592634,17.75811945567923
6.247483643683946,98.4730347696079,117.53103513474204,102.46986307355004,22.35101535445474,19.25155426910524
6.297463512833417,97.70016311032765,116.6340999022277,100.7607083150685,22.483430920653152,19.92127555653338
6.347443381982889,97.72290085111119,116.43066799851572,99.56016268863424,22.425543401227547,20.337179365206385
6.39742325113236,97.3978368891276,116.86131034883333,100.4351563531374,22.651356945289095,19.58128111859871
6.447403120281832,99.64067532966567,118.53122784009126,102.42961401303943,22.51451000436612,19.181035235455052
6.497382989431304,98.95941046640345,118.01976943383008,102.03171265630574,22.62178610053498,19.864521873241475
6.547362858580775,99.67630772417411,119.04469619470021,103.29695183127367,22.924201821340983,19.73278725428535
6.597342727730247,100.00567747034977,118.26412810410645,102.52186845525964,22.228659053737456,19.729814429178518
6.647322596879718,100.79741027737067,119.22369570742727,103.98296053326735,22.375889198077882,19.208866341513705
6.69730246602919,101.30997626265803,120.77724144264445,104.84963193066855,23.237656928744787,19.589296356958393
6.747282335178661,101.08961523889835,119.38352305594822,104.55981628544727,22.688359902467642,18.60313984356446
6.797262204328133,101.86171964357806,119.75004497856692,106.90072239105562,22.17604207716325,16.029924819562154
6.847242073477605,101.67910587089222,119.63431752543636,104.4367416479415,22.31923994416742,18.958911155180072
6.897221942627076,102.32797235919429,120.24084801686479,106.25674447243942,22.160331191684968,17.661769404255665
6.947201811776548,101.55484820430202,119.86362753173016,106.0126629291923,22.319079167132518,17.794714724020558
6.997181680926019,101.69409612121814,119.90342231714473,103.53085162099116,21.829783637711273,19.624302818317823
7.047161550075491,101.71081449954242,120.85685207894069,105.03298917784403,22.67936450672524,19.439730601903467
7.097141419224963,101.37437198040028,119.78973577645674,103.65681745240387,22.053185158036346,20.243421423172208
7.147121288374434,101.82904549558825,120.06740960811075,106.0235095591292,21.650615226551743,17.215794568357815
7.197101157523905,102.2368188370274,120.39132255786522,106.70271352159624,21.528244864828643,16.279962526965942
7.247081026673377,101.50144560872093,119.65735007421813,105.43218914929435,21.991865242149505,15.688157760429949
7.297060895822849,101.77587934823715,119.59615464449072,105.68248929521407,21.67467982400157,15.48261970159866
7.34704076497232,102.9254735495141,121.00590980922505,106.23528742547762,21.669106566683194,18.493665251425046
7.397020634121792,103.43896483279632,121.33261418405037,107.83147341263293,21.684466413318077,17.34432671869444
7.447000503271264,102.82270351997849,121.62488080826405,108.04837456242497,22.126827822795065,17.386137565608795
7.496980372420735,103.61204604082911,121.84491009142663,109.23817968669083,22.452145827985174,17.58371204870487
7.546960241570206,102.56396871922617,121.25509041830624,107.3666495707825,22.61667711342492,16.592433853600166
7.596940110719678,102.8289496518195,122.0845550299352,105.84712960570688,22.187524140726286,19.987238932701146
7.64691997986915,101.04328311555467,120.67492780813976,103.8573665091731,22.30522032973511,19.99795759393545
7.696899849018621,102.46766935894031,121.21476685573006,104.13111160508927,21.644050394814865,19.724936734143014
7.746879718168093,102.13488596805604,121.56613095761755,105.23749736702405,22.1788976990665,19.60130414198637
7.796859587317565,102.01132415576951,121.52523591037527,104.3199816335634,22.572318902887382,21.050821393280913
7.846839456467036,101.9695257073466,121.38521455871611,103.89363250970146,22.59966443974035,21.40352020512993
7.896819325616507,101.12969943973366,120.98571024433559,103.81687297261583,22.524544969030703,21.00827071376428
7.94679919476598,101.99297936596862,122.2571271508724,104.98101121449373,22.28904718251993,20.714947848598623
7.996779063915451,101.1124115966179,121.06381203210373,104.59234494301872,22.28130203795649,20.182877610151564
8.046758933064922,101.79327766283,122.00428923729942,106.41419947180071,22.063233578436265,19.848733833785047
8.096738802214395,101.43092124199461,121.59199139159243,107.78993896172467,22.383214298197732,19.2900294802467
8.146718671363866,100.72993044057529,120.59525262304473,107.14210037609591,22.07574745637646,18.2571579255797
8.196698540513337,101.2880974836234,121.18803166021131,108.0288388657794,21.950214146517926,17.28228982448266
8.24667840966281,101.76873052162115,121.75404177537894,108.04146351748197,22.05237927795854,17.809212309087403
8.296658278812279,102.97233160662094,122.71157552344476,109.60204966043115,21.874262909975414,16.90998847595483
8.346638147961752,101.28321622274399,120.24100046414566,106.75431097401837,20.59668035913131,15.749310851533936
8.396618017111225,101.1243938991925,121.02899019169996,106.49223843234192,22.162780408878668,17.533645499691378
8.446597886260694,100.79228543048531,120.53994988301466,105.75155222402039,22.155593833812958,17.98132776795456
8.496577755410167,100.88064590473462,121.3228729788795,104.94206987743162,22.050295841257256,19.583877634084004
8.54655762455964,101.59307436752698,121.92699020645068,107.2523424856245,22.09685522586879,17.798987415043758
8.596537493709109,100.66505839061288,120.98400988179202,106.5385778739751,22.16475067363033,17.603463756274238
8.646517362858582,100.17422392523612,121.505312430452,106.75725419062606,22.33840716778076,17.627908334102692
8.696497232008051,100.21521289991593,121.1269535173812,106.82201349801137,22.239099449274217,16.58729437910002
8.746477101157524,100.96908372393509,121.68052049363632,106.846425957813,22.00256551222662,16.840238602069732
8.796456970306997,100.7953404591749,121.50491613668197,106.6293847362375,22.355060645913476,16.94510926227871
8.846436839456466,101.4008801676173,121.8780625644732,107.9753834055666,22.1142115656619,15.938825487075485
8.896416708605939,102.12539104671502,122.55186874590686,109.07736302997317,21.806491619742193,15.428669967369855
8.946396577755412,101.92833620736732,123.26850490700647,108.91157032986631,22.324869586877764,16.258882666860686
8.99637644690488,102.3740518172499,123.71401686117959,108.97565305330924,22.53326816028839,16.99334676419394
9.046356316054354,103.34753567510131,124.44941032451328,110.23370275009702,22.709016363320117,17.154683075683252
9.096336185203826,104.0396925082923,124.44800750730276,111.91454878159925,22.246495753092866,15.741649769402771
9.146316054353296,103.79235114197887,124.1189376894919,111.59538415769075,22.259910465396516,16.443804242706552
9.196295923502769,103.59309967150588,124.40150263187262,111.5554544930426,22.382445043020983,17.625343212791144
9.246275792652241,102.91831561880902,124.13173707398863,111.17064656406224,22.55263376081479,17.49113538802383
9.29625566180171,102.73372037846308,123.34670225057226,111.56209482635234,21.99074671729217,17.149661906137304
9.346235530951184,101.61085895046499,122.08184048139492,109.77707125951876,21.97319188703377,17.30748076310409
9.396215400100653,100.83848081903614,121.04545829245723,108.9134629914593,22.08670939869338,17.93033103206397
9.446195269250126,100.68819375025136,120.59311902292256,109.91054828382735,21.364716344309034,15.799408403959493
9.496175138399598,100.71445098461078,120.71178821205163,108.9446850833974,21.738787657416314,16.388148251754846
9.546155007549068,101.10764295945864,121.17080630273968,108.81871320291062,21.590232410965154,16.489376910316267
9.59613487669854,101.58614553684951,121.79366284248901,109.74708832937007,21.549563893778625,17.579267409353882
9.646114745848013,99.83766776403688,120.56906622033344,108.16467146210388,21.90278073862284,17.378767290450543
9.696094614997483,98.69748248895327,118.89033862556408,107.21771695225888,21.88956264373141,16.945018952656522
9.746074484146956,99.3558831269863,120.09995038160042,108.39702852499772,22.39177520389471,16.85646400315617
9.796054353296428,99.14002695079203,119.94251396761834,106.50636389811612,21.993377886821982,18.207290401988413
9.846034222445898,99.2565012954433,119.74785544041731,108.25098261576746,21.731987592112432,16.986879155643685
9.89601409159537,100.69957725284873,122.20508241982218,107.57870576277399,22.59132648344274,18.44427063613186
9.945993960744842,99.36550116161033,120.18898055321418,106.59633384151658,21.729419326440542,17.14126147823209
9.995973829894313,98.21995314707641,118.90160667550579,106.09185634950623,21.50476886805516,16.701540022854772
10.045953699043785,97.43606480285143,117.90587241854604,105.64842598929727,22.016822974666834,17.7000842734289
10.095933568193256,98.64871247860738,118.79842037315191,106.12048691288325,21.78025447827848,18.143991632699898
10.145913437342728,98.02432507924098,119.12435539132647,104.14252794919818,22.10456073082313,19.696092922163906
10.1958933064922,98.04052511553535,118.65169073496469,104.68899944189606,21.765653280164116,18.70397241508975
10.24587317564167,96.99184673259911,117.64934607451205,103.0406949918369,21.573086564530367,19.098237513855025
10.295853044791142,96.6845111870503,117.34849412065088,103.85480078366571,21.54669578401968,18.426882845559295
10.345832913940615,97.4544083037709,118.23939957752178,103.85779161791028,21.595952349955763,19.177243852849976
10.395812783090085,96.99680601715335,117.02521904153068,103.06590422505333,21.35289866238318,19.03968031653173
10.445792652239557,96.13178671628671,116.25867264414622,103.47072047161187,21.516656098573883,17.925363203471154
10.49577252138903,96.06737388178014,116.0817628263798,102.85402756930182,21.84024593096465,18.705746853739235
10.5457523905385,95.24225643937265,114.96718293130243,101.46267646218155,21.11272369337606,18.326798491199924
10.595732259687972,95.42301490085526,116.18000433916421,101.9709806188034,21.496120383037475,19.16948773035651
10.645712128837443,93.84778664965289,115.4677276226558,100.94744018219261,22.42964673849572,19.602279374712147
10.695691997986915,93.46820932254778,114.33924937841387,101.47234458785861,22.010759867891412,18.773117389070737
10.745671867136387,92.87294757260463,113.4873385472872,101.54061912221455,22.033183402132035,17.899026587100163
10.795651736285858,94.04627850948474,114.75304056372619,101.49620593295866,21.756816571083792,18.964472326687684
10.84563160543533,93.94467259930451,115.49388153920476,102.31422068705429,22.2581287756643,17.987326918345087
10.895611474584802,94.98567847234804,116.59793826116221,102.97671323909623,22.207457208762325,18.339717213616062
10.945591343734273,95.02784695214652,115.82042753801595,103.82329499169244,21.829824646033842,17.788037730946215
10.995571212883744,95.93198965723687,117.40496673646359,104.49215653048938,22.316443897407222,19.017184823426867
11.045551082033217,97.88941655133156,117.50272222099314,107.0513140893299,20.692392377227424,17.05860030718117
11.095530951182687,97.52871254508108,118.3531447619847,106.28662526383278,21.616146339010182,18.585834648962138
11.14551082033216,99.22706827600894,119.16283710335142,108.32779834109697,20.771109812835416,17.016451650831986
11.195490689481632,99.48929118636175,120.65394324906352,106.88415339874727,21.94094919799702,19.703344797048814
11.245470558631101,100.03534505514801,121.06048943570583,108.20771781248254,21.788650407505795,19.89523119055998
11.295450427780574,99.91777559293845,121.64537500187772,108.25922635290185,22.205599026721018,19.888763971321698
11.345430296930045,99.50019860658678,120.67637718527902,105.66792812184116,21.51721390540923,20.61363623070087
11.395410166079516,99.11243067961522,120.70409934362657,105.7480628140771,21.85743496641584,19.849189257539223
11.44539003522899,98.4446746649285,119.09880194827883,104.4250715911343,21.01987581901893,20.30083652332111
11.49536990437846,99.37517950021173,120.47207127369258,106.4613411650615,21.3548017617378,19.257929445313877
11.545349773527931,98.43167455935388,120.89595562927364,105.08920167716335,22.553920973170044,20.030967201639037
11.595329642677404,98.4264748917299,120.2797813787731,106.54585629121176,21.927490498582667,17.530804676659546
11.645309511826875,98.0920596093291,120.58488194791018,107.96120354375672,22.600388468459,16.026661856351556
11.695289380976346,98.2290827111551,120.07831500393277,107.93930968709509,22.15006549097489,16.41813959537704
11.74526925012582,97.44558690573291,119.51204194941245,106.60772574057347,22.390969658230308,17.53002082541141
11.79524911927529,98.38946599675924,119.93191093736912,107.86049594197951,21.815719849707666,16.847021852550427
11.845228988424761,99.4358576226762,121.27799642711835,109.4337095112214,22.02402441740704,16.603459925801236
11.895208857574232,99.95791290372938,121.2682255370798,109.16021062077266,21.73961474387424,17.485450783703904
11.945188726723703,101.06149443950417,122.80572559969875,109.492016963672,21.94455007198903,17.71664327832459
11.995168595873176,100.57597918851356,122.36536221702855,109.58108756814548,22.13225387664386,17.171253192236456
12.045148465022647,100.89345430115294,122.87286739725687,111.06969346007484,22.3045288283795,16.87670958569399
12.095128334172118,101.34776345899091,123.1370989009404,111.85881321589045,22.225130494970074,16.606567954138768
12.145108203321591,101.0540906129805,123.48786301184471,111.74062588990708,22.605269679678774,16.47421943207057
12.195088072471062,101.75046792370406,123.65594806374118,112.5931258557776,22.129911754278414,15.441678380677022
12.245067941620533,102.00379487568293,123.63245723778178,112.47431206419846,21.886938748210063,16.116521453145833
12.295047810770006,101.71293640591063,123.19933964477904,112.17860525812209,21.823289645340544,16.24511934730483
12.345027679919477,102.77264091969231,124.24767923400057,112.46125930607957,22.024938781595566,17.031552861354225
12.395007549068948,103.48534406089117,125.42421957110028,113.99388059092462,22.49665889120417,17.51398626932285
12.444987418218421,104.13382007516732,125.17006630091626,113.80517009093876,21.655065056441444,17.147052739529563
12.494967287367892,104.70016522045425,125.94298033651891,115.50881172760351,21.922443648935865,16.74672731486719
12.544947156517363,104.06783881351997,125.16286047311362,115.71514334642922,22.231989774292295,17.61755382854358
12.594927025666834,104.44659230582691,125.30900194666249,116.20518469049695,21.8563326167662,17.302769643310906
12.644906894816305,104.90390671015506,125.38470851344736,117.65708071611499,21.567411269091178,16.21294769854403
12.694886763965778,103.39643786562422,124.47526916817397,116.25707022915505,22.193629199877062,17.326738810953163
12.74486663311525,103.47191446213519,124.33447868242826,106.54792083324479,21.883065006833625,19.267947230838715
12.79484650226472,104.3572893684023,125.20859146852665,116.89659774449251,22.032784938897585,17.12720572188262
12.844826371414193,104.16109165623612,124.6506905066511,117.22002262322928,21.736717084199334,16.153653942353777
12.894806240563664,104.9931162839086,125.28319529544672,118.59402075033277,21.947898679281646,16.09664007285899
12.944786109713135,105.17174502478476,125.64214429108011,119.05138118295596,22.111998524297892,15.88653092818682
12.994765978862608,105.22800542634717,125.63788131558601,118.96012900097267,22.357352020581438,15.917311677289604
13.044745848012079,105.96422772414192,126.65491474040225,120.43322065497567,22.148791654586493,14.73085961651011
13.09472571716155,105.61630832928739,125.61422857210772,109.36274119942924,22.396507445679518,18.1712368981061
13.144705586311021,105.22735997431317,124.47808548755867,119.22511803285283,21.924611071776724,15.55786048171729
13.194685455460494,105.55891248813877,125.25435201090602,119.17126648771833,22.0392511109095,15.370725949462436
13.244665324609965,106.06009518101563,126.10605183069985,118.73181396432646,22.357924553615856,17.069098051348774
13.294645193759436,107.43067344159219,127.85947830313172,110.84984374005572,22.462854212425867,19.082168015103967
13.344625062908909,108.38536963693306,127.92263906693996,114.19724669879068,22.472350247936767,16.963666933220967
13.39460493205838,108.26943264801695,127.37961621052997,115.15733010232442,22.371534997053985,15.60601645163583
13.444584801207851,108.2335743654931,127.57011408570689,115.42449677401328,22.048864443779294,14.581170199840955
13.494564670357322,107.96502641312617,127.19393094773353,114.31408342764676,22.51122994228249,15.855739105643762
13.544544539506795,109.22596932567966,128.3453954504504,114.97588016446359,22.64209166360429,16.40965077350831
13.594524408656266,107.33088957182805,126.07014322460172,113.40511457477885,21.838591394451992,15.152799940550096
13.644504277805737,105.74300345902208,126.18803351529971,110.94200273954571,22.47030225993882,17.238375253244623
13.69448414695521,105.23812661609077,125.13884094758791,110.98937003360726,22.111682214573452,16.974319023160398
13.744464016104681,104.48561654259868,123.79476681100309,109.20325827138582,22.104746946939162,17.278219342155044
13.794443885254152,104.848173309073,123.61224141940009,110.95722542330543,21.84860120274356,15.518908926994014
13.844423754403623,105.66363317258292,124.26307850993337,121.51729533636626,21.874183087597746,15.651539952363628
13.894403623553096,105.43729095101189,124.20644958043388,120.65994587009413,21.882712571903607,15.054893470711187
13.944383492702567,104.88167287772436,123.8034967060043,118.31938636125822,22.025645651199827,15.084844238139446
13.994363361852038,104.47273057851325,123.67615257683498,117.17185056130599,22.34956462410515,16.017342607602497
14.04434323100151,104.7269470151202,123.78845162197338,117.12104992419512,22.69678812825694,16.54584385104134
14.094323100150982,104.98933706051676,123.92813179756497,117.55414794510969,22.12342930349283,17.25136592385929
14.144302969300453,104.76293191733521,124.11071409173056,117.92305078114549,22.688708756891437,17.57806233924207
14.194282838449926,105.77758944205793,124.59330360274063,120.33678040324006,21.665057602457463,17.81865197886317
14.244262707599397,105.79098301589562,124.78269725439179,120.48726051809038,22.180229918500892,16.73849822930929
14.294242576748868,106.12102050581831,124.67749808052848,120.37404316816537,21.735527938969533,16.029427053551743
14.344222445898339,106.0150485332234,124.66495974085106,119.51416396336353,22.17835997036293,15.611556921284658
14.39420231504781,104.87225989572049,123.51702996704374,118.18110241698959,22.017770738226343,17.19687604246917
14.444182184197283,104.49566769642745,123.06915896240086,117.89285210103144,21.984551487282204,17.332307764789572
14.494162053346754,105.64077480850493,124.52344109817368,120.33046022893633,22.239355478809408,17.00416137445195
14.544141922496225,106.45873724408524,125.42209539861923,120.50485569854246,22.471651094396837,16.916490231142788
14.594121791645698,105.17084325211589,124.01244592897214,120.14364258436997,22.349824797823572,17.496482329275715
14.644101660795169,106.18183786014048,125.05787071246155,120.27195116036596,22.59110142847031,16.498929558728882
14.69408152994464,105.31856159524237,124.18672702706633,119.19500613890816,22.480257766439145,15.877070544708415
14.744061399094113,106.02619028050523,124.6545908307723,119.18838540301715,22.177096880788874,17.00243273820296
14.794041268243584,105.03028329822784,123.81255118743844,118.88158457783703,22.38388938461057,16.53042834769854
14.844021137393055,104.14791511907323,122.34016146248382,117.42879353171065,22.27378031639169,17.037797241992237
14.894001006542528,105.65278842561105,124.34233985043447,119.34495637020655,22.835484391356378,17.148498305673535
14.943980875691999,105.81820546476865,108.0779874410436,115.35821073779218,104.18287951437208,9.294444225761259
14.99396074484147,105.09444819937457,123.27008114145254,117.84605385262036,22.257322010288505,16.435402689082483
15.043940613990943,104.9261673371619,121.48846130928672,117.01945602258019,21.72111296163352,16.619707642933314
15.093920483140412,104.44654880675532,122.21062808468683,115.98801021597457,22.15907082650872,16.968075657696353
15.143900352289885,103.86616405544906,122.52515566558374,116.08439327691812,22.297905749649345,16.7436563133084
15.193880221439356,104.02658568567067,123.12769662085186,115.70910383557863,22.827485178124604,18.535113089115907
15.243860090588827,103.63132798667017,122.23277091590465,115.97697896812265,21.8451976264884,17.553083233997945
15.2938399597383,102.82363743391514,120.56832756420846,115.84684848646171,21.926313724324302,19.36769823950754
15.34381982888777,103.38243599675653,120.38674792241157,116.4119646519228,21.61458774698509,18.916978164317367
15.393799698037242,103.72353874539729,120.17094008036683,104.46906047992724,20.86358922611193,19.526582779864274
15.443779567186715,103.83611540000888,119.91820462612873,115.64470235730056,20.933225577775378,19.826689214852568
15.493759436336186,104.38130324235735,120.1494067264617,115.369292239134,20.229631166812442,19.117518346838384
15.543739305485657,104.29871506990514,119.89098181647725,114.72472351594831,20.108910609290287,18.68207696990781
15.59371917463513,105.26096790350014,120.96098382785833,116.60489011560898,20.42927656885891,19.088546792160216
15.6436990437846,105.35037755324566,120.72681866122056,115.592941089531,19.807608611516102,19.16332442551237
15.693678912934072,105.52144999305074,122.29099045821455,117.04601058931934,20.6510673721403,18.842971556176053
15.743658782083545,105.71773804737671,121.5144525545784,106.53712509274605,20.253635471459763,18.44041784729427
15.793638651233014,105.27380488285176,122.01004603317669,104.93741540787579,20.526101516893014,22.080348594850566
15.843618520382487,105.71773841017581,121.63930243773265,105.94732572652585,20.385286366474112,19.968958231787887
15.89359838953196,105.33634312473625,120.38245315940273,104.69023587793264,19.976137090784302,19.827126340001726
15.943578258681429,106.67039583138357,122.52528994275116,106.30231687948421,20.713998485454812,20.396551300225685
15.993558127830902,107.010024873793,123.57610144257559,108.17089178424949,20.891997184653803,19.074092424939924
16.043537996980373,107.45945632924,123.75626779970423,108.0586476892657,20.815097756859046,19.282989548488967
16.093517866129844,107.8943096234322,124.30923557293345,118.86839011164852,21.42109146762956,20.2526622558366
16.143497735279315,108.65407058047606,125.5465806415735,120.30891605960868,21.903124575746173,20.271079891985167
16.19347760442879,109.02194768465607,126.0535187931146,110.52907472464344,21.630404059529027,19.181260424983734
16.24345747357826,107.426462985233,125.11643443632522,109.1696709504807,22.375417579130747,20.23043349920257
16.29343734272773,106.0787663576073,123.61194836202439,107.68308128847268,22.107080607511982,20.995463475780785
16.343417211877203,106.90542822131404,123.90180676286109,108.89309269660585,22.1181870747119,20.177070804519595
16.393397081026674,108.23012545272769,107.44083298190192,106.91395308287655,104.14682440691531,11.57375610540474
16.443376950176145,108.54095036413668,107.28742550268024,117.07329827331421,104.4632486392766,12.989703677609818
16.49335681932562,108.54336112386139,107.46291798859963,106.17196113631968,104.48217862614784,12.364502423704959
16.543336688475087,108.24733398815316,106.11832348778742,105.85664934653887,104.69246381158742,10.063441224673038
16.593316557624558,108.8977860639207,107.39069182818785,116.76155893996435,105.54863201290736,14.045647870541844
16.643296426774032,110.16009004322966,106.77269271465161,116.24556290102161,104.90710281554176,13.23187848724967
16.693276295923503,110.26290410768902,108.14003192081373,116.26705236153568,104.77496822938359,13.121314313500333
16.743256165072975,111.48639801492352,107.36342221341516,116.86680341667103,104.29758961564039,12.273176732549137
16.79323603422245,111.34221833011917,105.76512779536117,104.60049447161603,103.89235374953361,9.950153803443147
16.843215903371917,111.90501434929749,105.17084506346336,103.76555520817536,103.8838981678752,8.869153385269204
16.893195772521388,112.76471933320919,105.2806250659628,104.51828855096942,104.27157486101822,10.098726303364248
16.943175641670862,111.48272945826223,106.1764039733579,115.40670756284153,104.31235712028531,12.85358330068119
16.993155510820333,111.53220200232275,106.08011108290098,115.96789345206486,105.05040129282223,14.132267419059676
17.043135379969804,112.41452855787006,108.86762613281616,117.56121203702801,105.17014074365444,12.973254649017383
17.09311524911928,114.18688237114631,109.36137329874525,119.07009272336494,105.43510104507362,14.335893755621413
17.143095118268747,115.56135796589933,110.6664595168404,120.51832086509192,105.20000864858987,14.852299966661235
17.193074987418218,115.18026526987201,109.56981113461325,119.81123081155442,105.10877531284295,15.499558282300777
17.243054856567692,115.03530812225254,109.32919143642611,118.92522857612659,106.7016484349905,14.183642544911123
17.293034725717163,114.4356306281365,109.50943464362487,118.39283604974848,107.89315013455418,14.442744971190212
17.343014594866634,114.19183667240802,109.33440673743031,118.46250637611644,106.21383622509153,13.107503870449985
17.392994464016102,114.27087601974921,110.82636306596552,118.97669862407955,106.61243436588393,14.883775954681216
17.442974333165576,116.15612937275142,110.06716007883554,119.77970641623287,106.51279828663982,14.50934393813565
17.492954202315047,116.5775336045712,109.34474935255993,119.86939393964867,106.83224510400176,15.646072256713135
17.54293407146452,116.19622130223522,109.07414365471544,118.99184528317143,106.55405476994171,14.894382198320045
17.592913940613993,117.03082815163746,109.07157402664632,118.2938196360518,106.35038399787645,14.614291054403228
17.642893809763464,116.15051383887642,109.7858082900414,117.61527875751574,107.58170677310306,15.076908185527376
17.69287367891293,116.31536146633708,109.6177969828809,115.84514647002872,107.89679564010076,13.741361474882115
17.742853548062406,116.47139021653531,110.11066736010645,116.60695985743094,107.92695011027101,14.623762126920454
17.792833417211877,116.71371190379661,108.80810635034668,116.24282709208073,108.51683163599988,13.678671036276311
17.84281328636135,117.0488798384792,109.37633001191422,117.88398152820645,108.99700104611564,13.729490392976526
17.892793155510823,116.46103769351976,108.31269725744095,117.33229766915869,109.06819581864897,13.314066112389511
17.942773024660294,117.06264511197804,109.1934369179247,118.84254129486237,109.55461104754882,14.372378309792829
17.99275289380976,117.29728785405331,109.53442186149067,119.0167268245423,109.28684383350685,15.668348864027285
18.042732762959236,116.36921588866383,110.5128447726573,119.72296232924512,109.95939835213541,15.502234614261956
18.092712632108707,117.36220753361782,111.48580856284224,118.9013450680957,110.61629223191466,16.761520939857288
18.14269250125818,117.00167260680534,111.47276848288575,118.50207304660704,111.1202288011177,17.65010076320291
18.192672370407653,118.24597300741367,110.82314665664812,120.53233090807197,110.60818197189775,18.502152843337175
18.24265223955712,118.40491240080732,110.33946391458962,116.94538198037597,111.0955107252871,13.075344436103993
18.29263210870659,118.99916782170891,110.69505415668927,117.53248272043105,110.8266787579028,12.82570107453266
18.342611977856066,118.43533512118312,110.72280647521592,117.38196591885485,110.97064521587139,16.825841604211902
18.392591847005537,117.54293514959893,109.5620859489808,117.08960007211022,110.75857180809871,15.048182501983282
18.44257171615501,118.00511234551861,108.29246355736612,115.42073482337581,110.23641611002857,15.485991639402355
18.492551585304483,118.28933549573014,108.41625975916935,115.85211556197712,110.72615732630202,18.63970815016909
18.54253145445395,118.90417211013465,109.50037739590773,117.22924203125403,111.1756798553932,14.682277926835953
18.59251132360342,119.25823567962736,108.30732873726647,117.06539888707185,110.47152294281564,18.3416649404799
18.642491192752892,119.53494041552398,110.54613091050449,116.09331472881239,110.49821904753071,17.359141158925773
18.692471061902367,119.74256676151829,110.2036861735535,118.37812572912749,109.2446447610944,17.243401313656328
18.742450931051838,120.89676572283409,109.50687821568546,106.59252135782543,109.55125116608446,8.640353251633265
18.792430800201306,120.56490215276789,111.1092811175633,107.84820036611889,109.86129222617299,9.492260866588667
18.84241066935078,121.45368513459628,111.45391250328758,108.17633469451923,109.80002246998961,10.060238122501723
18.89239053850025,121.61189796444943,112.43594767796557,118.50859050330116,109.67845838296996,12.697382259981481
18.942370407649722,122.16216585848956,111.80728361159656,117.02101879725478,109.2664369498761,12.82156326012223
18.992350276799197,121.7597680235789,111.19245361982831,116.40373574682303,110.17434008683522,13.788553471908099
19.042330145948668,121.39857877254668,111.98623709352296,118.27064564934304,109.76287241459227,14.069654354163132
19.092310015098136,121.44734257696912,109.30293743864678,117.06818400704942,109.70836994617129,15.412871294839354
19.14228988424761,120.6172979332988,108.45560100381266,112.63400891657788,110.77513112810271,17.410333421223502
19.19226975339708,120.08451119927119,108.6108721160443,111.91096446475092,110.24359949709867,16.206594324300305
19.242249622546552,119.1775169740032,108.96940986321731,112.73364277084211,110.87988112827294,16.98734281305378
19.292229491696027,119.1536441512805,108.43415907820015,114.40520047188181,110.44091991348586,17.481578017204342
19.342209360845498,119.78785686419766,107.29986251810875,114.48500455211939,109.7287980903676,16.68642811361963
19.392189229994965,120.58272047074843,109.47504696887131,106.07756917938944,109.7554930219303,9.223586828057554
19.44216909914444,120.16306204569251,110.61363858366482,108.8914441408912,109.20154283333059,10.213080515398218
19.49214896829391,119.65497275577262,109.55867432604227,117.22808185217646,108.97082334448287,16.2035203166433
19.542128837443382,118.48153020218977,109.55498723825504,103.37479654965207,108.76910276161777,13.20369607598356
19.592108706592857,118.55083168913319,108.99544281259747,103.68007170324239,109.61760536180348,14.042746634160718
19.642088575742324,118.04495357178578,108.98436651617018,104.07122154731839,109.6350980892869,13.800314007729995
19.692068444891795,118.93027884140048,109.6018248365059,105.38714389003556,111.07956029461273,14.24617670742791
19.74204831404127,118.24866219998037,108.88830271525214,105.67948403725353,111.01010397328685,13.960456820876177
19.79202818319074,117.019704699291,109.59403454611041,103.8635058664944,111.9535798399629,15.912014873068324
19.842008052340212,117.45011596960897,109.58321430599499,104.0676915692235,110.48277887827413,16.021920228197498
19.891987921489683,118.57395440520335,110.09382315278731,105.2683924835125,110.87163773584683,15.114691130666477
19.941967790639154,117.46966377984907,110.56640997328795,105.9902273032634,110.4641987934452,13.876718776352314
19.991947659788625,118.49444183763734,110.71649825571318,107.46590559284235,110.61408873057023,14.60866203725379
20.041927528938096,117.69272770929352,112.17962939447563,107.58735833993809,111.17433727765676,15.59833993338947
20.09190739808757,116.93277887700218,110.93512620920465,107.37015800967062,110.12115924721982,13.179129064051342
20.141887267237042,115.54277514989296,110.51792411479755,108.36608546134858,109.15448588795644,11.704054025396987
20.191867136386513,113.85282519383195,109.46036919384218,108.79972041310712,108.88208741873726,11.680189528742922
20.241847005535984,113.62937374358937,108.89781124631597,109.50114838149364,108.61484739797253,10.169856466268161
20.291826874685455,113.0870361751987,110.45645099219527,108.26736933318404,109.57736156929589,9.848950172458215
20.341806743834926,113.44551115420037,112.43031132210768,109.59163730442424,111.09177194121443,11.258049110871381
20.3917866129844,113.05563934631387,112.37390738116133,109.25883468731323,110.83401510889912,14.05126937543893
20.441766482133872,112.8826119256152,110.5777212162773,109.35570558617802,110.9885727008287,12.65289964829558
20.49174635128334,114.11020448897527,111.73001353190078,108.8019221220467,111.58134765760174,12.914283122403663
20.541726220432814,114.04894385095602,111.56863674506567,108.8399143190014,111.28171367357504,11.345027341892289
20.591706089582285,115.47947576092514,112.62507614665468,109.5818251383028,111.9376228684952,12.028772400756596
20.641685958731756,116.3827872227289,114.16085721607176,111.6826500037945,111.11257005823148,12.29829315162763
20.69166582788123,117.0047129633003,115.11795987364002,111.0064049870683,112.46126796925223,13.80940811483434
20.7416456970307,115.68839594955713,123.9816451300125,118.66143527423701,20.214706718911177,15.049561651667481
20.79162556618017,116.23065855605458,124.2775832177893,117.70549618585005,20.887053227999257,16.645361673851202
20.841605435329644,117.17663194157458,114.10690824221754,108.61776270732611,113.87287989875345,17.309980295998095
20.891585304479115,117.55324990887692,114.0707663569951,109.61046691011113,113.5563705160766,16.49828921871854
20.941565173628586,116.50438253243001,114.15476850770231,109.33638570181158,113.6095457704613,16.643756234264444
20.99154504277806,115.27228612622237,114.31949235548518,109.24020304777538,113.6243243696457,16.10935218404881
21.04152491192753,116.62712767356118,113.95637373116449,108.98496048175106,114.29845669843127,16.671824417234216
21.091504781077,116.18225530291998,123.99054905479395,120.59537262937886,20.42142420696952,15.306461304722777
21.14148465022647,115.26585147601749,123.9627683031472,119.65618804402811,20.80333421987893,15.66081359062023
21.191464519375945,115.77555349232384,115.98515665060484,111.41840386064746,113.17663791275523,16.282248325404428
21.241444388525416,114.89484454466084,123.26228353445663,119.35779106347196,20.45293317961777,16.440220530245508
21.291424257674887,114.55208074123445,122.6295140673487,119.74059866076183,20.673620643296967,14.09433234701627
21.341404126824358,115.10833489065152,122.04351735991517,119.60095427110538,20.247823367602383,13.866764240764144
21.39138399597383,114.4600248183574,121.49404456619749,119.74282392180098,19.743994279258704,15.43679950694957
21.4413638651233,114.13095110795602,121.39683472784566,118.1417900476212,20.032103909906173,15.218326205272984
21.491343734272775,114.2921072491764,123.57582331999832,120.0733642965175,19.751277935313748,13.644050722535805
21.541323603422246,115.48691365360423,124.17710654774604,120.61088777919913,19.7562962229096,14.285525605393556
21.591303472571717,116.19905565688941,124.4277118258312,120.37332984805117,20.0086665802168,14.527617192608195
21.641283341721188,115.42215423206281,124.68252839767953,119.46029645033568,20.023913514411767,15.29077650197861
21.69126321087066,115.62872639497029,124.74727372672035,120.32955070972471,20.116830980949445,15.592175161594025
21.74124308002013,115.9868718472082,125.4554755786308,119.35761370608255,20.496717223347908,16.299343903646427
21.791222949169605,116.10610813834946,126.13548703102616,120.75953601356667,20.671779599549158,16.606901411037516
21.841202818319076,116.71725527973193,125.15343648357542,122.43276872381361,20.38828816086075,15.132541039772594
21.891182687468547,117.01660975655152,125.31945639294366,121.15071790074224,21.24718541996211,16.237997754968184
21.941162556618018,116.65289099139788,125.12461708807923,122.67516050119588,21.437758135300758,15.080448174111694
21.99114242576749,117.35550920789707,125.64884212893917,123.81769790629701,21.533364880319354,15.300566042099952
22.04112229491696,118.11759139448522,125.97814243324693,123.59539602318316,21.466344783529372,14.570236144941788
22.091102164066434,118.1550838100258,125.25585903747009,123.58514304724966,21.200287176330082,14.672761801250838
22.141082033215906,118.70093487419649,126.37436558994051,123.12941854005335,21.544311801325915,14.803610234131172
22.191061902365373,118.61293058573102,125.86553815291245,123.34836081246593,21.756113054691916,15.539632013217656
22.241041771514848,118.35050752585819,123.7506443113287,121.81075120513447,21.586328318209336,15.77168719342587
22.29102164066432,118.37271796696417,125.25380804410821,122.58703107608409,22.03869018234777,15.717591299729987
22.34100150981379,116.56290042890811,124.71664025526586,122.24484045770852,21.857193592197838,15.20781137169445
22.390981378963264,116.18509585601598,124.40451598796032,121.04083175555124,22.048517269942927,16.254903119738152
22.440961248112735,117.25288876124219,124.0381061140036,122.21149876310093,22.000770943690657,16.16362179534866
22.490941117262203,116.59822753610234,122.7369088185764,121.09780626119297,22.56500424797699,17.41337996694964
22.540920986411674,116.10522550801036,121.92946063447343,119.67772989776836,22.27964191972239,17.611865623485468
22.59090085556115,114.89656523152698,122.795648995131,119.29146386034306,22.070407992147654,19.57931438750442
22.64088072471062,115.2316337648636,121.84378462772736,118.24246793184032,21.642856196409195,18.69219688272547
22.69086059386009,115.46394037598043,122.4354516646115,119.33840995341933,22.00925641378382,14.700214189071504
22.740840463009565,115.83520472431712,123.17682705065843,119.1434903874184,22.501842809411173,20.41737626513325
22.790820332159033,116.03911547687927,121.6164583405352,119.94456110331704,22.57682558273491,15.593405373854168
22.840800201308504,116.4915049625766,121.5229233128949,120.59759997041063,22.04877256472706,14.365177293553165
22.89078007045798,117.21678682106847,121.01811331145467,122.51864981365526,22.266450143828504,18.977486789953954
22.94075993960745,115.64370210076234,119.92004150004153,116.70338074767133,22.400567849849832,19.422285255726532
22.99073980875692,115.23502248211149,121.94827589139038,117.24414133867248,22.133898049933972,16.10866127187716
23.04071967790639,114.39956907605841,121.3641920560143,120.41312960698177,22.218764615689498,14.471879346236834
23.090699547055863,114.4897730111254,119.97436198095617,120.7130379488809,22.15988057464651,19.02531231980494
23.140679416205334,114.838011067849,120.03618238377135,121.09255701031758,22.058654501331812,18.46253707277641
23.19065928535481,113.80380995350085,119.16652986183168,119.23995201987832,21.968373424740964,18.044494330253734
23.24063915450428,113.85896240160096,118.71230910430188,119.74145835485679,22.278531395278666,18.752785613202793
23.29061902365375,113.23123433295899,117.07864931674638,119.13165498104442,22.211990197243917,17.955993046785327
23.34059889280322,114.10658099389708,118.28383488555785,119.85777467785559,22.289662945115765,17.63325260011751
23.390578761952693,114.07753973844763,118.02125262088718,119.98531150897377,22.192511746393503,18.69491574998736
23.440558631102164,114.60709066612925,116.99082931528788,119.28099122317579,22.45396696029892,19.56836280254391
23.49053850025164,114.075102291075,117.17427576277773,119.81314535638604,22.53076195283447,19.065464283098727
23.54051836940111,114.8443599070226,117.53224329507758,120.49741630865337,22.686067936134645,13.863390321174041
23.59049823855058,115.59469121956681,119.41804657857978,120.99273983544279,22.17990969271457,13.255417199265251
23.64047810770005,115.51296199950517,117.70501028881561,120.67146153077718,22.47144628647316,13.406098449465157
23.690457976849522,116.1127833022104,118.2205404298703,120.88716722656343,22.462049741237433,18.564103094896222
23.740437845998994,117.53679565680525,119.1303974719275,121.19112280611735,22.598013014124604,13.433020088941163
23.790417715148465,117.43737325418384,118.92944898593022,119.75762822711648,22.835842676550936,17.86442562629725
23.84039758429794,117.83167569779675,119.13513523764016,120.9484929545304,22.24781892794382,17.166331230013498
23.890377453447407,118.05093928185889,119.9625249333073,120.55015970978938,22.278536407530165,16.398221883675774
23.940357322596878,117.49497428227451,119.66757039838672,119.69138959055307,21.930835521844564,16.18472843220978
23.990337191746352,118.39945807669825,120.55675205081091,120.98211693461495,22.344015465317536,17.075663394932246
24.040317060895823,118.08087125972051,121.17692125251543,120.37923504018056,22.47499169207702,16.942726435149705
24.090296930045294,118.12593600461072,120.11733780452819,119.77691049138876,22.953154040872786,15.745709324133326
24.14027679919477,118.4717489344465,120.92294378760468,119.98224953012536,22.549610411461792,10.209077653507144
24.190256668344237,118.65748748960775,119.81086497149987,119.31026077109736,22.55114521735543,15.870584868131772
24.240236537493708,117.4331645970892,119.40241318058229,118.68640373076192,22.664049311311658,16.353487621200347
24.290216406643182,116.06153957232425,117.81886982933202,118.03317331553264,22.024740359204383,15.94422700041749
24.340196275792653,116.73069409286863,119.05241426524135,118.1997134539134,22.261841591581224,14.271434256422703
24.390176144942124,116.65021815433182,119.49008214075863,118.85742802652122,22.754158832039764,17.38190683409123
24.4401560140916,116.77590346624693,119.74842775268839,118.19303419183872,22.53574748039807,17.0880370008344
24.490135883241066,118.00213378921038,119.91877539600904,119.71645801396575,22.019214358872954,15.936332377276342
24.540115752390538,118.71682640776147,121.1399983226915,119.35873128707165,22.80258698799001,16.581414480566
24.590095621540012,119.25966046468467,120.79707717036736,120.62538559830942,22.341264655284757,15.611440188129576
24.640075490689483,118.5541349130202,119.86948545277568,121.10126081907501,22.203120673831904,14.234960775198108
24.690055359838954,118.42376491309051,118.55682746782959,120.6349596496537,22.46202693553257,14.810448865849981
24.740035228988425,118.2640418294888,116.97957143597347,119.44775679290423,22.35602484954878,14.09172891600357
24.790015098137896,118.15049729959436,116.48565611082815,119.0209411364305,22.57463051948797,15.501594080697883
24.839994967287367,118.53878231873804,115.68720298392563,119.35788952740583,22.53244984292648,14.70539490208383
24.889974836436842,117.90544283715596,114.45902594402244,118.23052611298958,22.89742795124033,10.125554415550603
24.939954705586313,117.79059902476392,114.08206394674887,117.81640902326461,22.481170875630564,14.502048156084443
24.989934574735784,116.53742788992862,111.98577366933769,116.19136681924488,22.600614582688063,14.755238282749527
25.03991444388525,116.85910984408287,111.61186581237506,116.46970569220885,22.41175593032126,16.157259082352777
25.089894313034726,115.82717102594707,111.06840391247346,116.29006510302561,22.643045478205863,11.354197718588209
25.139874182184197,116.12259991244709,111.47341949810959,117.90807277827408,23.095150721413333,12.71664854941379
25.18985405133367,115.78302933559172,111.71831521152687,116.60308660205779,22.8123853971709,12.675659824516988
25.239833920483143,115.7051711025915,111.6769402137303,115.77554705425884,22.998568524303256,11.7210593214447
25.28981378963261,117.17369407852003,111.83491438295354,115.83723509770233,22.89416996591294,11.459066228814729
25.33979365878208,116.30317577944795,110.91112958730248,116.08025024969787,22.71777548532731,11.11650088013238
25.389773527931556,116.22909633737193,109.99869343983177,115.07329284087815,22.93552334714359,12.20127106590257
25.439753397081027,116.73540631757295,110.65960857387584,117.06212600248818,22.747253538799377,13.595635961869222
25.4897332662305,115.54676514743366,110.70667432122437,114.17884829869901,22.946223994647063,13.48285125931411
25.539713135379973,115.29538023466442,111.2429659871994,113.63177241757029,22.97366390231246,12.110425882444504
25.58969300452944,113.93837320703157,111.03787992737296,113.51384813694885,23.5580238331602,13.183732120435279
25.63967287367891,113.80741890790772,110.03008553978405,112.6330400783037,23.1708302592218,12.956622335222292
25.689652742828386,114.57256494456529,110.83893564329104,112.54775483256257,22.42933455264481,13.654666774503854
25.739632611977857,113.99371997472224,111.19556550970528,113.85407122176181,22.49185986365998,13.087889276628403
25.789612481127328,115.27980578080387,111.90510618752599,113.50870855927633,22.748364429056462,11.530918080498372
25.839592350276803,116.2157234248609,111.24135733082058,113.41857986265852,22.70592890555502,12.814589870303669
25.88957221942627,115.31412796896714,111.21629342683681,112.4867480004796,22.821879908924597,11.770671053568455
25.93955208857574,114.22567364227352,110.35477338789089,112.32892918071059,22.99680492820049,12.282403226328528
25.989531957725216,112.63383241116993,109.10269183410841,110.8393329000423,22.981095782102223,13.597524593304465
26.039511826874687,112.99646343836312,108.23871267393055,110.71968380274001,22.510770704406724,11.529278343749914
26.089491696024158,112.87180596021649,107.96192886817336,110.52071297633553,23.243343720087413,12.776980688442723
26.139471565173633,112.84368665007156,106.87577228823098,109.19398162521507,22.97433012396704,12.179590145010788
26.1894514343231,113.47909841223064,106.80174621978512,108.62432541683779,22.67216918733403,11.627647363913672
26.23943130347257,113.03429769470385,107.26527115271448,109.34239708923897,22.855554677153542,12.339940109646239
26.289411172622042,112.22248661127357,105.58619797364472,108.25837762515225,22.62935596949982,13.052832155050268
26.339391041771517,112.29217377794461,108.18839365657703,108.80882240795208,23.28298067574212,12.987750741579275
26.389370910920988,113.07023013031146,109.62711780926715,110.37434562670012,23.243128385493037,13.37552312884608
26.439350780070455,113.07220201751767,108.08183978401925,110.27373649324946,22.82810506895789,13.152963995966186
26.48933064921993,113.30437807680985,108.18314828822271,111.06080427719418,23.13647899219008,13.54143235560483
26.5393105183694,113.64092282956278,107.9306094788465,111.28148495771596,22.680785281836464,11.654659843176253
26.589290387518872,113.08906018847426,107.10591909803586,109.3385991831,22.70138277938533,12.202631595026775
26.639270256668347,111.67597552831913,104.70014690346821,109.00004548571113,22.85497375694244,13.630780493715394
26.689250125817818,112.41153396385565,104.78079265778817,110.99764443139695,22.543698506894042,13.807145285583763
26.739229994967285,111.98436372460621,106.02775599683459,110.8625102058654,22.830939238573798,13.32786627634734
26.78920986411676,114.40169577088399,108.3337072358807,112.03874992589279,22.79201651033637,13.262781834653254
26.83918973326623,114.10958007725648,108.39923343917053,111.23972428499306,22.01595717005387,10.897142566466117
26.889169602415702,114.04482829375871,107.02457589658738,110.85294609311556,22.54282953096903,11.306576243663843
26.939149471565177,114.57315614082542,107.99000107464833,111.60144978189943,22.683665212382486,11.344198718121634
26.989129340714644,114.28634406258423,108.52489398198736,112.48708001500111,22.247911790769347,11.686039266095538
27.039109209864115,114.01502860560086,108.24226118829135,112.9258479500969,21.846540513190558,11.260807002159984
27.08908907901359,113.7916882427701,108.48876743136688,113.55814687749655,22.347747201616013,11.808598418848394
27.13906894816306,114.37476784969306,108.98303198489752,114.49826758345527,22.33663829516382,12.025540707458692
27.189048817312532,113.52116005444843,107.97655205258182,113.08107126393197,22.613534809309684,11.047267808981267
27.239028686462007,112.85989925972642,106.71172996633966,113.28995698945675,22.42216477497057,11.61632973320851
27.289008555611474,112.37071595490094,106.98584585594163,114.26680196192011,22.47559334126909,12.600365647903228
27.338988424760945,111.2109758526289,106.37634569706358,113.78789914488256,22.29578147221978,12.757639336151787
27.38896829391042,110.50512366096713,107.33193393265776,114.08191834892251,22.00036537097184,13.617728853634825
27.43894816305989,110.67505042518107,106.4122414450719,109.49485089881608,21.981665197547308,12.20573981742429
27.488928032209362,110.6577954166784,106.44775836156117,108.66506933341181,22.067502334041492,11.196545278906832
27.538907901358833,110.83269887098926,106.75321927791242,113.95741648889124,21.09318392275973,12.570898315594423
27.588887770508304,110.29682642105139,105.71110433079461,113.0714219001386,21.721503790695973,12.703193775283097
27.638867639657775,109.63252360476288,105.68640639424481,111.77670680826141,21.496618484350947,12.962073983576946
27.688847508807246,109.17332551824971,106.37064370036661,112.14217484591485,21.78648436516829,13.511434823978444
27.73882737795672,109.42641507124202,106.64416224447852,111.76653563737715,21.57459640329417,12.891558513416559
27.78880724710619,108.69093005303539,107.93305385377143,112.56324166480324,22.447093653650253,14.730642123037548
27.83878711625566,109.73488300163501,108.84272461971332,113.2683985126832,22.669319126952693,13.253086092401153
27.888766985405134,110.62790790477439,108.46905151791503,114.01879289646395,22.25181449806914,13.057349911119609
27.938746854554605,110.82344577022955,108.60947384048298,112.86980454392464,22.56906913996773,13.08773725490252
27.988726723704076,109.89532507920246,108.0533278764656,111.45130064282944,22.8198398811554,15.049066290533792
28.03870659285355,109.64324184785232,106.31714130427514,110.02306805480738,22.15876643884211,12.748618165347835
28.08868646200302,110.77880470317864,106.13581626471107,110.00685492723252,22.104086677802076,13.054022189015487
28.13866633115249,110.51066089522232,106.70995971623267,109.69446253030283,22.057208253396823,13.773433543402422
28.188646200301964,110.99228706901879,106.61514492805631,111.35139785682463,22.457473341437744,14.065170094689003
28.238626069451435,109.72104045801879,105.15597590971319,110.7145193848168,22.261877087861343,13.412881693365733
28.288605938600906,111.08678109204199,104.92974268276733,111.2211717081997,22.671496436560172,14.808528632694673
28.33858580775038,111.17981541148458,105.78884797960183,111.5166335542554,22.62413098007077,13.911040340086773
28.38856567689985,109.93043180976173,104.62082809004733,109.38299271056518,22.760871912600894,14.38451945588935
28.43854554604932,110.68400322212386,106.0718115819554,112.15593012507141,22.682947971109797,15.035924728163238
28.488525415198794,111.11127834832574,106.54070442117226,112.49248365680322,22.72955946851077,14.039587849212456
28.538505284348265,111.94942324632265,107.38426650355667,112.90628242763697,22.679019612180408,14.220144221965153
28.588485153497736,110.91039113991562,106.87586216222626,112.65444841354004,22.924672170453803,15.609511963641712
28.63846502264721,110.92003849759499,107.76779578425861,112.67512689612535,22.33030129750114,14.420607924755851
28.688444891796678,111.23343714229881,107.47486494149429,113.32315213687609,22.235408795323224,13.003631670710254
28.73842476094615,111.61503551051794,109.15397277557682,113.6091371183929,21.8021980505792,12.822270744225664
28.78840463009562,111.30974732093064,108.42429845053266,113.67036800444623,22.43573491635695,14.845743841615155
28.838384499245095,110.75074830319942,107.73614252522437,112.55063778115954,22.604925956326422,16.209777697818666
28.888364368394566,110.7847067480189,108.1071128907343,112.00747743005057,22.453060983089003,14.249815100260344
28.938344237544037,110.33146834811008,108.19464924063197,111.56379916216423,22.782029467909826,14.95500877867596
28.988324106693508,111.17649176430106,108.93104964660778,114.09627824895779,22.179454744591617,15.289704156465238
29.03830397584298,112.18209809504609,110.58712204503922,113.37461399528335,22.41561695294447,16.19550789450426
29.08828384499245,111.80075059950588,109.72832199530589,113.806458753741,22.368446590771875,15.75402697435275
29.138263714141925,111.8847177440869,108.8899602035627,113.30956879773763,23.088549703444677,16.119973007673067
29.188243583291396,112.58797569227546,109.66273462651078,114.18785079965902,22.36337675265908,15.890241897854812
29.238223452440867,113.7448305689093,110.44033419191615,116.41758903289275,22.205920125275075,15.915243931936068
29.288203321590338,112.85264384122434,110.05342485832384,116.26975110505228,22.525350278273535,16.252234463624635
29.33818319073981,112.03729240497556,109.61955399026941,112.38049194784878,22.182263181561208,15.811220765013676
29.38816305988928,113.07310255067601,109.1888063659645,112.33453551955004,22.429651702831173,15.987451158028952
29.438142929038754,112.69855196469051,110.14951569416368,113.34787637425012,22.479887778345557,17.07811127795915
29.488122798188225,112.03522189363294,109.82282836701171,113.64056644623015,23.000009729379435,18.324178958861417
29.538102667337693,112.03474011832333,109.81733940735344,112.23521658170912,22.483709693236754,18.306156860860707
29.588082536487168,111.86959405469034,108.45671472700688,112.99121276156895,22.229323487020288,16.92982607998123
29.63806240563664,112.42175108233675,108.42193154514938,113.09483162854218,22.63761645126705,17.26720773533685
29.68804227478611,112.4581196755904,108.53436456313237,113.4328130431769,22.03777575485738,16.298472722024663
29.738022143935584,112.62006134859533,108.47559640549373,112.5659677090433,22.566844742538844,17.12787458549682
29.788002013085055,113.16310239304335,109.46395521175425,113.52614504080144,21.928110691501452,16.909035157089306
29.837981882234523,113.88638512645464,107.36010201254886,113.25300312932995,22.285663018431258,18.39522738410731
29.887961751383997,112.83836389115343,105.52324207891529,111.37691151354885,22.952179035518917,17.865051945246655
29.93794162053347,112.6648724808499,103.90093630505876,112.26187367888984,22.836986433115204,18.60032805242988
29.98792148968294,112.63998910014143,104.28987399619545,111.3320288123632,22.854080877620873,20.385433170779432
30.037901358832414,112.46920404753358,104.64486782320034,112.15335933740432,22.78508722714719,19.733253229593274
30.087881227981885,112.55518977810159,103.81800333360827,111.83748763892804,23.389988860635132,20.52898248237954
30.137861097131353,113.32182557875255,103.94631474447803,113.21564991798077,22.902166387082666,20.262918223709054
30.187840966280824,114.07962127789914,104.41341348823615,115.4174588383622,23.047654337280882,21.47316887758936
30.2378208354303,114.09830401241643,104.88504540494229,114.94368416962132,23.39774189791663,22.05556910066909
30.28780070457977,113.57807322397967,104.17065894260722,117.26863099416607,22.572710693035805,21.380520202107423
30.33778057372924,112.56368550278616,103.32519370342848,117.97710007647231,22.599461524337723,21.337298947663843
30.38776044287871,113.15384695244788,103.29959621283808,118.92922918311807,22.596901508211644,21.28509261577519
30.437740312028183,112.95552766405264,104.08479254620156,120.5888371344129,22.43437882987953,23.294413935758993
30.487720181177654,112.33970036192811,104.44367337685775,121.68405451054267,22.970290651288668,24.338832734290552
30.53770005032713,111.36310430264915,104.19800506496897,118.55383042251076,22.58482834947068,22.178029294032207
30.5876799194766,110.9187544734285,104.35001787642402,108.25642741735759,22.552322163155004,18.599607771190307
30.63765978862607,110.53922696331333,105.04569768148978,116.27527598047564,22.731563314063404,19.438792499188704
30.68763965777554,109.65805797966435,103.14211767888195,116.0033687558664,22.992340128939148,21.648371509186195
30.737619526925013,109.69115770876559,101.42926061362985,118.53880889507153,23.305473785449173,23.634566656196995
30.787599396074484,109.5025444105951,100.83716917722086,118.14801657643822,22.75894526334136,22.465793148869444
30.837579265223958,109.38352504147285,100.98057199019536,106.85523281116825,23.27802313009834,16.82776535437489
30.88755913437343,109.60295833846524,102.53402497894368,108.24092517008312,22.28161780953232,21.654601393255643
30.9375390035229,109.4504808087806,103.1835140818101,118.69609212322518,22.860404311755175,25.37355506482447
30.98751887267237,108.82706221923232,102.29257704499481,117.37718667890643,22.452608945023005,23.490608178829184
31.037498741821842,109.26515485325076,102.40464945712336,117.07161951324917,22.752056120773176,23.159885020426874
31.087478610971313,108.8936903198318,102.19772799030292,115.88452494648831,22.951270608372283,23.239072914702696
31.137458480120788,107.60695620041335,101.49642930309928,116.46435487427215,23.48767114890524,23.89792893374269
31.18743834927026,108.61433849668903,101.71981791200352,116.3185773518237,23.257508820803256,23.22564229790442
31.237418218419727,108.34899614015644,101.40999019099321,107.2265688326703,22.93517177726387,19.564921327062674
31.2873980875692,108.62464543002376,101.32799239474421,106.90581115068777,22.608043513148765,18.938304336624913
31.337377956718672,109.21051427496052,101.92928520421707,107.57486711284993,22.329161965771487,15.36265612467746
31.387357825868143,109.33470184489452,102.1747764860154,106.45482289589535,21.710775660306698,15.828709790787764
31.437337695017614,110.13907072315683,103.00400449154475,106.84377291031707,22.33823179658305,16.260641030116588
31.48731756416709,111.12813900984835,104.414823350502,109.12608451249807,22.566735879907785,16.487538130889522
31.537297433316557,111.1779644417883,104.4283156767651,109.63678257320139,23.38532559023936,18.487845331421987
31.587277302466028,111.63942497664225,104.62037271729103,108.50984894463012,22.6189457556268,17.265011256642797
31.637257171615502,111.90421102772481,104.69152830156757,109.27002443696594,22.979583499101945,17.574164688701234
31.687237040764973,111.56084378085174,102.96607029581264,110.23345791355004,22.6224648438237,16.816624308993724
31.737216909914444,111.41224836073877,103.43713221699116,111.00729677077152,22.691176477475548,15.860643430118559
31.78719677906392,112.1409547270399,102.5581016132303,112.89411732324692,23.041412760319375,17.566917911496976
31.837176648213386,112.3648302242782,102.03911885056513,112.01221546258651,22.513438962933353,16.52971544077689
31.887156517362857,112.53784937895605,102.11073810588123,113.46060406338984,22.700710717106098,16.86180829625016
31.937136386512332,111.77420444797697,101.18052279341521,114.9019881456908,22.36894921121948,18.163694278552587
31.987116255661803,111.1149182531004,101.2237636261715,114.51508219553195,23.197955582058736,15.57330250373927
32.03709612481127,111.86958070810851,100.40709387356277,113.47701279926663,22.746182022702076,13.941705900428824
32.087075993960745,111.79210438283249,99.94823606377797,113.79493640843049,23.955343915731518,18.28505770921837
32.13705586311022,112.91585302485828,100.62606398506496,114.81942991169068,23.629511284707384,15.486342082227978
32.18703573225969,112.54948333429698,99.36335039767943,112.38252518324961,23.573570347381956,14.145688974933098
32.23701560140916,113.653972060011,101.26626872256283,114.1375516359795,23.36873804763645,15.877534941928031
32.28699547055863,113.53257890281525,101.38896854266166,113.91174292990866,22.839873929609006,14.883807999921856
32.336975339708104,114.10776852981829,101.36742311564181,113.2127501027163,22.450602764733105,13.143804861937054
32.38695520885758,114.22422509573603,101.08763256461117,111.81578083870289,22.19434820177457,13.972378046153468
32.436935078007046,113.96842391438004,99.7352123100715,110.88919891201473,22.826750975802003,13.631700363973628
32.48691494715652,113.23356698660493,98.66379514526332,110.04508155583527,22.799030492670475,13.963568982391212
32.53689481630599,113.79232129079284,99.19224271455849,111.52046692471214,22.54094715243807,12.543900408737054
32.58687468545546,113.0876560599053,99.24309598528042,109.9204594964578,22.235896206978293,13.00750717348127
32.63685455460493,112.76507860263209,98.48630469235762,110.46335303502859,22.428449808256968,14.478832129468454
32.686834423754405,111.54942859614825,99.0297072019895,110.38079339487119,22.339620760268105,14.807502593070897
32.73681429290388,112.4828381748544,98.86430145715143,111.88510944939318,22.533515121076157,15.618889310024818
32.78679416205335,114.18306120569665,100.56513689501887,113.54935217669241,22.240346871389953,13.599874715635101
32.836774031202815,114.60224205713277,101.41887773892854,112.94796007011955,21.85204052718824,13.647532278121773
32.88675390035229,114.76970528336491,101.1569354711526,112.20483760854916,22.03621884100655,12.891618985886579
32.936733769501764,115.55090114705065,102.3498809721497,113.13078567300134,22.49554906827776,13.120989423492743
32.98671363865124,116.82629057552823,103.27531348820492,112.24673432938368,21.758018546059155,10.693457477884019
33.036693507800706,116.19321025413157,102.74692923508722,112.82161329007073,21.667739596599493,10.07586566195175
33.08667337695017,115.45809951385144,103.40046625865197,113.3164569197849,22.025224870124607,12.815317867006174
33.13665324609965,115.1688918854615,103.26485683847302,113.57417204290398,21.34482333869231,10.556253888861711
33.186633115249116,115.24429808377658,102.69874495898357,113.74423307918549,21.996207805633247,11.43958367645245
33.2366129843986,115.37405700558931,102.59178959477066,113.26139483700506,21.814521810885612,10.928981690952249
33.286592853548065,115.3251933756332,102.98861772859577,113.37957481519821,22.321855373266473,11.075815184259843
33.33657272269754,115.61868786054697,102.58210637188729,112.34990335873489,21.842620070562504,12.457560526117279
33.38655259184701,114.48760629819871,101.4486763380308,110.0118363537996,21.979077680556813,11.886729557333286
33.436532460996474,113.92633857414606,100.73934890750985,107.52922464819355,22.07429408067743,7.1264283504635735
33.48651233014595,113.87109918933884,101.21558257363037,108.90303601434911,21.32399602469997,8.136260685659717
33.53649219929542,114.39455588790322,101.68028439581639,108.87014338139744,21.73107131924258,7.448411604706075
33.5864720684449,114.69330559502318,101.57103402540355,109.13828074463308,21.458154591480174,7.853511975416227
33.636451937594366,114.15363100049673,101.10585507685707,109.07844365449765,21.76534576940913,8.250009153511416
33.68643180674383,114.10249564321235,100.4392439161492,108.12414869233487,21.829876421862664,7.740339119192991
33.73641167589331,113.33991724889043,101.11628677818733,107.9725038563029,21.815447848007892,7.1748342518006165
33.786391545042775,112.76488153905144,100.95537500283926,107.94572875083331,21.80582116658024,7.6306334943836385
33.83637141419225,112.58246367185158,100.92403608419858,105.8596146608504,21.937968434583407,6.876838701394538
33.886351283341725,113.16036076027785,100.82532490981907,105.33563330204139,21.867244034540214,6.514650926678126
33.93633115249119,112.49191120577801,100.7166638604296,105.1745227760566,21.373209266832035,6.526735359924864
33.98631102164067,112.22238845726996,98.97051669579564,104.23278129077464,22.435516473420517,7.362857080039612
34.036290890790134,113.32815566128758,99.02346426806574,105.57020319966536,22.316177405777935,8.092693064196599
34.08627075993961,113.73769383274681,100.09341443570085,105.9684999272099,22.07537082809394,7.032469864189679
34.136250629089076,113.80167395532975,99.8196432708208,106.2514221595566,21.356244268482435,7.8037230522636545
34.18623049823856,114.32432354755781,100.53789200072409,104.06057065440159,21.02899193436646,5.9794819284247405
34.236210367388026,114.99256633687551,102.21722180402416,105.56080536169195,21.06720524413591,5.799394344722163
34.28619023653749,113.56370329474615,102.2935996241952,105.33622150837209,20.933520244062258,6.942474201017106
34.33617010568697,112.83763846681235,102.08946791771866,105.56471633917712,21.001966493265698,8.326567389140834
34.386149974836435,111.99065998940287,101.2036220418046,105.45762617145537,20.703158132821038,8.044936655350654
34.43612984398591,112.04540460234718,101.35693263357557,103.94347485394188,21.401906015011374,7.156833699687877
34.486109713135384,112.0427908929552,101.02344214152163,103.19636104852295,20.620275182885717,6.028416795269193
34.53608958228485,111.6223382304403,100.47729566115635,102.08577921960686,20.375960497933768,6.203486578530382
34.58606945143433,112.66907152081397,99.84232423821032,102.35965716370276,20.298409803762322,5.0612896405497585
34.636049320583794,113.89620824290195,100.86831389567712,103.26240530320669,20.131136528889396,5.374439523730375
34.68602918973327,113.41369934645483,100.19625688804584,102.32734842017577,20.22207477974167,6.147563044847378
34.736009058882736,112.5118544899762,98.10200907165007,102.26289586805528,20.48008348970454,5.021385487184788
34.785988928032204,111.93826204006169,97.3725077407385,103.84839068932952,20.093149031179976,6.580777406389421
34.835968797181685,112.69787349814298,98.69736682442792,103.9073213514239,19.991884308687577,5.557269009884848
34.88594866633115,112.12599114652318,97.98382148381032,102.81386785105458,19.95069113788218,5.498150825664062
34.93592853548063,112.0551318077859,99.18944205022056,103.49768183296061,20.28740793167422,5.442969767806727
34.985908404630095,111.72818507850451,98.58198382069833,102.53764970411079,20.313886529043423,4.134024449244962
35.03588827377956,111.35547746151282,97.22956822914843,102.30744439027109,20.52239014528119,5.132571070369447
35.08586814292904,111.64039698544943,97.24995425423093,102.60287601842984,20.68690906307831,5.3816310071194255
35.13584801207851,111.20775529779017,97.04220663719404,103.40142420376107,20.421571535909514,6.424386810205224
35.185827881227986,110.66324303356272,97.6384841711731,105.53701031650596,21.13802151205232,8.66464077857614
35.235807750377454,109.88978024995993,96.71149382569081,104.12102885121551,20.447451887953747,8.196884392866282
35.28578761952693,109.66397094601885,97.3117611546722,104.70482681811481,20.158849160094437,8.341483294326077
35.335767488676396,110.66674983771357,97.4914169165112,104.52999661074247,21.09077018491658,8.066693510981613
35.38574735782586,110.49465985405116,95.7565433670444,102.83932419525334,20.99695339579391,7.142060504817114
35.435727226975345,109.87076752094119,94.89730509963918,102.20194914976294,21.564727379824404,7.893279250125914
35.48570709612481,110.01961162216462,95.1246356217367,103.08355986884219,21.549077047749233,8.461970711013686
35.53568696527429,110.0159124228509,96.03446649594463,102.30282095976784,20.977598081995996,6.775038952067968
35.585666834423755,109.32808991848027,95.83246817481964,102.82926573633397,21.101988871854694,8.180093527882866
35.63564670357322,109.00190322889166,95.72140721492055,101.66888911020304,21.25139305961365,8.142367058741364
35.6856265727227,108.78099289352618,95.74831559081737,101.32353129428313,20.92511728827465,7.826828361522242
35.73560644187217,109.32008459830877,94.66520301746502,99.83995786710724,21.277120568672622,8.154975793163675
35.785586311021646,109.28922883669013,95.05977048773634,100.29857876018075,21.312795136469408,7.858166128816272
35.835566180171114,109.96183611685865,95.85075612477509,101.7146760510739,21.47878435176558,7.942101937441621
35.88554604932059,110.91203522644906,97.11727838834268,102.0177819777264,21.444161436942014,7.713875874598164
35.935525918470056,110.47742803756695,97.02309618627308,100.53416879489087,21.58478070870893,7.4533364306608725
35.98550578761952,111.07241431697172,97.7458081539987,102.20979970753356,22.051341585945142,8.15112160190861
36.035485656769,111.76716865035507,99.08000926524525,104.30461457096193,22.378595961740277,8.653023894564809
36.08546552591847,112.9014054888457,99.29810582081647,106.45992288496728,22.56056596539475,8.366642506731033
36.13544539506795,112.17399790318694,98.79053450983935,104.44849240358613,21.69117538395727,7.147127181705868
36.185425264217415,112.58208592694837,98.3325738622906,104.88480862160566,22.310327114288476,7.564405332987275
36.23540513336688,112.23806315449032,97.2963967425489,105.54410800968583,22.07145195795669,9.817357373679481
36.28538500251636,112.930170792757,97.73540231149055,106.68533752860354,21.999782692638004,10.14255561760962
36.335364871665824,113.29182418105692,96.87842343342574,106.3581990946583,22.031489926434066,10.458253024195495
36.385344740815306,113.88367943612275,97.46261931511125,108.33078346541974,22.577070968456397,11.54126022319257
36.43532460996477,114.32242323358638,96.37046018575941,106.66772560407361,22.391013973645464,10.452537171313796
36.48530447911424,112.87371821768276,96.42423309245831,107.16397345010321,22.424046104674495,11.710784878866876
36.535284348263716,113.53757651520537,97.30341575262703,106.30725615898255,21.897853313100807,9.955616066987867
36.58526421741318,113.41591076284402,97.517846427084,107.0212089521002,22.02950461933659,10.21246670922252
36.63524408656266,114.67290520102473,98.12111162802896,108.23008648284171,22.89507009845435,10.488300810595048
36.68522395571213,114.87701047508457,98.36996172251776,109.87739506174394,22.493032821364192,12.141982253626539
36.73520382486161,115.29061788292704,100.02099299649686,110.23048975693919,22.382132457023104,11.159220686634232
36.785183694011074,114.7772175078649,100.22539144187023,108.37682942403386,21.952811684665953,9.073625513807707
36.83516356316054,114.0636746719534,99.11516942890039,108.43554552714106,22.134399148727283,10.225512656748535
36.88514343231002,113.27944744853345,99.0909141042032,107.09122816262902,21.836285116860424,9.315984839766164
36.935123301459484,114.69470858780902,100.56690895839127,108.68851108827972,22.52561710559652,9.56541524300361
36.985103170608966,113.95671613952659,100.01820748175116,107.75053143307913,22.05085814300909,9.91486576956823
37.03508303975843,115.06802158611795,100.24157935785779,106.55372328627726,22.387480181362616,9.085027283139079
37.0850629089079,114.40581384640265,99.83051061801086,105.58859085834374,21.528057621835764,7.698310154630344
37.135042778057375,114.56075796399149,100.4896228851001,105.97354247852729,22.095573799077762,7.061854223844677
37.18502264720684,114.77000332540896,100.49240553736836,106.42201455484266,22.182148292136223,6.3168551914684095
37.23500251635632,114.2918284080407,100.77995147999049,106.58719636550764,21.190556478833,6.504255096538323
37.284982385505785,113.3159216100159,100.16805482788726,105.85208192030973,21.22367637524859,6.20102988570373
37.33496225465526,114.27430415576826,101.19017408787602,106.48314997128413,21.083173646931847,5.711802153571278
37.384942123804734,113.88453862369389,100.23682631651609,105.16637298036301,21.494981780229363,5.203663675765265
37.4349219929542,113.55520542779914,99.86446975489834,104.47018889715203,21.54695933359095,4.87157759917988
37.484901862103676,112.80424708550296,99.32042902679429,104.96632614210534,22.14483365760506,6.198973917774964
37.534881731253144,112.6399067662689,98.49150938674875,104.23215008601684,21.197000756090624,5.910872222203641
37.58486160040261,112.57219331350299,98.01469633386674,104.77791145126552,21.286556235921687,6.9407107158439665
37.63484146955209,113.40848663638265,100.51343086865441,105.56501137447526,21.508309235997398,5.860529127614021
37.68482133870156,113.92376482010683,100.62176980393961,105.6327918568466,20.44457474179905,5.1060314534157
37.734801207851035,114.3414512959005,100.50738027505696,105.8846100983339,21.05646287112193,5.432757490366173
37.7847810770005,113.65651642127229,99.10978116914413,105.10152108677839,21.566887238252395,6.4298018502196035
37.83476094614998,113.72792513288717,99.24777416102664,103.67789971732691,20.785194774052105,5.532855936346595
37.884740815299445,114.04570484007847,99.18731127486791,103.7516055090945,20.981735092414635,6.143844358982341
37.93472068444892,114.97380062829394,99.13680007016596,104.71159686803512,21.140074373808066,6.513971824655364
37.984700553598394,115.93448691704066,100.5717025377469,106.5303851164832,21.700303564966465,6.854873478581716
38.03468042274786,116.8833404221764,102.15289061652443,107.32467511754061,21.745524992950383,6.710398921970286
38.084660291897336,116.94246484880043,102.52820086335039,108.60961850124015,21.954088214537713,9.041448445188266
38.1346401610468,115.76544266462753,102.27917760368871,106.8019953655257,21.77375976630461,6.979069210862878
38.18462003019627,115.62589534458294,101.24178454548759,106.43960922656001,21.84338541402405,7.516053197252824
38.23459989934575,115.35487673228413,100.37953855511336,106.7481226561465,21.8774728418105,8.15601328122549
38.28457976849522,115.79704478183193,101.69005639601961,105.83868019451066,21.01272333169627,5.802036927979718
38.334559637644695,115.58010277730523,101.92872495035118,106.33989407659887,21.601179832467505,7.539415018579001
38.38453950679416,115.11062584075495,102.43699985034975,106.72478337852876,21.004891498997722,7.015055599204285
38.43451937594363,114.5111555461863,101.14230218504939,106.02916588462061,21.285300282513905,8.735100763433882
38.484499245093104,114.45539311118473,101.68034988335093,106.23014198222452,21.38626952652471,7.294544449810733
38.53447911424257,115.11886521902734,102.63918487009887,106.50212516829733,21.965648692311678,7.831936801587459
38.584458983392054,114.37870652357553,101.29761543875217,105.6670430018443,21.68820343000609,9.586815363069114
38.63443885254152,114.34488077384201,101.11673669611254,105.92752877196325,21.96982851843141,9.916022822974101
38.684418721690996,114.36354643205699,102.44983793370363,106.03282371090799,22.118428683647412,10.17518507356616
38.73439859084046,114.34997479828503,101.98382507530249,105.86434614634301,22.51033820215654,10.303627976243236
38.78437845998993,114.33283660425064,100.46351342593746,104.48260154473742,21.703060784485235,9.448862608681306
38.834358329139405,114.22755950290943,100.10581136257541,103.26346369858719,21.751894636990453,9.203767269918865
38.88433819828888,116.42275770397772,101.87160337342945,106.62543870605134,21.890232515622007,8.401605819396178
38.934318067438355,115.61217074553717,101.08384104834265,105.83368363960531,21.68252270468213,8.130601044167795
38.98429793658782,115.58500854790233,102.69010851052647,106.64508836078443,21.557936706778342,8.856455984589662
39.03427780573729,115.76092359062316,102.59587909719166,107.42797925760905,21.593724566568632,9.05921466892487
39.084257674886764,115.73871189978188,103.89562393322164,107.39412623439692,21.47256231954852,8.293161851625689
39.13423754403623,116.62415155203465,104.49455392128662,107.89974286709584,21.961553930997763,9.256599373904919
39.18421741318571,115.84875637094369,105.57877899873209,107.26548572877375,20.720564992425242,9.352351149868952
39.23419728233518,116.57560423968471,106.35273917162203,109.1571433040381,21.092000477748083,9.824739319948778
39.28417715148465,116.09528289607914,105.16498396000463,108.46870336564076,21.359209860301842,9.450482494697084
39.33415702063412,117.08516782139536,104.91833711267306,108.87191285498345,22.000272871199822,7.669638564547944
39.38413688978359,116.66720251744218,105.42266934182773,108.73137001774788,21.479465086608695,8.216194782975242
39.434116758933065,116.18651212429437,105.0339758514401,108.55023367452804,21.088499437306368,7.569517667790269
39.48409662808254,115.86601980932062,104.62557142120005,109.46772882873022,21.21954684407539,8.591613623353302
39.534076497232014,115.5351042212343,104.78539590437235,109.30192726822452,21.44470120196703,9.3046672030681
39.58405636638148,116.14226849379789,104.74104780207463,109.76161090730845,21.63633454995089,9.779615374855927
39.63403623553095,116.03214513463132,105.9321287182819,110.10588724483186,21.519302491886403,10.817554294815888
39.684016104680424,115.66108370010686,105.81228462871897,108.69329154265685,20.332482027477322,8.24895071755673
39.73399597382989,118.46725459142901,107.03029384621469,111.48747211003058,21.139504889614578,10.675565642260583
39.783975842979366,117.84657669181931,106.81843481080448,110.50023458045186,21.373063569968345,10.053585100769507
39.83395571212884,117.47005511009044,105.58299096729942,109.27443827033129,21.28763559611788,9.059681305069642
39.88393558127831,117.31305348252648,105.36632288629868,108.82058282181944,21.064183174334925,9.677609691855997
39.93391545042778,116.69999656966644,104.730924734481,108.14202776242016,21.503678036819725,9.887180927817754
39.98389531957725,116.47134464482428,105.27515772464338,107.12742779627385,21.479605295090884,11.135326908875175
40.033875188726725,115.41657505745795,104.45008070256722,107.42074787069876,21.26846437275035,11.115299585885795
40.08385505787619,114.76852745539776,104.45525875140744,106.53402908964158,21.363308062526745,11.012606110671747
40.13383492702567,113.71217274099943,104.44333374521938,106.28523210545781,21.650861817009154,10.940678261326491
40.18381479617514,113.42295473723424,104.85265315699037,106.69265808338179,20.634939905715694,10.016801963364
40.23379466532461,113.616940017057,103.79997153636674,106.82500897480215,21.403930236514956,11.989683682060738
40.283774534474084,114.62953448373437,104.19057662964923,107.61593251035441,22.610891031287302,10.617731175480623
40.33375440362355,114.71295758615295,104.31567050487516,108.04751857763804,22.342280329518506,10.565660025371391
40.383734272773026,114.69035256204866,103.53026538790459,107.91204513950053,22.02770264856016,9.421400671550039
40.4337141419225,116.11860517131247,104.65421957523066,108.18698512803417,22.29684943713056,9.42129504573927
40.48369401107197,116.55600623133371,104.87252596047752,108.35992611621262,21.582609020720707,8.820573661696445
40.53367388022144,116.53477600210847,103.9944635528119,107.2636072311776,21.698885743314722,7.640573364521668
40.58365374937091,116.22077707924399,102.79719904005661,107.47833821947863,22.0191187472313,8.839760818086662
40.633633618520385,117.70511657256424,104.38485753808388,108.59608129336608,22.108102622081848,9.570447590902152
40.68361348766985,117.04764452368853,103.23457445734127,107.49022503323015,21.946661974849977,9.505360410075856
40.73359335681933,117.24776763392641,102.32210688559881,107.34803809301624,21.92686122239175,9.595783373393282
40.7835732259688,116.66437817570834,102.12420339344271,106.91394258610914,21.143503221549363,8.602197181236477
40.83355309511827,116.65214627790023,102.05463657387084,106.01750809000296,21.523277864110995,8.892783584319805
40.883532964267744,116.02581117063225,101.77251925891112,105.52738534306832,21.099312394878062,7.984078082922417
40.93351283341721,114.67467542567644,100.85890934597111,104.80745650839633,21.56898153864929,7.71046871041413
40.98349270256668,114.62801756515877,101.27841572004039,104.63419316735829,21.399371704292058,8.199340219271416
41.03347257171615,114.00266544282591,100.64659430556159,104.1259276347025,21.937654821365157,9.913622566563534
41.08345244086563,113.72808870908905,101.23044001971317,104.88347784099732,21.658627661780557,10.175950711996435
41.1334323100151,114.51559922576264,100.88060096488404,104.83464620217343,22.147681563410472,10.571295739283467
41.18341217916457,113.95303526080603,100.9679719683416,105.58854787329965,21.829085555531577,9.16944220280919
41.233392048314045,113.78535742472198,100.17700804606599,105.01079903232612,22.101695338481736,10.053498856173357
41.28337191746351,114.4762577342594,101.9345022437139,104.38680671209167,22.11305733256207,9.629853191348744
41.33335178661298,114.73022954422312,101.80918133370358,104.0614464583481,21.90682212389923,10.297007362446964
41.38333165576246,113.3414061548559,101.48736164771397,103.96859694638673,22.210084831108034,9.914771807235658
41.43331152491193,111.6431516428733,101.53472783424749,104.60183832827451,21.103959770429203,10.003399459884218
41.4832913940614,112.30446444155824,103.14252641401612,105.65633243048259,21.739343862652273,10.744408788479532
41.53327126321087,111.29263203160633,101.71549631233324,105.90554270273894,21.684564347592104,10.475462271903806
41.58325113236034,111.0271453828175,101.32344469563606,104.72427478811028,21.64545585830641,10.221306277415447
41.63323100150981,110.17790310710711,100.07533925639486,104.33201467367283,21.6419009089407,10.360995412504018
41.68321087065929,110.45382866781705,99.25275708316425,103.0299254923141,21.26068519536842,9.852861452716077
41.73319073980876,110.71494781274019,99.61457244605101,104.52357392827666,21.70022367773018,10.301365134266002
41.78317060895823,110.85001840336342,100.40606066057656,104.66067483060304,21.976425745542603,10.976690496255161
41.8331504781077,110.30819776351369,99.38804011903537,105.1589182665349,21.64088086124883,11.095641629296358
41.88313034725717,110.16275436232176,99.81200957652132,104.84561035773008,21.209716130705914,10.75120162961598
41.93311021640664,108.42531607780832,98.56994814832804,103.38736392285571,21.98822828869574,11.437528805626437
41.98309008555612,107.89394699855846,97.68952362528066,102.52906287883133,21.67852425677208,11.169382931843305
42.03306995470559,107.9455538007753,97.5870364529765,103.00408780533293,21.75982630099249,11.198124468905322
42.08304982385506,107.78907951440372,97.13954130105434,103.8326795988795,21.871101404644254,12.849267253424944
42.13302969300453,108.14024482996237,97.19312797779428,103.87950988896682,21.720436959736002,11.99773820623156
42.183009562154,108.14799484235768,95.41316496727707,103.03146563019502,21.70178082442571,11.369237720967753
42.23298943130347,109.43237639808852,96.25874880966946,104.12059725753974,21.11412629966993,10.150757329665964
42.28296930045294,109.56873287533266,95.8220150109256,104.2763269072872,21.823681245523257,11.58472148685816
42.33294916960242,108.92770640386532,94.26898728398184,103.20713723271236,22.07018424361144,12.040894276104174
42.38292903875189,108.39407153649162,94.50101034400328,102.460917429809,22.069992946400166,11.437659615073187
42.43290890790136,108.34554161793831,95.07993670411125,100.98533657406293,21.222745181363063,7.407691049968908
42.48288877705083,108.67237193917842,95.13013518003842,101.42335850234946,21.61011186838779,7.833389580644466
42.5328686462003,108.35163387537605,95.14457320687141,101.58405100998927,21.896250430562205,7.927079464338588
42.582848515349774,107.73458213672114,94.60026739311287,100.1126039704918,20.967554728862492,6.492062653200538
42.63282838449925,108.03282787511486,94.38502092149187,101.05963066401554,21.734418923150916,7.482669120451534
42.682808253648716,109.33197930607336,95.72820988123686,102.50884676302834,22.15381073802889,7.647383466874993
42.73278812279819,108.39419605624681,94.6476680755155,102.19276753764372,22.232472488639264,8.399062547077119
42.78276799194766,108.5669052063371,93.81236954398345,101.61216886396703,22.579903992320347,8.905677083315021
42.83274786109713,107.31241055033325,93.21497470410633,100.09370247026716,22.283041064960702,8.080403566286599
42.8827277302466,107.99070483443371,92.02334441380088,101.35826178894997,22.428208162983623,11.676334752853569
42.93270759939608,106.88531757274436,91.80533157143178,100.38232256118823,22.130893088574624,10.756568702345076
42.98268746854555,107.30869926693823,92.6074591945306,101.29561322986926,21.57490971161099,12.104964586152658
43.03266733769502,107.03219070385002,91.1633042164169,100.43966510153494,22.279492848074987,11.284204772448762
43.08264720684449,106.92765648605577,92.04934737200637,99.23940246420239,21.569571423582037,8.952595454438733
43.13262707599396,107.94684796353859,93.51912502563323,99.79116699916574,21.803430510778245,9.11714853920719
43.182606945143434,107.31127174123974,93.06266835882023,99.83366309645874,22.501476831259502,9.7595237919083
43.23258681429291,107.78204661748894,92.94491767288359,99.28410716937294,22.259365885958978,9.906096302617232
43.282566683442376,106.45802632242503,91.53816191734535,99.11503773389727,22.739308182541517,10.64258397104824
43.33254655259185,107.44323094256808,92.07432591884795,98.95074307256311,23.278021018934272,8.999449944679101
43.38252642174132,108.00720559795799,91.76315179733459,98.49395562220003,22.099688442325647,9.21264620939868
43.43250629089079,108.9901167175535,92.56388968366697,99.11467854929538,22.54155248850869,8.581620724566934
43.48248616004026,108.22869812524914,93.747525881438,100.3784843621131,22.7164386586624,9.245514735740063
43.53246602918973,106.78657998598861,92.8135428753129,99.87777521801097,22.53580123511467,10.247684365564908
43.58244589833921,107.59514174144206,93.92195187091914,100.00666087518087,23.12157042404992,9.402430171317459
43.63242576748868,107.44820460884542,91.82226595166554,98.77316957183866,22.512972511873382,10.407869456819322
43.68240563663815,107.24749580695922,92.0454265390068,100.16138161774724,22.308799269848475,10.339349581218183
43.73238550578762,107.96203273659188,91.90352019133658,98.51754164660095,22.241281423472913,9.532237972371657
43.78236537493709,108.76281460810657,92.30301197006375,100.18260785960406,22.397757998004746,9.69948414391533
43.83234524408656,108.67036930736394,92.18641236657905,99.9606137889933,22.539741431057088,9.862082281834065
43.882325113236035,108.32757793243708,93.39500401865808,99.5556112954571,21.95877873454375,8.308652665026218
43.93230498238551,108.45973482768542,94.01798598473648,100.32024256240194,21.839674885837162,9.024245977876058
43.98228485153498,107.85041689546068,92.20426075276833,99.52278450445094,22.262819952136685,9.48548793298946
44.03226472068445,108.31752755473778,93.3953110639568,98.83888422102682,21.75472835520339,8.129436207574427
44.08224458983392,108.88013355130227,94.17952446679017,99.99014284158396,22.43842502197786,9.772389942956226
44.13222445898339,109.87647027312315,95.15909476044901,99.84097936741242,22.132154633523854,8.434808376797069
44.18220432813287,110.41269595651356,95.82413521497222,100.73956870623486,22.377550527216737,9.25894638164087
44.232184197282336,111.0891418777565,95.63150299582361,101.10527960403053,22.3093018601238,8.53854569920226
44.28216406643181,112.75980522709163,96.91847896218493,103.02323738419658,22.463589371838818,8.55045704143656
44.33214393558128,112.83919680726127,97.3228348724445,103.5522409286467,22.191629188134474,8.343691486365548
44.382123804730746,113.34864232555772,98.23857242348758,103.71517357222557,21.814474200470805,7.485945342845447
44.43210367388022,114.03510759197508,98.10787995335342,103.71748465159351,21.9555194749292,8.029424287624044
44.482083543029695,113.67739367021872,97.6249481846264,102.96360497886928,21.952564778047538,7.34183700526811
44.53206341217917,113.45733293190027,96.86294470191535,104.08085085865213,22.507919602294205,8.322821391352162
44.58204328132864,113.1497099251737,96.3950120490409,102.37554256336344,22.13038988701296,7.265109281885754
44.63202315047811,112.39632630305171,95.2306614577607,102.33936124119602,22.317197166338932,7.5501740676042886
44.68200301962758,111.55627408351829,95.52506435937683,101.95978985150008,22.13439188974114,6.743974995292907
44.73198288877705,111.08464264227572,94.3785671992523,101.94391491011339,22.88366771041581,7.77675462526071
44.78196275792653,110.01270351413721,94.24418165358625,101.89368804553388,22.460978167916934,8.179264799652485
44.831942627075996,110.6709192786823,94.4413294416576,102.21590109588318,22.568629254188803,7.9365684275965
44.88192249622547,110.63909365996165,94.66309161149061,101.87236174757244,22.170103146806536,7.4059287168079875
44.93190236537494,110.2904167450079,94.95786455505994,102.67696423014226,21.910637591627033,7.88525769914603
44.981882234524406,110.04185552648715,94.3591129192895,102.3922896621577,23.116052166961012,8.629358769157715
45.03186210367388,110.36359531723485,94.28289874191215,101.44657752939746,21.799490544295775,7.393574107195678
45.08184197282335,111.4138934941466,95.17087686678406,102.80490776391906,22.29328145283001,8.31647418540495
45.13182184197283,110.13448395214591,93.16151632352144,102.23477873358213,22.692469379717988,9.504598691541913
45.1818017111223,109.60046274638536,91.81182463133865,101.25274087216637,22.78328341876078,9.495996949076774
45.231781580271765,108.99423888248549,91.1829520214001,100.73303366471963,22.640109275600853,9.76719148816562
45.28176144942124,109.72713952945297,92.34747892218606,102.32459260764897,22.52085374991303,10.048616203058723
45.33174131857071,110.1343088804975,93.14372844259101,102.292869405426,22.380238423513774,9.449426595981373
45.38172118772018,110.95746353537145,93.69294086862946,103.75952449887892,22.25789390818593,10.365933741011421
45.431701056869656,111.51057508776285,94.39340847595173,104.48121572370401,22.664072480594374,10.406787881348253
45.48168092601913,112.23156175202115,95.39269880691026,104.48183801867023,22.86308955793531,9.468462528261457
45.5316607951686,112.92177367736403,96.1557288337134,105.79273810382519,22.416357874804394,10.049363616070302
45.581640664318066,112.878229181719,96.29074628866171,106.0519654130914,22.12439522088811,9.792503195403825
45.63162053346754,113.90036324437739,97.58267801634301,106.15653396439676,21.93783848763193,8.742793939113268
45.68160040261701,114.86831920662718,98.18810020286521,108.31537371062524,22.036361575910313,10.304443392114834
45.73158027176649,113.92250360605071,98.30967871753538,108.39008914595787,21.318011658898634,10.328144121195715
45.78156014091596,114.06093846639611,98.05890363961834,107.34830303393944,21.520765394085444,9.40529329383126
45.831540010065424,113.02328077245508,97.05266691669141,108.92921898536348,21.485306505901452,12.325464157744673
45.8815198792149,112.90852798189388,98.17164860059066,107.61052840911509,21.348105867571345,10.299121143179322
45.93149974836437,112.51652492309444,96.6981397642218,107.80098185526744,21.425214315632992,11.771146414738817
45.98147961751384,112.73582777860715,97.47856563988591,108.08027296362994,20.988497958997,11.05760871451771
46.031459486663316,112.80724870178939,97.67617854179264,109.71768043855693,21.303059994973303,12.836509379200226
46.08143935581278,112.14687721536674,97.2425197398209,110.68731520660015,21.582380038885297,14.138899166163228
46.13141922496226,111.39437654945655,97.05353262639844,109.15672740657075,20.98690360213218,13.071571217178931
46.181399094111725,111.06523176311897,95.90591115201423,107.65551567063133,21.600442092615403,12.357713352582163
46.2313789632612,110.94011189726609,95.55471561242449,108.69529873981698,21.333256156835006,13.4487125798935
46.28135883241067,110.78745056276775,96.15910231688146,109.0751121457758,21.215282769254447,13.266009502320694
46.33133870156014,111.77972599436477,96.62944724928248,109.62876528537154,21.386655557416674,13.106635756512118
46.38131857070962,112.80395530198642,98.0715418533246,111.60816536967151,21.373436551802236,13.668593035055679
46.431298439859084,112.31951289071347,97.50796507976924,110.82370894568936,21.230223033470907,13.401449516820888
46.48127830900856,111.96304443006218,95.97240720973916,109.33094637522883,21.957405709760817,13.673752107065669
46.531258178158026,112.61283447093884,96.16356534398344,108.54553029881518,22.423020568398407,12.683024625357524
46.5812380473075,113.29105609958849,95.68126000738415,109.06007263357559,22.07957723063096,13.5836047985291
46.63121791645697,112.71449045922621,96.21291681734317,108.35534463117892,20.73331577211121,12.454305676880034
46.68119778560644,112.32604141809388,95.7536199064303,108.76510024900696,21.547496052988492,13.092920002679822
46.73117765475592,112.54122980221581,95.21096133037298,109.43663097769765,21.845562659520674,14.67634972565662
46.781157523905385,111.64885988265932,93.77416121284726,107.96311306033654,21.316159568789104,14.628250955904633
46.83113739305486,110.91414007478369,93.57863880658071,100.8341703741847,20.805947307008406,8.227744010119663
46.88111726220433,111.7505827064315,94.03906467661406,107.73256867831569,21.212106926489657,14.394162568320173
46.931097131353795,110.45967209493986,92.42384815388355,107.1146179265061,21.856508133149095,15.551083135276967
46.98107700050328,110.79925969755514,93.14206081665114,106.85072382133342,21.936813403062725,14.129167336983185
47.031056869652744,111.48040167184364,94.40303398221559,107.31998806716904,21.37074456452672,13.690027115337331
47.08103673880222,112.92083308582457,95.33047954399682,108.94044252002894,21.54773073602546,13.887122176821421
47.131016607951686,113.97683742761896,97.49058002691895,110.3545752340958,21.228633665448022,13.800859048259037
47.18099647710116,114.16083369873718,97.60542191039619,111.35259962180052,20.958691192449336,14.532537042061564
47.23097634625063,113.39136970562859,95.65520308084554,110.97521912945778,21.332263715304407,15.940772427288765
47.2809562154001,113.0071041391856,96.00872046563356,110.52863846550508,21.361869629681614,15.17204011192441
47.33093608454958,113.29453250588733,96.68095142536103,111.1819277397347,20.652878823133666,15.10871384225763
47.380915953699045,114.1991032311713,96.78321142314842,112.79230632623661,20.983206955941352,16.588911845233017
47.43089582284852,113.3275387402902,96.57143923559569,112.29410942039048,21.04488576975786,16.311723549838174
47.48087569199799,114.1568875433337,96.7567029183882,112.79680345827906,21.33563270918032,16.547962003105166
47.530855561147455,114.3259201631453,96.12130641234901,112.00180617223856,21.352292580050825,16.078578943455867
47.58083543029693,114.8899274204037,97.43755652930305,112.26484323376253,21.023047639687864,15.108730570889492
47.630815299446404,114.52341082406716,97.16500443136405,112.18894260469891,20.835668787514088,15.276398576899119
47.68079516859588,114.75601790596177,95.53479435061905,112.24819139462794,21.930487738193438,16.786118489274823
47.730775037745346,114.14595016792919,94.49117699996523,111.33597177594292,22.17556547589662,17.078658326015482
47.78075490689481,114.3838418171012,95.17866685750684,111.2233630047275,21.783259411009904,16.272612204132816
47.83073477604429,113.76821321422679,95.69572670524506,111.0618294220146,21.185771754381438,15.7666038561576
47.880714645193756,112.83414169325943,95.12254156869778,109.76004718995597,20.725075107257286,15.051185216466315
47.93069451434324,112.80706475911055,94.16610691585595,110.5746907871465,21.030331688352476,16.738816741736276
47.980674383492705,113.07373067194382,94.22644256880162,110.97146392897378,21.11740426290117,17.133381265348305
48.03065425264218,112.207764760521,92.01141974993001,110.03372663666973,21.521831903238464,18.83770126133991
48.08063412179165,111.99795342361638,92.26075796935275,108.9085028486772,21.06368555447386,17.36399178419243
48.130613990941114,113.12339335720533,92.22935194784336,110.36552264975147,22.35302973925618,18.701142492862125
48.18059386009059,112.51509657565191,92.15016467855449,109.13094606058513,21.409610310303275,17.53440538603422
48.230573729240064,112.09757105883578,91.4586784877013,109.50708887984486,21.985042596949828,19.21720318771649
48.28055359838954,112.44938058207664,92.42121763660845,110.1763655042703,21.216656595555072,18.34777449140311
48.330533467539006,112.99468531929845,92.79271146739308,110.42637639174725,21.340752374582625,18.14973049859016
48.38051333668847,112.73131233426054,93.16767028773137,109.461247875882,20.915069695167112,16.696567792930768
48.43049320583795,112.56969688305095,92.8189616035015,110.27621921550192,21.022140308179523,18.32703371181066
48.480473074987415,111.9797563624749,91.74166128378425,109.931061273694,21.613675325374153,18.929028822936807
48.5304529441369,112.93528878354473,92.23512561626993,105.65898139747597,22.105285545070643,13.485389765456382
48.580432813286365,113.27736918367262,94.05280085945178,105.19980984105122,21.042610987993893,11.427947778946004
48.63041268243583,113.07159171957072,94.11322038833426,104.88846877777527,21.293516607730275,10.858449918931505
48.68039255158531,114.03929818566884,94.74060867701381,105.64213234861697,21.84360037984115,10.941406802291194
48.730372420734774,114.20806688230616,94.6103417549597,111.37929519428174,21.547847327047606,18.50809213315591
48.78035228988425,113.62596811724336,94.66844791061055,110.96857925580736,21.31099050277378,17.745109381783227
48.830332159033716,114.40369270458773,95.4772373295443,110.8402349372014,21.45096290139139,16.66314415680475
48.8803120281832,115.63601579622195,97.24488450953004,111.58963641095701,21.217631549700727,16.316256077898363
48.930291897332665,116.2858053887378,97.94300022783045,110.82873515410986,21.25904079099682,15.60367541157564
48.98027176648213,116.43681697532611,98.08746809714054,112.88298005006186,21.168128652559133,16.82029184348922
49.03025163563161,116.40199016513188,97.79211839309426,107.34196657534963,21.50323708912309,9.799260952453633
49.080231504781075,116.18273533451702,96.82540652838468,108.3706915048942,22.12709819556514,11.768866161810452
49.13021137393055,115.88192140382824,96.26080800393159,108.37428752072292,21.916915817166018,12.156454581101313
49.180191243080024,116.32452850433897,96.97872313023565,108.46278523290783,21.628199629737495,11.669842354728479
49.23017111222949,116.42396491186182,96.7922810250607,108.6232385807118,21.560487235797034,11.9107945440937
49.280150981378966,115.21834879309898,95.51211752199274,107.34041399453943,21.736985620335442,12.011384316401607
49.330130850528434,115.70502919038115,96.40075816117199,107.88988560141162,21.82508188592035,11.910380690962349
49.38011071967791,115.69195667834825,96.07563972339001,107.92296796203875,21.55633531329653,12.324490642809973
49.430090588827376,115.22334785304602,95.72113784935095,114.28901668102603,21.527522501865548,19.163572521619198
49.48007045797685,114.81015773668256,95.18850818128745,113.19861791833344,21.62210661139925,19.280584117119425
49.530050327126325,114.89271911120936,94.54961094338472,112.62494853086349,21.842585080674304,18.73432985197071
49.58003019627579,115.46066331634033,94.81620954454998,112.52618201699437,22.177080554754006,18.698970969031436
49.63001006542527,114.92632815473878,94.82658449341027,111.80016821935669,21.69436161921097,18.009385008040283
49.679989934574735,116.46640087482274,95.72716457255152,112.16955716027249,21.864677825469403,17.070221074826094
49.7299698037242,117.03966223827615,96.08123255392945,112.68372420100094,22.009833253890687,17.100320229229634
49.779949672873684,117.52902431299675,96.40746117306094,113.32145561929514,22.15923586083123,17.36118125785728
49.82992954202315,116.37041762983571,95.85765858492059,112.7019196471927,21.852443057375652,17.4291053676247
49.879909411172626,117.30532542802386,96.75710839685493,113.30430163281838,22.131352650434998,16.803591805937156
49.929889280322094,116.65852712335244,96.54928119161396,112.3284608838605,21.873440031158445,16.108108958797448
49.97986914947157,115.34095618661267,94.74416996193617,104.45676734064247,22.17587767555894,10.813942289133667
50.029849018621036,115.56662667123054,95.26682160146255,105.97189999276027,21.817499674621775,11.828844996387236
50.0798288877705,115.25415416437077,94.77280087674775,106.37015302341891,22.18244198157867,12.186779805201283
50.129808756919985,115.97367451101228,96.10965920487457,106.0259049499189,21.55446990847144,10.299053875318112
50.17978862606945,115.52189143314529,94.87292830643817,110.94121875519649,21.788495362609382,16.498180135489164
50.22976849521893,115.29693970863141,94.95632689356947,109.99336993543555,21.632083126120303,15.900686544842639
50.279748364368395,116.65171822066023,96.471637879519,111.5110769547601,21.84727722383474,15.55926507838823
50.32972823351786,116.84335272573583,96.34624207057689,112.14088159130993,22.113277857875648,16.608828130454395
50.37970810266734,117.65801989235337,97.17899609616917,113.2156799953752,21.991191871366198,17.19501483538217
50.42968797181681,117.65092956015884,98.10416495319154,114.21143011854103,21.939843991877982,16.945440726252514
50.479667840966286,116.8489085877749,97.43878539881905,112.43927299224025,22.28302810670055,16.42847604577804
50.52964771011575,117.64790885141755,98.10988090559174,113.23025245070872,22.08462814461976,15.937708288403606
50.57962757926522,117.2218373163526,97.33141836984137,112.57788776324861,22.17330158540809,15.68115123087122
50.629607448414696,116.64307546505349,97.87254692950417,112.19168759928114,21.33146801932544,14.595769232775668
50.67958731756416,117.16430808435882,97.80335071998036,111.9707938745344,21.563337462924558,14.442997538190914
50.729567186713645,118.01895038281053,98.64221769149572,111.51564713388274,21.533382508241655,13.377171211189511
50.77954705586311,119.03639503457234,100.52428464791925,112.83341558026832,20.420317841438877,12.826580417485193
50.82952692501259,118.58968608763676,100.45575079856586,111.84417607693815,19.984735016095588,11.555784973818437
50.879506794162054,118.43681834696947,100.48104427122513,111.5060030060516,19.79414526284798,11.150030696237907
50.92948666331152,118.63187933700536,99.58647351752077,112.46350135994258,20.81867697501637,13.300524308790328
50.979466532461,118.44044577657627,99.2362034784179,110.80021953861466,20.848378549243495,12.018944865803425
51.02944640161047,118.55879695927932,98.47724710754066,112.19875597378937,21.6721139505966,14.19175619091769
51.079426270759946,118.14767604912593,97.48980134944105,111.21815058200865,22.216910516784246,14.635692358301856
51.12940613990941,117.4597087395054,96.8353995232768,109.94869469882724,21.859044840654274,13.32902201405944
51.17938600905888,116.51535724102794,95.13632942106796,108.73451599568212,22.094628047888456,13.927872155683426
51.229365878208355,116.45427179888686,95.30999458939029,107.84872853122472,21.84340841785822,13.271735887664011
51.27934574735782,118.11111077875712,97.57570092512267,108.98346843268607,21.265611575886286,12.092529873931976
51.3293256165073,118.6562098939683,97.55316564143438,108.60389070712553,21.68745948013345,11.964465111455088
51.37930548565677,118.62475049960995,97.99948868415068,108.99310570195154,21.134884884680606,12.29727173013515
51.42928535480625,117.79421288892094,96.56640357356098,107.8327226498532,21.455023491746044,11.852082721421663
51.479265223955714,117.36530789579237,95.99935095694295,108.46335127060809,21.919224023233888,14.037626232619974
51.52924509310518,117.78923880256706,96.54211118351327,108.89480412817038,22.357690481495297,13.178422868255316
51.579224962254656,117.21156151217743,96.62411323558308,106.99841948988283,21.827297511290332,10.990350436821952
51.629204831404124,116.82417682139429,96.74220764802392,107.29265226407495,21.89543399193535,10.875389399218824
51.679184700553606,117.16722474234653,96.91951172360899,108.3919901497236,21.739127142794366,11.674117991889137
51.72916456970307,116.18728487652767,95.76674789307035,107.15324343970059,21.89201318991909,11.635305097239161
51.77914443885254,116.04976820736016,96.16081929065983,107.01196274923976,21.858703221353196,10.888754204294866
51.829124308002015,116.22934848860102,96.24197011930676,106.82062382760377,21.885527681994414,10.602399226004191
51.87910417715148,115.73669208874401,95.30259707187263,106.97127479464909,22.197327196836035,11.756988502354163
51.92908404630096,115.44995374592841,95.45567739565774,106.31711140423496,22.20128605031599,11.143740363938432
51.97906391545043,114.44261446403473,94.54957216737564,105.13465227069454,22.105304133491604,10.75018396448021
52.0290437845999,114.791870489705,94.4703164215649,104.3943409543698,22.735874540934198,10.26900245752409
52.079023653749374,115.41609720081857,95.4958394513287,105.57111080200093,21.865150340953974,10.629847206632189
52.12900352289884,114.73840979257785,94.08991157443796,105.07886661561757,22.03282966518497,11.504244834878678
52.178983392048316,114.6604859784505,94.0486525918707,104.54008018467596,22.2950083932538,10.79202013277326
52.228963261197784,114.68168666949474,94.40513962483767,105.82622548765616,22.29350714225688,11.683852482568764
52.278943130347265,114.57818686991932,94.60676270185351,105.19062553993875,22.39002372986664,10.998283903397107
52.32892299949673,115.34016954931587,94.57721176794752,105.20793236035503,22.459956796791,11.109407165734497
52.3789028686462,117.06423832424922,95.99888888979096,106.7942444938601,22.39610106060521,11.738382831039225
52.428882737795675,116.27824450379725,95.18379748936334,103.70833268923842,22.37926126100277,9.667099623591236
52.47886260694514,117.05364755913017,96.53478332627714,104.65141701752766,22.56532024408599,10.016143782435977
52.52884247609462,117.072768581587,96.61716244982914,104.54875319399021,22.329075483806346,9.558139026706636
52.578822345244085,116.09786359059017,95.80734340679892,104.56399466333217,22.643501686161585,10.538887061783091
52.62880221439356,116.12068211646557,97.13837539521296,105.54241067143937,21.761238891913305,10.01211305647836
52.678782083543034,115.52730378744093,96.97434044307234,105.74028527945097,22.11816499002882,11.040605046896703
52.7287619526925,115.17704614330567,96.58586470154478,104.73766980576596,21.960128063075818,11.359577756731744
52.778741821841976,115.66347378410329,96.05650621760051,105.17643479207055,22.26313693626329,9.85672325309666
52.82872169099144,115.77044169782508,95.56876423931713,106.90858840545232,22.717612584685234,12.800774173155043
52.87870156014091,116.86865763049916,97.7610525961277,106.5397804093614,21.826981314030085,10.819025076313574
52.92868142929039,116.07249996096344,96.90969700532635,105.23285609107772,21.9883481343468,10.674353128410788
52.97866129843986,116.11874702739468,96.76782268202255,104.8486581616984,22.36275974558294,10.614085871446358
53.028641167589335,116.44837874806227,96.99675565978706,105.78161554765201,22.34130538391987,11.35295826008957
53.0786210367388,117.49413452807808,97.57579277036666,105.55609181661096,21.839508003846532,10.417437873899566
53.12860090588827,118.48555142378228,98.12691844745954,107.17649816927269,22.242041860473996,10.179643848886307
53.178580775037744,118.1808367548494,98.00424293608339,107.29362568103274,22.33669344714774,11.369544507672682
53.22856064418722,117.40366103635861,96.93665571314189,106.78296144348054,22.462393182292065,11.596228153083361
53.278540513336694,116.62728217909498,95.98494014521897,105.23303792400988,22.48398317220809,10.387076542057153
53.32852038248616,117.92474255820441,98.24873005982771,106.89572161979157,21.968798278276406,10.653854039135776
53.378500251635636,118.40924300296794,98.35262774456947,108.08989514908075,22.166803941305492,11.278463118712734
53.4284801207851,119.28466513119136,98.20474688663516,108.63867315024137,22.800367249920704,12.049266309638789
53.47845998993457,119.49682079505989,98.30573415477453,108.03413199456764,22.512256998027503,11.39093099312659
53.52843985908405,117.4380025283527,97.23485403565046,106.3950936082199,22.317583158558207,11.42899131405626
53.57841972823352,116.43660882154208,96.3647525332896,104.29004509498732,22.184143268510102,11.250011884379616
53.628399597382995,116.61907796507158,96.05948696043112,104.32115467657981,22.277572044355097,11.300981279381752
53.67837946653246,115.96805657391606,96.19687983005059,105.02230738483593,22.11339776383299,12.130223457527645
53.72835933568193,116.75492010608338,97.02531662336636,105.53039319948005,22.53867078394399,12.661672138300736
53.778339204831404,116.40810817974,96.34155557402794,106.09420601666304,22.41477084477309,12.699683373502571
53.82831907398087,115.19099766662018,94.86780025599548,104.0234221932993,22.205376346641955,11.170964768385621
53.87829894313035,116.27448777835296,96.36291862244285,105.55856310997297,21.85750060012549,11.900379753105096
53.92827881227982,117.09388395651364,97.40239641944451,106.41696298072705,22.264534291019995,11.832604617273576
53.97825868142929,118.0547874761393,98.99926339020703,106.82503982758017,21.67243430248114,10.910246893642578
54.02823855057876,118.36098817845273,99.68630660508198,107.38805776957265,21.487958728078365,14.486423818611339
54.07821841972823,118.78839322460774,99.45486538565063,107.57772354518126,21.514199562118243,13.557578297340005
54.128198288877705,119.36030449286329,99.86373692378773,108.18908603617959,21.71652317914792,10.1776722135966
54.17817815802718,117.68693061765948,98.10286630320017,107.32691929975473,22.28887864630709,11.1517184327472
54.228158027176654,117.47507597868265,97.67759905968445,105.81885158187553,22.314568493574907,10.446886203383988
54.27813789632612,118.37831437876896,99.1971566225303,105.97336419258517,21.89344881865193,10.573692439103857
54.32811776547559,118.83472061519899,99.12428397566508,107.02106425831983,22.06741790839303,10.67040635608303
54.378097634625064,119.81452750027626,100.760929631058,108.90585283735994,21.757646007329974,11.445113472299733
54.42807750377453,120.64740330976123,102.43129378386828,109.15230037665775,21.904452260583987,11.62026231969408
54.47805737292401,121.70349937562611,103.86403884876124,109.65249382650673,21.594542340413316,10.764260938814704
54.52803724207348,121.3629715521356,103.75789339107844,113.87500763895092,22.505374785393247,19.15221134936934
54.57801711122295,121.83418798325248,102.90917025588212,113.64073955682447,22.980251077260487,18.146177124916495
54.62799698037242,123.953357272577,105.7476258104811,116.88192994862582,22.740759658527672,18.796931867198865
54.67797684952189,124.93358685322379,106.33050022678015,117.67420904532098,22.736288009076823,18.082219684552697
54.727956718671365,126.426424549142,106.95329406207988,120.4670446163809,23.17524300577992,19.46770301302148
54.77793658782084,127.48729335023984,108.19084834346705,115.50081151794846,22.657745547379957,10.737350659547047
54.82791645697031,126.64085393923655,107.4501560876717,113.79973621500625,22.759159800582836,10.373230590847783
54.87789632611978,126.98167739165693,108.73457072574789,113.88320068011792,22.198297494792218,9.66224584478513
54.92787619526925,126.93838808863964,108.65528190147384,115.79526139949337,22.37148436684597,11.400724555937037
54.977856064418724,126.89655991660527,108.35873393214862,115.1543399950846,22.28963493213055,10.592312015473631
55.02783593356819,127.33273396245552,108.83641530065547,115.93397107356093,22.2599528761166,10.161209876772814
55.077815802717666,126.0526622018733,107.38961656830719,115.15768479910614,22.432394256218,10.532561850230007
55.12779567186714,126.84079967834941,107.93447203429025,116.3760206083887,22.6185579905803,14.64714903436737
55.17777554101661,127.75105431055341,108.40531085627765,116.62776465185124,22.706871245138487,10.542305127225717
55.22775541016608,127.70371200485786,108.3645056017448,117.6160398055917,22.25215867542756,10.875550671414501
55.27773527931555,126.99406402006541,107.09260787773148,117.1636564024327,22.598466294462416,14.53639940233131
55.327715148465025,127.12550559923228,107.32556292571348,117.89863186435986,22.037844890760752,14.115930607582884
55.37769501761449,106.74815268745533,108.62511838883856,119.28573604741395,106.60686363159726,13.259278830347808
55.42767488676397,105.39788207296611,108.486591070874,119.18183111632807,105.62942652750425,13.727169497805768
55.47765475591344,104.68630897439151,107.8222779651058,119.59910594673138,106.39932290843026,13.770284051661827
55.52763462506291,105.16085481481774,108.24040644315872,119.46915530419412,105.57878890733885,13.813191057364753
55.57761449421238,105.9308493167122,109.51974363597922,120.34727553752289,105.53889855038418,13.752911951459161
55.62759436336185,127.33217219177233,108.55250910315613,120.26896832134868,21.510746081294553,13.74031977066623
55.67757423251132,125.4500927092696,107.64767464619773,118.09683977917229,21.299708087734853,13.896148457041514
55.7275541016608,125.31972389822631,107.00291561406159,117.19775530007331,21.293548514574397,13.252108375821264
55.77753397081027,125.24888165792474,106.48051743121015,117.45848491972382,21.915499599302674,14.108376641030784
55.82751383995974,124.33401728070854,104.98934200982839,116.32934485956841,22.242317484385286,14.393577295328562
55.87749370910921,124.80340424038756,105.43010791169262,117.6395434929552,22.554215574198363,15.125186871126308
55.927473578258684,123.99634106736647,104.71524015141608,117.2315512246274,22.809879004411204,14.684961897510993
55.97745344740815,123.8620356175739,103.50680752344033,117.05951255068598,22.768260690094788,15.16261542025138
56.02743331655763,102.57197776867099,105.0237577116358,117.68210570170513,105.980046877848,14.086813626191185
56.0774131857071,102.46800884208571,106.88938823199013,119.78281378994086,105.74859264738653,14.715366506130978
56.12739305485657,103.5981646545261,106.6201998405737,121.11069508826942,105.65040752585604,16.286137547239264
56.17737292400604,105.31679936162959,109.14991652274259,122.03349959113496,105.3579391751266,15.12468655540307
56.22735279315551,106.41692289962526,108.72393522113562,122.6623858971516,106.13244269534059,15.91829569691081
56.27733266230498,105.45710850409046,107.9349422790363,120.00193715248714,105.79644509481743,14.719601303287252
56.32731253145445,105.42918984577648,108.5541551860062,110.41712063168728,106.37112777610417,13.077504319022982
56.37729240060393,105.03818159364263,109.16483608183883,110.70213853528989,106.22750012517758,13.526340614481082
56.4272722697534,106.25081116805335,109.14823936852265,111.74260636095022,106.08861393721973,13.413054539686934
56.47725213890287,104.7691051592221,109.47230579504823,113.03242852684662,104.83064861969854,14.599253182496366
56.52723200805234,105.88869612721685,108.84953123549289,113.58007475898792,105.78936425945966,13.638325867350513
56.57721187720181,105.05175505808155,109.70259375669517,112.75538958175649,105.5618177125796,13.894825072096685
56.62719174635128,104.41142093121714,109.73827026823646,113.00278185281746,104.9160195980149,14.003133089605408
56.67717161550076,105.04718094180413,109.95310173391691,114.14466070031746,105.56032813794276,14.57352189950945
56.72715148465023,105.1808022296927,110.03123716644998,112.90357826690509,104.99825189390491,13.56119392795577
56.7771313537997,104.77946719116076,109.9642297271541,112.14433477112611,104.96603233856796,14.080872802779384
56.82711122294917,104.48454791478292,110.2613447644889,111.71302603333584,104.87624212810896,15.132769588934167
56.87709109209864,105.00316165209883,111.04389533256588,112.99124091583772,104.31204291307469,15.331613521422012
56.92707096124811,104.51784027484045,110.23752955279099,112.1780581369572,104.50246508218667,15.144986076660258
56.97705083039759,104.66962272238743,109.7785572371017,113.12492630988618,105.5081625247698,13.401499288571866
57.02703069954706,104.498313351247,109.6517365469375,113.29226529938983,105.92390969312402,13.586190928519038
57.07701056869653,105.23689361235685,110.3825071594991,113.99212315078607,105.93178139707389,13.350531785200573
57.126990437846,104.57696291580216,109.25199751581759,112.0386562898489,104.8044590513831,13.69800540885987
57.17697030699547,104.80658438876699,109.99830548549966,111.47927688738099,105.05406494661419,14.352061714995287
57.22695017614494,105.77961495435214,110.70222438439022,112.92898144296065,105.35417636887304,13.997279330091928
57.27693004529442,105.12948944124373,110.21661180902476,111.11892758532758,104.80799978431577,14.027768400803284
57.32690991444389,104.41290537404197,110.06310521402993,111.18458376738326,105.5002780386025,13.751740497494103
57.376889783593356,104.81206732907887,111.2763614643684,112.55414062250762,105.60563542831942,13.3054781278089
57.42686965274283,104.72623532487195,111.82135090864706,113.39796470413262,105.62422300755509,13.87865326993991
57.4768495218923,103.57642776116346,111.93371343155853,113.84117435449737,105.2200108319062,13.95493052254129
57.52682939104177,102.63091047569829,111.67587813116785,113.80017442549043,104.17617558429626,14.686042938337177
57.57680926019124,103.01462641302113,111.96485092890575,113.7235600986507,104.72329616571048,14.548163663392005
57.62678912934072,102.3986087205657,110.77383144616839,113.89613139813824,104.39941154486921,15.211728915055525
57.67676899849019,102.08693029576742,111.54682955219046,112.24268237833839,103.98193265315068,15.818656871517911
57.72674886763966,101.82382565139633,111.53736479572362,111.68434155859698,104.2227773072534,16.85516071816427
57.77672873678913,101.96287593641523,112.00403702929914,113.95244564764442,103.35693386829617,17.21047576126878
57.8267086059386,103.18886200882031,111.55609826991999,111.93791735130958,103.30098271606371,17.72417541173652
57.87668847508807,101.86322567832369,111.28129146975058,110.32105323492836,103.89556758018473,18.149892404910005
57.92666834423755,101.87424390569313,110.10428623290544,108.65224173309586,103.77167995043294,18.01268426345077
57.976648213387016,101.54721234259074,109.9382562540499,108.6713807555985,103.80409413986469,17.970251360428207
58.02662808253649,101.44059124457004,112.20660332068397,110.14032477564461,103.80826835471679,18.014018643311992
58.07660795168596,99.72297892562926,110.68615176612983,118.74459206853739,104.18935335392204,13.296321690441916
58.12658782083543,100.91870338114738,110.29328729392978,109.74518354870304,104.18917128764211,17.525164159178694
58.1765676899849,101.33253424665668,110.72161949908018,110.48791706271872,105.04290216337503,16.164966963045483
58.226547559134374,101.89442523866056,111.70418583240551,112.80268414263753,104.77747757189256,17.09491346816285
58.27652742828385,101.83563178703837,112.48805575796975,111.87181479450732,104.95634542052177,17.23625863223676
58.32650729743332,102.40055328528292,113.52030982206543,112.50772112073639,104.80154047719307,17.989383304976208
58.37648716658279,102.71479073264568,113.6378810720868,112.82428600706344,104.71564759921729,16.80949899435364
58.42646703573226,103.9451794948438,113.56064608350587,112.34002245252522,105.01678510143074,17.645071030187705
58.47644690488173,104.0280969233846,112.81932973795931,112.64440506978583,104.72436951920815,17.910897455258247
58.52642677403121,104.2660426433226,114.20024034952503,113.28522731507768,104.38170353395047,19.011430947718576
58.576406643180675,103.41184603686169,114.03395080689269,123.23577409559036,104.17430043093732,14.083388775099717
58.62638651233015,103.69374460507998,113.85222100518101,115.53767394624931,103.76424937756988,20.002685134732765
58.67636638147962,104.33201131155603,114.5443596386845,123.61081072502142,104.25931335380065,15.241672804831452
58.72634625062909,104.7187317370289,116.08215355456315,125.26785957746456,104.53476884058486,15.308127770156316
58.77632611977856,104.93289128125849,114.92483649916839,123.70918971578682,104.33105359981847,14.718381911693825
58.826305988928034,105.3657549501258,116.01846379301902,124.14221175243637,104.91050457999145,13.872683074612906
58.87628585807751,106.83236662740187,117.59407185778271,117.79720643231163,104.92599125407796,17.607504981915532
58.926265727226976,105.27371066816524,116.79018895670455,115.18587369648661,103.87993952247369,19.163122649070452
58.97624559637645,104.994215272306,116.98849204931683,116.36397326645705,104.17386529575411,19.068846927076464
59.02622546552592,104.86011010246304,116.37413654669714,115.54514883758605,104.71079771379392,18.817101202102226
59.076205334675386,105.8210512977593,117.67611291976785,116.87886307655047,105.45043576581976,17.79919944821693
59.12618520382486,105.7514115250926,117.13484315388183,124.9786742671978,104.53517512058305,14.10788169830583
59.176165072974335,105.92825342243981,117.83222966008353,123.86039131031748,104.54268585251447,13.806557662238767
59.22614494212381,105.13079069259247,117.77670162414614,122.69286063370797,104.66387401131576,13.074093986411036
59.27612481127328,105.98702640461296,117.06075124757484,115.2417902576499,104.131523862217,20.59868461988092
59.32610468042275,105.55787752255432,115.95997509623564,113.10989243311538,104.42259822991254,19.531554343058914
59.37608454957222,105.83264749700363,116.48180183800534,113.9901428722844,103.63176241926239,20.87751294273165
59.42606441872169,105.98101661518186,116.06218466565052,111.14256176984016,103.723930773522,20.64911091309676
59.47604428787117,107.55332719138173,116.10920490489622,112.29842740294679,103.42317920269639,21.150365067614644
59.526024157020636,107.03754378138862,114.96083777677104,111.88360900597222,102.84031135797328,19.940367105922068
59.57600402617011,129.15842792127344,113.48260644786572,111.41240220955532,23.04454487912654,18.563792793532123
59.62598389531958,108.39063779714171,113.78992697705641,111.02500757277774,102.46930026391998,20.564878171775103
59.675963764469046,128.83815876539498,113.2154584126827,118.20992730933338,22.479533651581768,15.155226326048938
59.72594363361852,129.30905903938364,113.7945679237084,108.71144751044622,23.064872870501762,21.28939925505741
59.775923502767995,128.99591872550002,113.32605700265215,108.75918418576194,22.998895270675895,20.33341670146586
59.82590337191747,129.85941560328698,113.81481427325706,110.72759389652877,23.338789956395438,20.53439450344841
59.87588324106694,130.49502319128942,115.08148641214545,109.8269070495408,23.170931521021846,20.772649381598963
59.925863110216405,109.52711354008763,116.15993677010475,111.05470248090832,102.14342210069313,20.492298662337003
59.97584297936588,109.14874931287584,115.97868862917858,111.83964790492206,102.27868801341585,21.475006561773508
60.02582284851535,109.61238938944493,117.58215049498365,111.13834002564931,102.28480941247432,22.22757717643975
60.07580271766483,109.45249479097637,119.12230045740569,112.42282811463569,102.1195962250502,22.547187174061488
60.125782586814296,109.51009078845712,118.63927440512946,111.09348177547315,102.5832805711049,21.66638279933998
60.17576245596377,110.47484848555447,119.48824309061868,110.87781530778024,102.54860574442465,21.811206600237988
60.22574232511324,111.41094506375669,118.83648313846656,111.29494240811111,102.36941791391861,20.699301817425795
60.275722194262706,131.33674704055764,117.68899460003315,110.81999242086728,22.85402370751559,21.59108223786053
60.32570206341218,131.3114855024725,118.02373042727274,109.79401329501349,22.699331647260777,21.38779967686201
60.37568193256165,131.44250088035892,117.71571703353698,109.77133726952074,22.871686741885586,20.149700463956616
60.42566180171113,131.8234604645065,115.97287147132852,109.82082289829775,22.83657713565991,19.81898354489847
60.4756416708606,131.9976851424999,116.17621194130068,109.62360566568165,22.97054976363211,19.474993901735925
60.525621540010064,131.31741925174467,117.42216149440394,110.78151253995904,23.31768595634362,22.468037997438515
60.57560140915954,131.68428534952892,118.0696522305965,109.6870575914222,22.751906883963308,21.801457706815622
60.62558127830901,131.3329234859935,118.88612817414085,109.38807126714737,22.483554561156087,22.371332666136258
60.67556114745848,131.73394130582764,119.10938451615141,109.29260667628196,22.590481511289816,22.08921280202854
60.725541016607956,130.59456751144955,117.81366255748206,108.32469094145142,23.038277713878784,22.132716260386506
60.77552088575742,131.12109590669573,119.1346530478863,109.65617969331528,22.99995229047303,23.362236839687384
60.8255007549069,131.88637919370476,119.07221290432798,110.37964664910497,22.81724211949925,22.61005379211674
60.875480624056365,132.26388401248295,118.06938876804092,110.45920914503165,22.90050523978845,24.35237464671305
60.92546049320584,132.6020321292628,117.98385078298206,110.09799183616155,22.841760550851113,22.595629944207065
60.97544036235531,132.55165917587038,118.85376448929736,110.6516322787127,22.670250578223175,22.757272337945075
61.02542023150479,132.08659232437873,117.98469804310461,110.46261264911291,23.57811827943285,21.475530777795925
61.07540010065426,132.62437678509363,119.46468390319514,111.35099081448982,22.687073122472036,21.251903011007503
61.125379969803724,132.49986375818497,119.18295641492341,112.29120649594513,22.784410486275217,20.967027673223054
61.1753598389532,133.23153865648746,120.871219020002,113.2408707718317,22.861219022897355,22.258187609096897
61.225339708102666,133.73701534901852,121.472316499267,113.69345467777678,22.939548216489253,22.093823222130496
61.27531957725214,133.64986566646564,121.01916799237783,113.45707595837148,22.654058647471444,20.852702201403318
61.325299446401615,132.2112161037126,120.21506913686504,112.97825264496333,22.823987880601504,21.104670757040818
61.37527931555108,132.8280614605874,121.54708954898133,113.9142489895871,22.23532187931269,20.783923113308017
61.42525918470056,132.0948072287693,120.35845064222204,113.58404965025235,21.561754097796555,20.35714673348667
61.475239053850025,131.66266591980536,120.16901110738777,113.61613257369078,21.64695823688343,21.15253497428943
61.5252189229995,130.8721456137076,120.93565023735853,111.55111698421288,21.064896618294078,21.03536685371451
61.57519879214897,130.72375014535686,120.38272056843047,112.77925799996464,20.275777034216695,19.415158189010345
61.625178661298435,130.9337980452521,120.3184520701301,113.16219170702144,20.387634151323507,19.740238285264155
61.675158530447916,130.86326970924983,121.00097577402184,113.13122380785154,20.708097583557986,22.230836364372532
61.725138399597384,131.11652547227328,120.7770446902699,114.22196480508207,20.65493102716255,21.479502811961282
61.77511826874686,129.9325517282536,120.78930346949963,112.9919605182143,20.443669664795017,20.749226630108932
61.825098137896326,129.55900938545034,119.20223162896234,112.05486458102591,21.430471735591716,20.178905793175225
61.8750780070458,128.11158412683008,117.59909700074914,111.28210741561847,21.412236645665562,20.617715411675167
61.92505787619527,128.60193894914153,119.04380446605089,112.54802822850932,21.498226998918753,21.785310875808406
61.97503774534474,129.06689782696364,118.87311727620632,112.36581424161847,21.02528153736769,20.620638448222923
62.02501761449422,130.262595100326,117.82385699400236,113.14704037698623,21.239759789043045,19.709838559468828
62.074997483643685,130.53070289188943,118.81591933601229,113.6427572987249,21.019819072233155,20.26416081652927
62.12497735279316,130.01660022173812,118.9670653914471,113.228374416426,20.495302980715277,20.26872566047803
62.17495722194263,130.05268761608855,119.63503423373234,112.31246351982689,20.451496368656333,20.226907752561587
62.224937091092094,130.70226312474736,119.61734101007963,112.95451395226918,20.86333487139278,20.034012278259944
62.274916960241576,130.51365670237723,119.70631168833643,113.87558056592724,20.555826748580586,20.26256556635104
62.324896829391044,129.8750852038703,118.95650432119197,112.88489793267877,20.349138008116913,19.435591862365676
62.37487669854052,129.8607326616417,119.95758817238801,113.40240471466643,20.350436995351878,20.35668941600807
62.424856567689986,129.98981330707872,121.03995137854955,113.96019434245545,20.71643943178588,21.33107445680581
62.47483643683945,129.58537526371515,120.87952428250688,113.57377487399505,21.52268132779331,21.910269159273838
62.52481630598893,131.29509591460683,122.55859757812108,114.83722850788259,21.912851275495914,21.28203263589441
62.5747961751384,131.1601722746398,123.55844823554331,115.19837833238199,21.756134401073805,21.206386535098165
62.62477604428788,130.34696783440586,123.73267705385763,114.18308996230525,21.612789701075005,21.895138445821974
62.674755913437345,131.397330618329,124.59558590741656,115.96534075040357,22.121743564433512,22.34840335947195
62.72473578258682,132.77159343683144,125.20985625472366,117.14978628079862,22.71154224935669,22.79901145531211
62.77471565173629,132.36449816872755,126.41339010466704,116.60734985904554,22.539545249279747,23.55826432428232
62.824695520885754,133.18714758835847,127.26605887405051,117.27275066122377,22.069947075004425,23.399586832283507
62.87467539003523,131.49908694936605,127.57540226227262,116.7652547574149,21.576904325286613,22.52953657560357
62.9246552591847,131.14585330346407,126.66756086297414,116.6695479901247,21.522278561201,21.80289808535857
62.97463512833418,130.52761229276865,125.30640446941698,115.37308595238875,21.806619745351167,21.822595508647456
63.024614997483646,129.45137896438882,124.05355526277623,114.88550666027045,22.12959507301667,22.383086430470343
63.07459486663311,130.19666026529822,124.12379896310142,115.38549901032354,22.24875451318996,22.03572500676278
63.12457473578259,130.61494419358334,124.79506109957472,116.01734747715109,21.987737544456593,22.43024372242375
63.174554604932055,131.05588846483738,124.6374162073929,116.01290394713668,21.636506286861525,22.080494575824847
63.22453447408154,129.6677791742948,123.75171074760117,115.59942547214372,22.1858488781343,22.40122651484082
63.274514343231004,129.72625969260915,123.26934145375975,114.64752381600088,22.480810452825818,22.336219074354414
63.32449421238047,128.4062301735491,122.08177404718012,112.96506362513186,22.143531318539186,22.668156580467024
63.37447408152995,127.09315761061086,121.29904258785047,111.27164154803012,22.17848212393949,22.345549654428446
63.424453950679414,126.92818034558655,121.78767787695807,111.14674736579629,21.914406833504135,22.580832328861433
63.47443381982889,125.9434286064467,121.14480735184216,110.67615061953622,21.92605773595979,22.348212246866748
63.52441368897836,126.11762795821674,120.8796791991907,111.21023713913614,22.74984574130763,22.93708047485383
63.57439355812784,124.9670044583413,120.71509906677932,110.46993900768106,22.267019179159604,22.848046075941014
63.624373427277305,125.06932892389595,120.19336779102063,110.0361556608301,21.95547941407771,22.76351458126002
63.67435329642677,125.7309819369272,121.16985286279875,111.31974840404573,22.064568376515442,22.536893173151352
63.72433316557625,126.58518724272193,123.28856968392525,110.39430420720271,22.09975809454116,23.542483061459627
63.774313034725715,126.55393145536122,123.84920152636965,110.09553519472965,21.935971001177748,24.82374333405501
63.8242929038752,127.2637675707046,124.43736121047448,111.04515591681783,22.342341101950186,24.466435560799844
63.874272773024664,127.03599314828823,125.60498139408809,111.36157411846068,22.16182132104465,23.889590004951245
63.92425264217413,127.05526707126027,126.07807579230669,110.58798957374006,22.53108313896269,24.962149075059454
63.974232511323606,128.23988912085062,126.91881328927678,110.55002820547071,22.030700199046176,25.05992263947733
64.02421238047307,127.2937953726196,127.06778012037796,109.55997108316913,22.028477457942817,25.29651986982767
64.07419224962254,126.26304482157533,126.14807996055832,108.22270237394392,22.247725992524376,25.931572048762376
64.12417211877202,127.05590249892751,127.00611878836119,109.0431783484426,22.222480840480724,25.956803667541692
64.17415198792149,127.62069459195018,127.71473972633326,109.77354951137788,22.146578020005915,25.4799434515874
64.22413185707096,127.689247059779,129.60571497504873,110.08690474693287,22.546664297779692,26.151221425221294
64.27411172622044,128.05411180035745,129.01415229011036,111.06830329716864,22.625899896601467,25.58357040612797
64.32409159536991,128.1502448484206,127.83655198615696,110.56604120817337,22.008443525923205,25.20084339941091
64.37407146451937,128.43549332418655,127.38613404476497,110.2112426435508,22.412530377562973,25.22186634109065
64.42405133366884,127.62207752541204,126.7311604041599,110.14919119397229,21.77948580801097,24.58722839749789
64.47403120281832,128.1906519401837,126.46674027001421,111.36038743034996,22.089629151821562,24.79310260097793
64.52401107196779,127.53400635927007,127.12251683116224,110.44925483961454,22.31597271007768,25.191989202050912
64.57399094111726,129.5095450335212,129.5898490097416,111.4568264128574,22.636817835887474,25.559754266002276
64.62397081026674,128.55475412649128,129.76792110876684,109.87032876283558,22.747319673273395,27.208650553220068
64.67395067941621,127.89301120877423,129.42724933110208,109.89897087703866,22.668870883945445,26.58558306935613
64.72393054856568,128.493320084218,130.08686589131443,110.55491393627413,22.4748114113082,26.328758627710787
64.77391041771516,129.0115826038221,128.70421095099275,110.57414268950988,21.62456984907739,26.06332775333795
64.82389028686462,129.01011515021312,128.07568571175906,110.80419115872034,21.522110443464342,25.28031699887399
64.87387015601409,129.7718651806831,126.85095065264498,111.01929243516979,21.95015295943197,26.109478890601242
64.92385002516356,128.4742506612335,125.1170443627463,109.79990996544451,22.1707160535475,24.85981480126088
64.97382989431304,127.714735924593,124.64331869882915,109.04805727086216,21.70094380846655,24.592944550058863
65.02380976346251,128.40264988709959,125.61918720985733,109.55979693289656,21.946268572765888,24.74184066365768
65.07378963261198,128.1833358041336,124.72219569411686,109.10865809223833,21.887395860968912,24.678038715050356
65.12376950176146,128.02196425972267,123.44932541732143,107.33423289198578,22.087633115432425,23.673167764442063
65.17374937091093,128.4272165700561,124.32392128122184,107.15074895128332,22.020988948912063,26.04114234194445
65.2237292400604,128.3104811822985,122.95839789334387,107.20583632122398,21.299863945931197,24.61740020154816
65.27370910920986,128.28204279977825,123.06930539801151,107.61130095643702,22.71658945046792,26.05302641168628
65.32368897835933,127.79165897787615,123.34894884515548,107.39691572353887,22.13529121363601,24.468430012746367
65.37366884750881,127.51484161320042,123.83299805782308,106.88622467086316,21.856389602066432,25.07741813407248
65.42364871665828,128.38729991644314,122.59426060723315,107.9167741592171,22.496855646725546,23.956327421744927
65.47362858580776,128.70060886658786,123.28991570135382,108.42390391827058,22.019341618007406,23.41003046604781
65.52360845495723,127.48564526398836,121.60580014517119,107.72243851111992,22.02407821587943,23.018624495293487
65.5735883241067,126.71903536803825,120.50657018475589,106.33566608018415,22.17497738780419,23.192283874525348
65.62356819325616,126.67138540709655,120.16481794918091,108.55431895286962,22.622598529694347,22.561092367844754
65.67354806240563,125.87285787675172,120.15512732634696,107.8599885696279,22.28793458881362,23.24763953340645
65.72352793155511,124.7996334108267,120.16311030368759,106.80065920344482,21.740257219230056,22.297147032972678
65.77350780070458,125.42245833456704,120.00258578726512,107.48697866275863,22.622803813628547,22.217477586443078
65.82348766985406,124.38542386008757,120.41263439792432,107.09748742988731,22.259889026827953,22.102195187697358
65.87346753900353,125.23030708255,121.3464189434562,108.39166835335968,22.025195160131762,21.311884606791164
65.923447408153,125.25180977075682,120.46151012702347,108.10341163329723,22.599740436659374,22.24368595301702
65.97342727730248,124.81394336213602,120.62776559316042,108.78119604425416,22.542481964209017,22.160721910547082
66.02340714645194,124.00028764874565,119.65714434260924,106.91827607243911,22.362194024198708,23.390928961423594
66.07338701560141,125.32708937332013,120.60333857832647,108.64564891679984,23.013178084946784,22.889107266371852
66.12336688475088,125.29142667782662,121.46095589842632,108.37387307192536,22.79576490166964,23.696492975280957
66.17334675390035,125.00007268525557,121.49544123575417,108.23262326815697,22.542370733919856,23.095981884297185
66.22332662304983,126.19785840503923,120.70604273986011,109.52940389704106,22.56184055534107,22.57384533069299
66.2733064921993,126.23350028807398,120.21940307762162,108.29635419404353,21.793521009565982,21.66440489084331
66.32328636134876,125.76265446476324,119.8406946940859,107.59989295604981,21.29673699123216,21.35691391806612
66.37326623049823,126.546373964838,120.98566287672551,109.17552296457235,21.067014363139975,20.609373111545203
66.4232460996477,126.97571219922271,120.3320967125025,108.78230989770951,20.90853839879462,19.274029253540455
66.4732259687972,127.33853216231407,119.26980939289393,110.31781106279254,20.941845555533742,19.805425684490267
66.52320583794666,127.52750603687441,119.67811609457954,109.22588198951877,20.78404060448019,19.793841483173193
66.57318570709613,127.04011510063786,119.62225063660617,108.82391503467377,21.58507475186248,21.241495748738256
66.6231655762456,126.62214386589753,119.79186839929358,109.19275168768519,21.71124100736564,21.149514975891364
66.67314544539508,127.21926718692607,119.27390475883915,108.71989977880601,21.579384825108185,20.611554357830524
66.72312531454455,126.40099355581204,117.71571494178873,108.32634398553172,22.066094010896517,20.60024604065909
66.77310518369401,125.6555850919984,116.32660212673679,107.57116628696326,21.536603351463082,19.869854566315524
66.82308505284348,125.2657311033954,114.05233393432313,107.18596020877943,21.734100260985905,19.55720529385129
66.87306492199295,123.98044196979511,112.67821552397362,106.28417888988045,22.010722519530965,19.3671184675881
66.92304479114243,125.47441101707697,112.70267482412189,107.86861696794035,22.609422303735197,19.649625367296892
66.9730246602919,125.90499622390118,114.91816907450645,107.22906282183295,22.68332607706788,19.939341870069647
67.02300452944137,126.00648784458609,114.96843244739738,109.54097518959871,22.126987153556556,18.864267935997862
67.07298439859083,126.89403522104953,117.03327904205385,110.16607185308021,21.902433822226826,19.860377425661643
67.12296426774031,127.41873213802882,117.10478598084788,110.22199643943777,22.1570924951672,19.415202871844205
67.1729441368898,127.7452577409231,117.30446651808755,110.44346280774367,22.31303195949085,19.557308235717297
67.22292400603926,127.34298954672174,116.6465409857014,109.83163702362076,21.9002519006175,19.289012519216776
67.27290387518873,127.16325255602891,114.9507462009315,108.88976556064259,22.133693547003872,18.70675859437571
67.3228837443382,126.37565141654488,114.69548227635426,109.38508463356584,21.996398526974282,18.99287875998803
67.37286361348767,126.7556969602392,115.91777204723336,109.5035718192678,22.18424928863057,19.678082283829355
67.42284348263715,126.67920355575816,117.57892592234607,109.33731906535007,21.418732161883206,19.95297612716956
67.47282335178662,127.05214430010413,117.11949303063116,109.97586358768258,21.81821344543751,19.274776185357855
67.52280322093608,126.90481747776039,116.84386882642522,110.20773414034578,22.188028339018484,20.30364519606411
67.57278309008555,107.2587504088995,117.91497900753957,110.35699221851779,104.2893556611382,20.969233066806268
67.62276295923502,106.13574732886826,118.32751887226912,110.64448653401627,103.72286359451194,20.62197732949745
67.6727428283845,106.54968916554776,117.38624683709831,110.69393346097321,103.25581642195657,20.140339445978103
67.72272269753398,106.1725652493657,116.9670077336092,110.49523989293563,103.61038968400284,20.301422152047817
67.77270256668345,106.0527257363881,116.84147872399079,110.30149265044874,103.45241456405087,19.335691251998753
67.82268243583292,106.37974284368757,117.49107269553645,110.85879959230827,103.57465526629504,19.64854613923331
67.87266230498238,104.75063142524344,117.26008522598737,110.19389696287838,103.39972397342459,19.95358917479583
67.92264217413187,105.86645447821306,117.55909551122413,109.89490570770694,103.84339132561544,20.69459567614768
67.97262204328133,105.28408527364579,117.82390773825225,108.48107557905861,103.7495798372373,21.50877651378865
68.0226019124308,104.94119891015272,117.74492993098535,108.82909844635594,104.09885339392886,21.7478983322727
68.07258178158027,105.15458082342283,117.78920425449195,109.27288382661908,104.08964239668538,20.98787986591365
68.12256165072974,104.63891579901265,119.40737991989019,109.67375330933076,104.54243982462941,21.01424275596739
68.17254151987922,104.20956094610968,118.29185196782628,109.3183513847553,104.406782887904,21.552794121459282
68.22252138902869,104.17799330744832,117.77179263574719,108.88166661216826,104.23990992088622,21.153953773389055
68.27250125817815,104.19122009509597,119.26753750839397,109.77565059147817,104.95441367018961,22.835904009095803
68.32248112732762,105.16944497324106,119.16657502555056,109.11255530913756,103.7351779265554,23.03610003163004
68.37246099647712,105.11847557934024,119.25047468502282,109.40232336095238,104.10906006138475,22.278785595515604
68.42244086562658,104.84136870878825,120.46961059160265,109.12748580069221,104.8374509479423,22.935749309585248
68.47242073477605,104.23640997884884,121.48020973876275,110.46814525068473,105.44138204518055,21.672798109110335
68.52240060392552,104.16818654540651,120.71136865880572,110.5392732161185,105.23098903793516,20.717513390289014
68.57238047307499,104.33949476953042,121.96114375487059,112.86234522844036,105.28549523192598,21.37046371928608
68.62236034222447,104.19045907386374,124.1889023607788,113.2506417318294,106.90053737861297,21.924685729350212
68.67234021137394,105.00614678678247,124.94343960581564,116.02109268518903,105.8564933200193,21.66505955201504
68.7223200805234,104.29312008793428,124.63665778448113,116.51742322298655,105.67987024059707,21.51145748892103
68.77229994967287,103.51155543386093,125.77385528629297,116.61797421587072,105.62202738454764,22.11482367695028
68.82227981882234,104.57443664232758,124.57960398543543,117.64498250013085,105.03751885717621,20.916769540980592
68.87225968797182,103.35592319560877,123.90751118435368,118.03770163887344,105.04299930019856,20.07455677635833
68.92223955712129,105.197408414332,124.36612151805352,117.91508965484293,104.8461361780927,20.678833983355645
68.97221942627077,106.23427010681844,124.97337830609533,118.9415060373046,104.72640762074482,21.202378703999006
69.02219929542024,105.3765800117277,124.88861904316109,118.39093548644104,104.34356679447355,20.282634500024642
69.0721791645697,105.1080355497386,123.35595178946748,117.57189014382611,104.50744259149612,19.911425427824145
69.12215903371919,105.16346687761963,124.05758247511237,117.24384662734109,105.04935054584914,20.726675910340244
69.17213890286865,104.95624629030951,124.70490156083847,120.26356728744182,104.37414523539958,20.709605484767216
69.22211877201812,105.58232674010505,124.28280790221224,120.11365945233366,104.10922657592118,20.89307858154709
69.27209864116759,105.32265119301482,123.98339050368533,118.54582200266941,104.37173331482238,20.117259675017625
69.32207851031706,104.9405036815049,123.02184220284295,117.4079722555933,105.07552328677323,19.522707774118047
69.37205837946654,105.04281819073194,123.36954124520871,118.13915290348656,104.83563795019109,20.159886399775313
69.422038248616,104.51165834231713,122.18535790012426,117.89025099902187,104.4144818077835,20.42129569445617
69.47201811776547,105.28306961993569,121.78693250800202,117.1334171136892,104.2522327430052,19.9398414126275
69.52199798691494,105.37829645854245,122.17610268317257,116.93136005148419,104.7499498170294,20.74251154052752
69.57197785606441,104.80841277592194,122.21517805927438,117.25504275087822,104.60388399822025,20.51171426222097
69.6219577252139,105.78228545154323,123.02547769188716,118.04839982347252,104.47823086501165,20.752405189127998
69.67193759436337,105.70079036856838,122.25441515531261,117.29321458013717,104.97750145964045,19.849749048824048
69.72191746351284,106.16339882206873,122.69304251167225,117.62245499011442,104.62520507262683,20.85690769379514
69.7718973326623,106.44468213279067,122.51654925033313,117.91970927536286,103.91680475994117,20.168192598364516
69.82187720181177,107.19925068015094,124.59412943211714,118.77405413165182,104.80875873974125,20.44281512982803
69.87185707096125,107.00294612089169,123.39085821374654,117.77399792176863,103.73278727626683,20.959501787090296
69.92183694011072,106.66799003508892,124.3792117709208,117.41630902561863,104.23865202404387,21.960306473133368
69.97181680926019,106.96321437102918,125.72136765222528,117.61577716214437,104.4950708486555,22.55732482637155
70.02179667840966,106.96181857272624,124.71402909214711,115.65974046188366,104.85472151400141,21.87921211497482
70.07177654755912,105.3387524976365,122.95172969010797,116.4144551034148,104.05590428766621,21.10168545152348
70.1217564167086,105.46153330212648,121.50881138559427,115.7583755224947,103.19956143938748,21.5319693352099
70.17173628585807,105.15043128115954,122.33189559544138,116.10339660961277,103.53320183264672,20.91708688244705
70.22171615500756,104.87139350239569,123.7266615798541,115.76016900480349,104.11953178184793,22.63516241134547
70.27169602415702,105.095120557834,122.82802617142283,115.09115649020774,103.9751475039081,22.0615100563421
70.3216758933065,105.00389352621985,123.5755797790172,114.09812683095934,104.5242182329649,22.639767306294388
70.37165576245597,104.45713307535738,122.49748188532206,112.05718460199877,104.25564923576306,21.79602499753378
70.42163563160544,103.24631781258617,123.17120932727258,112.36649521396463,105.48576276562359,22.336007752249053
70.47161550075491,102.89008244895572,121.86158446933557,112.57794693129055,105.01060600698948,23.0928685378659
70.52159536990438,102.28349556892287,121.122424876006,110.38288415434687,105.66374036780167,22.212314241870537
70.57157523905386,101.91531102230167,121.47416844150973,110.13321367324185,105.46213630251629,23.015608810131692
70.62155510820332,102.10787543204836,121.79997887755805,111.17710181481253,105.39886057707268,22.262153135720972
70.67153497735279,101.95402187230924,121.77384797957764,109.99087804556049,105.30347335171041,22.55379677369736
70.72151484650226,102.81299821355348,121.59515660753095,110.78645749469545,104.95163430800487,23.010645381895205
70.77149471565173,101.85952389442194,121.13051049875035,111.38621134057654,104.3886677613805,22.715112761173145
70.82147458480121,101.62574550154008,120.40063634177459,110.93297447266521,104.4032635626183,21.963694125504446
70.87145445395069,101.01867929379874,119.1798624113673,111.30984037619127,104.16789032152016,22.099921703311665
70.92143432310016,100.28640121128933,118.96444534588439,110.0595951671477,104.82356537228488,22.747794533199777
70.97141419224963,99.96525043040194,118.85640854500865,109.95436621534313,105.28140037840167,22.832061012103853
71.02139406139909,99.67596236899874,118.79234918882108,110.39378583914598,105.07736669974423,22.65505511239432
71.07137393054857,99.55663917561179,118.13030242181523,110.50358893239037,105.01369505994737,22.508879655095775
71.12135379969804,100.11338607081285,118.74113486056844,110.59620990426906,105.10159206401126,22.45004162638424
71.17133366884751,99.6990623605026,119.38697727174218,111.73882383449654,104.82057575333374,22.03392373694024
71.22131353799698,100.17058845939226,119.39848849966916,110.72794501298159,104.94100897136008,22.32560630551684
71.27129340714644,101.26816556613072,120.28186165399163,110.82279602498693,105.3463083197005,23.240762785904355
71.32127327629593,101.88779418111709,118.08331588170478,110.85394270634595,104.7776118386804,21.61444833037952
71.3712531454454,102.54869328247374,116.87709124837502,110.316716724731,104.17264630266342,21.020739084657546
71.42123301459486,102.63526929786653,117.84906709911677,111.65857534947308,103.83900923586071,21.658662507487897
71.47121288374434,102.89425723757981,119.78961373329992,110.82904344590563,104.45060615276242,22.995561736247918
71.52119275289381,104.15639940547304,120.48036860541583,112.5285980888332,104.94783226388991,22.11423741672741
71.57117262204329,105.00379929922455,120.05989176997234,113.26389053232191,104.74218438986624,21.809219298598002
71.62115249119276,103.64723869150545,119.60604407276718,112.59590727735308,104.57669436482294,22.3452198264303
71.67113236034223,104.16743002067705,119.38629483483462,112.83759021708391,104.68594618587078,21.574090397718393
71.7211122294917,104.05713013042335,118.06889713675984,112.55140825535251,103.70222332534065,20.811804467827866
71.77109209864118,104.65401607463919,118.4197943945627,111.62868402652386,104.04847146748605,21.69861505973375
71.82107196779064,103.86330014150612,118.89634302890676,110.16741824791244,105.23436211280693,22.3773848081135
71.87105183694011,102.34540011567707,119.05513584222493,109.64373254557854,105.40394460239202,22.126347162758407
71.92103170608958,102.70616310662034,119.09628363655166,109.4836334950095,104.8468723992132,22.639863050570945
71.97101157523905,102.95219416328891,118.9619722803464,110.52000963485243,105.10195019858084,22.35223888517568
72.02099144438853,102.72686416707538,120.30506123510274,111.95437170414287,105.5103629505591,21.577267178967972
72.070971313538,101.91785880896626,119.2811990959959,110.8435973365539,105.36938532819462,22.068467033661065
72.12095118268748,101.50825724164919,118.23421383748885,109.5550298163149,104.97114204188637,22.419748942206404
72.17093105183694,101.92703916695723,117.53013280753646,110.10899983146606,104.60299587173391,22.309490514062816
72.22091092098641,101.38209800684744,117.31663667436548,109.04794176520677,104.86439885229917,22.627524620826986
72.2708907901359,100.50804974425122,117.43043044632354,107.59995772289166,105.89273307657535,22.743157220112032
72.32087065928536,102.65875586684831,116.66103763093959,109.14148866877979,104.94019443274414,21.786267613183607
72.37085052843483,102.24239351494118,116.15179044530393,109.27699171402563,104.03312042584493,22.247127563853894
72.4208303975843,102.44279731520373,116.03568049979313,109.4465343857526,104.28077726804328,21.229762381299004
72.47081026673376,122.86107111806588,115.89846377346052,109.06697180125158,22.23212000792849,21.57539307996379
72.52079013588325,102.07594625651812,116.91888262042632,110.02374468477717,104.56039878593404,22.016805523381663
72.57077000503271,101.34511093171761,114.46308093933237,110.40516482522872,104.17503917518678,20.332303000515402
72.62074987418218,100.837184746637,114.5026825873866,110.59315710430026,104.0628714281195,19.194762850346404
72.67072974333165,100.51529403166093,112.87088558710605,109.66487426249613,103.45286979113494,19.321581946612767
72.72070961248113,101.04367946823132,112.76070794382333,109.86580110947425,104.1874600254764,19.720507894555674
72.77068948163061,121.47287030150142,113.56812111510104,109.11970581834596,22.216465218559286,20.39828201759992
72.82066935078008,122.49815207225075,114.85749169055573,110.86380261625932,22.65239301807623,20.85141199955757
72.87064921992955,122.26133808649304,114.87281517299124,110.54839840408381,22.316026366728057,21.06935412952017
72.92062908907901,122.62107430971804,115.12756501927788,111.29134268960736,22.400833736154375,20.5166704909646
72.97060895822848,122.737972266482,115.88301319643824,112.83613440286265,22.316210745005492,20.35185117818374
73.02058882737796,122.6893453815742,115.54204144500457,111.41449940071725,22.265307740664436,20.639996835646233
73.07056869652743,122.32560878654691,116.86649947890665,111.37254871965769,22.690178099297068,21.58768969112628
73.1205485656769,122.82686431260296,118.66655738367722,111.57891246369775,22.622616464710323,22.058181523028598
73.17052843482637,124.360805130543,118.9585465295921,112.51980508128658,22.34193122747157,21.840799903144035
73.22050830397583,125.8159141348924,120.20864327824435,113.55719286933713,22.31930101352041,21.626398600077327
73.27048817312532,126.59611307328905,120.56686283005781,114.37361478226849,22.152941678278204,21.33246930565049
73.32046804227478,126.7551147649972,120.11187661414517,114.44185392708246,22.649932487480385,20.47372195196467
73.37044791142426,126.8929027425772,122.15711362313672,115.59923590149336,22.35676848323437,21.392203829775994
73.42042778057373,126.17383831461021,120.5133380918168,114.98131483478873,22.767123477970355,20.893450764966172
73.47040764972321,126.37915153036862,119.48371824834442,115.80747656013888,22.6942878513512,20.545263606846294
73.52038751887268,126.07969530892538,120.75745711399615,115.29924363916165,22.29115346466262,21.435917541899066
73.57036738802215,125.6846252198542,120.61001837820122,114.16952716406747,22.542841334226274,21.154659331913287
73.62034725717162,125.78085542844933,119.50933237581067,113.75714959351238,22.18648773826468,20.86519927285396
73.67032712632108,125.48770993154575,118.04030819066881,113.31052950530066,22.383118055637958,20.382347222325343
73.72030699547057,123.9570536290819,116.97199005000671,112.04241037644174,22.195761499501092,20.282239768609006
73.77028686462003,122.73111275825752,115.88319068694048,110.7240857234991,21.79503308789847,19.7193709903803
73.8202667337695,123.1835822342131,117.38851556861376,111.79675842124193,21.821659532161384,20.454670835426136
73.87024660291897,124.02660797797328,116.06200305598385,111.17002210986125,21.81203264652759,20.438417312610692
73.92022647206844,124.45345796117928,114.6938328289215,110.98803102668899,22.781635194934317,19.711479210999556
73.97020634121793,125.40306285950464,116.59118572693373,112.01648394994997,22.598897292479542,20.593647383907822
74.0201862103674,124.41650269576562,116.45454308063596,110.36392662556337,22.285235557161627,21.225951301145187
74.07016607951687,124.0301420683419,115.21470169097967,110.55582129707136,22.496231274413915,20.444535894704018
74.12014594866633,122.75221249584499,114.65796370485855,108.77089992634482,22.551128464146664,20.709792601043695
74.1701258178158,122.6888751200778,115.80667458363186,109.94970632825273,22.276840826639734,20.726871535755254
74.22010568696528,122.74741872713874,115.64817356333023,109.99229539928892,22.706666720844005,21.11276456127976
74.27008555611475,123.44476349446728,116.33306702971237,111.12536746426187,22.8808569978346,21.11351914267305
74.32006542526422,123.17971920353865,115.95777023683735,110.36556488676005,22.43459070702852,20.29333501446368
74.37004529441369,123.02596735535295,114.82232168915874,110.04436140772238,22.612291351856623,20.490845576768045
74.42002516356315,122.24007022028682,113.3490293779093,108.23741903746229,22.717188278282904,20.52463363949736
74.47000503271263,121.86128076323119,112.1601779238439,108.93316709700092,22.778075527706893,20.129136114571175
74.5199849018621,123.13841565798998,112.77121982308712,109.7344977684082,22.755371171337554,19.696226967773104
74.56996477101157,123.30540263192893,112.27142575240444,110.24416455996067,23.243198009460382,20.53954177934901
74.61994464016105,122.50461304504219,111.04775584898557,108.77026286483245,22.57778958349302,19.362056267630688
74.66992450931052,122.3412398941197,111.22825268403744,108.92207826474187,22.730904322495615,19.01224591793766
74.71990437846,122.55551870217397,111.40837857013092,109.71092613555862,22.945201714010956,18.899024668077676
74.76988424760947,122.04415170103084,110.07973584758773,108.9680605104198,22.591691184028942,17.97557253586485
74.81986411675894,121.43283777405554,110.05981349150277,108.44892473193504,22.826193886756066,17.70647129097536
74.8698439859084,120.84783321628909,110.06917655471811,108.36538903448533,23.437928100731128,19.012476657490293
74.91982385505787,121.32705773215038,110.89312702244357,108.84271026667972,23.354677031207125,20.829404464846824
74.96980372420735,122.27846831621035,111.04783522307108,108.82735251092811,23.476277096647976,20.510242873321474
75.01978359335682,121.8511428086468,111.7136452872762,108.69707740320702,22.502974335481444,20.26238599976271
75.06976346250629,122.6127678515577,112.37848409104,109.80965126171748,22.69835851519512,19.939126280062563
75.11974333165576,123.17209093973518,113.4036313241816,110.248332149826,22.707032926969685,19.989832994057977
75.16972320080522,122.69942612012352,114.66626639556969,109.85491870062816,22.294679860599203,20.850224906840076
75.21970306995472,122.58921412285707,115.05907992631631,110.51643263511757,22.62862047319014,21.43436370734027
75.26968293910419,121.76336732388194,115.58003321186011,111.42814445242291,22.25329471536106,21.476581479387892
75.31966280825365,122.29337427305015,115.53540255653034,109.5069647982045,21.93488792948534,21.067456602126647
75.36964267740312,121.86155411120473,114.55618686773157,110.2873759347651,21.51989700419913,19.83132577831142
75.4196225465526,122.56216570036688,116.28643622696046,110.86910859543413,21.91395138142161,20.175294395469674
75.46960241570207,122.73214091495716,113.65345183819454,111.90663089274979,22.167350954712692,18.400222221400746
75.51958228485154,123.36932857914638,115.02803337629655,112.26485021446545,22.40526069492855,20.093043801431236
75.569562154001,123.68844722518658,114.66954811151224,112.93009355940248,22.956769896214098,19.737767062831978
75.61954202315047,123.97914813632019,115.51996113226444,113.66533167621269,22.357281100354697,19.00801836798018
75.66952189229995,124.86126148588758,115.99187340404033,114.06402432087883,22.123124025128988,18.97906260441784
75.71950176144942,124.07925306866883,115.26258900206574,113.0818073243169,22.704523163413246,18.67616053856707
75.76948163059889,100.64027221127611,114.6278240025757,114.03657220777994,104.81068486026234,18.983510815816867
75.81946149974836,100.98103114442699,116.60737404975357,114.98607288480873,105.2518065385996,18.85745490014453
75.86944136889784,100.43017678838905,113.91158069536762,114.35746192457681,105.01073784886204,17.647950958007986
75.91942123804732,123.18272942268662,113.20276250295029,112.69188334991868,22.256506829332746,17.457249813970108
75.96940110719679,124.32088533063045,113.79018853899423,114.87196514618925,21.83234119484513,16.270274923245136
76.01938097634626,101.20699815708879,114.01988054009841,115.67629211601644,104.61779500466581,16.646976471345926
76.06936084549572,101.67662720788903,114.37898851749605,114.96863166226908,104.15524391914391,16.856876895421514
76.11934071464519,101.70874657843854,113.91438394785516,113.89856101837869,104.01596169212515,17.348127000855918
76.16932058379467,101.48829788890401,113.93833607833834,113.77433854836354,103.63367307984065,17.387391425846737
76.21930045294414,102.44227537116552,113.97411950025459,113.36182537300647,103.44567164969894,16.60791714417115
76.2692803220936,101.09135095226924,112.29473067016299,113.47325639424429,103.43023799746707,16.489773637884838
76.31926019124307,100.5201810352487,112.01112033263574,112.04659713796343,103.4519144405879,16.8011850590021
76.36924006039254,100.40124997072347,112.74738007680409,113.14524426835816,102.92957451352613,16.673873797452995
76.41921992954202,101.52537779098209,113.23797328756727,113.63004306075254,102.86746970361283,17.48301650785515
76.4691997986915,101.75741152889071,113.15786462485575,113.05468830691768,103.08480026139001,17.54764061879545
76.51917966784097,101.56011479138084,113.229126284506,112.56640883004091,102.99680132021659,18.29387068470263
76.56915953699044,101.07979028629738,113.74478684818537,111.87424322575308,102.5653400115841,20.01502378943999
76.61913940613991,100.7712265066992,114.54794106422955,112.34413914250118,103.01436465115489,19.965133422632313
76.66911927528939,100.30031876328839,113.50290190809842,112.52612879025007,102.697039355805,19.342799019459463
76.71909914443886,100.39844282723163,114.23726789075775,113.95928315181818,102.94905777262258,20.052305119620314
76.76907901358832,98.96974535752999,113.96763507517652,112.5470497515533,103.43748023945216,19.849395960750254
76.81905888273779,99.38332105443516,113.43454984427963,111.77241620935504,103.24076579657812,19.499684545377768
76.86903875188726,98.59346376120139,113.63416147561257,111.05929671843725,103.7782357066827,19.68905951774777
76.91901862103674,121.39637704598441,111.92703473407815,109.83487835995463,22.29577633968406,20.63805344011983
76.96899849018621,120.11436888813404,111.77409260237953,108.3202572932072,21.968754628314397,21.082196507797935
77.01897835933568,120.29530858610296,112.09040258855015,108.40953245263395,21.641880672084117,20.07183212754008
77.06895822848514,120.20725923681943,112.41377482153682,107.93236388577697,22.10192760047372,20.465149565127746
77.11893809763464,95.91530899766796,113.6605031054092,109.31176864682752,104.29985524875293,21.06486459510544
77.16891796678411,120.6675910148936,114.67791478271761,109.3633966272207,22.501800076731936,20.853485240391755
77.21889783593357,96.70017717649687,115.65222483056685,110.16889079350594,105.1942639457245,20.245843996511525
77.26887770508304,95.66545188283244,115.6217920505749,111.49942098744619,105.40992492823162,19.460350094244287
77.31885757423251,95.02313775995971,116.82872741706093,110.67833492102487,106.59989163628194,19.952239936746363
77.36883744338199,93.75470690102053,114.59830643239778,109.05934583864438,105.05960385207096,19.764702451405125
77.41881731253146,93.02383475576833,114.76987187193865,109.09683472970691,105.3495252736096,20.092695082524926
77.46879718168093,92.36351358557843,114.05330948922573,109.14773607773856,105.67024841158312,19.341293695923266
77.5187770508304,92.47417251357312,115.28778273882108,108.88401291238998,106.21958803387878,20.782254892408947
77.56875691997986,91.750455254971,115.78070137162315,109.05566332973486,107.01113238768677,20.682725176396186
77.61873678912934,91.51546568650343,115.2455584691523,108.84083335969238,107.04358418033931,20.60344593239782
77.66871665827881,91.53167934481534,114.23109714945434,108.34140235041727,105.65198460643067,20.361625180306294
77.71869652742829,92.84611754519246,114.27366051682827,109.37625011238039,105.49867020680747,19.916419293839535
77.76867639657776,92.98610248219629,114.34693476129588,109.32425184352297,105.35907596056678,20.06064461935522
77.81865626572723,93.11757197327749,114.54784412127485,108.80044270013981,105.3090794492461,20.84693646595425
77.86863613487671,120.75475778947832,114.27804164365993,107.97350435621082,22.050658387696444,20.727479457256145
77.91861600402618,93.80989383536621,113.58351567220333,109.11226990325886,104.55827347817436,19.800484118898723
77.96859587317564,120.62815436874408,113.7589538025136,108.33005088662325,22.341117555704333,20.89295449684384
78.01857574232511,92.93725898373455,113.51719607560251,108.21437672301113,105.31271455341663,20.156028954076756
78.06855561147458,92.82634013949037,114.90684858336205,106.83077765701081,105.45109386469849,21.692990370023534
78.11853548062406,93.07919002474965,115.64896869363595,108.78813719832272,105.15995748462248,20.264214347217624
78.16851534977353,93.18927811532195,114.80365010130728,108.94638465791577,104.87277826538046,19.71016463480886
78.218495218923,92.53351107126146,113.59570925969001,107.67930604092257,104.41411377000207,19.52797098141323
78.26847508807246,93.62396360351183,115.07696021732421,109.5422844478729,104.490342187973,20.64664448898192
78.31845495722193,92.65416169008073,115.63116613350262,108.51719513210277,104.88884370303927,20.948822910275627
78.36843482637143,92.86473846205492,114.79935089057258,107.7391342354625,105.11630322967298,20.99670236845417
78.4184146955209,93.06208217252633,114.66158994771412,107.51618720684144,105.13831267875172,21.641547024928563
78.46839456467036,94.01814773093395,115.65241767367996,110.09389906080327,104.98460998038482,20.81514539646704
78.51837443381983,94.00837938078246,116.02905672297396,107.9325975702598,106.47527484907735,22.62780555526734
78.5683543029693,120.63654722211972,115.9265153752979,108.51643833915196,22.64676133906722,21.414685435146257
78.61833417211878,120.37481409708639,116.44995575744194,108.46698166993997,22.10754008398531,21.9340163368129
78.66831404126825,120.812002541855,116.89983702064872,108.85211300773867,22.100158423220794,21.201723474432136
78.71829391041771,93.86618984445978,115.5912696996684,109.1693978489436,106.43897500710999,21.084696546607507
78.76827377956718,94.52471449919992,115.2746540962192,109.01945950405504,106.41022903373502,21.0479547673191
78.81825364871666,94.13763468760015,113.80519828596597,109.03904317313996,105.74614424669628,19.727093390236465
78.86823351786613,94.46674476144084,113.68147138153383,108.0502543566169,105.59315417582212,20.149855909167506
78.9182133870156,121.23310549529204,114.84956463805938,109.07113442603281,21.66792310000247,19.434325406883946
78.96819325616508,120.3151238554251,114.99918170845021,108.02156087915832,22.27190474646444,19.767042981229583
79.01817312531455,121.57200836077568,115.24874322022838,108.01804108330633,22.11126589162167,20.727411664180313
79.06815299446403,121.78357162848118,113.27236321714771,109.56305957995296,21.916009140697597,18.50410715587627
79.1181328636135,122.866367293668,113.84705364474961,110.13448983005527,22.478908216970794,18.499581424464427
79.16811273276296,122.22999522333848,114.05340375749809,111.25024323136867,22.432542537819835,18.60242411324876
79.21809260191243,121.51126447099129,113.48480164289268,110.9395290927833,23.113323721021622,19.660182698084473
79.2680724710619,120.95640540810365,113.04567609113582,108.71830868981291,22.600818047821413,19.453114699770683
79.31805234021138,119.92631152631702,111.66635236774597,108.53630794542752,22.54988288661739,18.659574116946064
79.36803220936085,121.00674206009596,112.07248003821503,109.6358566644131,22.82595171586616,18.24004660327294
79.41801207851032,121.59173438006565,111.13877214229265,109.6276347723338,22.71453298829666,18.03761166583648
79.46799194765978,122.22848096328102,111.60975401805568,111.67278169257975,22.399785347637895,17.541482186665338
79.51797181680925,122.52179131765226,111.31851748241039,112.17533273381164,22.484879044254416,16.798823518102314
79.56795168595873,123.321787113954,112.14406157820116,113.10209780367514,22.96048753798855,17.302457812527688
79.61793155510821,122.96459672968567,112.00327190295384,111.66128326209893,22.12738691469452,16.1413550949015
79.66791142425768,121.8257194991164,111.28317214340959,110.92113386445186,22.43063310869117,16.290557496993465
79.71789129340715,121.26223419925802,111.75300089167189,110.48049754513941,22.30874174618655,16.575361624892846
79.76787116255662,121.95729484160655,112.11180868374488,111.48320420964362,22.597182168582375,16.985101293104673
79.8178510317061,121.76119403838717,112.9541716094498,111.53206401282169,22.746488915701907,18.21990251827752
79.86783090085557,122.018168246232,111.81766368617312,111.27436210951505,22.8539538486947,17.995768287507154
79.91781077000503,95.27163090797524,111.93297518596358,111.55150086098415,104.52774407214369,18.603098245155294
79.9677906391545,121.21091906728967,113.16311928089209,110.48022368235486,22.68686977736994,17.98667140270271
80.01777050830397,122.47484753478544,114.39660521723414,111.51016300098937,22.851107037580363,18.427941335854612
80.06775037745345,122.16465356073077,114.23254161314954,111.32827309119241,22.912874384002766,18.983880715997106
80.11773024660292,122.23192604688221,112.83466629136593,111.32030815247693,23.17632008041386,17.89965161646307
80.16771011575239,122.15418044933287,112.29424924657805,110.82559288697077,22.7336406435911,17.121851363066373
80.21768998490187,122.84855590440718,113.8595602785183,112.24785681361803,22.41559925028665,19.137148339038493
80.26766985405133,123.08097890765569,112.64242121273143,112.05763734804036,22.82534443372125,18.6252493655488
80.31764972320082,121.73103373335235,111.91256404024936,110.74527487818806,22.410526949833393,18.658335211052268
80.36762959235028,122.5360170610398,112.22691919279147,109.77149766013972,22.386775401008013,17.53100341472815
80.41760946149975,122.60685900705249,111.97750857287528,110.62756674127607,22.84245571851038,18.067759934757486
80.46758933064922,122.16481169116588,111.8524685290546,110.55007492799872,22.56085227712959,17.388557620106173
80.5175691997987,122.05817889473471,110.9034258157826,109.9651159291062,22.88949401509575,17.37081957842117
80.56754906894817,121.78706935988485,112.0635388290493,110.0026513311763,22.18340443931653,18.063242216933077
80.61752893809764,121.50171848646546,110.56239592825028,108.7474954099469,22.53801722004018,18.41865126421901
80.6675088072471,95.95190930431272,111.34577477221526,110.173136204479,103.80546811848946,17.745403592865625
80.71748867639657,95.85141663253674,111.90894214772474,109.06471622238362,104.32132051664561,17.141693434006164
80.76746854554605,95.8985769878493,112.75319446571756,110.93995183493446,103.7105634350451,18.039584805429453
80.81744841469552,96.06793060064207,113.1333507611613,110.80881568346726,103.98455176802817,18.04465219107508
80.867428283845,95.01588400392276,112.8071636391486,110.26168455072396,104.33311592524366,19.04769233466194
80.91740815299447,95.46280237300334,113.29117118771252,111.99878161760836,104.84577324891855,17.289705078124758
80.96738802214394,95.42667314305932,112.91019428395468,113.03352957567785,104.40031668034995,17.72021675215181
81.01736789129342,94.73829377962868,114.99753592557954,112.74838325346278,105.70622689991964,18.800812527245633
81.06734776044289,94.82243509666837,114.62321056094542,112.13957950899176,105.78923058217539,19.61604850563718
81.11732762959235,122.63410878998603,115.3929853473283,111.99122066999432,22.577136466968778,19.93765620022063
81.16730749874182,95.33513912867382,117.13486374945907,112.24238013970795,107.05717001990668,21.102770581436204
81.21728736789129,122.87632646563168,115.85069787304003,110.88594676130185,22.30479775414314,20.800901705080797
81.26726723704077,121.52503474418928,115.83443612355515,110.17004847508404,22.28902941564288,21.290577900224164
81.31724710619024,121.44299982635606,115.06190879494636,109.66423962790101,22.633594902172135,21.216301039161078
81.3672269753397,122.71775376898039,114.91779639120772,111.6052456139722,23.117367173933587,21.142295153912418
81.41720684448917,121.1515352996918,113.04183379845962,110.1865435009887,22.05933353273777,20.353447304385845
81.46718671363865,121.30907942814393,113.24906378407753,109.6674563355704,22.816999331591983,21.141503374046206
81.51716658278814,121.51405129299937,114.90928535832873,110.01776335981315,22.9741490001205,21.609783528371306
81.5671464519376,121.26596261553699,115.41066206296054,109.00309028592865,23.032131609783754,21.78434925584648
81.61712632108707,120.05777199112867,114.87390836878583,108.18777707585483,23.010276887740364,21.85699884620881
81.66710619023654,120.32112024867733,114.67668510350539,108.83282737218427,22.387439950914146,20.908345234224555
81.717086059386,118.95052248854749,114.82471533500124,107.10619616420473,22.833103842863217,21.500600295914875
81.76706592853549,118.51466333704963,115.63789014977363,107.18360850602919,22.15037580980069,21.230605983544866
81.81704579768495,118.69239925703262,117.42922364355876,108.25259497064609,22.268079472249962,21.234630365224707
81.86702566683442,118.87203482306941,117.76760787591436,109.15671128436941,21.94349591776,21.222638714039554
81.91700553598389,118.66884026698357,118.70352725432463,110.1589079517051,22.904356144598992,22.459444093236712
81.96698540513336,120.15350270727734,119.03486932023864,110.73380380432447,22.75330697733234,22.378708340194716
82.01696527428284,118.90010938632005,119.91612323883977,109.09575870712345,22.69200178655601,23.914754008036034
82.0669451434323,118.63820248116586,120.29857218350365,109.11957413023255,22.475936307878214,23.16928281327679
82.11692501258179,118.36807257535774,118.52863170154616,108.52398691753712,21.855121858899373,21.959929558718354
82.16690488173126,117.93705502993463,117.02004475219152,108.60604860813847,22.03995934244894,21.71426402687346
82.21688475088074,118.64611063454062,118.44752624747117,109.58498787717775,22.04824891845113,22.19284106850019
82.2668646200302,118.92549206590401,119.26012899990906,109.61327101345216,22.522483571460775,22.540610795877782
82.31684448917967,118.47273608968742,118.65072466540647,108.45022841446469,22.3336812452224,22.081254870834027
82.36682435832914,117.86807141318498,118.48296714090338,109.4858708414533,22.201586819370725,21.900386461182773
82.41680422747861,117.03468302248112,119.61171511885168,107.78613934335179,22.26795419327833,23.200104946654847
82.46678409662809,117.9215776351708,117.80327587277334,109.0031451467642,22.407189934035188,21.74910939853393
82.51676396577756,116.59456651560284,116.03259472821524,108.03012043011053,22.555612477522555,21.511052551319715
82.56674383492702,116.16924801530747,116.20389070384316,107.31000473865356,21.964417906097516,22.659302014926265
82.61672370407649,115.22902158070919,116.35803397996972,107.7028354310357,22.004740141091048,21.104845917286283
82.66670357322596,114.7302530431489,115.1639682456754,106.22384119802616,21.681962893341932,21.835140488527923
82.71668344237546,115.3091206570029,114.4923581642517,106.51491017166443,21.874494455373853,21.537704204449838
82.76666331152492,114.25711665234728,115.80696654847503,105.73859425355829,22.032838988011285,22.320060885041876
82.81664318067439,113.86702734286855,116.16199429067761,105.43283154541238,22.1799967623032,23.115288319625133
82.86662304982386,114.33814990619142,115.06441036241738,105.68288516020614,22.19900849672868,21.649603765843366
82.91660291897333,114.72009555874727,116.13269945408047,106.49962526365931,22.070795076037705,22.079281653339386
82.9665827881228,114.13217993165759,115.03285136379347,105.0324770666829,21.88351809191054,21.781758559555232
83.01656265727227,114.7240040720423,114.56580646911962,105.98536616949343,21.914008146203983,21.450041218800003
83.06654252642174,113.25750084550933,114.1748667036561,103.67865859361522,21.905897457310186,21.93150746114808
83.11652239557121,113.90652772806936,115.02217899589243,104.93088747279039,21.48456547431699,21.213469148155983
83.16650226472068,113.7543700756051,116.04111065628899,105.58423383086023,21.45103560400658,21.55554043058079
83.21648213387016,113.22469241350649,118.38779095423081,105.2239007286666,21.806425320255904,22.768199269249948
83.26646200301963,112.35447517613893,120.08156514379922,103.81312947910575,22.04520545934936,25.553172370368628
83.3164418721691,111.68991236508322,118.96084308215852,103.92230056106823,21.93665944285088,24.385712091611104
83.36642174131858,111.66545855965288,120.3886619648286,104.40660452781734,22.281475498878073,24.65533070746021
83.41640161046804,111.33177893664927,120.80090451863876,103.61362896303355,22.37400199551894,25.44694289695303
83.46638147961752,111.76066958090857,120.29409240041585,103.60969132914009,21.939973841061548,24.71375030872393
83.51636134876699,111.42929927072659,120.41145184302013,103.362180984825,21.955190826198066,24.70712008904869
83.56634121791646,112.74838117712166,121.37994077823917,105.32981472471636,22.00275016841946,24.152641159293385
83.61632108706593,111.89435737049044,121.22244480578665,104.75093329377604,21.651452371565654,24.11363889318068
83.6663009562154,111.80282447155322,121.30308476456108,103.89459075456509,21.913181078292904,24.760411926350947
83.71628082536488,112.1024066308765,121.9980853134524,104.8266465337938,21.486239686768098,24.74308414338757
83.76626069451434,111.80062262935617,122.07116569064152,104.55485950546263,21.86173799349747,24.698971658261364
83.81624056366381,111.93373061676212,122.28260115981341,104.61548019925013,22.29566250048328,25.06498643506673
83.86622043281328,112.10505122363416,123.50041127454814,105.22879468237146,22.042572065553788,25.106316310757833
83.91620030196275,110.97464733922396,123.41426289604055,104.13034387575381,22.117379919253143,26.132954235265903
83.96618017111224,110.2578424316897,122.60348378747139,104.07169489534583,22.288308851772772,25.564497959709794
84.01616004026171,109.785485057662,121.94516154183188,103.07417668628393,22.386390163844023,25.646072946654044
84.06613990941118,109.73556314389113,122.39860478541392,103.58651282090851,22.29343890344065,25.658627130670247
84.11611977856064,111.3051137951686,123.6062985535795,105.64319326389993,22.552584406968037,24.787719183972342
84.16609964771013,110.9337565569928,122.58336638658672,104.15831144557593,21.789878091193852,24.758833198024213
84.2160795168596,110.1338210602927,122.31897546618404,104.53104128205831,22.649594960313014,25.673074702185218
84.26605938600906,111.48857740466485,122.66267704275624,105.78076107339332,22.37213654053048,25.408459413847833
84.31603925515853,112.12218072575538,122.55286732652493,106.75675584555285,22.63473415567653,25.378435439972865
84.366019124308,110.76517814535512,121.85663215665518,105.02081995385589,22.263569396571192,24.881470533370234
84.41599899345748,110.99142094739715,122.63713736721715,105.0372723867169,23.284589364757494,25.358271862132437
84.46597886260695,110.56996710190573,121.0335174879956,104.12215109748672,22.645191395979747,24.91248333370472
84.51595873175641,109.3307978209522,122.52695643881658,103.55561640325955,23.197524749887094,25.74532715349642
84.56593860090588,109.68893146115572,121.57915125520057,102.66543513321825,22.395613637541473,25.401636657956036
84.61591847005536,109.45942524015688,121.2452969848688,102.33382984796849,22.552463161074503,26.04045237327879
84.66589833920484,110.35210149015562,121.58358536249798,103.01987673096224,23.11265728022822,26.179740224969628
84.71587820835431,109.15060280321933,120.54865109686737,102.66794164769723,22.98258548545277,25.288141423276613
84.76585807750378,108.25632684198473,119.28026735518091,101.24815598372474,22.698981882966706,25.481653744793274
84.81583794665325,109.45248755121645,120.40084852769975,102.4258801008184,22.485538260541944,25.51058641239417
84.86581781580271,109.62120110164474,119.2811711027451,102.3862441323985,23.11849032039157,25.46035544727488
84.9157976849522,109.13211984098342,118.3296667947041,101.90853486655784,22.747328097929135,25.018184209210407
84.96577755410166,110.34825230159277,117.99890481354645,103.67067392943477,22.336964297857627,23.02081942388265
85.01575742325113,111.14238587169173,118.96908580558801,104.21426121822687,23.02199576129021,23.434325561737563
85.0657372924006,109.38106397574792,117.13317942419569,103.51446405417748,21.725578024935647,22.258654783407398
85.11571716155007,109.49067534677665,117.64995057660899,103.19566682635424,22.13534410451705,22.72693888636524
85.16569703069955,108.62709458359512,117.43496418219952,101.68305396003329,22.12008743781478,24.108959883573686
85.21567689984903,110.88064766912457,119.67960252381324,104.67381817452527,21.931532479098585,23.21386263161826
85.2656567689985,111.91433863197902,120.57744872229749,105.18537276885003,22.104329638655642,23.5806868707285
85.31563663814796,111.9915185599765,121.41030221678325,104.53654980553338,22.201366074187625,24.854213829504342
85.36561650729743,111.31751163765514,120.6396571476385,103.83959072836022,22.935671362535302,25.477438313325006
85.41559637644691,111.25384256981715,119.46164941326253,103.69589477307822,22.457492472748473,24.206266750274402
85.46557624559638,112.03252131628615,120.03101430579385,105.02336448772463,22.488636031271533,24.317032381214517
85.51555611474585,111.92128850753909,118.38690395424182,105.80678993779776,22.54572348522663,22.996464088248263
85.56553598389532,111.45820847202175,117.28389954581216,105.45651910938956,22.055190834502845,21.616265251719856
85.61551585304478,112.55860926791097,117.79161596275246,105.55262031377752,22.083814106265418,22.925313671790956
85.66549572219427,112.47576395702244,117.26452238413512,106.1143128318851,21.754096721693386,22.354641446187518
85.71547559134373,112.7190025832194,117.408610722257,105.38589644371724,21.489643035932573,22.75176777181359
85.7654554604932,113.72563460530077,117.43939083541608,105.53991524197293,21.627352223778303,22.70894837058034
85.81543532964267,114.67866591350656,117.67741814030255,105.62346867964418,22.258759427768673,23.07353502435699
85.86541519879216,114.86443170343058,117.93062333642604,105.37611601774573,22.226973436999184,23.21059553824543
85.91539506794163,114.08330345374023,117.27268113965091,105.40716168919518,22.07333473009215,22.435683029085734
85.9653749370911,113.15760272817529,116.79270938851967,103.82604123001659,22.28465480039644,23.037600275188574
86.01535480624057,115.18676609153748,118.04355785249732,105.59461501918257,21.93190681973276,22.90049322763406
86.06533467539003,115.16277385167307,118.62836493389909,106.159670113454,22.166073750256786,22.592342387460832
86.11531454453952,115.61486714010499,118.3803447357174,106.71410722384087,22.04830876691028,22.369815454645735
86.16529441368898,115.4657394281469,119.61306594353141,106.69661959965735,21.633059466513284,23.51829207437302
86.21527428283845,115.70702130688403,119.46188385243154,106.15486566027735,21.441120855358495,22.594912943839493
86.26525415198792,115.27468334958807,118.25525407515873,106.25170840080611,21.628018803734324,21.780911631248472
86.31523402113739,115.07717490621742,117.2846189983052,106.45009130821148,21.72704071144319,20.328729327617715
86.36521389028687,114.68378206782113,116.46342426718654,106.12030640402011,21.518566423130004,20.85935166089145
86.41519375943633,116.67168656933933,118.73608132094351,107.44660745341064,22.58123642579938,21.91765700045847
86.46517362858582,117.09735222913247,119.34879174127708,106.95980814347779,22.188572992523376,22.506909262967827
86.51515349773528,117.27212077175109,119.94052283853024,106.6782778678281,21.637817362342965,22.78276248264629
86.56513336688475,118.00584609039186,119.96789030502475,107.76798441411458,21.593744448452007,21.000387501801047
86.61511323603423,118.86887847854268,121.62039513802867,110.15924347757704,22.28295345131171,21.84182005613343
86.6650931051837,119.46227318614157,122.16508648792072,110.94217577221437,22.407496434727758,22.271979468060664
86.71507297433317,119.19058215943613,122.34923930538105,111.3563128229209,21.983789358294832,21.49961681937692
86.76505284348264,118.77908476027874,121.33779827522342,110.40221113278656,22.294114215213828,21.29463214547198
86.8150327126321,118.3619007908089,121.01525073309556,110.1941781008471,22.984712168187052,22.360544999636943
86.86501258178158,117.82882875672446,121.1136881040016,109.88615318941604,22.26013440726985,21.703657961791773
86.91499245093105,117.97218464220798,120.13713038692036,110.60134879693143,22.50077143090026,20.836511136593558
86.96497232008052,117.24263971487234,119.56857470873751,110.85382519958078,22.824305370036114,21.37164524054783
87.01495218922999,117.7985764414877,120.66574074403053,111.54578447539288,23.075346941145682,22.140819090898574
87.06493205837945,117.44304819426699,119.6479116128315,110.7741585343487,21.931091271424677,20.1246616000974
87.11491192752895,118.29239858999894,120.36051905467234,111.05045907771229,22.54883612364307,20.150459814890752
87.16489179667842,117.93469783993179,119.19955846102954,110.45149333525252,22.156275023953658,20.063479432940756
87.21487166582789,117.67903079817424,118.01825920377291,110.20885633359131,22.37400281092726,19.260562691438427
87.26485153497735,117.52003761445,118.2756020213977,109.65170131155399,22.14042752219829,19.47005048051839
87.31483140412683,115.8424301265709,116.25843568734241,108.52557336848325,21.216927086008425,19.113481762693397
87.3648112732763,116.7281571758714,115.71143146072463,109.38923974056561,21.458473418175114,17.576118062005918
87.41479114242577,116.27560829718783,115.28255189917972,109.98548677189022,21.243909106564136,17.15917879586143
87.46477101157524,116.11358030491887,114.42227279650315,109.8225341247788,21.67112758493521,17.246532528816683
87.5147508807247,116.78579466491074,115.23561908984227,109.70479006611265,21.51913195125121,18.679225930701236
87.56473074987419,116.01192643904086,114.75201554932117,110.00634392081467,21.88558348968517,18.493372704945664
87.61471061902365,115.4346403470514,114.72450280665191,109.60926459998673,21.39940866640878,18.03102922484001
87.66469048817312,116.91149741050639,114.61309194885187,110.585957656273,21.420996433162568,17.33983225234303
87.7146703573226,117.07980406565406,116.88717685117274,110.81796566563399,21.80917009553102,19.025616835053416
87.76465022647207,118.1641335526429,119.63045901399111,112.08490755668102,22.061817042836186,18.980587962438733
87.81463009562155,118.25551830736477,119.72715804928382,112.47628295472727,22.405467856863417,20.17045956671429
87.86460996477102,119.27995907562968,118.6469549577588,113.7490029796674,22.410408197051485,18.249055253534568
87.91458983392049,118.9178154686751,118.29387607688362,113.73807731522321,22.331761426547374,19.716846772820098
87.96456970306996,118.18357857914748,116.48022400412955,112.25304436421877,22.43967168960856,18.777481894015803
88.01454957221942,118.65907593907797,116.13234721292032,112.35365204602809,22.256317532525056,18.091438247786215
88.0645294413689,119.39869481963979,116.99873629064244,112.5518147540708,21.960503279276303,17.437772257066975
88.11450931051837,119.97841482570136,116.61662860781296,113.11857499187235,22.487931957873613,17.653603113299205
88.16448917966784,120.23120254354416,117.52067188766173,113.56877966611464,22.257072367016484,17.071058475852002
88.2144690488173,119.77648991579926,117.3558514722187,112.95654563040114,22.375453482493988,17.786261292881097
88.26444891796677,120.4263416729693,118.48866033371948,114.91691434401876,21.98125768271203,17.93322774197871
88.31442878711626,119.34683018888941,117.66479803865334,113.22197242550129,21.95305626576892,18.22045522098353
88.36440865626574,120.23706951642258,118.45470149420477,112.71410963071065,21.99837979037565,19.176982671817637
88.4143885254152,120.13813067936485,118.4130982725652,112.4600691394975,22.081890311907117,18.816073784966065
88.46436839456467,120.08323197644017,118.46966087650752,113.46719192699307,21.928067506092027,18.276382761991556
88.51434826371414,120.55189191138854,119.0898778163901,113.85461335851211,22.009214296150525,18.882626772394033
88.56432813286362,119.75577028127462,119.82314947317845,112.89050329133148,22.013341626387486,19.240028354691116
88.61430800201309,119.57949630455522,118.09882871325253,113.09695465359444,22.269823279128744,19.584046274372316
88.66428787116256,119.5508564121854,119.74354180804742,113.57539117445319,22.44049872274724,20.271996482868143
88.71426774031202,118.75731896823336,119.01683193966258,113.51077071804698,21.914518443953437,19.01175670414417
88.76424760946149,119.21934930622758,119.6907603356857,113.8729949005555,21.878766379188168,19.073222591839848
88.81422747861097,119.54118491656081,119.74733981941819,114.95844551166698,22.13335260558167,19.352742160405136
88.86420734776044,119.20038850528181,119.16433559357982,113.10179535982843,21.735231580253647,18.99378889923986
88.91418721690991,119.89713122859631,119.58218670359851,114.76678948281759,22.847820856833533,19.76910316329323
88.96416708605939,118.88187892780466,117.93819604456915,114.60755170749128,22.395636994937174,18.686694700257018
89.01414695520887,119.39967910958259,117.68945053605799,114.04862484021638,21.9930035520556,18.258341695239853
89.06412682435834,119.32907607081647,116.56908346007505,113.91533783476187,22.121965542445434,17.858601019220917
89.11410669350781,119.22821285973114,115.94056307090817,113.45182379152062,22.324847469606127,17.79755978907537
89.16408656265727,118.9307621927113,115.38071922534118,113.62196506318546,22.474515833617506,17.70217370982325
89.21406643180674,118.19849761390694,114.42613621314474,112.22253200049643,22.35693576153581,17.169991335861905
89.26404630095622,118.78533093865413,115.92822236858247,113.25973668189205,22.235847594281267,17.173145082027297
89.31402617010569,119.08878406387622,116.42956413119354,113.86197166939981,22.231217365305806,17.299841932114916
89.36400603925516,119.10495077166497,115.96958204476626,113.03755782857746,22.385891702976032,17.849431351086825
89.41398590840463,118.92646537391312,116.09231582339613,112.46434840861006,22.30026059670317,17.745653072259334
89.4639657775541,118.54306026742728,116.73782026083515,114.20374314037939,22.79725105471414,18.643817247001174
89.51394564670358,118.62877116394081,116.50531735625164,114.22758465416591,22.129700529402456,17.59476582456957
89.56392551585306,117.96098590244512,116.07137780533198,113.13283424847245,22.396466725699597,18.50944891422864
89.61390538500252,118.2478076489474,116.60536109803304,112.97295613052775,22.24289574000707,18.58326801093723
89.66388525415199,118.59887345185932,118.43667693934884,114.06995359131042,21.85844992020804,18.67201253367931
89.71386512330146,118.36782680429384,117.33771710451612,113.37061525545576,22.188686302757297,18.45442527889365
89.76384499245094,119.01017328996495,117.81602665660009,113.53449598066832,22.112378960929604,18.793135938933172
89.81382486160041,117.87505346926241,116.38994250316078,113.26297220969815,22.520821447716756,19.230498931994465
89.86380473074988,118.38512218118377,117.08718323426613,113.79968045541655,22.218717723909236,18.276562652302072
89.91378459989934,118.50542216951153,117.62578911728151,114.77722081008129,22.585908149397,18.153319104505538
89.96376446904881,116.89815025071654,117.15178511623003,113.6228483308218,22.44403509736675,17.89434760073185
90.0137443381983,116.12177680278862,116.40508703502614,112.09705757260464,22.73652123749262,19.115233272410595
90.06372420734776,116.49227136737184,115.60858191693617,111.92637690671708,21.511755580721527,18.018800469929857
90.11370407649723,117.36815766642935,115.90149529153891,112.55127840651137,22.413239529387976,17.86806062115086
90.1636839456467,117.67545703255321,115.78907954810822,113.58385408861807,22.292619696249638,18.01247863772778
90.21366381479618,117.55273256821341,114.18517445100795,113.11191839536554,21.880833425833593,16.974252674801807
90.26364368394566,116.64827875606053,113.82022026989327,111.96725764533157,22.209287616568716,18.284061179636012
90.31362355309513,116.19552280260659,113.9847172641541,112.09816029259264,22.146305550317678,17.747198131841127
90.3636034222446,116.41739673994725,114.46351977218431,112.41659876790035,22.019396022746363,17.70766340894389
90.41358329139406,116.12638374526111,113.00266414236982,111.46773019664283,21.943857033450346,17.453296922365244
90.46356316054353,116.31850468066793,113.32045943879966,111.85837846907475,22.264982918383584,17.427519225492915
90.51354302969301,116.2973656160597,113.67177113966007,111.99871619163821,22.160820770047838,17.19927195272143
90.56352289884248,116.1986320693942,113.43020074609005,111.89561994121293,22.359254426370867,17.824602146930197
90.61350276799195,116.27644387399212,112.34850481346898,112.78636512500414,21.80144885938835,17.219967937030436
90.66348263714141,116.44986685700904,113.71989070661998,112.45204946711381,22.06520227133423,17.920946589863927
90.71346250629088,115.55700117163039,113.4143939807717,111.6352637542521,21.828978422242212,17.489938388657603
90.76344237544036,116.51575331066628,113.02304198110606,112.36707658071379,21.782699923541845,16.444047037424525
90.81342224458984,116.16025511415596,113.38553012924572,111.70256802111453,22.230261170682677,17.07858362215167
90.86340211373931,116.35815229725776,114.79879833808444,112.20122566206386,22.15916442821437,17.34104301130666
90.91338198288878,116.81851922674676,113.9609093169205,112.84981885280114,22.280224350232,16.29090174539954
90.96336185203826,114.9853759033431,113.18189315187838,110.84171695117954,21.883533469558234,17.097207343820923
91.01334172118773,115.4147191338103,113.11647238472749,111.1728112403864,22.452195198559295,17.690106107229635
91.0633215903372,115.34794674556034,113.28937678729906,111.70074017696926,22.421539699908347,17.25374477327595
91.11330145948666,114.58192045952639,112.83826659207782,111.05520204710197,21.86794749092888,17.012553842680518
91.16328132863613,115.00847710533294,112.4377034854594,111.68371602115548,22.348019193941997,16.976930502843
91.21326119778561,115.07896030729422,112.8329909630671,111.65490679082963,22.17150689010435,19.2486510084704
91.26324106693508,113.86791604555654,111.71739237096548,110.2191733598153,22.502401215082443,18.383602085460403
91.31322093608455,112.7527933584276,109.53489621344282,108.76756342723355,22.706595042273765,17.773189140605947
91.36320080523402,113.14896838443414,109.33205165314733,108.7713033761892,22.05418517694259,17.653627445974166
91.41318067438348,115.42604527956878,109.93216631052542,109.97753854558425,21.65027425374951,16.906565948743218
91.46316054353298,115.69015160652788,110.43971154760021,110.40053248501164,22.251219261749437,16.973408060119088
91.51314041268245,114.88821932731143,109.68746138746342,109.5543081996062,22.138771110806292,17.757006917673568
91.56312028183191,115.82704793777692,110.15186427798464,110.88839576650413,22.40970124220853,18.380939819849498
91.61310015098138,116.67445975710677,111.23671189855443,111.13121996371733,22.113370171792376,17.939523360801022
91.66308002013085,117.3734002857778,111.25501297506163,112.12095475273254,21.86142027341924,16.36677459721974
91.71305988928033,116.90385641687315,109.33856650620295,111.04993820582072,21.648129047725742,15.84897743512362
91.7630397584298,117.15942421128035,110.24123860443639,111.85760632135987,22.35799364076979,16.873045650063194
91.81301962757927,115.88125522848281,108.28898152516413,110.32878046596062,22.581667549586438,16.964093600417186
91.86299949672873,114.99527464424472,106.65293046510948,109.31817748283314,22.075972808793363,16.339671563064627
91.9129793658782,113.79755215951417,106.60599766746819,108.29829417017402,22.070751178169843,17.55971780939201
91.96295923502768,113.71713040081788,107.67536928380649,108.04023603017265,22.480478845464063,18.384468841106884
92.01293910417715,113.0916004780956,106.32282776523557,107.82398672234658,22.17925221566623,16.816194259777063
92.06291897332663,114.31494123682808,106.09832118269694,107.87566480425676,21.98022847257598,15.78437710617636
92.1128988424761,116.19620944211098,108.14935449852617,109.90207157080592,22.717961306845538,16.6006848106593
92.16287871162557,115.15291952975662,106.92784443307976,108.78126827683934,22.18348919281777,16.791677139710234
92.21285858077505,114.88265021521204,106.35938349868985,108.68226654466632,22.718142911504064,16.926254006439013
92.26283844992452,115.99428637710241,106.85132291652798,110.06800819676745,22.50426300608215,15.638769289516317
92.31281831907398,114.39158615726144,106.92518637291701,108.79693500797443,21.80918155936687,16.233512379668813
92.36279818822345,114.60458037989056,106.87328389469893,108.95176290112613,21.56260907781503,15.557367513800536
92.41277805737292,114.08836208561313,105.91695133676612,107.65249134865493,21.832940849739526,15.747523625985712
92.4627579265224,114.7233929342405,106.42926792297736,109.12147798554489,21.562277225084333,15.40403008888555
92.51273779567187,115.8768777470927,107.83685794062106,110.47423304350593,22.134248620952224,15.441749441356075
92.56271766482134,116.62873584070557,107.64424242787997,111.0635744351582,21.685013759602526,15.219407559003981
92.6126975339708,115.3296515895607,107.61959113292566,109.76032581774382,21.535580962844847,16.217356178577248
92.66267740312028,115.91517734635391,108.12511355906673,110.6428406596861,22.073808649297955,16.271743272368727
92.71265727226977,116.04434057416408,108.46156499796298,110.67712245254819,22.238247955417023,16.15072135068565
92.76263714141923,114.69591179588465,107.56020026473891,109.08936800458247,21.82149074140302,16.267837234149983
92.8126170105687,113.64473153194315,107.69764880404014,108.39626085431796,21.881422593983377,16.531024162519852
92.86259687971817,114.28511166235788,108.29883420078818,109.06771824337993,21.89335965234215,16.686195281423444
92.91257674886765,114.77758361883804,108.97880348497833,109.27319418287964,21.934810887076942,16.96843160221456
92.96255661801712,113.80203619001735,108.95647559935992,108.0768548860714,21.45372797012828,17.542162804601695
93.01253648716659,112.74845743489144,108.27744823487342,107.34007354884679,21.599722401852066,18.509629624159977
93.06251635631605,111.33406608859619,107.97805048362,106.10821986530351,21.35979161809284,18.142172663862073
93.11249622546552,111.44457367770741,106.99142350603994,105.3526314545119,20.73427492421689,17.229899697819192
93.162476094615,112.55545739535395,107.38799025127726,106.77225115627557,21.12458347787847,16.680051643609406
93.21245596376447,113.47905303956364,107.43806884806975,106.97322260321576,21.472769359504547,17.564798217096698
93.26243583291394,113.46922384350651,108.4457834255822,107.6722368209858,21.824298569501828,17.69258382340104
93.31241570206342,113.41224083693876,107.92074381588337,107.40663938833266,21.9787869886587,17.71845912224425
93.36239557121289,114.40965285922422,107.86431158120692,108.11007847208852,22.31818905522967,16.967965229681404
93.41237544036237,114.53589653923999,107.2498672740289,108.24843398070468,21.523913160727922,16.225622073281652
93.46235530951184,114.69807018797646,108.33704185118772,108.11979370407107,21.87930057324409,16.591125299496746
93.5123351786613,114.91986713144048,108.77460155144037,108.54391578896114,21.400362106094203,15.873372740032718
93.56231504781077,115.97053485496917,109.52985888894169,109.34950881328012,21.909583404478248,16.77959263919658
93.61229491696024,116.07384897124832,110.32186159152513,109.69403457424147,21.205889757165075,15.95620480085571
93.66227478610972,117.38559154356894,110.56114796636525,111.26908528527784,21.55692152194696,16.709806208943508
93.71225465525919,117.99608931051255,111.25921121785456,112.17306178966241,20.792050554207282,16.000673187271833
93.76223452440865,117.92028202783321,109.28378543034216,110.14059076603546,21.298193068215003,14.49902474571561
93.81221439355812,117.45156204870052,107.54935990182842,110.29978700766326,21.432685941439658,14.564936698776348
93.86219426270759,117.38585075413621,107.88111956490378,110.52143608088129,21.59643838042833,14.516608741394181
93.91217413185707,116.14153218359995,106.13639968370224,109.51394825842671,21.900866163725947,14.163308061446864
93.96215400100655,115.49196890747578,105.89968351953804,108.99169100159406,21.369703699833664,14.5783182417583
94.01213387015602,116.1127016980264,106.45808825314445,109.03219330813326,21.921432945893446,15.012020958311831
94.06211373930549,116.31801215784039,106.78176758143007,109.33571457616789,22.08842940992245,15.630382468921539
94.11209360845496,115.09286025323395,106.18818663339552,109.2169332950453,21.498940178842105,14.238719947989207
94.16207347760444,115.47879219366357,106.8895912297809,109.24310912916015,22.051469752124927,16.058350339586983
94.2120533467539,115.60326136941616,106.49827439568968,108.84691674637746,22.076655808499705,15.151309935189735
94.26203321590337,115.94907887415796,106.89401050667695,109.8461853609803,22.164077135944215,16.268638367959102
94.31201308505284,116.48959848353617,107.59753209779035,110.81018840986367,22.211649723273588,15.766499891960907
94.36199295420232,115.90662553252761,107.41867955235189,109.84628960346926,21.559119672740078,15.291263603923223
94.41197282335179,115.49438603093397,105.70715544392328,109.90198663631197,21.99569419174453,15.636637883789003
94.46195269250126,115.58174550010011,105.15638117708349,109.90214013591884,21.761984128311695,13.922391686760403
94.51193256165072,115.69770833346159,106.55440525671251,109.85559117632744,21.660722904519602,12.848971820607288
94.5619124308002,116.17634275148589,106.91452889789988,109.93392242255601,22.296440989883916,13.873200209778467
94.61189229994969,115.66152348119522,106.3589016586016,109.51472316815573,21.752909997186222,13.791687298785954
94.66187216909915,113.87010761210024,104.53772021196704,108.26180716531617,22.702660210898678,15.073793260320668
94.71185203824862,113.48643822906364,103.80461534321887,107.27343783052063,22.229471656946156,13.602387486178483
94.76183190739809,112.93937501660827,104.40054526917903,106.7088789900945,22.08199183412374,14.657192921705638
94.81181177654756,112.5956757289447,104.29715475450749,105.22713771266992,22.39965568598938,15.934594338244022
94.86179164569704,113.0797899434942,104.92324470685296,105.67382988156966,22.2160292642526,15.38759114746244
94.9117715148465,113.17820176603718,105.15593103122946,105.26100201690127,22.51202900362082,16.0295611621684
94.96175138399597,113.13101449827288,104.90691466889177,106.26308708278347,22.18204857577488,16.501375547328816
95.01173125314544,113.55750765869432,104.80921439725867,106.22764245003447,22.414184152332556,15.454907597247026
95.06171112229491,114.26755616783568,105.28554447886496,106.80296632670078,22.53595965511066,16.708198410353393
95.11169099144439,114.71117996559546,106.74882484445169,106.83595738292016,22.025153959219157,17.260625920577652
95.16167086059386,113.98022742400393,106.51679743512024,106.35156013314864,22.117148090668636,16.61627041153424
95.21165072974334,113.98026552484838,107.48725879440497,106.65558364024945,21.783624793116918,16.68311516808812
95.26163059889281,115.16878570826665,109.01970575055752,107.41774142808207,22.66089678960303,17.06954879010846
95.31161046804228,114.56024836138309,107.27888439775849,106.859900295016,22.249298034551156,16.367815373116645
95.36159033719176,115.4396498173928,108.6865068218553,107.32205426849633,22.141419873819892,16.48379496778078
95.41157020634122,116.46015445199217,107.61715893603885,108.7674116165699,22.303968940976556,16.1737204096532
95.46155007549069,117.05281519755037,107.03041604563002,108.63041484364506,21.98387388089612,15.61783051463179
95.51152994464016,115.53323399134618,105.73768023205733,106.60302590329917,21.952130496826502,14.492463552494328
95.56150981378963,115.74763086574498,104.67397435404332,106.71676961577397,22.04276331402585,13.873429789379362
95.61148968293911,114.57391387171957,102.28539689545133,105.57750853458347,22.141630118813566,14.004748188436077
95.66146955208858,115.30490180494247,102.94777887518755,106.63445516376551,22.92091616009696,14.450769017739992
95.71144942123804,116.04444551890892,103.53038768468713,107.32543003005735,22.433532979465596,14.225880175669271
95.76142929038751,115.43714568639223,102.13830339657054,107.02709418868432,23.063596051022625,13.6500559262794
95.81140915953699,115.54276721423368,103.20147732475587,106.84111799086777,23.310441704663777,14.341304809656751
95.86138902868647,115.62929373916805,104.35393455143434,107.96066926335943,22.63789032204918,13.93690948515394
95.91136889783594,115.26247447290126,103.32060979872682,107.16224519290446,22.004896484676944,12.477441984430014
95.96134876698541,114.55766470996937,103.2572778420204,106.52128630596934,22.479331847080186,13.21708419566107
96.01132863613488,113.17259343513844,103.14611779475098,106.6609159040766,22.370570577259098,14.387115788891615
96.06130850528436,112.68037540189555,103.21696282599831,106.74434499096357,22.48680993876637,13.915600937749186
96.11128837443383,112.69557725693626,103.15495127396254,106.82061041692762,22.435342726503638,13.769610117055343
96.1612682435833,112.87029438138255,103.53425566475711,106.7976819124913,22.31611703631313,13.907743485402172
96.21124811273276,112.36096915767284,103.48803088717344,106.8851963067335,21.996652770493526,14.63087949137679
96.26122798188223,111.57984112877338,101.67316351882995,106.0076996774344,22.60279876074511,15.7562352575966
96.31120785103171,111.09367999209564,101.19608436952853,105.26383330973728,23.081859245656844,15.846731700175672
96.36118772018118,111.51515885798352,101.41117065183859,106.2466538757573,22.761518040959434,16.425540240843464
96.41116758933065,111.79123882449113,102.25496635126024,107.11960601899855,22.572924304156373,15.458260955718302
96.46114745848013,111.14815391533719,102.37745311212585,105.57817284840631,22.463925879620863,14.908692520343875
96.5111273276296,111.37148590498137,102.54407635970237,106.79615671537783,22.585615320223546,16.25316703466603
96.56110719677908,112.03813312197785,102.25653904682017,105.81791863137393,22.797263178082396,14.764315109975138
96.61108706592854,111.55388772912274,101.95829963113775,106.14523679652093,22.26410277684339,15.243289532780162
96.66106693507801,110.58743965570369,102.14729792584508,104.64689848742542,22.36987322876963,14.253342045410694
96.71104680422748,111.50252397888399,102.9307892364333,107.34477559567298,22.607876374624905,16.316807751089332
96.76102667337695,111.78649277442118,104.46496927181225,107.19399849843576,22.449759948063235,16.373072430451256
96.81100654252643,112.07196934109635,104.09953007173763,107.76050216182612,22.69643559737465,16.881147800770155
96.8609864116759,112.7355646898726,104.7110946436996,107.67839038983176,22.527871630030553,16.150795916490804
96.91096628082536,113.5853772792559,103.03397896252038,106.73759387502687,22.108719384573096,13.652303745353455
96.96094614997483,113.81417041641092,102.2116683372596,107.98754281074463,22.173175730381114,14.756654632554044
97.0109260191243,113.72728346057693,101.57088174457664,108.71250334276567,22.426010504278356,14.758899864918492
97.0609058882738,114.38501850961245,100.9851380078408,107.3677666673279,22.68989320092159,14.265001547073547
97.11088575742326,114.59277428001148,100.38295769657512,108.19105382083153,22.446777351092503,13.531916612421917
97.16086562657273,115.54584438708567,100.06951830360514,108.48092415007552,23.467710591680174,14.813956518643673
97.2108454957222,115.95267971130679,101.87542693434771,108.8268954702406,22.45197692398154,14.367921077552998
97.26082536487166,115.30421799122061,101.90850828145719,108.55193212515427,22.35652368401829,14.91176605656813
97.31080523402115,114.44782879662937,102.21135902068748,107.85140875583811,22.251064641218385,15.377985105466875
97.36078510317061,115.69718180329761,104.43653370566268,109.19327374198326,21.98503174354383,15.635112059853665
97.41076497232008,115.66599973675868,103.72557335902685,109.93696904530938,21.92679741493575,17.02897821953396
97.46074484146955,115.0448805851521,104.2485496542546,109.19049822498475,22.03388157953729,17.60013885620378
97.51072471061902,115.06382284790557,104.39960628628675,109.5781051387325,22.332758003509017,17.81540216718757
97.5607045797685,115.94956518919149,104.31862445895622,109.98565648173579,22.11791593689896,17.52948164527358
97.61068444891797,114.74424943811619,103.15441711698291,108.59894469911114,22.450714755055134,18.056957815372904
97.66066431806743,114.0925253261578,103.22892220982418,108.65934523275186,21.865624768194056,17.29975314040941
97.71064418721691,114.11693700986996,102.01411247462778,109.64273251328659,22.29428955047785,17.934961055697947
97.7606240563664,114.94263999104037,102.00704479062951,109.03939846946517,22.66544669985104,17.339457719674712
97.81060392551586,115.35599544591692,102.57387448906566,109.27044209164997,22.536282955202093,16.181435768719975
97.86058379466533,117.1101435277315,103.87868368596017,110.51090196074443,21.68070432417096,15.277453172637141
97.9105636638148,116.00932357815348,101.58303520115138,109.21272309108396,22.216770835181798,15.2976138114482
97.96054353296427,116.26106498592178,102.28247843517717,109.60740799952471,22.823060544309755,16.53046063575598
98.01052340211375,116.4931484428885,102.0928197667839,110.16304682951521,22.786841936110477,16.32499669743066
98.06050327126322,116.48513393719583,101.40877013628217,109.01539164697894,22.829037914750494,15.46333617923898
98.11048314041268,116.11504605807,100.82480516893318,109.45353193216664,22.659834852879012,15.317138349192707
98.16046300956215,115.38089377273393,98.52644688229613,107.67789867745121,22.492220686598884,14.478406169492786
98.21044287871162,114.1539587137036,97.81457113492174,106.84053725450347,22.023617970057355,13.796196928965816
98.2604227478611,113.94898089204527,98.16393282259892,106.69014407235431,22.32845310202156,14.118843821486923
98.31040261701058,113.86856414996622,96.67322754538066,105.49360171501793,22.294444965866365,12.949638882410927
98.36038248616005,114.38452735902175,96.9955224693381,105.49536295650974,21.88205592618389,12.810815990172463
98.41036235530952,114.34717997329882,97.0332142323642,105.43281543400091,22.446353427699783,12.82118534148819
98.46034222445898,114.71311576130286,97.69049420104055,105.29984519184461,22.40041173998078,12.998312663499929
98.51032209360847,114.23996965897375,96.64025115738335,105.09603670421042,22.08740271474775,12.485898508790301
98.56030196275793,114.57420458704625,97.73951398591227,105.5161077229687,22.01019973193767,13.098988345729081
98.6102818319074,114.70121512753308,98.4776655199579,105.03388581576664,22.3173362484338,12.277631955756453
98.66026170105687,114.18789806642695,97.50260768856096,104.9665778760483,22.34925424819125,12.258271831616387
98.71024157020634,114.69377306860713,97.5864042050956,105.84810703192859,23.097707351956736,14.038842131671466
98.76022143935582,114.72501738954028,97.66250337720166,105.90864124052852,23.16018385760998,13.430408782093183
98.81020130850528,114.35123273285517,97.03579719750925,105.64152211649463,23.110797732543794,13.712815555003916
98.86018117765475,113.78070363857388,95.97250980039928,105.33010703800224,22.68785236559516,13.669323846862543
98.91016104680422,113.57790431789041,96.36346841388357,105.23290936767319,22.608491381788294,13.841907950642726
98.9601409159537,113.37974584241076,96.48309908102279,104.75338410767786,23.46409826387414,14.91359892667618
99.01012078510318,113.40891926567745,97.38385721948076,104.89949451527627,23.12190433451081,15.150204803733935
99.06010065425265,113.11531320509768,98.23068290313698,104.98389216643072,22.658607112937204,14.40617877546212
99.11008052340212,113.1322358159175,98.28323073521322,105.6225254496254,23.084241812168365,15.301623633488653
99.16006039255159,112.86719118523001,99.0090820963288,105.43730186600395,23.07890742276805,15.801624344769252
99.21004026170105,112.84020301307358,98.84794274309041,105.49395991180573,23.50575277034971,15.7615587109186
99.26002013085053,113.04786032934007,98.96639557691918,105.97762601773941,23.609703032425717,15.661163246912034
