time_ns,ecd,peptide,linker,hsa
0.0,1.4113091074894659e-06,2.5615141292249362e-06,1.937497044770429e-06,0.0
0.04997986914947156,2.2520990383634154,2.6307359071331646,42.97466311819497,1.2018986686013349
0.09995973829894313,2.0308424782539087,3.5556397016568817,6.004173662909781,1.2983507413903597
0.1499396074484147,2.9695922593555184,5.160751456989802,7.162834290021603,1.5443744466764875
0.19991947659788625,3.8282146481843533,5.940512597211057,7.373617579592237,1.8565622732098692
0.24989934574735784,4.00737014098532,5.7726294676455,6.7343709855308145,1.916562477593431
0.2998792148968294,3.873021334140007,5.4923042566857685,8.560060223802793,1.8265394431765336
0.349859084046301,3.518755303198046,6.094576743939668,6.951961828395244,1.9367609282933722
0.3998389531957725,2.7695337972788256,4.848861373699873,5.277121463518571,1.731985580736633
0.44981882234524406,3.260844229267611,5.399936084681929,8.177553530471645,2.3758502839073965
0.4997986914947157,3.5498570049018383,5.966750218043138,9.580968713941546,2.4744839232481546
0.5497785606441873,3.5373182536479746,6.0633937695983775,8.379832007072356,2.401154811604925
0.5997584297936588,5.288049686592757,7.824429885704868,7.322292536920547,2.2423898551352766
0.6497382989431303,4.198624533570612,7.373916676701526,6.781024112916391,2.4604493940099226
0.699718168092602,4.770840571128656,8.158929259210899,20.541913865669304,2.586101781434104
0.7496980372420735,4.906972088647486,7.785087083410405,19.080407919342,2.6065490665568234
0.799677906391545,5.101686040101007,8.160889162702732,20.13905156609635,2.670982265314999
0.8496577755410166,5.371439486350019,8.738535949810315,20.289896220367844,2.571294625472792
0.8996376446904881,5.590479978182661,8.66818754067924,17.24959881334129,2.321285667689807
0.9496175138399597,4.259113181826978,6.435752224656309,18.31874382400653,2.3606812066413823
0.9995973829894313,4.082119613963371,7.146146752164234,18.560035491651167,2.1618517707208396
1.049577252138903,4.2874836859820595,6.5510652596868795,19.168002081333487,2.1518940374934057
1.0995571212883746,3.851411017911306,5.644108830987284,18.28874913529925,2.5308765076054565
1.149536990437846,3.457639003218176,4.7301033242108925,18.93652174298916,2.743863625736733
1.1995168595873176,3.6275918609146385,4.797881751080067,18.886333478568474,2.619789789877515
1.249496728736789,3.7305595538228413,4.1537315719737675,18.403409212088537,2.751052032492585
1.2994765978862606,3.5377712886229387,3.7150592960163853,18.490108987158983,2.676153640386722
1.3494564670357323,3.664708318278256,4.0425318347231975,18.903937696550496,2.3777719290259793
1.399436336185204,3.672073689372078,4.442907963661214,19.478607830637827,2.4407432400553075
1.4494162053346755,4.119662013699394,4.655331872611596,19.426120228621755,2.437152308687717
1.499396074484147,4.140344789804869,5.506869417397468,20.421178691992242,3.020457230810767
1.5493759436336185,2.8129417413217457,5.970066616142145,19.450371998312193,2.913870016737449
1.59935581278309,2.9166229452768433,7.09491216265255,19.504586671657535,3.4228002305356533
1.6493356819325617,4.297025552407105,7.7013368757271365,20.11616121776387,3.194559117528851
1.6993155510820332,4.29875109006838,7.237243846139221,19.908095108999294,3.2541440973882985
1.7492954202315047,3.857828968692767,7.697687436147191,19.904285571827963,3.1042909551560216
1.7992752893809763,4.766867305561613,8.940808554801684,19.75882575352535,3.4133362378890406
1.849255158530448,4.227174166426423,8.123675736474786,19.34607919991318,3.205295475261853
1.8992350276799195,4.975725592969299,8.142504997983474,19.39523480444228,3.184831638065747
1.9492148968293912,4.6105937972273505,8.057244920538666,19.203848255987776,3.0440100890507544
1.9991947659788627,4.231352333155982,8.051947706223801,18.68058027751273,3.324595459631886
2.049174635128334,3.7957537158112906,8.263231290788728,19.228683840863887,3.3531952142054973
2.099154504277806,3.593999779261964,8.435631993016932,19.31726706789347,3.441474726829116
2.149134373427277,3.7831564703445957,8.534168261311299,18.85860695143514,3.9065225500946723
2.199114242576749,4.2031818216648436,6.882668799527551,19.56419889888276,2.985983081566639
2.24909411172622,4.114360537161683,7.479137708071042,19.489352162347444,2.7521126263050575
2.299073980875692,4.423160217498621,8.385451991740265,20.536450072306067,3.1272705187418355
2.349053850025163,4.810058234342573,9.794534879449403,21.368569006387506,3.351243091823479
2.399033719174635,5.025361913879049,9.500547065237223,20.48899609561793,2.931327709888359
2.449013588324107,5.273022200812705,8.613723573743682,20.459366564337977,3.117332821309543
2.498993457473578,6.317134644788653,8.965648855643648,21.17173852911646,3.127420137771457
2.54897332662305,6.2014881448916634,9.784868032445315,19.75219210247641,3.169765921016957
2.598953195772521,7.199985915870704,9.73144181508953,21.047302870685076,3.5046403771592174
2.648933064921993,7.212876711652679,9.310233749663196,20.876318877753974,3.350032840224839
2.6989129340714646,7.811591691680936,10.051201884662152,20.88010139937127,3.396455393636936
2.748892803220936,7.339757128891065,8.605220028466988,20.684354324455626,3.2735543277015053
2.798872672370408,8.08487061142859,9.1412440063378,21.985036288232216,3.5482348660674914
2.848852541519879,7.73705420161028,9.647775812466865,20.52559308691416,3.2003364708769055
2.898832410669351,7.623248513208749,9.171239176405502,20.32691739390875,3.430569899414569
2.9488122798188225,8.132246309626995,9.623306033421274,20.765671870936995,3.690130975405298
2.998792148968294,8.297234430539374,9.402753115467064,19.79049403947311,3.5721452240893847
3.0487720181177655,7.6266200802243045,9.824154528358346,21.007389808563367,3.480008100984967
3.098751887267237,7.320211195285532,9.332737112090058,20.861198332646566,3.2482647536128746
3.1487317564167085,8.132432881181863,9.837320189590463,21.055909079344072,3.4318051141013073
3.19871162556618,8.566386788543804,9.776357593672879,21.30678786188943,3.546168606042293
3.248691494715652,8.582882322826007,10.625546279891394,20.2871053669587,3.1180264665239505
3.2986713638651235,8.95751409609148,10.873906999236254,20.445730520604158,3.1378105529437517
3.348651233014595,8.80762477679869,10.939082365086822,20.55910929102886,3.162623826153054
3.3986311021640665,8.371151934720322,11.039012204721768,20.17791404745088,3.423200978534322
3.448610971313538,9.19010826900866,12.083727438743573,21.045622226382854,3.6930620019892313
3.4985908404630095,9.059675356592102,11.004319984134751,20.486055080640035,3.3395376136476678
3.5485707096124814,9.009834521940519,11.648890034668247,21.739401775599795,3.313118472387973
3.5985505787619525,8.19268066394898,9.917581258527012,22.353215621274575,3.2676519266918524
3.6485304479114244,8.364102801631669,10.50375976526353,20.812229811993255,3.451190523673116
3.698510317060896,8.956901327334444,10.294825669552594,21.12631584499921,3.6523407736123943
3.7484901862103674,9.000971932434789,10.373969755931954,20.67774601694381,3.641418436133518
3.798470055359839,8.301871381978867,9.338180116250486,20.943167994856008,3.4298759103553653
3.8484499245093104,8.654377823635624,9.811599241505377,20.428994850793565,3.141421066202699
3.8984297936587824,9.288442257191173,9.993910241546304,21.49419965400055,3.7116914087368613
3.9484096628082535,9.03437223971721,10.372502841398877,21.688817941613515,3.610054997866963
3.9983895319577254,9.12956889370924,10.628008144724436,21.08684207871426,3.6297935716176406
4.048369401107197,9.796673447289939,11.042812235651185,22.276736326741894,3.6784183381537967
4.098349270256668,10.369693779763333,10.763232296986601,23.183135156779517,3.546976980367741
4.1483291394061395,10.41560983791155,12.078834396417685,25.722241435411043,3.748670211572904
4.198309008555612,10.406316724085707,11.866722224405411,25.13683741192744,3.8989428961391406
4.248288877705083,10.23375338563519,11.140803942659966,15.689485820186576,3.566564152249196
4.298268746854554,9.95360844087058,10.43518813879375,16.387464110173955,3.406805433801337
4.3482486160040255,9.330222630564993,10.646900004748726,14.516918410863052,3.1811201673682308
4.398228485153498,9.766114485343264,10.467029650855395,14.755138333496463,3.486295035669521
4.448208354302969,10.342208128048608,11.1290547609122,15.540361777743797,3.3404121884300038
4.49818822345244,9.849065456191633,10.933998927266213,14.992466590653267,3.486486628135305
4.548168092601913,9.742569705139479,10.790357564312938,15.369875676531878,3.324361338293614
4.598147961751384,9.663863369121767,11.186282255619481,14.77959831776689,3.804762646090619
4.648127830900855,10.946164550793254,11.932369087225702,14.407657635414326,4.021157509604081
4.698107700050326,11.639160298639823,12.711853230564591,15.814954494404976,3.8102168626503103
4.748087569199799,11.824745508025206,12.34287022189845,14.946766939813804,4.012169567738496
4.79806743834927,13.234080718578484,12.953089266881733,16.932353560955406,4.129207923764909
4.848047307498741,14.165042427419102,13.019072616613085,14.807158294863893,4.097441659193829
4.898027176648214,15.109431401099982,13.523613851885363,14.996183654547615,4.694380007451368
4.948007045797685,16.119732536801198,13.779813401413437,14.723424981339003,4.919718205063272
4.997986914947156,15.469838849767209,13.156458459691507,12.952541599794634,4.583096189232085
5.047966784096628,15.026937439932814,13.874711268169088,25.74384882942672,4.509422943684646
5.0979466532461,15.290385844113263,13.78053128815897,24.88507021571247,4.851676570956824
5.147926522395571,16.267586004630843,15.230011458404269,26.764536597313942,5.136802872092782
5.197906391545042,15.705071486109048,14.717242762550212,24.99957036318074,5.122013461155072
5.247886260694515,16.801548763098467,15.730257304341972,24.6297377722306,5.043728239403803
5.297866129843986,16.952620523472238,15.648773518010534,24.068848315211014,5.25208060557624
5.347845998993457,17.033939229737758,17.04924149211289,24.7617624789602,5.277203178935331
5.397825868142929,16.89516360525875,15.60830148978955,25.037987896770133,5.4124571333659945
5.447805737292401,17.56700399152802,15.774439192568527,24.48741143295914,5.457649376671565
5.497785606441872,16.878519345087092,15.68973166623538,24.839879953398007,5.249194656713778
5.547765475591343,17.84698946300788,16.864966073181158,27.510098834779892,5.597596545109566
5.597745344740816,18.197284627099638,17.235897395697314,27.589643703891376,5.866375720146939
5.647725213890287,18.213924395097337,16.87746850328018,26.805945454134644,6.138598690391109
5.697705083039758,19.093439058730127,17.365525768880918,29.51491538059323,6.373742791194456
5.74768495218923,20.259452740434988,17.670910201749475,28.96685231985253,6.593928369777268
5.797664821338702,19.644122163182224,16.63512023818764,29.955260766566536,6.5022819482753365
5.847644690488173,19.655385248933726,17.49756682338175,29.54905036073596,6.364550065226969
5.897624559637645,19.93788919458018,17.70292157772364,27.311267790088092,6.990045429280504
5.947604428787116,20.500250894148845,18.625534480659635,25.82707424302166,6.924500041863736
5.997584297936588,21.111490195060867,18.84403124178237,24.889149662981644,7.050123193454534
6.047564167086059,21.732527802118522,18.846776914893894,24.07278196923501,7.232071936869587
6.097544036235531,19.907774654729035,17.620299844097026,25.14253784815008,7.154669830345081
6.147523905385003,19.278501399783387,16.632351539028278,24.302076155421627,7.029606540092846
6.197503774534474,20.383161524462523,17.215846982006546,26.00992105952876,7.168159172693033
6.247483643683946,20.64656635957161,17.947941268866593,27.39449024307435,6.917831064360532
6.297463512833417,20.607966574678077,17.870591424526907,25.063126313422917,6.9054031053094125
6.347443381982889,21.12318711266895,18.650376003438048,24.78167121970992,7.2635481947051055
6.39742325113236,21.118408943577734,18.723620727414694,25.28223111909479,7.485201353026598
6.447403120281832,22.4928282759128,19.42286504131486,26.222878850245092,7.59633443108362
6.497382989431304,22.192591947683706,19.58839175529312,25.693949078142513,7.245654439200541
6.547362858580775,22.962957256693567,20.82520173755945,28.334143597847785,7.428290542269116
6.597342727730247,23.168681965064014,20.556691154865064,30.28714630932532,7.328329229034465
6.647322596879718,23.941551566772777,20.796876770149648,30.419073528552435,7.532908276943016
6.69730246602919,24.04750787967735,22.035831024657085,30.617864849612392,7.835173830593592
6.747282335178661,24.130888601021365,21.472795751473967,29.549970305281622,7.981549128145964
6.797262204328133,24.861723661195427,21.29421897074139,35.82221130456324,8.569220627534165
6.847242073477605,25.62736226689617,21.65998406202212,27.812352611859296,8.667903464797444
6.897221942627076,25.883885979911206,21.60212752713627,27.82043614021254,8.97466885121349
6.947201811776548,25.322715201775853,21.023363010430163,27.802585875494636,9.071386277729687
6.997181680926019,25.64700191332281,21.02306419958286,27.30260576057976,9.03017446120924
7.047161550075491,25.242377312350925,22.219687278069543,26.152358472247787,8.764908516076495
7.097141419224963,25.3293507487057,21.50864738881683,25.688138670234455,8.11563206673746
7.147121288374434,25.394962021143712,21.700167888592397,34.78332002809543,8.117479521511475
7.197101157523905,25.71584850990058,21.736990559194442,35.1578107081519,7.838714717174786
7.247081026673377,25.311547171067037,21.202297491409208,33.82572965689595,7.350695103869111
7.297060895822849,25.786779404544095,21.511364507639765,32.38484432088248,7.393302239209943
7.34704076497232,26.26895700953492,22.698379858008987,26.900660900266374,7.566409030200295
7.397020634121792,26.76608860757928,22.948989642244275,25.243387398347732,7.584530494425754
7.447000503271264,25.62458258868105,22.772597703112655,25.938868021992523,7.405462120913646
7.496980372420735,26.77668734873088,22.987561476738254,26.615085837747234,7.914521647792031
7.546960241570206,25.91621168393491,22.788728967869588,33.5323849148232,7.8031969170477655
7.596940110719678,25.30926493006129,22.280490206664084,28.86500122942578,7.735486698012062
7.64691997986915,24.070072206012142,21.706173824650666,30.45106475994456,7.38910628054608
7.696899849018621,25.413810494996955,21.7664843159952,32.86023353954581,7.795015866704203
7.746879718168093,24.92253774219561,22.12866269089587,32.6191878008076,7.81861010326946
7.796859587317565,24.677315981213596,22.106487914393288,31.14985100970165,7.784036001782226
7.846839456467036,24.6151716500628,21.724973936647597,30.7715149376619,7.86227293622606
7.896819325616507,23.854327500304052,21.56088004030672,30.35787837271723,7.672783293918289
7.94679919476598,24.13632267950925,21.788203751346455,31.13547043915676,7.795204035615546
7.996779063915451,23.017200270416247,21.52221898810256,31.12936001273418,7.318091415161398
8.046758933064922,23.235331655200063,21.743634631705707,32.50070699854364,7.190114673002351
8.096738802214395,23.092824579117547,21.79955577339215,31.05309231641392,7.387200261541392
8.146718671363866,22.357095241135003,20.985776793078816,30.739459862946102,7.115162029311345
8.196698540513337,22.75777577457046,21.62159090679172,31.72475723072188,6.898339075318712
8.24667840966281,23.119706357947415,22.19721140596954,32.974348846607576,7.084520551420389
8.296658278812279,23.796931404234677,22.511166486879578,31.590200270938883,7.1775882383647955
8.346638147961752,22.579650426994423,20.153725565939222,32.28175064050506,6.926053824795429
8.396618017111225,22.641027265874918,20.91988549137139,30.56594652438757,7.30691296318749
8.446597886260694,22.315352782989976,20.925781603455867,31.4858099956979,7.6353877224307
8.496577755410167,21.845503769551815,20.907941583917864,30.56797253168446,7.772097322611501
8.54655762455964,22.39663541162011,20.91749814062674,30.305297841582085,7.538941507330756
8.596537493709109,21.991209703534203,20.892819999437474,30.778421216673802,7.759955317807923
8.646517362858582,20.840537144313473,20.938139091089223,31.57639269559717,7.6242904002873955
8.696497232008051,21.005779226423098,20.93547810234992,32.281424382756484,7.925270017426473
8.746477101157524,21.608814265681463,21.359425046031014,34.811531941043405,7.843032189740406
8.796456970306997,21.56378246825054,21.51301933105322,36.206294070018686,7.6317513895537035
8.846436839456466,22.009270460964522,21.809731715099915,36.486504383131525,7.572773639960435
8.896416708605939,22.339213176211555,22.152256627275793,35.47303797533743,8.068402607795084
8.946396577755412,21.573604334980466,21.877633203321228,35.74281045197482,8.2582756801319
8.99637644690488,22.079149180319572,22.363001402107443,35.097586134119744,8.391511608510712
9.046356316054354,22.954056201567912,23.273838961874123,34.78039201935104,8.492884041098229
9.096336185203826,23.568492539668622,22.9539840571839,34.3257673729777,8.690557090217434
9.146316054353296,23.30540502878816,22.81479047984579,33.55401689097789,8.479939982264302
9.196295923502769,23.04741011711889,22.967134548177857,31.091873135521148,8.412319018999517
9.246275792652241,22.68240677339266,22.331238043865863,30.61444235762139,8.504141094925126
9.29625566180171,22.66404673199911,21.546383058426038,30.90023289004463,8.510296946968783
9.346235530951184,22.105897202392427,20.757386975408263,29.518630868309383,8.573943656927383
9.396215400100653,21.953278894167994,20.279531019398654,28.66985021578472,8.594808124295477
9.446195269250126,21.869805666243526,19.45133853292292,26.607044471605665,8.621120778190926
9.496175138399598,22.14869072604499,19.490945738629193,25.623154568655792,8.539151766635694
9.546155007549068,22.753798436729166,20.06483543036698,26.631804462258962,8.674800672371786
9.59613487669854,23.06932835297558,20.499151211040395,25.18551808223137,9.00570097875423
9.646114745848013,21.804794826672257,19.905518710794574,24.552687562247957,8.958671064370648
9.696094614997483,21.725193599960424,19.809351023902853,25.49181906220731,8.828268646768533
9.746074484146956,22.376051935112013,20.813754513339354,26.2165598224669,9.117796323949507
9.796054353296428,21.522097398238973,19.715141579434324,25.596316661124447,8.974683827291692
9.846034222445898,21.630723626006596,19.91457450073397,26.074719023757446,8.838290674287139
9.89601409159537,22.553431323755245,22.01832238351317,25.08076938921495,8.891283502542658
9.945993960744842,21.662876132373928,19.730322518232587,24.22808373068812,8.884793946466203
9.995973829894313,21.214938261314735,18.77549505948625,25.196214811398026,8.89681204514018
10.045953699043785,20.90248773180557,19.036008057352444,26.29488686057425,8.70940753939383
10.095933568193256,21.62935406224204,19.80936292522624,27.788318460088586,8.660120190024749
10.145913437342728,20.57593514275154,19.051369169451256,28.37711753685301,8.838848901177933
10.1958933064922,20.589500145968447,18.746930223828798,30.916484021135286,8.243442840205235
10.24587317564167,19.950885733788223,18.11498107528309,29.37656822744556,8.101604382068846
10.295853044791142,19.418873074641596,18.04980295296705,29.058470644277733,8.173972707471806
10.345832913940615,19.83672932277152,18.3299721674287,29.261602488001824,7.913221464302979
10.395812783090085,20.125069745054557,18.02352717177999,28.963737084433316,8.025649585850923
10.445792652239557,19.416180319676176,17.652493005271012,30.480725394123574,7.588781562151477
10.49577252138903,19.914505770397295,18.053520335319437,32.16438920832687,7.993081274651408
10.5457523905385,19.00066025037776,16.988214792891355,25.61677912529682,7.894775059437825
10.595732259687972,18.78842753394308,17.763299845676414,31.035192910826094,8.15407196126632
10.645712128837443,17.464994353989393,17.745111556085355,28.86130458745215,7.736259445657542
10.695691997986915,17.242087336951425,17.611248572316363,28.3789466457973,7.539450339414678
10.745671867136387,17.066871225821682,17.672224575052457,27.143635122866648,8.067738453492593
10.795651736285858,17.393311623505593,17.698333095194066,30.05758813563989,7.777288040862816
10.84563160543533,16.78249946836149,17.570601465833573,29.736549334297294,7.728151282492174
10.895611474584802,17.70824055721482,18.058065147110348,27.310518375378322,7.925827026772054
10.945591343734273,17.801149644527047,18.543531288699345,28.141177947741525,7.97396731135439
10.995571212883744,18.58996968804881,19.999450480167738,26.921126110180552,8.186014284398023
11.045551082033217,19.56320166723088,20.036097258593745,27.60258524062902,8.059942057321397
11.095530951182687,19.134328482632817,20.43900701951227,26.656120097340803,8.292640644780423
11.14551082033216,20.10477103704447,20.52646060238319,28.876601928161914,8.583267836910606
11.195490689481632,19.691903817326697,21.389304934093605,27.90058082856776,8.38981225094205
11.245470558631101,20.333114567138566,21.497155771885282,29.908208838086825,8.393063562082675
11.295450427780574,19.916860351237762,21.383046899475236,30.233380975741113,8.331599410629408
11.345430296930045,19.603390058182658,20.195181529690196,33.218002606929126,8.421587388986984
11.395410166079516,19.34312148462893,20.30738568056224,33.9356843800583,8.821157014231366
11.44539003522899,18.599128642392692,19.22791961120257,35.07111577252978,8.380474135609777
11.49536990437846,19.00161496269311,19.485305940625675,32.033482106784305,8.495076800895422
11.545349773527931,18.065919121351772,19.62282191798819,31.638184615124207,8.581484010334242
11.595329642677404,18.052755113098414,18.903832529630723,30.0955206418665,8.204868104667916
11.645309511826875,17.909214653728547,19.662281933308037,31.297883706985978,8.43521063153162
11.695289380976346,18.093100746673308,19.757443880351165,32.63111549230106,8.243120764719038
11.74526925012582,17.4627789594935,19.193481566753853,22.953473400193126,7.765202900555679
11.79524911927529,17.940639748308474,19.504717192398676,24.686533671709174,8.07665974436255
11.845228988424761,19.02823778286316,20.327118442143053,25.079951545823846,8.640571150523995
11.895208857574232,19.441514034936784,20.651488008037393,25.67281294913609,7.9845758092813455
11.945188726723703,19.999733198077614,21.236634790679176,25.705545448994652,8.124931806909983
11.995168595873176,19.729131034427898,21.055782648548988,26.538734582495714,8.087839095206373
12.045148465022647,19.56034187685584,21.24450777419996,25.645605304566647,7.633997356396605
12.095128334172118,20.190061169866233,21.82066577455837,25.594321374880735,7.813539921247479
12.145108203321591,19.67029115676202,21.394437083150756,24.658636822396527,7.597674332525053
12.195088072471062,20.459741303738678,21.669801188464017,33.675313943292856,7.932695638077405
12.245067941620533,20.46381059803701,21.631436875984857,32.60013809993619,7.821036159482657
12.295047810770006,20.06775821533248,21.439305773792526,33.52153747632034,7.436713988435042
12.345027679919477,20.87363263625638,22.579258334374185,26.37406129185083,7.4653556670604075
12.395007549068948,21.420432443362117,23.540127354090867,27.099978283614714,7.47160562166644
12.444987418218421,22.019339026048318,23.45759384955796,27.943446538156948,7.796302648698303
12.494967287367892,22.625880035900085,24.027448573617576,35.64929205296344,7.925720222487269
12.544947156517363,22.360697166716662,23.973732830405552,35.60751980540791,7.930137518031465
12.594927025666834,22.484662389354696,24.09907236614038,35.54250516222694,7.823605859926351
12.644906894816305,23.107719596375556,24.326706332995286,35.51467297097189,7.868610079474014
12.694886763965778,22.015892755028254,23.913948273275857,32.687665773185124,7.993361353506544
12.74486663311525,22.003892155713633,23.493512347281694,50.20260783307038,8.020470765450169
12.79484650226472,22.86403731069261,24.293299420125546,30.83636940303303,8.04959991558831
12.844826371414193,22.75121635840257,23.853845299887563,30.60063333929062,8.02406767566092
12.894806240563664,23.60622844255988,25.0532122683371,32.16120098585654,8.305646556273398
12.944786109713135,23.72625700699026,25.274893914848022,33.94681618558796,8.011587833661975
12.994765978862608,23.945192086105255,25.82928165486397,34.79634101101522,8.078729518882632
13.044745848012079,24.56519395932576,25.987078411787632,35.72083092409154,8.185947572837813
13.09472571716155,24.578715429053723,26.71649740633572,50.30901753641935,8.187807481870388
13.144705586311021,24.322230835590815,26.54886338647443,30.714417965469867,8.43150151235174
13.194685455460494,24.293923466142463,26.73973048715775,30.79151810974415,8.514654583723173
13.244665324609965,24.61152051615788,27.19966772223912,29.648578186230974,8.448447779564745
13.294645193759436,25.509324161399288,27.838583411504526,49.81925751358636,8.489205693013398
13.344625062908909,26.628718617908454,28.77087058715774,49.51913365177609,8.831616479597578
13.39460493205838,26.697542868143334,28.54029853703476,47.97460214022639,8.48971041630385
13.444584801207851,26.450181422976414,28.198644673129596,50.88146190535502,8.48940850572449
13.494564670357322,26.09082075620999,28.274771005974877,50.53378037017374,8.773632444829943
13.544544539506795,27.299075932519656,29.408169133708547,48.22305190727049,8.850728246275182
13.594524408656266,25.793190592221404,27.68491585490295,49.471306868807694,9.010837025430195
13.644504277805737,24.06460870076566,27.11163634391379,47.653628315937446,8.945915387876969
13.69448414695521,23.851577374047974,26.60093490945644,48.85540588243594,8.885801183128242
13.744464016104681,23.703854069919227,26.231815679387243,47.74051774664003,8.830444297771917
13.794443885254152,24.069793453411435,26.59637628240635,49.78530565488641,9.047501415683303
13.844423754403623,24.707582739044383,26.805520053278666,33.793533567686914,9.429454758385623
13.894403623553096,24.818245357727136,26.576411630430634,33.553636159893976,9.288345628770635
13.944383492702567,24.25106634210149,26.322795669354633,32.41522425987798,9.48993998644399
13.994363361852038,23.75709760701963,26.576417339359427,31.672410515630627,9.388266896342717
14.04434323100151,24.187564245868337,27.31685947421444,31.76208383869246,9.486834702613118
14.094323100150982,24.29556252474181,26.981851182636913,32.462531991808895,9.612041269848332
14.144302969300453,24.397516806751565,27.683771086034888,32.87261051525289,9.810091339348421
14.194282838449926,24.644502161786352,26.980072304134122,35.420210485970756,9.745418210303173
14.244262707599397,24.952632518822426,27.771206273767508,35.23797453692601,9.578426329260264
14.294242576748868,25.304443942149927,27.931932476697888,35.12184475528038,9.991960640161755
14.344222445898339,25.488179541699395,28.575904676272383,35.694021797925835,10.043063119143284
14.39420231504781,24.524412293867105,27.766281885932788,34.38662265656586,10.109084424947415
14.444182184197283,24.117581066741202,27.1530332010934,33.934231979215284,9.836264781794966
14.494162053346754,24.742256830077984,28.089145210934646,36.02755252085254,9.808723402032202
14.544141922496225,25.507632245928907,29.126163353103575,35.82728487257104,9.899087168570494
14.594121791645698,24.8598247332745,28.42036227042018,35.63240962484176,9.813474124095961
14.644101660795169,25.701131213547022,29.24509884861345,36.07676622104424,10.041301338727383
14.69408152994464,25.40248128093987,27.86670843665969,36.53612699786809,9.423731197312868
14.744061399094113,25.640074590225435,28.0892631421927,36.832443831709845,9.410607215032531
14.794041268243584,25.10397681316255,28.079080080453306,37.23600697292855,9.495947554343237
14.844021137393055,24.47517306806759,27.515195572640838,36.24449138934011,9.362683719621485
14.894001006542528,25.853820052723172,28.918528263140438,35.90193085208919,9.685039917986805
14.943980875691999,37.39517432045182,76.23738886259925,78.1250687957145,5.274269331200158
14.99396074484147,25.31055039504584,28.239672199705264,37.95468595975198,9.917793011066603
15.043940613990943,25.57581746946322,27.80222030831301,37.33705307770597,9.766009672979907
15.093920483140412,25.269323822629914,27.942307657834174,35.976290023630895,9.94448676896908
15.143900352289885,24.23791806560674,27.28499159152023,35.95567935851694,9.98205304720409
15.193880221439356,24.248633158107772,27.664970565929853,36.4223324812559,9.812048092821097
15.243860090588827,24.264339518080636,26.651895055954444,35.64248531354493,9.917481486396003
15.2938399597383,24.557512535776258,26.95157126720504,37.59176175102899,10.06866884578733
15.34381982888777,24.988205096602446,26.334407343836084,38.01590421630811,9.461140354893914
15.393799698037242,25.357829433924202,25.573616712276007,48.827621899026994,9.79346931049836
15.443779567186715,25.606633007213254,25.6366210953734,31.630584908406963,9.576296655485546
15.493759436336186,25.884935998558575,25.312866376193586,37.889645135075305,9.69952950140612
15.543739305485657,25.907677977275682,25.403496320200368,37.563250780505186,9.858474505109083
15.59371917463513,26.600419261981113,26.41068951033492,39.96597066366723,10.06834055261927
15.6436990437846,26.83172868360577,25.724143679802733,39.31320330306396,10.099580378262775
15.693678912934072,26.522701685177058,26.47288460713461,38.85265701159312,10.163355738517982
15.743658782083545,26.999633619833237,26.984357011081602,53.47611508745728,10.632541337779998
15.793638651233014,26.631535444463378,26.93574607168707,51.60128725386147,10.808354964018866
15.843618520382487,27.302402365045335,27.12247412029708,51.591896573370576,11.074340219581007
15.89359838953196,27.597896521028325,26.72903859606532,54.49891863124642,11.186126876219646
15.943578258681429,28.467184820456453,27.820269800485878,53.77100486118458,11.556606878244816
15.993558127830902,28.576881832617282,28.203024216089972,53.94396472917224,11.988030612295601
16.043537996980373,28.727758122436757,28.575386870898228,55.854810034683794,12.044076192554973
16.093517866129844,28.732502034835285,29.68764444609582,42.09165465175056,11.83117126391169
16.143497735279315,28.820856164579514,30.47762379844583,41.7346478857546,11.605439394100992
16.19347760442879,29.097143832203212,30.246597044374656,55.64645271724982,11.572903607146012
16.24345747357826,27.514459464901304,30.411250816904122,54.435736453539235,11.21289453290828
16.29343734272773,26.640789610620285,29.398171527715277,49.796272407192454,11.010166322283977
16.343417211877203,27.504665450559223,29.846828642769747,49.98051708674733,11.130412171833072
16.393397081026674,39.82411474221943,75.33961722386896,83.67062256882406,7.121017267310611
16.443376950176145,40.05652289575419,75.39140714973114,74.77718998958044,7.498194608969892
16.49335681932562,39.950588532915084,75.13070356516624,84.52952977338462,7.244038815888026
16.543336688475087,40.02103656510612,75.6496412563148,83.62903875011966,6.9008402744761375
16.593316557624558,40.490436372684684,75.89920563453411,74.06737030123973,6.848473259654815
16.643296426774032,41.26953298667604,75.57550915716958,73.70470510908635,7.228605342873619
16.693276295923503,41.31716072237515,75.02735118686482,73.6450949247574,7.212411625497313
16.743256165072975,42.07658102458293,74.56419753944266,72.94147840784832,7.394705499820536
16.79323603422245,41.98305395656198,74.11964259606,81.75663294596636,7.570598791967348
16.843215903371917,42.43532302576256,73.92648818463618,81.13810489695162,7.809369933039152
16.893195772521388,42.904311054229105,73.55826954613785,81.36645035015351,8.252187245484258
16.943175641670862,42.409897586773894,73.65871940792384,72.14148205891294,8.17378155628826
16.993155510820333,42.972156267810334,73.94728237364221,73.43841351895612,8.516141436862322
17.043135379969804,42.77048219818303,74.2909938897885,74.38279928738409,8.336983925279094
17.09311524911928,44.01949236232567,73.81855579341052,73.84572417916677,8.812006840501498
17.143095118268747,44.90771307231686,73.16222004972761,72.76114639659208,8.704198603115156
17.193074987418218,44.778910514136086,73.4985033897937,73.17317967201389,8.633634291603098
17.243054856567692,45.13538809816422,75.58082403406442,73.05369586557985,8.327430720855949
17.293034725717163,45.005602300002835,76.55045465520297,72.18186597143203,8.105344421351521
17.343014594866634,45.08441822877921,75.05369213501908,72.21550393146366,8.717842384834325
17.392994464016102,45.005765379909285,75.82378789456517,72.30923166751526,8.409594100156047
17.442974333165576,46.48062151587883,74.73992158718606,71.57570664819397,9.076953534163659
17.492954202315047,46.916844142800905,74.64977723399036,71.04222643789288,9.234716274278822
17.54293407146452,46.60487914444502,74.5186754083822,71.10653951415111,9.056917115168066
17.592913940613993,47.3492059299255,73.65998226105133,70.52578340874256,9.574232664207475
17.642893809763464,47.15408019255123,74.21722964407226,69.42181919073397,9.918881947267542
17.69287367891293,47.4682555877777,74.53524311086848,69.53443059564104,9.836973405946328
17.742853548062406,47.355420768419734,74.76543268355067,67.87121230838027,9.675545659276429
17.792833417211877,47.375298154870016,75.84036774970188,68.32590814771393,8.981611223751532
17.84281328636135,47.646951932093764,75.9539637668594,69.98072633349894,9.139179624984775
17.892793155510823,47.49903127063168,75.7947164809067,70.86638255753618,9.03001846644658
17.942773024660294,48.1004036850511,75.51110799650307,71.49396714385475,9.677674600908134
17.99275289380976,48.2987563683573,75.30162013680469,70.83611461123878,9.8118211662423
18.042732762959236,47.8455678894635,76.051908462997,70.91106930682754,9.655487696759463
18.092712632108707,48.24991624322445,76.22129843782045,70.39616629497715,9.658754813242856
18.14269250125818,48.44933834955831,76.99767832384092,70.67016905958994,9.687168888438983
18.192672370407653,49.17166346294451,76.72002052096646,72.41212774492791,9.876511401957593
18.24265223955712,49.42958167197237,77.06644033169985,72.62986466941527,10.013333152954031
18.29263210870659,49.655104491449826,76.72748860646662,73.34165669444131,10.06843501956817
18.342611977856066,49.534689134911496,76.08729741391419,69.76158013489055,10.099658062059508
18.392591847005537,49.07377939584688,75.89720064838409,69.46764318248837,10.134950280189567
18.44257171615501,49.2308627080068,75.8264898394531,68.58320564291452,10.198640335766061
18.492551585304483,49.42459502569143,76.70280288184085,69.57622838957602,10.215080146459439
18.54253145445395,49.900251626619024,76.65975615297923,73.63634478212737,10.574630796118159
18.59251132360342,50.09136284205181,75.79887915721062,70.60545956417249,10.723569742105015
18.642491192752892,50.04353516082238,75.85326413779055,68.75152317890918,10.545584443261738
18.692471061902367,49.87151047167243,74.6271528859356,69.07569807202172,10.783974692973212
18.742450931051838,50.78515406406466,75.14462855940441,80.54070698203864,11.057952500991
18.792430800201306,50.43919693086265,75.77418789681941,81.22666654947419,10.926323167209139
18.84241066935078,50.63502884402882,75.98730123270833,80.49784314994209,10.650234448607414
18.89239053850025,50.94890440684889,75.24996365891045,71.18791240620473,11.078539896271943
18.942370407649722,51.28383639385164,74.84877310271436,69.73912294056356,11.039587619382011
18.992350276799197,51.16201343545374,75.76307321408378,69.5322972525875,10.924825855296579
19.042330145948668,50.94335263598854,75.35495101856003,72.32652653837181,10.96050172685504
19.092310015098136,51.42048303024583,75.07270468997864,72.5839762981892,11.065886469823946
19.14228988424761,51.4941822238419,75.8259263610702,69.76974369237098,11.221859825709636
19.19226975339708,51.21191518444026,75.52600741197107,70.3341340811137,11.432096751553892
19.242249622546552,50.70503066455694,76.21770586264897,69.5063730995335,11.255349273442993
19.292229491696027,50.44040461724197,76.37391458113946,70.57886201277944,11.012718258990306
19.342209360845498,50.872199918348535,75.76659337626042,70.6039386722463,11.218009313703687
19.392189229994965,51.15619688876279,75.47960811271685,79.99464309894954,11.138872649569022
19.44216909914444,50.46545587701452,75.58702112155055,81.5204804408366,11.278762638903727
19.49214896829391,50.25118953361344,75.36519005486466,73.93854086789261,11.225596948519478
19.542128837443382,49.493211334585794,75.14436114718595,82.62101647776335,11.314302859252773
19.592108706592857,49.834146131110245,75.47861112623553,81.32860228648819,11.609011342840246
19.642088575742324,49.70177703446299,76.15140088420954,80.3377951760411,11.58270852836351
19.692068444891795,50.23322781920863,77.50280961880979,80.4233778657142,11.818038498187775
19.74204831404127,49.908939436711336,77.66165386972185,79.75204165145458,11.542225537213444
19.79202818319074,49.28909650908883,78.26318262688922,78.62429184088573,11.665714942203483
19.842008052340212,49.46035363583544,76.62199264645365,78.38959330877651,12.134132328681682
19.891987921489683,50.40035915147324,76.48775683550537,76.53494682855094,12.68765038159977
19.941967790639154,49.57108051970444,76.30177684518442,75.45017871894073,12.700979207603957
19.991947659788625,50.23416466987235,76.90560997785734,76.3740288061753,12.634868422735698
20.041927528938096,49.670205749718484,77.67878068126942,77.4132101448628,12.894106628259939
20.09190739808757,49.141417206087596,77.87955854304957,77.73157532379646,12.890661251183312
20.141887267237042,47.85844215950459,77.63565920629884,78.50485251303041,12.759367805218606
20.191867136386513,46.845238704859014,77.54711584702018,77.21304160668478,12.770991646908767
20.241847005535984,46.95714573432905,77.31955311380277,77.77323022004674,12.735557188862858
20.291826874685455,46.857082179182484,77.78111299021998,76.48205442740002,13.026387336557903
20.341806743834926,47.430409335802686,78.4358348592922,76.26778369051141,13.076957927421805
20.3917866129844,47.085537905454466,78.2092404588684,78.74890656290957,13.202096494454178
20.441766482133872,47.34020318570956,78.93958484232655,78.20543443167524,13.079502286226766
20.49174635128334,47.97529517159424,79.07811023417268,77.67149396227727,12.948376360453183
20.541726220432814,47.76366073716339,78.66233901605881,81.86571548380057,12.70080685399566
20.591706089582285,48.7343564564307,78.83408793075593,80.17234254904987,12.630938420970448
20.641685958731756,49.193952688507835,77.90083938190926,81.40210277082514,12.813990709618636
20.69166582788123,49.53029865993505,79.02642050439732,79.9296393426073,12.631340471832797
20.7416456970307,38.62444771192519,28.411081779229384,51.45965947517841,15.687960912402177
20.79162556618017,39.24084358217448,28.80263996489257,50.79305089301885,16.133646144050974
20.841605435329644,50.434852596556546,80.11977580937709,77.63822539018831,13.457307153354549
20.891585304479115,50.75124583746696,79.47432677286412,78.45706125946796,13.839729730157755
20.941565173628586,50.604356183280956,79.51472173590042,78.26107291736271,14.058255512585168
20.99154504277806,49.98049547738198,79.61619917863041,76.90879194646146,13.828232758323058
21.04152491192753,50.98144051529062,80.19477973864439,74.82751795708946,13.859474869672889
21.091504781077,39.82438526188106,29.20652247800237,48.903996703425875,17.297750913702433
21.14148465022647,39.04067130958682,29.19004145560916,48.783032631340134,17.241227231526658
21.191464519375945,50.358046912125374,78.9959825285705,75.18600059069124,14.21164042629256
21.241444388525416,38.939043698183234,29.52250254934205,47.60301021943033,17.526781270887763
21.291424257674887,38.57758333942687,29.294468624424702,47.157123665123855,17.0070849171205
21.341404126824358,39.07547415687819,28.945334265402703,45.95535186885958,17.039850623648732
21.39138399597383,38.70503579369957,28.28004711475582,46.33298703077964,16.898120051922493
21.4413638651233,38.74245548773454,28.542853593440235,45.48368373484883,17.19396785287358
21.491343734272775,38.25485740714959,28.385139425900427,45.60188415024883,17.248282449768528
21.541323603422246,39.18088055336381,28.774184154912394,46.934734536529014,17.56214621961507
21.591303472571717,39.81360838368601,29.799543740455594,47.18923105111672,17.527810720735815
21.641283341721188,39.33583920645353,29.431029539935945,45.95192483605981,17.96330594604164
21.69126321087066,39.419622997654066,28.888995048952893,45.471504906404945,17.920833518283
21.74124308002013,39.84751547704105,29.164390408372597,45.2027431224719,17.98261732948272
21.791222949169605,39.685044818602336,29.40301468131826,45.76704051517563,17.54650427281028
21.841202818319076,40.5669109561426,28.34138254961811,45.57905914964832,17.82335018037627
21.891182687468547,40.90004832130391,29.14884714614435,44.61585703866021,17.863953213070488
21.941162556618018,40.713965722150455,28.61002785289887,43.884658473678385,17.757362322301855
21.99114242576749,41.283145050394246,29.0940899913818,44.99741849786061,17.86784765733099
22.04112229491696,41.917545769810296,28.97572649367711,44.996620734822216,17.965656886371207
22.091102164066434,42.2702545723791,28.501145375533994,44.97293443415109,18.224041062110857
22.141082033215906,42.92571450403892,28.900378371904072,45.41967195849912,17.967424989024583
22.191061902365373,43.12011423673779,29.025772258375294,44.86130986834837,17.96494067624051
22.241041771514848,43.10960298945926,27.99775353832198,45.326285047511014,17.396759811919075
22.29102164066432,42.89167358903949,28.912997027305977,45.769846032292364,17.175882529196528
22.34100150981379,41.379559982589825,28.184201120242104,44.83771733354855,16.86977931480558
22.390981378963264,41.15644855141511,28.24244839578937,45.444861796812184,16.421339630227543
22.440961248112735,41.98230932491579,28.329765707868148,45.935995277079726,16.974015411842796
22.490941117262203,41.693880279947784,28.24955282966142,46.01929753960131,17.05678406844459
22.540920986411674,41.270504172502406,28.039183352080087,45.83577721256282,16.862661530995233
22.59090085556115,40.226378450701716,27.710674915232946,47.12309285071784,16.816162389698334
22.64088072471062,40.45536709546411,27.676282670634517,47.18632813578745,16.185438875006955
22.69086059386009,40.31459464757117,27.42401701261831,53.29354441677157,15.93289707560608
22.740840463009565,40.43798686828057,28.10951713940148,47.961692119605125,15.80886775260395
22.790820332159033,40.712716807716156,27.518248927988672,53.05493901298994,15.83386745326459
22.840800201308504,41.102518577633994,27.61665283846284,52.72485802120449,15.44910984178259
22.89078007045798,41.92319148354012,27.589658114386477,46.65090179428876,15.563965800355145
22.94075993960745,40.75499706780162,27.639317004870236,48.7875496712603,15.246640338146108
22.99073980875692,39.96677934127628,27.69016936693317,53.24264806906913,15.132633538425205
23.04071967790639,39.477165024284716,26.85848916816135,48.555364924131524,15.01827553010696
23.090699547055863,39.840946301841676,26.262193080020946,42.82102786700622,14.940462671029106
23.140679416205334,40.38007539271494,26.197010184125087,43.33734290323185,15.129399356609646
23.19065928535481,39.49660470548009,25.969020889417873,42.37134332855532,14.493308103581235
23.24063915450428,39.78394592946066,25.913805332085854,41.86202270100838,14.728088265035106
23.29061902365375,39.36918203950026,25.245393256794227,41.35489975124623,14.706799925152914
23.34059889280322,39.816273999304926,25.8434175651635,40.55515810818971,14.849343561750917
23.390578761952693,40.03834648774276,25.72349521529183,42.075931168424326,14.924719024134722
23.440558631102164,40.4949976139268,25.799390559363164,41.220339028369935,14.755620763328865
23.49053850025164,40.24572905476359,25.41928348366227,40.82661395194669,14.979074157711812
23.54051836940111,40.504232069662024,25.557272751477132,47.653670631115496,14.5215703458273
23.59049823855058,40.683761975291596,26.287043979428184,46.45205038405698,14.568079545292106
23.64047810770005,40.90556409396409,25.607137316285886,46.68715438398287,14.296926738323954
23.690457976849522,41.17726157202994,26.34404844677869,41.29363724246174,14.255154419628619
23.740437845998994,42.21962515827057,26.723757412854514,48.099971169362405,14.426204991259954
23.790417715148465,42.19880885555202,26.759220816633057,42.3264371195829,13.903357209808384
23.84039758429794,42.440381198682054,26.532130388289456,43.07102382868137,14.404730812833808
23.890377453447407,42.4013015309081,26.739140226083364,42.438722788011006,13.954572813636323
23.940357322596878,42.000844731203266,25.973766689434637,43.39924747037538,14.156923356044812
23.990337191746352,42.43061514367509,26.49392179674669,42.548163767582125,14.012743937995317
24.040317060895823,42.35522247445546,26.729260073531023,42.26445970281811,14.47789574620373
24.090296930045294,42.67283011813195,26.18826913440524,43.93430382041318,14.38070739741303
24.14027679919477,42.74358433857671,26.09045983836367,50.75905132192037,14.280528457004657
24.190256668344237,43.261827056267784,25.64593036930408,45.38344529494326,14.439926611946708
24.240236537493708,42.488971540547595,25.77901398995789,44.732589748391185,14.545207155475293
24.290216406643182,41.56566174029909,24.637980826036404,42.9765149930872,14.533549001625655
24.340196275792653,41.810813197685285,24.783497374654818,44.16072239753657,14.846241699252765
24.390176144942124,41.941382685471524,25.18503246633893,43.302383774690654,14.90487095131945
24.4401560140916,42.09195937919334,25.01825766528756,43.457085284890326,14.781034975778717
24.490135883241066,42.64331566376998,25.47287916750185,44.684503983221354,14.915506908850526
24.540115752390538,43.21535745855819,26.08917734538367,45.785116826890665,14.698792301860095
24.590095621540012,43.65773155480099,26.14412699934797,46.59363991135146,15.159477387603467
24.640075490689483,43.039787743367384,25.599119368156384,45.32555180217228,15.08019700420269
24.690055359838954,43.405968245196384,24.96616128502378,43.28922753220171,15.240662766250388
24.740035228988425,43.438352777538874,24.23217774128001,42.116918841782635,15.115572268859454
24.790015098137896,43.46325809521826,24.326184289112554,42.49490579386944,14.867770583645076
24.839994967287367,43.6904048910229,23.72790250554428,41.415233312560325,14.841942753299664
24.889974836436842,43.49230642502828,23.654235342539124,47.367690307644935,14.539577820978073
24.939954705586313,43.41973666350358,23.888812170160225,40.708626099899206,14.83156448432439
24.989934574735784,42.94831736587829,23.488147042282446,38.84011482846593,14.784504129617495
25.03991444388525,43.16128906665596,23.250534085290145,39.571895364960014,14.905704496854929
25.089894313034726,42.75209404569461,23.123177827894615,44.802212470631424,15.168349013121794
25.139874182184197,42.78081483496827,23.500696414349523,43.9759329050882,14.724293729111507
25.18985405133367,42.59469694065243,23.152585401038902,42.95862678942566,14.750853922376715
25.239833920483143,42.68250027045848,23.951251385804774,44.209372286537565,14.894944164187718
25.28981378963261,43.580324109140705,24.391357931589848,46.5095815015017,14.881643779877246
25.33979365878208,43.11013997153564,23.534585136891412,45.181879494249145,14.88801678210405
25.389773527931556,43.14648208041573,23.556505704375713,43.772467520586225,14.666683372732129
25.439753397081027,43.50521878661561,23.27609702806781,43.98879035956084,14.922723690200357
25.4897332662305,43.1726157702088,22.68580924863147,43.08562566017724,15.322195181180701
25.539713135379973,42.583725985605206,22.669257379702383,44.41244404155108,15.125601085386686
25.58969300452944,41.77763863178779,22.927219900444996,42.87010332307695,14.896851152639828
25.63967287367891,41.91329816282328,22.38304790333378,44.144707812608466,15.21621775406514
25.689652742828386,42.33300284499223,23.006739145266923,45.267018263059555,15.022332221259461
25.739632611977857,41.748988620105244,22.517675166714092,46.60512045995633,14.838194174184864
25.789612481127328,42.85929485954178,22.826486686945604,46.90976259554437,14.936702946559626
25.839592350276803,43.40581901518476,23.18048126116957,46.411786747380255,14.617554539999302
25.88957221942627,42.873266882963364,22.882822748350076,47.19183688396403,14.864907133089298
25.93955208857574,42.295311753298556,22.7112129031412,48.16439807107803,14.946380460146374
25.989531957725216,41.325043085837855,22.80207349026261,45.61729913674062,14.592819190994417
26.039511826874687,41.5009362182859,22.744086778630646,43.967385171989946,14.375799540614516
26.089491696024158,41.376485615023505,22.99471522486931,45.577346073697065,14.410385068803373
26.139471565173633,41.794381141933655,22.69168463770684,47.01017559867053,15.017375021246226
26.1894514343231,42.33107734860153,22.687395810472356,47.19579066800417,15.21048941701141
26.23943130347257,41.699552556215046,22.675555653482924,47.92354421991767,14.739994321052803
26.289411172622042,41.122720258024046,22.91256128822802,46.13137299414172,14.272178250361383
26.339391041771517,41.317984740524714,22.45326597969434,47.70748313953289,14.51226589347577
26.389370910920988,41.47166425166014,23.123093183645373,48.13802141413928,14.498926612878767
26.439350780070455,41.5671223036624,23.001726663626588,48.34713126108858,14.632904837657305
26.48933064921993,41.78711162609278,23.249158106498147,49.0982435594824,14.753300678246168
26.5393105183694,42.30199092201817,23.139647732258712,45.57007735685607,15.085824888195438
26.589290387518872,41.723807833551426,23.00651182295703,46.63243435567649,14.626637139352722
26.639270256668347,40.96046950659827,23.080581994414352,46.48240262358087,14.249975503983656
26.689250125817818,41.44847404350578,23.176850045937044,45.87037464442875,14.519680152267433
26.739229994967285,40.865329010365244,23.191636738723073,46.10252382399745,14.173270728118434
26.78920986411676,42.29709883111643,23.367987622390004,49.418579053286365,14.089162847816715
26.83918973326623,41.96626922298548,22.897190449370417,48.778771430163275,14.045300701840752
26.889169602415702,41.89266920279392,23.131801311625892,48.30085850103807,13.947686946803708
26.939149471565177,42.62348832264634,23.159409265441347,47.374902590978664,14.131565425982288
26.989129340714644,42.14984344281273,22.690698281072432,46.32203692786283,13.771410942647256
27.039109209864115,41.72276239462489,22.6340482381253,45.334942518289395,13.379402902193084
27.08908907901359,41.21780334405679,23.542459101295606,43.5065892004535,12.747248664375492
27.13906894816306,41.56969475036891,23.494714538715485,43.23731363410223,12.96208741096152
27.189048817312532,41.27406815171529,23.485726834150814,40.74696042708948,12.979687065911683
27.239028686462007,40.83545409041873,23.600434418076915,38.47581520012765,12.869692903730742
27.289008555611474,40.30999203851709,23.998536646451573,40.83018744770915,12.308981603394246
27.338988424760945,39.556013245853855,23.679618816839184,39.8980956178988,12.407709332077303
27.38896829391042,38.91107163832011,23.093594535591553,38.81612082086944,12.251378235333746
27.43894816305989,39.14230881447628,22.860540479940802,44.88178449184351,12.922217333544946
27.488928032209362,39.24594863890509,22.639812139017923,45.462989395742134,12.70962566330993
27.538907901358833,39.5983300316167,21.979186618866258,38.02003378560478,13.390650086357015
27.588887770508304,39.58734357226173,22.595825130644457,39.4592106601897,13.530645817890894
27.638867639657775,39.40190819600588,21.82292089909044,38.06436635298112,13.674384646449452
27.688847508807246,38.92845852873146,21.933055424302506,37.74200340747834,13.4894178499929
27.73882737795672,39.060203369903235,21.73340271217097,37.860469728876375,13.514590373734814
27.78880724710619,38.388011674119305,22.338696746639187,37.37690025607293,13.384439997610839
27.83878711625566,38.95602259285928,22.44819296146052,37.17031348162056,13.509942625669282
27.888766985405134,39.55121770036816,22.252505498026444,36.75348528272498,13.687448729893548
27.938746854554605,39.862802324332506,22.761645110253365,38.019554487653245,13.851538954045544
27.988726723704076,39.56912974312854,22.630694953973453,38.02762044865663,14.244674901237547
28.03870659285355,39.72258981812561,22.599883550994782,36.72410071451655,13.882406639080694
28.08868646200302,40.204112122228125,22.593728065584603,38.007701411164994,13.484971233505922
28.13866633115249,39.97402693089382,23.029733268990046,37.316984127285664,13.266034146906943
28.188646200301964,39.91533316767961,23.813495896429682,37.832201445444994,12.439636492275902
28.238626069451435,39.17864556690491,23.595994046534674,35.45072230456454,12.519543431331014
28.288605938600906,40.357361087024486,23.45279992457954,35.669573249759594,12.802446488839813
28.33858580775038,40.473796480374695,23.027367538029612,35.1940575473251,12.610361359748023
28.38856567689985,39.889165537400046,23.60997025891314,34.01300014228553,12.425977335247119
28.43854554604932,39.93089294526174,23.9094056483953,35.34405380494444,12.297326683048183
28.488525415198794,40.20426331443043,23.886853573563382,35.616891590607864,12.487425040701645
28.538505284348265,41.01409817875584,24.081802572698987,36.455960784334664,12.92295173588605
28.588485153497736,40.29920533270792,23.962491921158623,36.7280312776707,12.844876814749455
28.63846502264721,40.09242234105431,23.85234498026471,35.82222351676787,12.784479893751412
28.688444891796678,40.338805956432765,23.952893734090125,36.57259719206039,12.937622707413647
28.73842476094615,40.42834515868134,24.33053662121166,37.05950775766385,12.864670842811913
28.78840463009562,40.47629164727135,24.812062971638337,36.9921950184363,12.889475073114907
28.838384499245095,40.380356681099286,24.97314237878906,36.0614284610621,13.194005530179668
28.888364368394566,40.54761473015592,24.813125166144697,37.05450208131832,13.472308819083935
28.938344237544037,40.48697059949095,24.998635673009378,36.33991379773752,13.660253025375479
28.988324106693508,40.85183383541028,24.514725704098293,36.12830407955238,14.227453247839664
29.03830397584298,41.85088880200938,25.000412464910223,35.9568900190784,14.666345010672094
29.08828384499245,41.68795194907884,24.783527918512483,36.64614271439913,14.769789456984297
29.138263714141925,41.49073865308016,25.13687741474251,37.63275114232578,14.648359990811539
29.188243583291396,41.84733782826308,24.375800684765004,37.18172067052999,14.710828431023424
29.238223452440867,42.61757464038835,23.798312797833432,37.73461232408083,15.251898398749075
29.288203321590338,41.82483376603684,24.269507434696976,38.185240653368105,14.749893309774803
29.33818319073981,41.757847679339044,24.397596914616155,35.84639535411709,14.730871337515135
29.38816305988928,42.61566057814416,24.538219874183994,35.56344176627879,15.154885268781351
29.438142929038754,42.39802690515342,24.73970148178557,34.66498641642526,15.357048985276027
29.488122798188225,42.19999608564222,24.44497794858046,35.16207643316084,15.71521375344321
29.538102667337693,42.23852794671307,24.484969924791518,33.99566194553765,15.319812687210959
29.588082536487168,42.29350947596917,24.413598185989454,34.65945657291645,15.683038607937638
29.63806240563664,42.52859722932197,24.94991013078641,34.6424735152654,15.214739804345667
29.68804227478611,42.32331186736513,24.57676370072745,34.84487952869829,15.420572132412106
29.738022143935584,42.441201050777764,24.441019309578905,35.296338616232205,15.62511064145957
29.788002013085055,42.725089307144884,24.64025235001524,36.367425946840164,15.535269176813417
29.837981882234523,43.17421731257337,24.637265825972367,36.32678119407568,15.666553617928606
29.887961751383997,42.857929743183824,24.93941063832548,35.70560678353879,15.756603932315548
29.93794162053347,42.49698801878352,24.764356315319866,35.79825047580133,15.655401607761316
29.98792148968294,42.36529179685114,24.635873103734536,37.21696784856008,15.592092346565119
30.037901358832414,42.5071005913293,24.67618353957998,37.35164542076605,15.691082994254648
30.087881227981885,42.50551456072024,24.633210055541124,37.15785228513878,15.998447406904535
30.137861097131353,42.85224459353949,24.870022151570726,36.82503083426244,15.86267247463513
30.187840966280824,43.255257803912585,25.13332566320793,38.59471540847212,16.134621870674174
30.2378208354303,43.192168739201584,24.980122663870517,38.457395671068085,15.975723499655244
30.28780070457977,42.58360074596223,24.80717259928855,38.83185556405217,15.739760141566265
30.33778057372924,42.113373530576006,24.816233846424456,39.99791498372399,15.882208637544027
30.38776044287871,42.13491166074796,25.158187796967326,41.08358967096062,15.697712487339555
30.437740312028183,41.987245840646665,24.476967066073836,43.47901985285293,15.621234340779193
30.487720181177654,41.3736921839322,24.75031989807422,44.03830214249269,15.497874943698768
30.53770005032713,40.58951972365501,24.69832288297132,43.279422266421356,15.303868347081774
30.5876799194766,40.47877649291871,24.920425366847354,57.8210736086312,15.320298471531547
30.63765978862607,40.400305324166645,24.581973486729662,43.45175596979547,15.345736360006432
30.68763965777554,39.843313801178205,24.54895327877577,43.06195658343595,15.565404124298034
30.737619526925013,40.102679129537634,24.88465774246354,44.83713744394187,15.826070503725012
30.787599396074484,39.97429886094273,24.485895166404806,45.25247542072544,15.760907004534328
30.837579265223958,40.10919059910279,24.645324340494195,56.296675561237734,15.481594986083413
30.88755913437343,39.894041399181226,23.549137238876533,51.67755648204956,15.44087054214962
30.9375390035229,39.35301837623564,23.639572341107055,39.36158358993629,15.019543063715647
30.98751887267237,38.90109245748645,23.861397137254446,37.024830172338156,14.879005661857496
31.037498741821842,39.466311376067644,24.3902078767797,37.24834202736582,14.782222703611597
31.087478610971313,38.70877492405295,24.59145331175952,34.545460383743816,14.65223684911099
31.137458480120788,37.95491056093279,24.866270824170776,35.92191285893272,14.273173898240398
31.18743834927026,38.43333395851117,25.378865360004472,37.14005366967562,14.480607967432457
31.237418218419727,38.19477327092095,24.894027291659867,52.45658950849028,14.505926450032467
31.2873980875692,38.26542323716353,25.089783161860474,51.692077572816565,14.528347540851293
31.337377956718672,38.70627592532647,24.376653023676646,50.58945254352254,14.466919018529532
31.387357825868143,39.17879691606793,24.551627856789647,50.364590745106156,14.886704282491454
31.437337695017614,39.41020716607392,25.046219022387678,52.1534792955341,14.910319253870076
31.48731756416709,39.88743980658646,25.18874038865358,51.77657275292633,15.008381069775096
31.537297433316557,39.860902740141114,25.737258626194397,51.61192597127344,14.78539970464796
31.587277302466028,40.18078946808973,25.16445531500097,51.8102772095848,14.878742532590838
31.637257171615502,40.02433797890285,25.71335674183904,51.9505128297856,14.498933295595767
31.687237040764973,39.720646887137114,26.028080348868247,53.16326560639728,14.162294587210598
31.737216909914444,39.56492106635372,26.108661929456378,50.743749101518944,14.344432147778116
31.78719677906392,40.332238032612395,26.247952806673986,51.10681144338683,14.374327995002979
31.837176648213386,40.19785154692568,26.236355188941996,46.65723036953355,14.143787827374904
31.887156517362857,40.52967035070677,26.43572105478995,47.0223231403571,14.553875330296144
31.937136386512332,40.114363016497364,26.17371741735466,46.521809374562864,14.546261362318353
31.987116255661803,40.08586697018447,25.850805187593892,49.88665998686303,14.977191461809374
32.03709612481127,40.44089332492711,26.1024877138752,48.9972787467531,15.12664261571338
32.087075993960745,40.40422837078717,26.090060397393184,42.4520695267312,15.382927903221566
32.13705586311022,41.01623281332526,26.024286411007797,47.788652944848124,15.507170164577087
32.18703573225969,40.78671143702661,26.077580747965246,45.337311291612494,15.164947040491851
32.23701560140916,41.33879300687742,25.577376624712077,48.216564236576495,15.150540337715634
32.28699547055863,41.29817388425188,24.623633502119635,48.401525791220685,15.550372229543068
32.336975339708104,41.717765778017615,24.568868603392772,46.733224406121494,15.74962055178567
32.38695520885758,41.83356696242728,24.72569685815856,39.25643668385871,15.587731792185522
32.436935078007046,41.824822245197275,25.0905399573834,37.632633618160774,15.761994336747247
32.48691494715652,41.63884522769075,25.68021664521455,35.50748366523416,16.177255577326164
32.53689481630599,42.23645326848273,26.001577035629094,44.506877660164314,16.676999311674646
32.58687468545546,41.505758972771375,26.667769444552388,36.249295555277826,16.523955219723522
32.63685455460493,41.17389371111913,26.943982400423632,37.25436709368489,15.991611723778075
32.686834423754405,40.563382718140666,27.118481823393946,37.88972542621927,16.336810604968175
32.73681429290388,40.78260968618177,28.042470936050083,38.62661014616163,15.859610162745648
32.78679416205335,41.8777365358424,27.152493477022087,46.12338353003841,16.33031280150745
32.836774031202815,42.27768392009143,26.135568477375145,39.68433926741615,16.307409364097932
32.88675390035229,42.61713325867921,26.256357999154066,39.608822675189046,16.346067812841635
32.936733769501764,43.06814407160542,26.542555744093548,41.0565792220214,16.339567015263935
32.98671363865124,43.932812598376316,25.82719967422332,41.378880550006656,16.979603476065357
33.036693507800706,43.42494137279852,26.171663760278946,48.735168480041935,17.020188403704026
33.08667337695017,42.9743932279192,25.813242743546386,40.99780213807809,16.898228973492447
33.13665324609965,42.8753830597492,25.319227017419493,48.834566739849464,17.040915206970844
33.186633115249116,43.05415767971744,25.675141388311044,49.95401933488248,17.110086247288226
33.2366129843986,42.949551127776765,25.58908395774047,48.265294012786654,16.74691524137026
33.286592853548065,43.079040425197626,25.01459632704263,48.706325188307304,16.73206688008532
33.33657272269754,43.23645442054721,24.574221831419038,41.16148684371575,16.853605843908053
33.38655259184701,42.49920074677227,24.903520912818124,42.54541818091975,16.448219908162066
33.436532460996474,42.26253016309002,25.04394376248146,46.70238045742958,16.753349040091603
33.48651233014595,42.027651606030005,24.694156564054808,47.50726281786762,16.29534475613498
33.53649219929542,42.38921817765808,24.87205035460092,45.89539566617325,16.599704813844586
33.5864720684449,42.65295534736308,25.669535332058274,45.19198807194403,16.820835047160593
33.636451937594366,42.00131470352824,26.699643528258143,45.95102434130384,16.549598532058514
33.68643180674383,42.0689532380219,26.475307772787122,44.73619777090957,16.498570886446316
33.73641167589331,41.694615501627425,26.259172105885515,43.994014851465415,16.808353605645866
33.786391545042775,41.39644679251048,26.413035315766958,43.93069513352622,17.037753689729588
33.83637141419225,41.322460453392786,26.345755087141946,41.77146576942396,17.414846425720512
33.886351283341725,41.63815233861364,26.144590542036443,42.331555342886105,17.02119822940137
33.93633115249119,41.26154311606737,25.861444430852828,42.99609107606557,17.6789579845042
33.98631102164067,41.34520553704301,27.721092254225592,43.6623900948935,17.917184849943123
34.036290890790134,41.76514426093777,27.75931118580724,44.731149125490916,17.49780527633243
34.08627075993961,42.145049238614426,27.171779241055674,45.396346498922505,17.668731233019976
34.136250629089076,41.983750063683864,26.717947653532896,44.435960786407655,17.346821218538192
34.18623049823856,42.412452349380615,26.8550357358212,44.52353519273125,17.778334766728605
34.236210367388026,42.840494937524106,26.57178445916743,45.021276965350474,17.859927519224822
34.28619023653749,41.948278253357145,26.658250597561302,44.566277269006555,17.80808916668361
34.33617010568697,41.38314573029279,26.860925852550025,44.55190873881881,17.85768594871489
34.386149974836435,40.951274200132914,27.30158041171775,44.92419753070273,18.170518991127672
34.43612984398591,40.92020076018846,27.207937498528246,44.727594735735714,17.99688874793758
34.486109713135384,40.99608320669132,27.555038964072214,43.913446848124536,18.136581696417174
34.53608958228485,40.80009797314398,27.456432978602216,43.25097474964352,18.12465884181824
34.58606945143433,41.60041043167133,26.8211638122369,44.184695779055794,17.989562996665747
34.636049320583794,42.24524208574558,26.66238187932504,44.61420293465737,18.051053246858586
34.68602918973327,41.970503168463765,26.804853715492023,43.65867912396522,17.448882307975744
34.736009058882736,41.56626946662035,26.533632969537436,44.267411622941886,17.23490148089854
34.785988928032204,41.020098472075524,26.213732112826012,45.321187978488815,16.96816187815265
34.835968797181685,41.254513870621764,25.323710372719713,45.004472089292264,16.640319684521383
34.88594866633115,40.96799449600714,25.17595901385083,43.832581416476046,16.455830077944455
34.93592853548063,40.679655759473555,24.89030179060903,44.22164165780241,16.250655332244182
34.985908404630095,40.7404449981039,24.3409450252569,44.01547604627898,16.357999944936928
35.03588827377956,40.52766491258369,24.767140664813127,44.12555787261785,16.312694528105435
35.08586814292904,40.77013552483653,25.094121756918277,43.93563332476636,16.352237838753105
35.13584801207851,40.35328372423881,25.336780872441913,45.08825019770223,16.082264809265755
35.185827881227986,39.98002307454791,25.282504397696997,46.577659575772884,15.840441108492042
35.235807750377454,39.387530232411244,25.361334070073386,45.665100726825514,15.467146580278945
35.28578761952693,39.11996912669921,24.831468482783528,45.894474680301066,15.276385987749826
35.335767488676396,39.907462530384336,25.068998572947955,45.66399466835607,15.403571316196658
35.38574735782586,40.07285590031246,25.729059019074878,44.974204237607466,16.01128117780232
35.435727226975345,39.61009623484847,26.235526769234777,44.79746480977192,15.883640753898964
35.48570709612481,39.774222999917626,26.30975376474644,44.87344390240569,16.025652128629712
35.53568696527429,39.80796990866602,26.003790251052042,44.35326533543717,16.268033952539533
35.585666834423755,39.25753928753378,26.275600834583525,44.13239957856381,16.311035041486626
35.63564670357322,39.08067342084069,26.563748913984938,43.16733838269704,16.239250590351382
35.6856265727227,38.75457033223579,27.041379229871602,42.679480520524166,16.07021030548129
35.73560644187217,39.307221235144084,27.689798815606732,42.25939665422229,16.4235445443421
35.785586311021646,39.360910398832026,27.675372697022283,42.72869740821407,16.45343725037105
35.835566180171114,39.759290111119384,27.218280564405827,43.06904498215414,16.804571395631598
35.88554604932059,40.204257993125196,26.884352589378732,42.803318569321604,16.57687095012605
35.935525918470056,39.82144238622638,26.908938970650226,41.949613054569184,16.548728381031264
35.98550578761952,40.28045195665462,26.85127779756512,41.83343835807277,16.740300706815564
36.035485656769,40.441184613977164,26.18975355548447,44.00999418728347,16.61990359041673
36.08546552591847,41.263416933711476,25.8235132416223,45.16837908494363,16.77793372871735
36.13544539506795,40.794614363604396,26.32048880817588,44.15352022019791,16.87795422384629
36.185425264217415,41.27247150935497,26.815953164788816,44.887111380618535,17.098031672331416
36.23540513336688,41.08013868214272,27.190359083103978,44.43141770901627,17.04864252239443
36.28538500251636,41.249222863295664,27.341947350877458,44.37234590121748,16.990254916001756
36.335364871665824,41.702194651492604,27.729851707345365,43.688994563293555,17.40105785321046
36.385344740815306,41.92074526584783,27.4540330761125,43.27612926001909,16.965847130313417
36.43532460996477,42.21092696497507,27.329999820322268,44.026894567142534,17.154702234996495
36.48530447911424,41.44633933292234,28.24862539555096,43.819820959339594,17.328441306906893
36.535284348263716,41.883892450515276,27.968148416788814,42.77639469075992,17.61887726651784
36.58526421741318,41.82174689717046,27.361830273418573,44.547132984222685,17.579609986940714
36.63524408656266,42.75372879960041,27.714219789259786,46.192680104293174,18.103175996045298
36.68522395571213,42.72545759920601,27.159616399235407,46.673979463389145,18.033030067431312
36.73520382486161,42.66801438588858,27.608823192805588,46.27643595752681,18.05361005438955
36.785183694011074,42.475138304650855,27.23030428477553,45.33700471566671,18.05101299625368
36.83516356316054,42.00797909807893,27.852587335698015,45.57678009890782,17.71064621380006
36.88514343231002,41.57470192421683,27.87322142194788,44.796615102484594,17.68661620950366
36.935123301459484,42.444753397424165,28.129692038775683,45.80892124929525,17.54058394076335
36.985103170608966,41.83549650899261,27.96260676439541,44.345709745844296,17.143797963987698
37.03508303975843,42.627773622656804,28.397052074667204,43.312812966224186,17.41069009721726
37.0850629089079,42.387183029129844,27.33924588551563,43.171671588034194,17.799575950984227
37.135042778057375,42.64871685343243,27.173053368375456,44.44182021889066,18.05947044868251
37.18502264720684,42.8086636300489,27.34927840600372,44.67043313822331,17.840710060438735
37.23500251635632,42.471994064176634,26.62426841639634,43.86211510554363,17.734382660158314
37.284982385505785,41.980868366327805,26.70671342084809,44.14050294544884,17.878529286245925
37.33496225465526,42.64171402807763,25.752854583023165,44.24940172166757,18.076593764660483
37.384942123804734,42.47937037918272,26.009610242734997,43.370771005384505,17.792512691719914
37.4349219929542,42.58294657435323,25.592691890738706,43.80301008228274,18.197643437963322
37.484901862103676,42.144728662685345,25.89366072827823,44.01323567344427,18.323102939406308
37.534881731253144,42.21598630678087,25.738021793280527,43.723029790705944,18.73574150989124
37.58486160040261,42.11421378975703,26.042200914261095,43.64874039985693,18.467440040057582
37.63484146955209,42.867972238233904,25.096442307279364,43.981705450308056,18.814940167224787
37.68482133870156,42.99592563061831,24.779281792668005,44.083075986465815,19.098265352213918
37.734801207851035,43.19781068540566,24.725909438721224,44.09962760359305,18.867025194759357
37.7847810770005,43.22346280185649,24.857811306239416,44.37232167938938,19.17165171423744
37.83476094614998,43.09333704705129,24.432959612415665,43.857716874897484,18.66482478388678
37.884740815299445,43.35915141563376,24.346293613623377,43.76856355257747,18.814543095984874
37.93472068444892,43.81728983385705,24.77860111867693,44.837301194232595,19.07079881247648
37.984700553598394,44.482224917968615,24.68012042905888,45.503997579201,19.659428148833452
38.03468042274786,45.11224303626161,24.028508904232538,46.696635258515684,19.53247143027394
38.084660291897336,45.08149064064001,24.202872185866337,47.229745469684694,19.408383318928013
38.1346401610468,44.25434409105716,24.494827138715408,45.958249376906274,18.822850020194178
38.18462003019627,44.33335546885619,24.065927609973173,45.58190424235252,18.87367816563924
38.23459989934575,44.02343356849184,24.348646845422618,45.44251539231713,18.77205503859721
38.28457976849522,44.444078295438764,23.752695743338876,45.13570705495519,18.934628014584607
38.334559637644695,44.16323778163956,23.815136967407796,45.40464605618476,18.584458586198455
38.38453950679416,43.57361206204347,23.977199868168782,45.80023772753366,17.917160859722497
38.43451937594363,43.4668662348992,23.958787793647858,46.010185919051786,18.56907861249369
38.484499245093104,43.3140284721356,24.738032685549765,46.38810294691363,18.561933740799738
38.53447911424257,43.87772938405112,24.5149574521378,46.47359943832145,18.336673348263794
38.584458983392054,43.53149430061141,24.439627926443247,46.425536989777775,18.22205317808388
38.63443885254152,43.536154750742206,24.9166456252861,46.584276905055695,18.078487042379024
38.684418721690996,43.59735036296475,24.717477848654067,46.91477482862128,17.98460289805481
38.73439859084046,43.67524093814207,25.136236318557664,46.5100691470113,17.851475113025042
38.78437845998993,43.45361563368937,25.02919827714268,45.99222264504229,17.751797865122054
38.834358329139405,43.59829916710932,25.43581015152242,45.798627959208325,17.993732484112943
38.88433819828888,44.63693753690388,26.082954628930064,47.057042347747924,17.91577424480005
38.934318067438355,44.205628672062915,26.10411592713148,46.6758732843705,18.275442287254933
38.98429793658782,44.09394105355623,26.19214984121041,47.3150522188058,18.114784284270648
39.03427780573729,44.083076181554844,26.258402806151146,48.358876998698214,18.176616701056968
39.084257674886764,44.32396950112655,26.126689378872612,48.00528331495119,18.403998347094493
39.13423754403623,44.63546212491845,25.993441570666878,47.981259960545586,17.906637130828173
39.18421741318571,44.36275131746498,25.185298631000872,47.36630173254612,18.42965300736171
39.23419728233518,44.66106244365895,25.489002130841598,49.09107279136965,18.46222855983441
39.28417715148465,44.600973752226935,25.29173200363603,48.40376859610312,18.600860686333153
39.33415702063412,45.10010591605711,25.533323334765115,47.678891294055205,18.61948335013196
39.38413688978359,44.64324224421758,25.21450192850998,47.77816458904882,18.373318576515835
39.434116758933065,44.27897237287927,25.535001965066662,47.743009564132365,18.507598101381184
39.48409662808254,44.08559258272058,25.52615487261845,48.29235945091819,18.38339790141278
39.534076497232014,43.79180365709062,25.27394406659844,48.271186027978416,18.208191561695052
39.58405636638148,44.13489895063167,25.121364365198154,48.09038179801051,18.201518626678272
39.63403623553095,44.19439546134228,24.356047461277623,49.314089621084136,18.466084895044332
39.684016104680424,43.905917404215145,24.47118083470588,47.99738569293145,18.339584555049022
39.73399597382989,45.40989861198115,24.953983143928355,49.24824830610656,18.108818717882617
39.783975842979366,45.08058223142894,25.34565525790986,49.30271034017679,18.316129647541317
39.83395571212884,45.13759820478898,25.384856229483475,48.98868688561364,18.870370678340585
39.88393558127831,45.09189644541809,25.64643246377675,48.937098587417935,19.043514258797277
39.93391545042778,44.78266853803662,25.865276322889056,48.50942546930805,18.681089742439113
39.98389531957725,44.61798963379367,25.553300024706346,48.25306268160863,18.331230635156295
40.033875188726725,43.849224439881894,25.237827589532017,47.992431862882874,18.184036669827965
40.08385505787619,43.66286020332728,25.71361607851393,47.94648794781988,18.461776226808063
40.13383492702567,42.987808598163134,25.825500427708324,47.94678188373817,18.122696952575556
40.18381479617514,42.62413497090238,26.301830777789533,48.05986155168217,18.327814352499498
40.23379466532461,42.94301621169721,26.51977868557765,48.47309972029051,18.73350456137778
40.283774534474084,43.59772782926526,26.968428455370958,48.698531557733894,18.65925801735712
40.33375440362355,43.44372193653613,26.16019710662524,48.74192257123414,18.664144276987468
40.383734272773026,43.49195927807231,26.227330431068797,48.096037010528214,18.645094785002343
40.4337141419225,44.50724220004206,25.85481861940314,48.43614313315647,18.829447234505793
40.48369401107197,44.80097811780646,25.258019238603605,48.06345612219053,19.372421737483833
40.53367388022144,44.61161181533673,24.755009629219824,46.90869903718873,19.262702289341323
40.58365374937091,44.41150310321689,25.05928906995091,47.40967199204096,19.315323171183717
40.633633618520385,45.30014630255969,24.95881737247687,47.57079522661459,19.025234776295576
40.68361348766985,45.10641047318095,24.793542277169305,47.42726434626669,19.10155443428827
40.73359335681933,45.46158506366062,25.073064628018628,47.77668098059951,19.50666306933081
40.7835732259688,44.80800031050344,25.083747119237582,46.83749005018992,19.39798953180266
40.83355309511827,44.93193222293276,24.709602571211995,46.49358106106068,19.608647177046034
40.883532964267744,44.41708862320522,24.313290174454878,46.02114963265434,19.386010129576363
40.93351283341721,43.60536437727311,24.511022350533363,45.30999025336784,19.258302985926356
40.98349270256668,43.82204599512457,23.870623863696046,45.449870692516264,19.74041519897543
41.03347257171615,43.59162705675467,23.933609625723378,45.60176017809443,19.789827209895897
41.08345244086563,43.16401184597916,23.485069102407557,46.141271354836014,19.943080731133456
41.1334323100151,43.89221646753977,24.00595090877589,46.51005960654159,20.325593663252498
41.18341217916457,43.504800374380316,24.072906573606133,46.28929607302032,20.43847698291915
41.233392048314045,43.47220450182399,24.550290630993448,46.392429598374996,20.243858712271876
41.28337191746351,44.11942178530246,24.225520074598407,46.08322620229678,20.351180826086395
41.33335178661298,44.08707186734482,24.126977019617946,46.37691208721999,20.222825818173874
41.38333165576246,43.47294610446404,24.3808026677535,46.293979172077464,20.21187329752706
41.43331152491193,42.34515730076902,24.446052024275126,46.73751433911871,20.01908629799029
41.4832913940614,42.81368709659942,23.817284876294437,47.44703660444099,20.307293101331076
41.53327126321087,42.27559357659562,24.330686446891534,47.60141377287931,20.722893022672647
41.58325113236034,41.9974637733028,24.52796365565407,47.115751348694985,20.11183947863903
41.63323100150981,41.55843471211847,25.12390731091499,46.672073219586096,20.021054066472328
41.68321087065929,41.63909850974584,25.221188326481837,46.793201613008975,20.357509508050164
41.73319073980876,41.889116467464426,25.285760379710432,47.53675230698254,20.4088073528778
41.78317060895823,42.09272979701947,24.946609469206738,47.502151670202814,20.20334290350129
41.8331504781077,41.46108445095147,25.734608521044436,48.11183044252521,19.931837499189328
41.88313034725717,41.54564544781266,25.38151761561294,47.618278246843126,20.249301813838176
41.93311021640664,40.766515353311036,24.841436445363712,47.0547646309523,20.03491811366357
41.98309008555612,40.44748769028141,25.786048745713916,46.69578153571888,20.100280484223312
42.03306995470559,40.31254504542888,25.686763010823373,46.86063984715124,20.011385281685616
42.08304982385506,40.052284249639264,25.214829393693854,47.936213165473234,19.450107057971035
42.13302969300453,40.0532943762717,25.29619231770493,48.21445605968646,19.38986358798758
42.183009562154,40.02533269863401,25.78807320601854,46.31580455103583,19.395075829019348
42.23298943130347,40.553631600935766,26.437090825000894,46.02638197770671,19.235663173453798
42.28296930045294,40.76507336333735,26.67165860285207,47.35948259845053,19.298361923522947
42.33294916960242,40.54585970363569,27.07863440369033,46.423347336816505,19.05295304949838
42.38292903875189,40.317418923287455,26.85611343960845,45.959734984125575,19.167191581436473
42.43290890790136,40.400180071531686,26.76544692587838,44.37010774689327,19.36338804556205
42.48288877705083,40.59994073766872,26.44491436492267,44.04568701297276,19.563165267940924
42.5328686462003,40.289160728227536,26.434566189707,44.15217324277271,19.466297154685922
42.582848515349774,39.70227996438486,25.724450617554552,42.95192266259519,18.98811143363285
42.63282838449925,40.056477524436396,26.222769528765863,42.981987649349485,19.11940355230308
42.682808253648716,40.673602179280735,26.18113633743841,43.91999494497911,19.353193303366595
42.73278812279819,40.388890973119565,26.760733630182447,44.123295667251405,19.756572592544927
42.78276799194766,40.6280849768337,26.551651450790985,44.22053231195145,20.00590357747212
42.83274786109713,40.2537896088655,26.95218874173419,43.5704839531149,20.180938673591513
42.8827277302466,40.79300670237537,27.75935493577456,46.00891291687776,20.301620883509354
42.93270759939608,40.11990678230926,27.832974682423526,45.27412220785631,20.296820010945442
42.98268746854555,40.12354524855328,27.030621528809213,46.274733463998956,20.23149632335092
43.03266733769502,40.05692245394887,28.126166775432964,45.53836873083106,19.985995842711
43.08264720684449,39.90569265644896,27.31498199058645,44.245370909629905,19.675257133867802
43.13262707599396,40.45811439009548,26.744202234117584,44.89461159052642,19.413970006454974
43.182606945143434,40.30947629424479,27.47441525935234,45.03672341064107,19.52841282253299
43.23258681429291,40.7065193534195,27.66583425014674,45.10854429513012,19.679294825576385
43.282566683442376,40.13529892227648,28.508744249641097,45.07839031956637,19.706996278089598
43.33254655259185,40.65888240248617,28.20165475620084,44.19484789539262,19.890224299263227
43.38252642174132,40.77831163700521,28.226622870340922,44.543965571787396,20.146352931190876
43.43250629089079,41.33648321636317,28.51379712525116,44.42657519885372,20.54314406341018
43.48248616004026,40.694171874818196,28.134702958266395,45.08040480324177,19.789694200669587
43.53246602918973,39.95367653607519,27.818659986590294,45.391009162075875,19.717908103591952
43.58244589833921,40.481875664881564,27.861120443486005,44.891104755327255,20.195605447722958
43.63242576748868,40.536732220683234,28.114171347629593,45.52210512415673,20.40814031889569
43.68240563663815,40.21463571521846,28.125325003170204,45.34262386005508,20.109457627535342
43.73238550578762,40.41996531793628,28.23398786982284,45.63349686714095,19.93708292111877
43.78236537493709,40.84273566445673,27.870174583406037,45.56416089344182,20.03756349622661
43.83234524408656,40.858253931584905,28.0625362193815,45.53452803493134,20.42230765692316
43.882325113236035,40.42546640226966,26.928821730889254,43.69274255816416,19.80065270341941
43.93230498238551,40.734151961577595,26.35451910661252,44.54598813125673,19.998261381706342
43.98228485153498,40.33719795373268,27.362956909906092,44.260080150021544,19.615748206774832
44.03226472068445,40.65000129644502,26.903518250461048,43.1789163740204,19.884803526557675
44.08224458983392,41.092752029635434,26.06437766756473,44.43699883299572,20.096050799799404
44.13222445898339,41.3250551771716,25.913117455888127,43.75445834939854,19.870928297172437
44.18220432813287,41.6409235626812,25.433829286392548,44.06080871733812,19.878679628937867
44.232184197282336,41.95125607955027,25.870007215107858,44.07477357762762,20.012555886324957
44.28216406643181,42.797680682886444,25.66556264987989,44.86116072024392,20.089110570736157
44.33214393558128,42.75264906008759,26.22433254408262,45.538079869367124,19.768947789655996
44.382123804730746,43.11369839906833,25.93000914680861,45.1092707502904,20.08944099572604
44.43210367388022,43.50697718082238,25.30738406610746,45.56366925925115,20.05687395018118
44.482083543029695,43.33380680375933,25.886651656024522,45.30712967098196,20.078110043409218
44.53206341217917,43.08002524337018,26.642045773516013,45.61640257635365,19.822686076275044
44.58204328132864,42.88106720626344,26.469950982401848,44.1896267638786,19.581000528979775
44.63202315047811,42.26779115687658,27.86281517383276,44.9308559205838,19.575325833667904
44.68200301962758,41.812943574845974,27.686268411435126,44.275345197546535,19.34472699752469
44.73198288877705,41.64811460081054,28.548782397382517,44.033550534528594,19.2590406816403
44.78196275792653,40.92634123865215,28.15878927782723,44.63069225649468,19.135607642621913
44.831942627075996,41.0604678313612,28.750998580056883,44.836880675991196,18.95810165631097
44.88192249622547,41.23021878086774,28.300645230663367,43.64353420679805,19.368207786373137
44.93190236537494,40.9412339188877,28.131072691992067,44.23516141005502,19.057970167548252
44.981882234524406,41.1145996385028,28.16714423650127,43.70226884682872,19.093358104561645
45.03186210367388,41.20719094657788,27.566892066439312,43.161056170739926,19.43420736410819
45.08184197282335,41.740790397095935,27.373149736040343,44.72867630095352,19.347400340281116
45.13182184197283,41.16157319332893,28.17223644057647,43.88347110140943,19.456291206969162
45.1818017111223,40.8394748889328,29.456468094793404,43.78550512716915,19.434453957695197
45.231781580271765,40.40697604554429,29.309166529597217,44.01069178312943,19.36949855715677
45.28176144942124,40.6509011389292,29.166099357546347,45.104967474337016,19.22060369155334
45.33174131857071,40.90247559867788,29.29887115137157,45.58063626048149,19.157890340926603
45.38172118772018,41.2258858135691,28.88186668843478,45.91522677116198,18.940245847674753
45.431701056869656,41.47027058979472,28.954494632676578,45.4355801922965,18.80690729393283
45.48168092601913,42.009601848092295,28.52447928473919,45.95914287751368,19.101541605438996
45.5316607951686,42.245676747467996,28.81188115499245,46.7776509831483,19.11659115323031
45.581640664318066,42.20424873992286,28.582722462101803,46.53705397863335,19.116806800143713
45.63162053346754,42.70005382285143,28.297405170020117,47.217190489928505,19.171392487437316
45.68160040261701,43.43562661280123,27.537371743768862,47.88846082848213,19.605997043196197
45.73158027176649,42.956530912187674,27.096089443097668,46.710762349505615,19.881330414565173
45.78156014091596,42.96153012001689,27.226192299263833,43.51998478230768,19.840740878067578
45.831540010065424,42.45566318425811,27.186539732684047,42.28478459335596,19.6846207165295
45.8815198792149,42.28084281156841,26.610107978217954,42.743445955079544,19.57713489219425
45.93149974836437,42.06596007421156,27.54853139820931,41.58014079933623,19.316984889313282
45.98147961751384,41.88806255301254,26.924444612967132,42.28618290519216,19.066004793704938
46.031459486663316,41.99984037792255,27.530842002219117,44.19550316053956,19.048518768402882
46.08143935581278,41.702011359900084,27.592590078656052,43.7445413695371,18.91802906631588
46.13141922496226,41.32618195769651,27.680453447427144,44.38581478145726,18.870091849719895
46.181399094111725,41.246218556020686,28.399803531214033,40.09159912352693,18.96271723274814
46.2313789632612,40.919787385293866,29.21058926600779,41.88819449276892,18.73891148215572
46.28135883241067,40.864644965314554,28.627768464483403,44.0872958335325,18.642642774202873
46.33133870156014,41.31693016418372,29.150742770622205,43.42555626368558,18.761410988941183
46.38131857070962,41.731651718297684,29.241920552933934,45.46190775944095,19.054916589833674
46.431298439859084,41.27006437825646,28.861577228492628,46.962291774155645,18.473576714308983
46.48127830900856,41.34411239349799,29.28728362143177,46.83423725102388,18.441848381736495
46.531258178158026,41.77320099269481,29.27928206209157,47.094167889985755,18.736232733847913
46.5812380473075,42.14477983701758,29.290231002780207,47.24827063928425,18.668380223260943
46.63121791645697,41.77012347640222,28.808614094380953,47.36860468222491,19.023734035073577
46.68119778560644,41.62249584576212,29.921403101377212,46.13500736453445,18.94467247568965
46.73117765475592,41.81255971007482,29.72635257544708,47.29541122219452,19.030036976893328
46.781157523905385,41.15650699108181,29.780984130154305,46.44174703586785,18.75524276679585
46.83113739305486,40.87601358137332,29.288385649838997,50.531385234723516,19.189447516154747
46.88111726220433,41.456508631215996,28.90462336689349,45.107437930146304,19.18198964465257
46.931097131353795,40.91601901485104,29.31226216338601,42.77310540963375,19.038661393437966
46.98107700050328,40.82682954932979,29.87019515380717,43.9531828300451,18.89560480189025
47.031056869652744,41.13637506403923,29.13272365660457,43.32798945165329,18.858228161551988
47.08103673880222,41.833753998877384,29.222379237116268,40.55070358202061,18.99177401300783
47.131016607951686,42.28671456947192,28.03651459997067,40.5004540013907,18.41994326722857
47.18099647710116,42.33350129742674,28.012263083547854,40.608702185333456,18.537635703278173
47.23097634625063,42.00402209228688,28.487873121957072,39.22934408016319,18.599910505365003
47.2809562154001,41.64385893799846,28.28969358795163,39.86807374300326,18.779718716090088
47.33093608454958,41.78026889941168,28.517472563723707,41.031158367499216,18.62888972133657
47.380915953699045,42.26815167227418,28.828492060202567,42.45594614518257,18.38470158621419
47.43089582284852,41.86020201215312,28.712051599073785,40.91976951495442,18.4049800641666
47.48087569199799,42.34726873869184,28.58319111155914,40.78293473414399,18.5182448582372
47.530855561147455,42.40766656481728,28.797186256258744,39.66788110015724,18.717526899471288
47.58083543029693,42.83767923742182,29.204496184097668,40.69998166629479,19.38901578264514
47.630815299446404,42.76253127532761,30.023283070973143,40.61776869383298,19.854216442966422
47.68079516859588,42.98600624313074,30.604095102819674,40.20297365060545,20.100963740569103
47.730775037745346,42.8121471025947,30.318884041305896,40.815311316839136,20.0479422535917
47.78075490689481,42.99698458542805,29.82171831144018,40.336425243780454,20.031431662157186
47.83073477604429,42.672790140038394,29.016921437156523,40.58689673669309,19.955032773787682
47.880714645193756,42.20847565645168,29.358065533311922,41.482322564409706,20.019312855143035
47.93069451434324,42.06713937429263,29.084614869303703,41.6403943938285,20.10552904395088
47.980674383492705,42.37998784980702,28.737084908085485,41.89898625620039,20.43507719941843
48.03065425264218,41.76118262696459,29.18563605747145,42.49227896065386,20.516695678522698
48.08063412179165,41.513417831159984,28.576716959274858,40.57553990361253,20.093143898511137
48.130613990941114,42.446057589062434,29.26826823056245,42.00781554422489,20.845393704726117
48.18059386009059,41.978801241376054,29.8958994134656,41.09616665226333,21.113566583260685
48.230573729240064,41.62592699457055,29.858609143532284,41.427687264125176,20.566232238282698
48.28055359838954,41.674599905098674,29.54953253209096,41.473880217665815,20.47882123082542
48.330533467539006,41.804960098622956,29.21710077654948,41.214336678038904,20.5396047437829
48.38051333668847,41.79888863546841,29.218334477286405,41.002325533857885,20.577554632170703
48.43049320583795,41.76472121384742,28.870461831642217,41.47557595039637,20.401275128735325
48.480473074987415,41.45501532251215,29.99882141705602,42.458203909353784,20.014280578510842
48.5304529441369,42.03360297813564,28.77031512590246,44.49403557509778,20.019481244804037
48.580432813286365,42.063740109994015,27.264436789426313,45.678834355339426,19.903266064212218
48.63041268243583,42.234707566036406,27.48450150194255,45.29860273928756,20.44857689294509
48.68039255158531,42.86512879159647,27.11167339896601,46.33429009095253,20.73149598831479
48.730372420734774,42.85578747164616,27.156296932643524,44.355486938548,20.88310096236796
48.78035228988425,42.61100721492911,27.70063480502889,44.6860602466179,20.66154319846326
48.830332159033716,43.20371874237184,28.12092569524424,45.1645186868311,20.707207135729448
48.8803120281832,43.893417512468694,26.982723198408745,44.69303225519668,20.76420733555296
48.930291897332665,44.22202824841464,27.08518444605364,43.080084069808215,21.05408188634206
48.98027176648213,44.26391756109714,27.208450370359017,43.417491649922646,20.971881237818188
49.03025163563161,44.46717403248902,28.094117080545693,46.72109666511211,21.443755171765122
49.080231504781075,44.33208514559998,27.672531004299287,46.048316667120254,21.306014099082216
49.13021137393055,44.05505557285756,28.297490010959308,45.89319012405162,21.006716794652778
49.180191243080024,44.28424160657353,27.294203462945607,46.00810114906585,21.13102137788778
49.23017111222949,44.234408878133124,27.81085563422445,44.97059610174222,20.822374754989184
49.280150981378966,43.630274202168486,28.165225044400604,44.81216728791211,20.715883100108382
49.330130850528434,43.96063835558179,27.933508077879054,45.37397934088688,20.854189976058485
49.38011071967791,43.75613376634126,28.131110116968504,45.351683694339954,20.458330254936335
49.430090588827376,43.44459003933832,28.496261149813584,42.99999597142173,20.304892967384877
49.48007045797685,43.255534936928484,28.007336548617367,43.523498256052086,20.253713043830945
49.530050327126325,43.3662690559547,28.898537455554866,43.12690203698057,20.38357340539358
49.58003019627579,43.835554131705145,28.666177200120053,44.839975506263265,20.263078185694816
49.63001006542527,43.37142559907977,28.41684411458381,44.52873872976682,20.04851653998286
49.679989934574735,44.24514406799824,29.479871537462582,43.64994119879494,20.272298964492183
49.7299698037242,44.42778641811622,29.652416223664723,45.450818669108855,20.13894487687481
49.779949672873684,44.75728404940013,29.924205730884506,46.697950916332935,20.396212224430723
49.82992954202315,44.10051316170958,29.32706014920323,46.44694289253223,20.025339817800063
49.879909411172626,44.69625887854701,29.577580131118303,45.17442272575233,20.280711148780743
49.929889280322094,44.387064393716926,30.245908221142653,46.10650674824766,20.688759365152066
49.97986914947157,43.61500662848423,31.13094003256981,48.529718979240556,20.64284101402534
50.029849018621036,43.831095438432996,31.014586142334295,46.871373785066446,20.725564461302184
50.0798288877705,43.664102904273065,30.52184443910062,47.11814819463222,20.879194545889018
50.129808756919985,44.060249234829726,29.798214444097464,46.57314676500532,20.865107762092904
50.17978862606945,43.76785152874131,30.0457735203415,45.20278218649597,20.845261230323306
50.22976849521893,43.62244748002898,29.82684653242566,46.20092264250181,20.84767235523219
50.279748364368395,44.377429543975325,29.093755448057163,46.24298115514687,20.628156672894757
50.32972823351786,44.49087943049423,29.055186856801114,45.39829601338502,20.677873565891613
50.37970810266734,44.97034254275658,27.5834797050929,45.12333637817987,21.094314320692256
50.42968797181681,44.98650009208478,27.295668426810845,45.25992828248663,21.293627164043365
50.479667840966286,44.6754192649825,27.107424595416344,44.67968555747862,21.324410243924035
50.52964771011575,44.98078186833167,27.161125229248285,45.38173670436535,21.44996797950263
50.57962757926522,44.52085246106032,27.45327025778258,45.34099583138019,21.18491827049204
50.629607448414696,44.207337446131035,28.052215819898535,44.16158402532901,21.236535144549684
50.67958731756416,44.5827737135086,28.095653198097242,42.52928035883489,21.32731434444813
50.729567186713645,45.0356853477959,27.81619576955633,44.23038813777018,21.26001952640072
50.77954705586311,45.69632885017128,27.327048343501513,44.694383136999086,21.766807276668082
50.82952692501259,45.45212935442051,27.149325227012895,43.482051571567894,22.233614203096995
50.879506794162054,45.267857189824014,28.240117949683544,42.86247677559304,22.17992289091118
50.92948666331152,45.52886953305643,29.60398041149126,41.79059418396821,22.878502922360607
50.979466532461,45.36095594837902,29.850930959360692,41.13105331748654,22.692336114293106
51.02944640161047,45.347089734914725,30.690403872416027,40.87661492118731,22.288599395362812
51.079426270759946,45.079040636810255,30.885436752322697,38.01791972647485,21.896283070398024
51.12940613990941,44.70548826963089,30.483372775584986,39.21396900395517,21.757019366100145
51.17938600905888,44.18508430825474,30.680628493808754,37.33633383079942,21.853178018011892
51.229365878208355,44.21390104662255,30.791928902569392,37.223062147266205,22.098688294376476
51.27934574735782,45.0879260607529,29.721946328979175,36.78774537004707,22.480025193171684
51.3293256165073,45.53173869082568,30.70811043844173,37.19893459780166,22.80190843412925
51.37930548565677,45.398574011340045,30.906883390178542,38.18388812486338,22.67400139716388
51.42928535480625,45.094735010495306,30.25266359250976,37.848701934189066,22.811745439945124
51.479265223955714,44.96100154510442,30.091021078385687,44.78227037872608,22.784042426067536
51.52924509310518,45.41146056909452,29.345524165258837,45.54824686596134,22.70166718350312
51.579224962254656,45.05129896211871,28.87386659097389,42.69931275811408,22.685227397320084
51.629204831404124,44.87914013698488,28.689627604230463,43.659687908047545,22.456654358765505
51.679184700553606,45.03082054966556,28.185519993414832,44.306158905185974,22.614725327442816
51.72916456970307,44.45378515068341,28.256315749060132,43.20070521581604,22.78105121798885
51.77914443885254,44.49881901797311,27.504867021906097,43.73320397503966,22.630069788134342
51.829124308002015,44.81694495451095,27.60694746278423,44.973757359129536,23.154286979008422
51.87910417715148,44.54273087580368,27.7300551846606,45.429571927575026,22.823712596084203
51.92908404630096,44.54766742948781,27.350455126389495,45.59797497064097,22.835292599789167
51.97906391545043,43.93013039577724,27.82160081255285,45.243657586766545,22.947469750514045
52.0290437845999,44.20823081893066,27.677680785324583,44.466709695071664,22.927830522775405
52.079023653749374,44.49916153807851,27.486322081829798,45.503490543367285,23.137880034066992
52.12900352289884,43.96529683912382,27.691381294029352,44.11750754439283,23.178461345668612
52.178983392048316,43.98080023488752,27.790992157705812,44.145283151960896,23.08144800118571
52.228963261197784,44.02471241782486,27.336793229713713,44.191855756371716,22.81197933600802
52.278943130347265,43.83522941539469,26.700904005574298,43.199028578298126,22.414242342721433
52.32892299949673,44.20031343764417,27.447173178591076,42.59449620436859,22.337167422647887
52.3789028686462,44.98513776549364,26.779184168282065,44.12427853676074,22.12716985014535
52.428882737795675,44.74322008142837,27.067289410474693,45.39389643007241,22.130214464884066
52.47886260694514,45.15680091149678,26.12712109189888,46.35186792536018,21.824785027659455
52.52884247609462,45.07047724606079,26.276805462492337,46.65384534616905,22.024982177280698
52.578822345244085,44.35828313760261,25.99800168775508,46.223079354915434,21.717692270585705
52.62880221439356,44.093614936505766,25.319853592382334,46.14539766097687,21.160611668568578
52.678782083543034,43.64148658699344,24.847314500814022,47.215747728771795,20.797186050029246
52.7287619526925,43.41498891783033,25.03327553300695,47.726996987308226,20.674599771572417
52.778741821841976,43.82822311945861,25.83005105619126,41.02345458750843,20.586048582135938
52.82872169099144,44.131175205674566,25.975844471480244,47.18900663172,20.6214558694313
52.87870156014091,44.59317756988681,25.382371230825616,46.931725451595455,20.556778679836388
52.92868142929039,44.29162377545371,25.608316672173373,47.38932729743236,20.531895019475357
52.97866129843986,44.62544414269657,25.953415699475364,48.740773332263714,21.09438066240403
53.028641167589335,44.80543582543857,25.752737589779787,48.0555474933319,21.196887314749365
53.0786210367388,45.219339992861464,26.219630341335673,50.337559942669714,21.240253023277436
53.12860090588827,45.724226825696505,25.73526043485924,43.78274528987223,21.33995182000464
53.178580775037744,45.453914068039055,25.427899142256944,41.45248862847118,21.162073585374095
53.22856064418722,45.04809715542678,25.96818321708529,42.162776904376734,21.201202213380174
53.278540513336694,44.57529152838829,26.221191158798216,43.429556058147796,20.757510394816105
53.32852038248616,45.21786306838619,24.868077655856897,43.9838523703361,20.94670801160538
53.378500251635636,45.54087593624922,24.996507677437787,45.60355228849976,21.04011802726981
53.4284801207851,45.93049988499175,25.717755268238356,45.28231158562523,20.79273308949609
53.47845998993457,45.978631258179675,25.958697698597966,44.390491221141566,21.165647511436248
53.52843985908405,44.61073800294233,25.32687353057577,44.25815999235443,20.550988727888715
53.57841972823352,43.90587799970536,25.845026606777452,42.05599938525077,20.665160925972256
53.628399597382995,44.03932759905552,26.40986604415858,41.929568370721974,20.8408855231652
53.67837946653246,43.82744929109272,25.86822475989728,41.61275489742863,20.99148464283871
53.72835933568193,44.4836106030626,25.103373025710017,42.07900807080218,21.327821900938872
53.778339204831404,44.38861300062085,25.73384154006852,41.88939832685689,21.41962159207444
53.82831907398087,43.516316808186474,26.52780604898385,41.10699005093464,21.286198762710846
53.87829894313035,43.929180481728494,26.431940542390116,41.15687120439245,21.39391590564626
53.92827881227982,44.54426673604837,25.323783396513708,40.53010964485113,21.354270871033123
53.97825868142929,44.57403635497226,25.427050530868883,39.678858037502536,21.640336099595043
54.02823855057876,44.71598769181057,24.811027246554115,47.45021852084068,21.41241631863082
54.07821841972823,45.09431571189665,24.909173596664846,48.734917243838126,21.330589695675883
54.128198288877705,45.398298994860454,24.751973566931007,40.82342773508506,21.15777644714535
54.17817815802718,44.313065466996996,24.62850280517645,41.7300733391165,21.082954860342245
54.228158027176654,44.229782134817086,25.518341875141836,41.94209146305478,20.868556862555334
54.27813789632612,44.51427888103714,25.074895213730585,41.6294465789838,20.953550423676003
54.32811776547559,44.93672515869492,25.220013517975058,41.96830071867256,20.90211973885134
54.378097634625064,45.28321728297747,24.986530256828672,41.074131481542274,20.830309110094245
54.42807750377453,45.747778833108676,23.946450918983043,42.55858605991248,20.596490027672125
54.47805737292401,46.36898522380733,23.703163679520234,43.8872849573663,20.488634227863926
54.52803724207348,46.10669474042993,23.575392210039713,38.9763409664903,20.58842992289939
54.57801711122295,46.72007114232354,23.876775531179316,37.947936532771195,21.058780801644946
54.62799698037242,48.13456329340501,23.126599185774968,39.6713861267293,21.109437093965774
54.67797684952189,49.0273104926991,23.076219342011942,39.89011425925932,21.180998971327313
54.727956718671365,49.711502581563145,23.071957657342224,41.17067770664838,20.732084420606586
54.77793658782084,50.19510618488997,23.516723884321404,45.8821882333374,21.052180381170267
54.82791645697031,49.872477991415735,23.247622706366183,46.55626106930319,21.249269137531268
54.87789632611978,50.18225059400628,22.788463970085893,46.22939354617163,21.38545204019666
54.92787619526925,50.137528736109324,22.807295288646007,44.98893787242501,21.534705966028657
54.977856064418724,50.185338577138644,23.120737939409146,45.30123350591739,21.414331408844294
55.02783593356819,50.49544278218273,23.138818894131585,44.32387925356778,21.264560017018706
55.077815802717666,49.593980646499745,22.583203206045837,42.724789141222274,21.110274627180154
55.12779567186714,50.17815919789765,22.72738670621032,49.873224310358104,21.85421334072153
55.17777554101661,50.7622768561457,23.066326954691956,41.07539331951095,21.6619855828026
55.22775541016608,50.68771971087206,23.485090732829857,42.00780795216328,21.73786512242075
55.27773527931555,50.348973663193846,23.440697666874378,47.98648456089483,22.25195995598307
55.327715148465025,50.463259746396794,23.756618111795373,47.677783883699135,22.671198301519887
55.37769501761449,43.8401433811522,85.08687598316541,100.01069314600775,15.905794923923255
55.42767488676397,43.069033876783145,84.3854494997138,100.30659199686545,15.298740340948523
55.47765475591344,42.63250824107542,85.43872870250728,100.73811566623506,14.940552857807495
55.52763462506291,42.71478357077247,84.68618281418576,100.94672225753008,14.894485668385473
55.57761449421238,42.92523533128093,84.39350740138325,101.43883252981239,14.73766549878827
55.62759436336185,50.89347903298751,23.811193671218746,47.19340366067617,22.3178989368256
55.67757423251132,49.80578104588343,23.60312696038012,45.25050087418042,22.370111243424972
55.7275541016608,49.467408018261985,23.942084131268913,44.20702956037863,22.436904259329033
55.77753397081027,49.54750930707013,23.846583642107078,44.914651584756896,22.396695197181323
55.82751383995974,49.19538943465809,23.764557170663156,45.51771859627415,22.371944036835952
55.87749370910921,49.34034304571248,23.550535509372462,45.36855018118187,22.495199100380752
55.927473578258684,48.97604212803025,23.354195379496225,44.84238805709781,22.18919046605084
55.97745344740815,48.76872465763402,24.073510289267848,44.1685515549038,22.020950009400835
56.02743331655763,40.49565058362131,86.29011390038885,100.72341671889032,12.514929336634959
56.0774131857071,40.164076633221086,86.3012522267123,101.37989648664212,12.64642868075013
56.12739305485657,40.82914234606945,85.63540867086381,101.88429718880687,12.574600592290471
56.17737292400604,41.37819758590472,84.89841177118039,102.05852870793039,12.637603264532006
56.22735279315551,41.46898067459959,85.96949153620955,101.58804576859724,12.684442437195374
56.27733266230498,40.825281815980645,86.13044472559952,100.66414309307461,12.825108728045032
56.32731253145445,40.45357385592708,86.9034033143473,105.50694865726504,12.531001752650447
56.37729240060393,40.10949682468736,86.86270327882625,105.06632166468128,12.779108403136789
56.4272722697534,40.30941406462194,86.7214862252473,105.18113873962395,12.722695930975945
56.47725213890287,40.05999294466265,85.95804234332319,107.11017230379063,13.171541815881687
56.52723200805234,40.87147628788487,86.44901724345617,107.37848268169753,12.955363438976155
56.57721187720181,40.383840276119585,86.58259032587853,106.63466825352972,13.426285950449046
56.62719174635128,39.834777956198394,86.18391468883182,106.36859538482614,13.211278795820236
56.67717161550076,39.856436308031036,86.96373410622685,108.1317317707402,13.286718642023475
56.72715148465023,39.65769913892275,86.65084820407827,106.31501655710555,13.310483032373131
56.7771313537997,39.51402489016524,86.53945835836716,106.44725050804693,13.159029145174909
56.82711122294917,38.91741672186252,86.98733192584939,107.46921627065684,13.332071415691603
56.87709109209864,39.288132289588724,86.04484476633226,106.24781062909588,13.185668452640252
56.92707096124811,39.15382839501394,86.50647478272566,106.6194938993007,13.079399186291337
56.97705083039759,39.268774161632386,87.76693756921459,107.05952956497826,13.188250998669833
57.02703069954706,39.41393146457068,88.42322289790941,107.89153074299794,13.065818731881523
57.07701056869653,39.50952758169696,88.57624872378562,107.51205453471299,13.585930865795692
57.126990437846,39.18051773650629,87.76122883745903,106.2356923688214,13.816939947777351
57.17697030699547,38.93298959046306,87.70608348823525,106.9748156041393,13.112388091212038
57.22695017614494,39.384506947590666,87.26562928933687,106.85062001175669,12.52251303453251
57.27693004529442,39.39877129979994,86.87708772192109,105.60027541054683,12.903841739997302
57.32690991444389,39.14007928582119,87.65886282428853,105.43700133320675,12.894641306227554
57.376889783593356,39.21423255092892,88.11222904631468,106.4760100336397,13.42875331043416
57.42686965274283,39.5359064575602,88.09005367869139,107.37586855962383,13.534096085132825
57.4768495218923,38.77510377157048,88.20557687240154,108.2340482460906,13.748669662780745
57.52682939104177,38.2356359550123,87.31502274701332,108.31447133264138,13.34596629862051
57.57680926019124,38.4332632148586,87.28221894110904,108.26030311522938,13.02826726481697
57.62678912934072,38.38860930857037,87.46863880519078,109.5077227165907,12.9771784992261
57.67676899849019,37.59406172315426,87.35851116336009,108.49886667547469,13.2594595391462
57.72674886763966,37.18497836085445,87.83441902892689,109.04392151228538,13.173812704446904
57.77672873678913,36.941363421358226,87.32709606842583,109.95763388827432,12.987227122025526
57.8267086059386,37.52784185696244,87.33723939987209,109.5682637850659,13.14830755406265
57.87668847508807,37.05793878856202,87.92447752260934,110.22250971425716,12.62550201547767
57.92666834423755,37.135432190215745,87.83940830505409,110.55204682740526,12.539418619035336
57.976648213387016,36.717381562113154,88.42283577677622,110.86360041833386,12.487412480441662
58.02662808253649,36.784504054834294,87.8669438254293,110.56751674825072,12.287820095665062
58.07660795168596,36.479345684472776,88.60594164218412,105.82064227045132,12.127083338870092
58.12658782083543,37.006448295636794,88.22847485684404,110.32581552897801,12.062996297358469
58.1765676899849,37.58460465199951,88.47161874651218,110.19109133553845,12.1642788987098
58.226547559134374,37.99027770536223,87.95845152345284,110.68786980520724,12.369136569661592
58.27652742828385,37.94428664242527,88.14260004695942,109.98191155897645,12.232396866980574
58.32650729743332,38.038701147884936,87.70349429853346,110.13530559930389,12.100573388913501
58.37648716658279,38.01730172349987,87.22065495514622,108.97351602070822,11.836483657732252
58.42646703573226,39.23065760699252,86.78655605105367,109.2865883073395,11.80408744462955
58.47644690488173,39.426047841110496,86.61268531925789,108.41526293818124,11.816481573242338
58.52642677403121,39.44971030613919,86.12569594165228,108.54167037959812,12.011534210396478
58.576406643180675,38.805182128044684,86.41052280766989,103.55907254203825,12.369346463812274
58.62638651233015,38.9817083353833,86.28611134962385,113.21059348762502,12.428544762856939
58.67636638147962,39.15854103558819,86.39064612248092,106.96282741988932,12.701379088764785
58.72634625062909,39.36677006496807,86.68667859676361,106.73936618731045,12.79519970800789
58.77632611977856,39.57655394359421,86.28044544221193,106.32412372532504,12.660476398354147
58.826305988928034,40.09031635993316,86.45996096474902,106.00079475424694,13.022738229244693
58.87628585807751,40.87951173095698,86.09690895098231,112.01596802231003,13.320337764345012
58.926265727226976,39.96029949470566,85.43150952782165,111.00451995960857,13.357746527233445
58.97624559637645,39.84019629983769,85.67816055452425,111.31374147669035,13.177238622491846
59.02622546552592,39.811677583246265,86.25903784398463,111.50467453553712,12.545985989206274
59.076205334675386,40.5691397164856,86.52264441585285,111.69788022194123,12.956627910368525
59.12618520382486,40.07816332142125,86.33038927469856,105.5664147390797,13.386408028308526
59.176165072974335,39.86064043734883,86.2887491797793,105.23918289363895,13.314975056368334
59.22614494212381,39.94966978456864,86.00175828045242,104.75649566480212,12.965269516303627
59.27612481127328,39.80052444220937,86.10186741300306,112.34516662630642,13.08481691123138
59.32610468042275,40.02841186990246,86.10143347165076,110.10033295510289,12.983519608009052
59.37608454957222,39.91765625656248,85.18199736118657,110.19451528167887,12.911798481165667
59.42606441872169,39.93871672027803,85.03924493606284,109.76971003920269,12.63548794634319
59.47604428787117,40.41110165546253,84.67296949242943,110.577726535782,12.355900781617095
59.526024157020636,39.91274659551258,83.96077460232236,106.42846693668412,12.024931900643002
59.57600402617011,52.43438842047466,22.779264562571623,53.2835990744076,22.628399474071294
59.62598389531958,40.09754186817912,83.94172798285135,109.63363205693844,12.401456669273683
59.675963764469046,51.93022391542716,22.975594203823352,49.73683709858611,22.721203084871746
59.72594363361852,52.265301897074366,22.420601642567494,57.71406737819221,22.862819042040837
59.775923502767995,52.065891341327465,22.590859006914833,57.26276700566384,22.305170859661036
59.82590337191747,52.56295352951815,22.138513926312854,56.24427679302689,22.2558289355408
59.87588324106694,52.73990319863068,22.30532243719387,55.93718301182977,22.147148610948474
59.925863110216405,40.69953661954064,82.03256743130429,104.26078248912259,12.11101818024243
59.97584297936588,40.486164962428155,82.62516857043698,106.68008917747304,12.286343353496163
60.02582284851535,40.46543936980807,82.6206328629356,105.12741887599195,12.372226499616493
60.07580271766483,40.15788921764121,82.56418091064882,105.75625328112422,12.561103181011166
60.125782586814296,40.673650483052825,83.15398246720332,105.39843530392531,12.798044757669235
60.17576245596377,41.07983628185488,82.64562662788664,104.31564891371146,12.52958946824101
60.22574232511324,41.79315564160657,82.06445629308226,103.11912118033473,12.59770406869421
60.275722194262706,53.430303310410316,23.0923967236749,54.52485982627709,22.0657630984727
60.32570206341218,53.71716957919571,23.450549883180486,54.114937493625455,22.45468338139373
60.37568193256165,53.81524656300433,23.10917218592049,53.11163037795194,22.47699785606152
60.42566180171113,54.04660354321386,22.510730697310784,54.07730643505377,22.569492963349482
60.4756416708606,53.93178610079183,23.122881240432374,53.371093948830996,22.362616425867735
60.525621540010064,53.207149846502375,22.834822527733685,54.941900637004835,22.127163325608127
60.57560140915954,53.54093847590834,23.320059016393227,53.355865655968024,22.717327540886384
60.62558127830901,53.272535808580606,22.722851153105232,53.52327959672115,22.64439396896989
60.67556114745848,53.59888293363994,23.134663199945514,53.105906153707274,22.83086997706408
60.725541016607956,52.99533070514591,22.991620736128848,53.004048973815884,23.259169283463827
60.77552088575742,53.03890226278593,22.850621295296378,54.12562872387326,22.755294219060918
60.8255007549069,53.650290556096955,22.90709336616289,54.79800119142235,22.387318310759667
60.875480624056365,53.8726018140752,22.958238245565692,56.51113039814518,22.405793125413506
60.92546049320584,54.26788324084472,23.390792449533254,54.75712450495583,22.784727891776708
60.97544036235531,54.30809630566219,23.32498384634648,55.06465486331358,23.212675727463154
61.02542023150479,53.88606323245922,23.131488518376948,54.78118227873478,23.341830707896296
61.07540010065426,54.106247819552465,23.14395343415016,55.175778575381244,23.28664077351215
61.125379969803724,54.002799603116074,23.32863507300377,55.64111161686462,23.64399221294432
61.1753598389532,54.461181584922876,24.042234058296412,56.0749977380836,23.793701049570018
61.225339708102666,54.7955798457901,24.032270787170624,56.484368123621145,24.00585486175333
61.27531957725214,54.72449190428841,24.895905698243944,56.20493665769382,24.150020961821543
61.325299446401615,53.67782602732124,24.14082347058694,56.06708445141536,24.06165848381426
61.37527931555108,53.8236510889526,24.90900957007927,55.900802651575745,24.02459061660127
61.42525918470056,53.262332265344725,24.544283840206493,56.12358291970946,23.812678356949345
61.475239053850025,52.961133158047524,24.329352615054773,56.84980182968182,24.060262349555074
61.5252189229995,52.033018376439884,24.354819075991223,54.71539852320403,23.73675699935394
61.57519879214897,52.13746321951724,24.681051528329256,55.53284002101062,24.19484108548689
61.625178661298435,52.25116263768394,24.685871616799524,55.822698023235304,23.981792955605147
61.675158530447916,52.3189727206188,24.3337962108961,56.54761920482585,24.060341012588616
61.725138399597384,52.6958550418167,24.70775925540416,56.994109815801046,24.38351761629713
61.77511826874686,51.62665834978398,24.859941526924285,56.167672231302284,24.367090625832063
61.825098137896326,51.57076479721434,24.219714772891358,55.461054628814104,24.43500284379404
61.8750780070458,50.48459150045993,23.516177778699085,55.55056778713825,24.35012578242191
61.92505787619527,50.82481900119152,23.840350200489127,56.44210738864463,24.75408160047349
61.97503774534474,51.089873638967795,24.20652680441495,55.97156556396084,24.526065525571056
62.02501761449422,52.091049818547404,24.213955014718504,56.70810233347623,24.780679000549895
62.074997483643685,52.2125309196871,24.258119983300634,56.57849019853701,24.396352873804833
62.12497735279316,51.719307770727966,24.312385498466625,56.44855424120724,24.82797265950577
62.17495722194263,51.68344256745311,24.84975882427545,55.6056154165774,24.46349046296119
62.224937091092094,52.35242127718323,24.43982854147715,56.11239194152243,24.35997049744934
62.274916960241576,52.2004162299767,24.168202522358186,57.0116965575276,24.36119603410379
62.324896829391044,51.929545335545015,24.60831518641616,56.17546550550159,24.167157512707742
62.37487669854052,51.795123113919516,24.579991603878682,56.29612727970586,24.367633056813773
62.424856567689986,52.10264859741365,24.928664691017037,57.29112549157664,24.63451657670855
62.47483643683945,51.792104673431524,23.98008279218613,56.783596076765576,24.347901310393578
62.52481630598893,52.76713363824071,25.261104463159494,56.898641528317334,24.30222831087962
62.5747961751384,52.56031924080808,25.611983588938013,56.935182396987095,24.332039550183303
62.62477604428788,51.98456819133065,25.555995328994825,56.031816190379075,24.32599810528623
62.674755913437345,52.76336044526364,25.474268624547836,57.2165049839322,24.185410477329885
62.72473578258682,53.81664150414338,25.660433110776463,58.113115150573634,24.27325610640997
62.77471565173629,53.424666749572125,25.982380516454946,57.71751114538824,23.895274753346612
62.824695520885754,53.82897325583359,26.73193504348667,58.13121819329945,23.90678514547835
62.87467539003523,52.447106048121775,27.3636862841597,57.60626605411154,23.554692086403783
62.9246552591847,52.45041502839305,27.01372421027302,57.397099026716255,23.30065243337655
62.97463512833418,52.25979911463593,26.275522072289178,56.33500609591237,23.490242731006504
63.024614997483646,51.380470695051855,25.454141714844702,56.84449324837742,23.12909750039589
63.07459486663311,52.00033505177668,26.056568027390373,56.82428113542882,23.42152311586472
63.12457473578259,52.05633178881883,25.66079946955388,57.40993047039806,23.627693998127743
63.174554604932055,52.47138784926751,25.629485808920087,57.20765536040783,23.869779088817456
63.22453447408154,51.63483357468892,24.93589659709495,57.32776281424389,23.559878948936415
63.274514343231004,51.91768774374387,24.714906249293197,57.06782428271232,24.27289545366473
63.32449421238047,51.0853925448513,24.00405386982373,56.06870832828173,24.296277347324725
63.37447408152995,50.06189645496834,23.764401044313402,54.90707259761647,24.208862550153594
63.424453950679414,49.71367287822136,23.97131583603411,54.558761046434086,23.887935992664854
63.47443381982889,48.786053663291284,23.729500498466482,54.5051780115357,23.435931172386304
63.52441368897836,48.6927775628398,23.33615609816198,54.81563580863101,23.1673240548369
63.57439355812784,47.858080630513044,23.237840912850654,54.2376659203349,22.710139976191876
63.624373427277305,47.987971350878915,23.31008142368437,53.91788099275441,22.839841646279815
63.67435329642677,48.333953169193705,24.030412579080725,54.56662748645251,23.689836309249696
63.72433316557625,48.83226345784141,24.520873381276353,53.40627667872279,23.79258068223041
63.774313034725715,48.356921920981016,24.66814242956071,53.48647221293265,23.52163387873165
63.8242929038752,48.550525582405534,24.996054784764986,53.22117894548428,23.34782683403191
63.874272773024664,48.22243711857723,25.426218809809626,52.93606675936378,23.05393049523322
63.92425264217413,48.21619031437381,25.426121966819434,52.0134077041745,23.034707314157025
63.974232511323606,49.04511663094406,25.939697251983183,52.29583529915071,22.753359538248027
64.02421238047307,48.47641412056954,26.323784246583212,52.031530163296615,23.044613283483535
64.07419224962254,47.46831029203017,25.452260363686946,51.107280181083134,22.344031445095034
64.12417211877202,47.99833755311651,26.030375327287498,51.503770383197335,22.158301747093855
64.17415198792149,48.51050316387376,26.019565633212476,51.40947262144414,21.960829821342113
64.22413185707096,48.4802256194652,27.33257544909077,51.24300075711274,22.542255576032645
64.27411172622044,48.49248987044139,27.184155160623465,52.254077934648315,22.551781521034712
64.32409159536991,49.05000577187042,26.49101723760158,52.20594395374949,22.556936358540135
64.37407146451937,49.06910843833076,26.096650845372174,51.7668375573323,22.361971208170694
64.42405133366884,48.43834008367175,25.91151257658238,52.29852342001302,22.03647431110687
64.47403120281832,48.961704424561105,25.48850478120082,52.93130936454596,21.80000000894031
64.52401107196779,48.47069636700117,25.641991068037004,52.32338177109741,21.681616955849965
64.57399094111726,49.82395101620502,27.170377626684882,52.196212222197154,22.339662310918754
64.62397081026674,49.15057668553971,26.652416856479075,51.93543060743467,22.222442860292603
64.67395067941621,48.58175566680526,26.61368111786457,51.76392317488376,22.105178778408348
64.72393054856568,48.78901830793705,27.334782387337476,51.894462435984025,22.038153235471583
64.77391041771516,49.36673649085295,26.906169963311633,52.67244649146059,22.510792229183377
64.82389028686462,49.45282608320315,26.579383471736005,52.820965001592484,22.60390539878597
64.87387015601409,50.3567373430527,25.86986003116424,54.137298397394225,22.595566411886495
64.92385002516356,49.45471031484811,24.893351807522382,53.030743182203125,22.046739523091315
64.97382989431304,49.15289387550825,24.539897134344177,52.69763423898898,22.172192440621085
65.02380976346251,49.34091781886137,24.864245795046987,52.37616011453909,22.085827685102235
65.07378963261198,49.60129955443556,24.551841649001215,52.58615858935194,22.202856910834225
65.12376950176146,49.92713977722254,24.21685644721581,50.783582052140616,22.54461245018903
65.17374937091093,50.15891772075756,24.43235747517465,52.24720829055944,22.27784241928195
65.2237292400604,50.06476087677616,24.24971784479027,52.2086731279546,22.21990002279114
65.27370910920986,50.27098151704905,23.622427252614912,52.76260250098634,22.094168724887822
65.32368897835933,50.04115736246248,23.636149736427292,51.62118590817033,22.150785460833095
65.37366884750881,49.869211576357046,23.883856662992436,51.575547012757916,22.2560876507727
65.42364871665828,50.82328439227187,23.906116353889445,52.392964537852194,22.60595167646878
65.47362858580776,51.06487028134714,24.378955542685045,52.50545888841017,22.973857560471867
65.52360845495723,50.0781509276953,23.67848157763445,52.330330163054995,22.44739628585074
65.5735883241067,49.6783136584754,23.186397564922842,51.86879373402328,22.132163961975504
65.62356819325616,49.89500571285259,22.863460193550456,53.638826197387395,22.136036273030324
65.67354806240563,49.267759084921536,22.907328399867236,53.3638099578928,22.234936524775986
65.72352793155511,48.379843894281436,22.8544085629869,52.52532628610719,21.940175921769153
65.77350780070458,49.037839305266246,22.528114917459778,52.65939332622074,22.465954086449766
65.82348766985406,47.92647597768197,22.815587720164462,51.75570097003856,22.084870117598285
65.87346753900353,48.272018540696415,23.03942762900176,51.91902698239309,22.033535320294206
65.923447408153,48.402111400891016,22.246783255719723,52.52718296362059,21.86864062911912
65.97342727730248,48.19969526774258,21.78568975079095,53.122205366646554,21.970065751442412
66.02340714645194,47.50970430827138,21.145588153312282,52.58608060405245,21.814791910882708
66.07338701560141,48.608352329933666,22.157270099119092,53.04940611416442,21.950340416762362
66.12336688475088,48.417766560090676,21.78693497286259,53.09307399546735,22.186469876389424
66.17334675390035,48.09370252704377,22.141800966674342,52.46674798591514,21.959166010823548
66.22332662304983,49.14861048801423,22.070866363420276,53.947494315889756,22.02116273313258
66.2733064921993,49.47140740922123,22.109684154593616,52.63204238103793,22.43213184858701
66.32328636134876,48.942686451766605,21.913232283245947,52.100335140687015,22.196749266523344
66.37326623049823,49.37330141295022,22.558552084549934,52.40417635536808,22.19557756270233
66.4232460996477,49.76321797285655,22.531215805273074,51.49745447143399,21.949250931777254
66.4732259687972,50.175655415406474,22.46409498572067,53.84766732305057,21.98838354923355
66.52320583794666,50.22937263923472,22.639538580619508,52.37164127870313,21.94679699891747
66.57318570709613,49.93796267730399,22.243349997100324,52.950907389064234,22.257382191339875
66.6231655762456,49.57623904052511,21.891282668025195,52.60660202622977,22.19179126420209
66.67314544539508,50.1955417609125,22.100312901373194,52.61343579647054,22.41340731739265
66.72312531454455,49.74597729559402,21.231969189662653,52.25427065898274,22.04952444826465
66.77310518369401,49.41793102038262,21.462946917476504,52.676187216954304,21.989905752548278
66.82308505284348,49.534738526610404,21.027936655196598,52.94383466013667,21.686233449091002
66.87306492199295,48.754000552746746,20.5635358803425,52.11600399216292,21.583730036720784
66.92304479114243,49.811338285691754,21.654056416043698,53.16607590969226,21.724093793983908
66.9730246602919,49.89880251654983,22.00908463618674,52.937958277597595,21.760743130617247
67.02300452944137,49.778651802666744,22.213273907412958,53.06232308706297,21.895087873619595
67.07298439859083,50.32261174824658,22.503004288268677,53.30885745048603,21.922026034001973
67.12296426774031,50.71944201775901,21.175303107929892,53.075968512527346,21.793590509896205
67.1729441368898,50.84858879396267,21.02335665121315,53.10139380144402,21.633750810852753
67.22292400603926,50.82852142301183,21.522997134280086,53.21952660009216,22.072227692373666
67.27290387518873,50.91270557139106,21.33723462029209,52.38781085885353,21.809994229457597
67.3228837443382,50.139336405292426,20.532054576054264,53.21692770818279,21.339685577410954
67.37286361348767,50.207795709894796,20.068687808960902,53.06225576453427,21.22377708402314
67.42284348263715,49.676126030160475,20.379982597002336,52.78227663772489,21.351235010529383
67.47282335178662,49.960681203507285,20.724014095728066,53.221658001645025,21.4255175473227
67.52280322093608,50.17303285796459,20.49569501135297,53.67562172936977,21.935648243145536
67.57278309008555,38.31521567217715,83.32107762635823,105.35968952589042,13.146993410108099
67.62276295923502,36.8303037616672,83.48719413589791,105.44548724185928,12.6616337631514
67.6727428283845,37.42335124579589,83.06937326193419,105.63576592879981,12.923032478089294
67.72272269753398,37.67893409723223,82.77099433626212,105.76361739672284,12.900647928197326
67.77270256668345,37.86801168912358,82.48445087120895,104.67224457684969,12.952829560529027
67.82268243583292,37.94164949883089,82.61060533984585,104.97123951651636,13.408528464822732
67.87266230498238,36.34590128758987,83.05589532609412,105.38834297032938,13.495933974859794
67.92264217413187,36.84629361997563,83.1293398435118,105.57126111476235,13.334852273694022
67.97262204328133,36.70724925491529,82.92755214109461,104.42237530897454,13.450814123470213
68.0226019124308,36.306061482990565,83.39591290661075,105.2547854808427,13.475272453825202
68.07258178158027,36.04577010104072,83.67005587967193,105.45191393396394,13.553582313286393
68.12256165072974,35.3585228109936,83.93316211892527,104.66814524391489,13.582922708849814
68.17254151987922,35.56358953234783,83.84501273940994,105.52734995529387,13.848239853252311
68.22252138902869,35.377699591012146,84.03148296675947,105.1928622034749,13.87987604003975
68.27250125817815,35.25562453984219,84.26760164321213,106.46413983741071,14.083991734851082
68.32248112732762,35.870150779645016,83.14441625156813,105.33451619557472,13.785558635279362
68.37246099647712,35.64631671194232,83.61298136251371,105.13596467784595,13.624397764455551
68.42244086562658,34.93408930939749,84.67830406851752,105.07077938753302,13.600219734859596
68.47242073477605,34.57459919123605,84.86712944541948,104.97123930556346,13.540312836520345
68.52240060392552,34.640826840247044,85.3538586279662,105.24135611517102,13.758937618683339
68.57238047307499,34.336573593694325,85.40012345986463,106.86098206708515,13.701390325419782
68.62236034222447,33.87780306077663,86.79538659976083,106.71792389317426,14.04290922016198
68.67234021137394,34.09820198631678,86.1323545980576,107.7589057743606,14.447801212948896
68.7223200805234,33.787558672167286,86.21417664153549,108.62049844271256,14.75808476753656
68.77229994967287,33.380727105524116,86.23668207559912,108.37209212644427,14.75642827124851
68.82227981882234,34.18368148081745,86.08547730985576,109.25915851303762,15.072310983006497
68.87225968797182,33.61881569826241,86.43736885556001,109.80852478274105,15.125680091687725
68.92223955712129,34.607968472416935,86.06960903472664,109.5666490381801,15.434615701201245
68.97221942627077,34.993580716030245,85.81910779827506,110.19736060317246,14.8326899817277
69.02219929542024,34.277199194829166,85.76210244714099,109.24214245700682,14.725439701913372
69.0721791645697,34.38019127886602,86.14453594025062,109.42051715152921,14.944689908381944
69.12215903371919,34.6212803941964,85.98485847299649,109.08948686759125,14.923111882593327
69.17213890286865,34.45088384940668,86.16017727777663,111.2708296122041,15.09885257362044
69.22211877201812,35.24768343727238,85.54277573025472,111.09110177281008,15.42357500137308
69.27209864116759,35.053654758256016,85.31084962156321,109.39709746949146,15.283110211419526
69.32207851031706,35.19140340271977,85.59324833618689,108.76886133465885,15.186515308789117
69.37205837946654,35.080347327516044,85.45482979185817,109.23039195958884,15.2402837059376
69.422038248616,34.90773242516242,85.04430869058518,109.8246983912809,15.138264143076775
69.47201811776547,35.39834251157879,84.53860390470635,108.69481102935376,14.706429293760626
69.52199798691494,35.2870738236119,85.25730610616064,109.17176249267635,15.156408210209136
69.57197785606441,35.10276043189161,85.52530473686338,109.83973277230176,15.130267811162803
69.6219577252139,35.65530676294557,85.07726478119413,109.57367973552019,15.267184814598542
69.67193759436337,35.61912261962726,85.82051896929316,109.28273534491439,15.341279988469141
69.72191746351284,35.92425635503665,85.18613379510917,109.55364715771786,15.348037359061339
69.7718973326623,36.02890168259832,84.54827928377202,109.2377382866476,15.229001604663365
69.82187720181177,36.45400205381544,84.80743695064201,109.1608090633152,15.294241135420878
69.87185707096125,36.686467061264295,83.27304387527667,108.28969380863523,15.268718781326665
69.92183694011072,36.74952574058776,83.47226923617609,108.21912852090905,15.213192939000171
69.97181680926019,36.805143874561544,83.70371845007128,107.94146186340257,15.281614358015231
70.02179667840966,36.9459148350458,83.97590232041644,106.51705211572028,15.048099018838883
70.07177654755912,36.301945463996965,83.36835335711321,107.5068362077839,14.679973155712462
70.1217564167086,36.84206018444342,82.76791276048787,107.84321711210666,14.649500107029022
70.17173628585807,36.405402517947685,82.7760259096402,107.11812282889603,14.530006428522954
70.22171615500756,36.135897965127725,83.2963071336094,107.67125769448555,14.671860075769969
70.27169602415702,36.39941440331001,83.19662855725107,107.16161219330934,15.109770475110878
70.3216758933065,36.07622334377215,83.78966694112455,106.34134178816265,15.024258786483715
70.37165576245597,35.74012017567609,83.41090522605286,104.61706332719201,14.850627043927785
70.42163563160544,34.902632431601354,84.37057621891562,105.32137025443716,14.770752828602621
70.47161550075491,34.90987821914342,83.98922378487562,106.63775192515384,14.315045833256976
70.52159536990438,35.01724760747945,83.93175640261936,104.6900881060912,14.350457330285844
70.57157523905386,34.76820840128041,83.8386767556451,104.67515977555006,14.514620606999571
70.62155510820332,34.96202507545715,83.90296988601266,104.86369642489157,14.634489732698373
70.67153497735279,34.96799030280393,83.65051131834814,103.84209914638546,14.480043081027574
70.72151484650226,35.33873150603545,83.41703458503495,105.00918400978857,14.256622392143168
70.77149471565173,34.602167555944916,83.81196544571414,105.6554982877411,14.649033092493436
70.82147458480121,34.19733631781808,84.32576650227556,105.96368440799021,14.718577015194661
70.87145445395069,34.14113446953474,84.08368050831625,107.18600813377105,14.73080949207721
70.92143432310016,33.96959531606148,84.38039779183536,106.87495743399208,14.643441327576387
70.97141419224963,33.687393026988794,84.9836014672498,107.16592033446136,14.856268312048764
71.02139406139909,33.82031836316117,84.64009895823958,107.25566061049669,14.961172292897619
71.07137393054857,33.50525858869955,84.80424369230951,108.01148611948064,14.67683955559377
71.12135379969804,34.02297819597021,84.46090270006188,107.43827692170233,14.862034127151889
71.17133366884751,33.987265926786286,83.893167802363,107.16888293665357,14.849171760386856
71.22131353799698,34.25502104474175,83.97758984166833,106.43025432808857,14.871917224310174
71.27129340714644,34.52778298222815,83.91141501436363,106.25553472563654,14.712772211376198
71.32127327629593,35.095144560795696,83.65072456577757,106.47471790971412,14.907054913122563
71.3712531454454,35.6750545998644,83.08115744731434,106.16427588353247,14.884004682655124
71.42123301459486,35.2353697672844,82.9133445729423,106.96897605642125,14.335291232929382
71.47121288374434,34.94885495841161,83.25673336150294,105.96826474130779,14.567913909911669
71.52119275289381,35.41230463361879,83.83916680687263,106.83033548853544,14.812993552288418
71.57117262204329,36.35711224553872,83.1616319153364,107.30534995140275,14.626332729235138
71.62115249119276,35.396608714361285,83.37667457129515,107.35967731003385,14.46789379691206
71.67113236034223,35.83175927930902,83.08836477388977,106.8773305633041,14.47465992654201
71.7211122294917,35.71109313299705,82.46289438014412,106.73413718510807,14.429862300486816
71.77109209864118,36.09137027936132,82.32115948773051,106.35074943735381,14.570058112224872
71.82107196779064,35.51774407563631,83.21249242653961,105.64052396413173,14.62886507667134
71.87105183694011,34.51719017739253,83.78197373382461,105.40421270367558,14.486713903525585
71.92103170608958,34.75524043699177,83.46950124504627,105.31232846849637,14.542940817611838
71.97101157523905,35.02169678552471,83.67494292233765,106.24819843007907,14.398841090577251
72.02099144438853,34.7346487593496,83.93375383849236,106.13254464585364,14.930613923893963
72.070971313538,34.62373074724833,84.00191356131057,106.6033052934746,15.201186956512212
72.12095118268748,34.85372205970275,83.31758858810785,105.92927555549336,15.112613456261176
72.17093105183694,34.69913154043571,83.49552996738794,106.67316772834593,14.760957924537294
72.22091092098641,34.49646684426581,83.44231863009131,106.30856591017302,14.844835751194406
72.2708907901359,34.08723186558978,84.24665574861184,105.23200557173946,14.636584900463678
72.32087065928536,35.383975181711556,83.05007046215592,105.93346788386962,14.686759655362007
72.37085052843483,35.35178973507943,82.23806662143087,105.87200693796167,14.759147227959915
72.4208303975843,35.36967025956644,82.86518829579717,106.16158310246603,14.992893160588029
72.47081026673376,46.57949817229542,18.367728383246366,53.333437392527664,22.90710899532502
72.52079013588325,35.25803720418897,83.01249066987096,106.73391852681883,15.069861811584786
72.57077000503271,35.31914100467763,83.10470228646157,107.18441999551575,15.21034924653152
72.62074987418218,34.97163258821418,83.08646394378461,106.47776144883578,15.086959331769117
72.67072974333165,34.46393488998391,83.2262233729478,106.72090237748998,15.169339800724211
72.72070961248113,34.6541877716832,83.69488832205792,107.37044425146264,15.186963748888937
72.77068948163061,45.486007665278144,19.19118431614317,53.22151234075002,23.58892543950427
72.82066935078008,46.239316117634914,18.88355619308622,54.02985053060905,23.702986046283918
72.87064921992955,46.075831480953816,18.428581516121213,54.565981874754755,23.3882216338197
72.92062908907901,46.39589222388383,17.98438055253696,54.50781615604537,22.97265611543326
72.97060895822848,46.21378306770589,17.607842581501018,54.880758256426965,22.756635447558327
73.02058882737796,46.09404192673352,17.932349467735392,54.705477730808866,22.654938103164312
73.07056869652743,45.640412002227116,18.80800155315992,52.54716684670893,22.651156612882637
73.1205485656769,45.63024522947433,19.00734937990968,52.19522141265327,22.481730355662457
73.17052843482637,46.83020572112035,18.97928853520521,52.951903869836734,22.496976780736244
73.22050830397583,47.872066115631206,19.848787375868373,54.0224776089026,22.804469681460773
73.27048817312532,48.455797667288635,19.58498278837687,54.960643986996345,22.984544608972417
73.32046804227478,48.74167242554291,19.14341886862285,54.503791535543435,23.045657999923172
73.37044791142426,48.47613640426817,20.118638429868685,55.86883392839172,23.132159433520222
73.42042778057373,48.09084364971739,19.29592833282328,55.312843955377204,22.91800394473362
73.47040764972321,48.4932559057987,18.508668433577633,56.079370684154995,23.029296347308176
73.52038751887268,48.05457956785643,19.620622573022924,56.152809808986774,23.29245439271636
73.57036738802215,47.80515157396622,19.280516875754934,55.10984684343327,23.08421466748979
73.62034725717162,48.0465060407986,19.14191629318834,55.02587981615122,23.118547596900036
73.67032712632108,47.94509478720411,18.516920305317512,54.73299595016147,22.593327635316946
73.72030699547057,46.89734310576993,17.48641580452208,54.16501042742518,22.216825625590456
73.77028686462003,46.13605957398234,17.508898089825678,53.79523232215583,22.52248815698164
73.8202667337695,46.20536247303343,18.189581612744348,54.49802888657569,22.54635271677908
73.87024660291897,47.3028990204893,17.789870421002096,54.52789108534111,22.998447362750415
73.92022647206844,47.77283293062354,19.139897294151154,54.24110818381204,23.1835977742766
73.97020634121793,48.22916233792582,20.008309115306197,54.82578722020874,23.37522347821089
74.0201862103674,47.565210244785,19.068577454814704,53.69906147485136,23.324687717199357
74.07016607951687,47.418656693152755,18.455957299052287,53.754947960477004,22.91015713767997
74.12014594866633,46.53754449005029,18.49176208622153,53.24673967312521,22.762826600314778
74.1701258178158,46.092008054514395,18.44498191367507,53.32544844486477,22.30934131799986
74.22010568696528,46.361296627765896,18.30068555892407,53.71528730619165,22.646233874041066
74.27008555611475,46.72743788737057,19.2815370495851,54.330263588652045,23.01062460300047
74.32006542526422,46.51269347059641,19.489284696478208,53.69389755960417,23.142892594832272
74.37004529441369,46.561629452283015,19.085981877552136,54.092837531382656,23.096023398745924
74.42002516356315,46.080815345535804,19.264550612650776,53.01973319018685,22.644988946169708
74.47000503271263,46.0929106474045,18.437187373532677,53.06435704131256,22.649918655476935
74.5199849018621,46.96194043312304,18.261490223488707,53.501284571102545,22.716400879571207
74.56996477101157,47.12146878033433,19.04577379314209,54.248052953494515,22.789549830133794
74.61994464016105,46.55086751510416,18.727237761978063,53.71455653254045,22.72422663676555
74.66992450931052,46.659706474947434,18.068019736526445,53.16509179112996,22.522382356920453
74.71990437846,46.63665578003273,18.145872519779576,53.4036230186781,22.64933717535974
74.76988424760947,46.416866214882326,18.46222785225445,52.9322523181742,22.33061846280317
74.81986411675894,45.91194090754959,18.39825499351078,52.5062475508302,22.11193142839319
74.8698439859084,45.301696020175704,18.539305829303483,52.49246134262034,22.264680987195987
74.91982385505787,45.51728016160444,19.332194253380308,53.96779514499915,22.181586827618997
74.96980372420735,46.34339653432342,19.00620568020675,53.523354440234954,22.306124201723115
75.01978359335682,45.91177122128805,18.831253034605677,53.78891190807765,22.247318463388496
75.06976346250629,46.29854976519149,19.108460553888786,53.77979637239609,21.981164779702265
75.11974333165576,46.77218938165564,18.54748364485453,53.978322582888424,22.439366707270196
75.16972320080522,46.32072572509125,17.833739380625204,53.98526825718017,22.355163208781754
75.21970306995472,46.102401309381264,18.088631370817975,54.260862997858275,22.232423476447725
75.26968293910419,45.346643513911054,18.09582219370757,55.22029001180335,22.109637880024597
75.31966280825365,45.89896526171407,17.56282054631656,53.34064053756394,22.051162378156835
75.36964267740312,45.5594872143879,17.5883093489463,53.629907836765064,22.01103591615149
75.4196225465526,45.930525829205514,18.27460260455685,53.719896084342736,22.323354186660435
75.46960241570207,46.41889924051519,17.265948418525134,54.02676177758254,22.451004745188794
75.51958228485154,46.845865716192975,17.923498037152644,55.283342554877386,22.69970910676458
75.569562154001,47.10317311934486,17.236820364441655,55.548288672598325,22.843393697135042
75.61954202315047,47.1614862545322,17.148994995006223,53.96034296635181,22.284868618114423
75.66952189229995,47.77076725824951,16.91210268769697,54.268711683612274,21.9374232111603
75.71950176144942,47.07780973059463,17.396746670513622,53.69044445651857,21.642993236404283
75.76948163059889,34.14402928227444,83.09054289620322,108.38035844636094,11.930384358699108
75.81946149974836,34.430463193486474,82.74101677902358,107.75171209873372,12.293270125470082
75.86944136889784,34.4939442639402,82.6835331412981,107.70011978810122,12.002407829019923
75.91942123804732,46.71338417075994,15.671167893814959,53.19630824681189,21.18845773505639
75.96940110719679,47.51441069118214,15.97380616322031,54.14317308034459,21.444581559067935
76.01938097634626,34.92803121633856,82.65473408731174,107.76355217934109,12.276799278683747
76.06936084549572,35.288632907446754,81.88389032024718,106.9982566822013,12.374281337115967
76.11934071464519,35.24466923933601,82.08352340928158,106.91519641578286,12.896107538864168
76.16932058379467,34.91354652768047,81.76303227048771,106.79150408493298,12.5818432702248
76.21930045294414,35.577551537154314,81.34594420075483,105.56278665356619,12.323280236583605
76.2692803220936,34.823546066795856,82.00891654166871,106.58249974335553,12.009897417722378
76.31926019124307,34.59527480564097,82.36240382488823,106.59229934423567,12.07500605974836
76.36924006039254,34.21945660280725,82.48330084490719,106.5224053716811,12.122585540165751
76.41921992954202,34.73569806319655,82.04455425357224,106.96018662829152,12.094819802160647
76.4691997986915,34.784449860152556,82.37099843007657,106.75763212151321,11.84866256366333
76.51917966784097,34.88123720210993,81.8340830503699,106.59251435021727,11.942376558818088
76.56915953699044,34.768462562118636,80.93421418754319,106.3604531875903,11.916083902902422
76.61913940613991,34.90984589615,80.57934115484996,106.13246756589746,11.966607522532996
76.66911927528939,35.00995902625595,80.6233154722786,106.03249123472641,12.47620697962848
76.71909914443886,35.279880062439446,80.47152664619999,107.0554937605982,12.396328615108727
76.76907901358832,34.723258933868685,81.23970844406654,106.70562042829613,12.155077651827229
76.81905888273779,34.87608252413687,81.12731906372336,105.98628653465924,12.359150103866625
76.86903875188726,34.23349004470038,81.46225653799839,105.84728059884043,12.21205511443595
76.91901862103674,45.88250924250985,15.16925846206629,52.968324220995044,20.912419266283507
76.96899849018621,45.031187466144694,14.985051595703839,52.02267155786358,20.783726949469898
77.01897835933568,45.16457411075073,15.159819679421165,51.45733656916822,21.20948096813037
77.06895822848514,44.88050267039569,15.618957209118502,50.911833701836024,20.983043815519014
77.11893809763464,31.934497620661176,81.99979026418745,106.24625184750377,11.431613481327576
77.16891796678411,45.034759036845024,15.778408260703642,51.723092477989,21.269904766775806
77.21889783593357,31.58735057206106,82.77617483740038,105.7084309394981,11.304865515738294
77.26887770508304,31.15152035995257,83.45707167803789,106.70806652094385,11.586875100587426
77.31885757423251,31.220537227575015,83.71097199394131,105.6868837968175,11.684465358055743
77.36883744338199,31.00933251576148,82.89762287369784,105.13265451291139,11.876650051905308
77.41881731253146,30.685395806832013,83.37182266050773,105.520317910416,12.048378702388398
77.46879718168093,30.291513993792588,83.88522473845475,105.77705331858746,11.443291523615702
77.5187770508304,30.652051704846052,83.28112591299933,105.39381314543783,11.484779931404903
77.56875691997986,30.657070434741048,83.58622775167917,105.38875766725889,11.815435636670351
77.61873678912934,30.577275826502284,83.58155726763265,105.46651801113128,11.420966095940448
77.66871665827881,30.117948286288964,83.0342801171051,104.98230416509861,11.288738745838717
77.71869652742829,30.87905559913783,82.91398661917498,105.71916469094258,11.349565654594981
77.76867639657776,30.992802325639634,82.47715989566512,105.37991765781845,11.72673043389286
77.81865626572723,31.356905809363006,82.35727004530965,105.40925720351738,11.948593010775491
77.86863613487671,44.61226707201233,16.64980401098012,51.10974921184092,20.96863103838039
77.91861600402618,32.063758610237194,81.62911954289886,104.79459562937636,12.606954889428792
77.96859587317564,44.555756346241125,16.35189006387306,51.36929486219694,20.895127303331584
78.01857574232511,31.954412004250358,81.76428757312698,104.37751404498415,12.2069588436687
78.06855561147458,31.828812967670423,81.52499949397607,103.32149214877887,12.033727866503195
78.11853548062406,31.849566479274912,81.54597894433934,103.6308340736579,11.999689071871538
78.16851534977353,32.09370058950984,80.96538644148995,103.35562819031578,11.602160929719323
78.218495218923,32.24844024158284,80.92577311194131,103.12269394311197,12.156696330039372
78.26847508807246,32.29018860980524,81.041569702495,104.5771835849613,12.216496894914334
78.31845495722193,31.735756106330964,81.31621305774611,103.69246055409978,11.764426889775844
78.36843482637143,32.65446964878593,80.63812741724146,103.10692970513689,12.034371989699483
78.4184146955209,33.158649536801484,80.04653076192233,103.18249790409826,12.212600347680818
78.46839456467036,32.96866752186825,79.9982741701398,103.67316846201375,12.379988823763663
78.51837443381983,32.8889047661645,81.1986568509932,103.83794657438078,12.182778801249457
78.5683543029693,43.81937080239415,17.10726914875704,50.40577443871966,19.879834402604917
78.61833417211878,43.55158118225063,17.326188677127657,50.71325744488825,20.409421207615658
78.66831404126825,43.86113519748234,17.623644004916574,50.66561395722726,20.639993060805928
78.71829391041771,32.149433861548054,82.10932576293577,104.57730579751949,12.521142363498946
78.76827377956718,32.61259564924771,81.86497767593822,104.19323276139731,12.422017174061525
78.81825364871666,32.937134761320756,81.51481467475314,104.20177476585626,12.676255537019994
78.86823351786613,33.322425835248865,81.06749640664748,103.55242751946277,12.849504734458456
78.9182133870156,44.39478831718111,16.111503297992385,50.54287665109594,20.21398588214358
78.96819325616508,43.44386661886396,16.60865093171092,49.97378646394116,19.67234538141363
79.01817312531455,44.4404058802698,16.98624213718141,50.146447486617774,19.56563125487049
79.06815299446403,44.65720421437831,16.419405520571118,50.74062501166831,19.521912352385048
79.1181328636135,45.3952870030122,16.472178426191707,50.70622457418259,19.188634218258862
79.16811273276296,44.77588915949305,16.075598947643485,51.35542183188103,19.035037200298362
79.21809260191243,44.23387245234618,16.11470698182735,51.47927749707786,19.24523983122424
79.2680724710619,43.868292204210434,15.899656981559783,50.24471929552468,18.700755827445743
79.31805234021138,43.39625383434424,15.525557476785872,50.24148722254219,18.744257490087183
79.36803220936085,44.1404689573991,15.5544728315789,50.71681819596282,18.730265786132282
79.41801207851032,44.749793569191674,14.918177211697492,50.89438496147944,18.447979642229818
79.46799194765978,45.13586127835761,15.193007335345914,51.8759756571721,18.81451903941701
79.51797181680925,45.46877615959949,15.53801646794886,51.87496523027703,19.143121471092773
79.56795168595873,45.89241917641684,15.637943278975445,52.55903806085038,18.638675278283486
79.61793155510821,45.87541214711567,15.14097401174343,51.44888886243742,18.56908312880774
79.66791142425768,45.096837422587804,14.610638500343773,51.224808124779514,18.592728673922732
79.71789129340715,44.47528284609716,14.832782481720706,51.120375316302535,18.618759061307127
79.76787116255662,44.85937068589154,14.695336916043354,51.46471666652938,18.253652907418196
79.8178510317061,44.413611607825786,15.240047426636986,51.528928312830224,18.259165831869858
79.86783090085557,44.922032605429855,15.016244644047914,51.63750534346559,17.987260380151763
79.91781077000503,33.20181839156654,79.08008988676566,104.15252248020862,10.284255437460788
79.9677906391545,44.30217611688756,15.342773073037536,50.672795872228,18.878218287867067
80.01777050830397,44.984182853918426,15.629943177123774,51.046392318354805,18.8028051323916
80.06775037745345,44.67329834308658,15.856437470978136,51.21206891433158,18.518446329115896
80.11773024660292,44.999865990249276,15.937409424598895,50.93493350508364,18.888182734852546
80.16771011575239,44.93243631553561,15.98616985210677,50.62392401622255,19.022805075315894
80.21768998490187,45.39710993071864,16.103622935631588,52.374588524739785,19.436119547462244
80.26766985405133,46.04982877996329,16.424877361820826,52.19723516358355,19.671204022995056
80.31764972320082,44.82614252876969,16.45061780726582,51.36569186372631,19.36596747052712
80.36762959235028,45.59110254369194,17.181157212552204,50.5917292362702,19.590197951568857
80.41760946149975,45.64891247281413,16.93398290512,51.30679699186623,19.930343965084422
80.46758933064922,45.28723615977875,16.159574446721393,50.67603094802451,19.532136775456724
80.5175691997987,45.38911924486336,16.10212508101541,50.73672397290454,19.758586960845324
80.56754906894817,45.04883595015486,16.131194675599115,51.12671793748655,19.639942666087947
80.61752893809764,45.08759606335364,15.958072990544135,50.40837861202405,19.617447522645868
80.6675088072471,34.10537107783867,79.15741891945095,102.76235427006596,12.213719429856349
80.71748867639657,33.767462965070294,79.86295800031309,101.97522910321517,12.043257104420707
80.76746854554605,33.99999424038374,79.55650197443452,103.31446913729484,11.922289916122022
80.81744841469552,33.88608488250235,79.99004369554534,103.15057149454799,12.364666753819264
80.867428283845,33.734126889996425,79.64075816423009,103.3373698757384,12.061470800408854
80.91740815299447,33.511629780807574,80.61138759518045,103.96159415880298,12.069978641223045
80.96738802214394,33.61971827476047,80.30405295278297,104.72038465296322,12.531988878181439
81.01736789129342,33.850683816603414,80.21703247162269,104.06315708449938,12.346706716399646
81.06734776044289,34.04569143528649,79.65569945919852,103.50138021498648,12.512211216484127
81.11732762959235,44.92721795828303,17.588480537728024,51.57107102506275,19.28234362310428
81.16730749874182,34.13472561935684,80.13601585057317,103.6117306464382,12.857155518763697
81.21728736789129,45.067915025419346,18.158600281819556,51.997330132974255,19.527470773558512
81.26726723704077,43.94575122368443,18.127135232178755,51.732053253007166,19.45900666989687
81.31724710619024,44.363432805798254,17.512347206377566,51.29686226352289,19.6878671507213
81.3672269753397,45.14403723618525,18.092973056027592,52.07696811025554,19.5612866316982
81.41720684448917,44.25220422373634,17.265560005565366,52.562460058473675,19.489565874183704
81.46718671363865,44.20884287667267,18.33651093982522,51.66467359011611,19.527740927407386
81.51716658278814,44.16955630764047,18.04012974012081,51.69270543857733,19.63772835073369
81.5671464519376,43.85693934567296,18.480426475677902,50.311480857868524,19.438350920765057
81.61712632108707,42.89281042049159,18.307022826767486,50.00018101269226,19.200114438101842
81.66710619023654,42.8629596580343,18.301030310830527,50.44900837857235,18.94849288922916
81.717086059386,41.916822570018184,18.091210734040683,49.38879776456564,18.688331499778627
81.76706592853549,41.348412609157265,17.273721654401164,49.47962169685343,18.57835681216754
81.81704579768495,41.12215642461679,17.935893713619343,49.50470216571331,18.578949840503057
81.86702566683442,41.31588203954487,17.772659430531135,50.30929811203148,18.8103940978361
81.91700553598389,41.23204083477914,18.24043089761002,51.149139825696984,18.950016973822965
81.96698540513336,42.38248025747433,18.470104478012487,51.45648748889187,19.2471824882171
82.01696527428284,41.236319673243074,18.72671454458924,50.63958527312646,19.268973721439604
82.0669451434323,40.806565665158715,19.27024819401483,50.373218024336346,19.31283207723651
82.11692501258179,40.90486418973953,18.017719362115788,50.082710338352165,19.26739831813597
82.16690488173126,40.77781286097585,17.62877238993145,50.691789146087046,19.46453298275275
82.21688475088074,41.26342827382571,17.837999956930872,51.53432955084499,19.386367664739236
82.2668646200302,41.26895073964238,18.80113432127866,50.96409474235386,19.409247657426963
82.31684448917967,41.30140597598967,17.6448473290521,50.285956025060166,19.50785492525546
82.36682435832914,40.62961075352581,17.397965822438778,51.00471912504132,19.370227789553663
82.41680422747861,39.57522568257992,18.317829553904957,49.92647851366555,19.10908164478345
82.46678409662809,40.55200313263263,17.437992554811633,50.5660290212915,19.05614083196598
82.51676396577756,39.82789902352581,17.26234635962191,50.16818540408138,19.16596192770667
82.56674383492702,39.334687094042465,17.077152981578983,50.199337110104764,18.927266987839555
82.61672370407649,38.5978797432385,17.396758680020213,50.0076215754059,18.814006084943983
82.66670357322596,38.579884719133496,16.275680824288184,49.53045426713381,18.970274994698023
82.71668344237546,39.07492876582569,16.791712803925893,49.97362054130845,18.699850003575936
82.76666331152492,38.046887423251334,17.304196693273422,49.156803018544444,18.76436119831272
82.81664318067439,37.62762906797304,17.758781410787922,49.17099605263097,18.902257407127724
82.86662304982386,38.00207349634556,17.621809397554568,49.00876738312051,18.86283330083802
82.91660291897333,38.22665554244463,17.608417446353627,49.3208195035806,18.68460963192835
82.9665827881228,37.72321607583335,17.704037517471704,48.24476220172337,18.301221407894623
83.01656265727227,38.208906723605864,17.742992489605506,49.341882219046695,18.41415230312197
83.06654252642174,37.12616754099883,17.278132883434786,48.267475429894134,17.940483891616005
83.11652239557121,37.370983236866486,17.157267728063776,48.40471506914813,18.06028529597209
83.16650226472068,37.07349290097346,17.56469943506787,48.35946253116519,18.420883003706557
83.21648213387016,36.21517992680062,19.01314170737105,48.020923563331976,18.523109479473405
83.26646200301963,35.30102331973513,19.462429257574804,47.86339799411126,18.50443516879389
83.3164418721691,34.66944045462898,18.77503154959334,47.6738206556757,18.040087393034018
83.36642174131858,34.17716306567468,19.579012715791997,47.50426219128736,17.69195246650294
83.41640161046804,34.06631353985925,19.945205792958237,47.05453304047203,18.21151809215557
83.46638147961752,34.41300162368461,19.95455807938601,47.02053600188336,18.095488836478097
83.51636134876699,34.09586029823206,19.67120778094896,46.89171900016161,17.77260328020895
83.56634121791646,35.0001246699627,20.398133400797068,48.031298547658,18.100146619492087
83.61632108706593,34.346518446097484,19.813086580449653,47.73379008909006,17.919352053185797
83.6663009562154,34.311669399748915,20.510028168366347,47.10545718331124,17.8873103507044
83.71628082536488,34.28177227598608,20.44445721883202,48.18461214112511,17.99543967009725
83.76626069451434,34.10613871460741,20.493425128083505,47.3068017518781,18.118824029682994
83.81624056366381,34.127015423867185,21.107092190251535,47.30183602768572,18.358770749733797
83.86622043281328,33.96119372344023,21.0872261374233,47.523379033944344,18.170972200466874
83.91620030196275,33.107538308338896,20.889215463702097,47.35575198546288,18.01264522843451
83.96618017111224,32.5684585287202,20.16346546201017,47.22684678365904,17.249167844491122
84.01616004026171,32.384234944565186,19.6944215658216,46.6471440610392,17.155357104020386
84.06613990941118,32.35161013624414,19.815404173250034,46.50262710241878,17.034940729627966
84.11611977856064,33.277072896640014,20.73625678929804,47.57862072592477,16.926367563881705
84.16609964771013,33.27604338873673,19.993925877283456,46.55260283888701,17.26556522773147
84.2160795168596,32.978131390984636,19.88718003393995,47.583510261454215,16.99230048370733
84.26605938600906,33.87691975900269,20.361218181291576,47.96673372146373,17.02663892067161
84.31603925515853,34.41376813121428,20.588458597424804,48.76864027962363,17.21918160550729
84.366019124308,33.36262975871139,19.730652740611788,47.54129190072543,17.002547160594087
84.41599899345748,33.35886317432772,20.841751399816253,46.954077031609934,16.90023389726355
84.46597886260695,33.42896704399816,18.901140266871373,47.119272199682236,16.81198560255126
84.51595873175641,32.086919871046376,19.837540320958702,46.64609563669346,16.894728840289982
84.56593860090588,32.37629206057159,19.22853926135085,46.176410780696465,16.68105085778006
84.61591847005536,32.23305837110092,19.126575608786215,46.08488882033421,16.465623445770564
84.66589833920484,33.01886226710726,19.605711233396523,46.07543277700969,16.56385935746202
84.71587820835431,32.33091827020697,18.06202641587861,45.947592134274565,16.743367081348758
84.76585807750378,32.182851534188785,17.013631788780344,45.73320213022866,16.864512673214055
84.81583794665325,32.858011090895246,18.140755620304756,46.24686908759161,17.152770023025592
84.86581781580271,33.44653496053602,17.83083250431189,46.19723888878317,17.386462518427244
84.9157976849522,33.466412699017866,16.594864382242466,46.1822885963363,17.589403340387566
84.96577755410166,34.653915424085916,16.520589807729706,47.03789944249938,17.946812242548326
85.01575742325113,35.09261425304384,17.397878170642503,46.7582068217911,17.778840375858323
85.0657372924006,34.018626779616866,15.574705042077293,46.46980117784669,17.602000609759717
85.11571716155007,33.98234672736457,16.018454564280354,46.69869908931306,17.619061417010567
85.16569703069955,33.03255818601144,16.30271174272348,46.23289013387874,17.32343494062735
85.21567689984903,34.29140791702767,17.56923243238739,46.83175392740715,17.532725587215992
85.2656567689985,35.051710890280496,18.13220991802224,46.92358310984087,17.352496642236872
85.31563663814796,34.786915324990574,18.678143853749017,47.432591548370695,17.322601700954444
85.36561650729743,34.59430555675114,18.761372487341678,47.164119918551165,17.515756548975475
85.41559637644691,35.033670320365154,17.612350027153038,47.137414439690374,17.497278175459336
85.46557624559638,35.15827012536843,18.123995993462408,47.51509705616334,17.463074908525982
85.51555611474585,35.75463070265019,17.220236022347795,47.71211099551855,17.630865389861924
85.56553598389532,35.409174744093924,16.394827529960114,47.886260655928616,17.390499394668648
85.61551585304478,35.90706233524128,17.4577296511258,48.30771923085767,17.49498122981519
85.66549572219427,36.14592914358154,17.14945391538159,48.12520969717082,17.82307861872423
85.71547559134373,36.418669480514545,16.57425903701573,47.936733347938926,17.834745043802332
85.7654554604932,37.29896817020077,16.454438828866245,48.00808509140038,17.82088014880388
85.81543532964267,37.887505011687054,17.93451587629753,47.86029164944424,17.881134316787556
85.86541519879216,38.23680145389271,17.93267509681452,47.469345349284566,18.366665169556747
85.91539506794163,37.48456420230006,17.71940400135112,47.58734698611364,18.196415629496087
85.9653749370911,36.85644192377813,17.6346551684502,46.86614912383534,17.73882683975613
86.01535480624057,38.3641116664576,17.822528001767875,47.24679934065672,17.66917300115072
86.06533467539003,38.21135827943678,18.233630389552733,47.5677450230965,17.97507238958452
86.11531454453952,38.74289203663697,18.214257928684653,48.04621597672569,18.198306496584937
86.16529441368898,38.31366791402091,18.708567151343463,48.16594483720388,17.921159872562487
86.21527428283845,38.320822684888235,18.745060692300566,47.54986991511525,17.465940795771303
86.26525415198792,37.95990839639448,18.736945418974926,47.3232498294568,17.732515229106642
86.31523402113739,38.09893855920222,18.268520183082252,47.251462308178,17.844202321781207
86.36521389028687,37.790463895147,17.959634220093918,47.36129731168717,17.495934923172914
86.41519375943633,39.06828082352099,19.856261931528454,47.93439260069756,17.58517396802563
86.46517362858582,39.139573456008705,19.75973279067682,48.27711902400584,17.529763381192648
86.51515349773528,39.039578929208446,20.146973286883163,47.89807359546208,17.99996773384325
86.56513336688475,39.6681772371007,20.01056402012654,47.527635514765706,17.900263096012285
86.61511323603423,39.84293176435998,21.423882575021242,49.47653168893939,17.780088234769256
86.6650931051837,40.25135681509314,21.802649681826008,49.739916389244385,17.35105021685595
86.71507297433317,40.21888012002742,20.83714358325665,50.17629057882934,17.725494729290535
86.76505284348264,40.18774166437385,20.827012282839554,49.262644440925826,17.88963919125588
86.8150327126321,39.93954964115189,21.044413643015,50.13819506352736,17.654785063660494
86.86501258178158,39.48787304078235,20.280957671423735,49.937811054477436,17.873518826261712
86.91499245093105,39.67265173620062,19.772234911739186,49.927477496482076,18.239334289467653
86.96497232008052,39.25849646048715,19.766344674996365,50.81109606158886,18.234466901529373
87.01495218922999,39.86186840939909,20.562291510832818,51.096094124868436,18.527429591254144
87.06493205837945,39.63660981927582,19.317881733369322,50.13954696247826,18.187682398548876
87.11491192752895,40.15101963823438,19.908387032945672,50.47742094829027,17.883158083035635
87.16489179667842,40.083822267525285,19.20073309610086,50.37746191809522,18.30166848514492
87.21487166582789,40.12568753216075,18.76914913046953,50.011472146810945,18.21592436870752
87.26485153497735,39.86225358832399,19.112247368828424,49.76079483271317,18.12834767049423
87.31483140412683,38.931713150667406,17.109073248700376,49.547959723408034,18.24801311606343
87.3648112732763,39.62309933457645,17.456651209890655,49.56749140997247,18.20065050113575
87.41479114242577,39.435816094707604,17.021660697855854,49.97631566581998,18.285205950237742
87.46477101157524,39.18920991123169,17.26188924173117,50.03299072054788,17.703571904087962
87.5147508807247,39.6218479404139,17.712216771021502,50.118718498282924,17.64605788823003
87.56473074987419,39.213883336043885,17.98919465477059,50.31055690027106,17.842004244762514
87.61471061902365,38.766970918648774,17.11227410569346,50.065469166292196,17.51673616755292
87.66469048817312,40.09543455798591,16.41872207004372,50.43992241492678,17.920761184673754
87.7146703573226,39.98068497375806,17.308877482321627,50.65289339015245,17.95574826699059
87.76465022647207,40.28509918933673,18.908212891957795,50.72015323282816,17.8998930982999
87.81463009562155,40.23161620005077,19.33128846451235,51.334677045741685,17.792130948384326
87.86460996477102,41.363178904598556,19.10512066848208,51.90162107606154,18.134917796454722
87.91458983392049,41.016849548555,19.44581615219935,52.27943952425145,17.90802895419794
87.96456970306996,40.706926494870594,18.385677922683943,51.37146697913223,17.73780638509064
88.01454957221942,41.22430168359384,17.90616612994684,51.1494432113906,17.88567985457591
88.0645294413689,41.56853951118209,18.06247250858969,51.06955210024589,17.93809196503277
88.11450931051837,42.226258837199694,18.485752075810208,51.40895880674283,18.082675115358562
88.16448917966784,42.11391753028538,18.759136039830516,51.54332819526528,17.550401855585157
88.2144690488173,41.71814928691231,18.57899266812917,51.21111624714269,17.53880147405927
88.26444891796677,41.968254238787026,19.117501541231906,52.60673566919661,17.500965592556156
88.31442878711626,41.33524492681842,18.031411440453486,51.851736031008684,17.528582052241514
88.36440865626574,41.9114631999123,18.606683723822584,51.23638540274076,17.462028411955192
88.4143885254152,41.88498760201854,19.053396414937612,50.966942055897555,17.861015677336965
88.46436839456467,41.81181977239471,18.85250999711937,51.653562654953085,18.190300791383365
88.51434826371414,42.21548006198293,19.555514648037885,51.99689537685456,18.471220245121973
88.56432813286362,41.46537131460072,19.981573713687816,51.440805831733165,18.293585357502995
88.61430800201309,41.44274417649046,19.73317999010036,51.69953774401891,18.402812215913773
88.66428787116256,41.35129916672513,21.072737323423564,51.79137093087455,18.86293880591002
88.71426774031202,40.7135850703399,20.443810625454837,51.82942586355796,18.719492894642944
88.76424760946149,41.03479667290033,20.654454685625424,52.014027402040234,18.34703350909308
88.81422747861097,41.34415997344321,20.811344275044483,52.83694584504678,18.634339266028523
88.86420734776044,41.2475737490986,19.983974048618034,51.585207157591945,18.62365133544771
88.91418721690991,41.72326473022944,21.02243220477743,52.97069710905447,18.4457503599081
88.96416708605939,41.10845521792751,19.735798672499822,52.92242874308944,17.930487804598062
89.01414695520887,41.65949238828023,19.485055596760233,52.7255610639856,18.26142994925319
89.06412682435834,41.6640280573335,19.301955637735432,52.514772292018954,18.252734981484082
89.11410669350781,41.821029644932054,18.720187717623247,52.0946995925097,18.26112391711773
89.16408656265727,41.611367016787455,18.618461689287233,52.117273476150515,18.119595063627354
89.21406643180674,41.239071782869416,18.020933916450808,51.46972093784231,18.017477952698584
89.26404630095622,41.4307701032683,18.7255738851535,52.06115049438706,18.167199050869904
89.31402617010569,41.40492770579324,18.666721941276105,52.25767270785685,17.993688172322297
89.36400603925516,41.36741216153084,19.1110249568307,51.91750639566864,17.756202352017816
89.41398590840463,41.11456757385564,19.421304768986182,51.38318093819795,17.595520125903015
89.4639657775541,40.51102844440724,20.0417263205731,52.09293366985768,17.293416241327908
89.51394564670358,40.84784871756637,19.882537000540527,52.347463416513506,17.677151614550827
89.56392551585306,40.48071797531404,19.486494644500823,51.875885244113974,17.68592713042693
89.61390538500252,40.608254212581386,19.593397527248214,51.582663405575126,17.513184716720996
89.66388525415199,40.596782762265136,19.945035897714845,52.14881842856506,17.485195750244454
89.71386512330146,40.713842579387205,19.39147278875971,51.712519675213215,17.699686833496116
89.76384499245094,41.23613263939196,19.58289998494203,52.059930353410564,17.96868647980344
89.81382486160041,40.495445247529275,19.27353558819123,51.93902313894327,17.641145605148438
89.86380473074988,40.76724539326016,19.010179662553696,52.11603245965627,17.517942940105012
89.91378459989934,40.734333350403915,19.882176451015155,52.72030906143391,17.358092708618845
89.96376446904881,39.52951006884061,19.68155636891168,51.83226268240788,17.02934530740415
90.0137443381983,39.007700544348346,19.856052223562706,51.29802755488568,17.066015939872432
90.06372420734776,39.31857197820937,18.794387649226234,51.17910931383603,17.04103334954013
90.11370407649723,40.132757255489146,19.322357296059046,51.16179610978685,17.60485398100986
90.1636839456467,40.28825231642148,20.01246748098745,52.350916115087344,17.47973736769492
90.21366381479618,40.50949070177765,19.567602111248792,52.094227519376425,17.85602700700117
90.26364368394566,39.79281317185003,19.940397100652827,51.36288017812538,17.54799051008136
90.31362355309513,39.57945543337941,19.855641854689917,51.40794391107533,17.446046221086167
90.3636034222446,39.49995619869971,20.362838638828883,51.288774514553204,17.430795457495456
90.41358329139406,39.461900812293436,20.26363610556484,51.04932953841765,17.662035705985488
90.46356316054353,39.713980446774144,20.066593099010845,51.88498299518373,17.924458062017173
90.51354302969301,39.51578467287272,20.37044345058171,51.70535011572483,17.769464659081535
90.56352289884248,39.36759271830805,21.04746899198789,51.23132220887031,18.18498143017898
90.61350276799195,39.58809841113345,20.106760226234922,51.78251876031994,17.870780833850173
90.66348263714141,39.64518394072502,20.38067575257946,51.85750856036048,18.08546986567921
90.71346250629088,38.99467685086523,20.098516305812034,51.751701793037974,17.951405800615973
90.76344237544036,39.64962009580384,19.625185944750623,51.721682676114625,17.770006551211154
90.81342224458984,39.428561838281006,19.933552859257183,51.92312748086895,17.720064687644523
90.86340211373931,39.52975878819618,20.098778869094318,51.70420698223561,17.890082925087867
90.91338198288878,40.00245865312557,19.750208638383878,51.79066939541095,17.690133889086823
90.96336185203826,38.74740721305022,19.69185136499925,50.881151979892756,17.403731305853203
91.01334172118773,38.95158245500828,20.489550214119,51.641972562128196,17.749073625542525
91.0633215903372,38.80216338492286,20.59732377406023,51.22983712953301,18.094725300430305
91.11330145948666,38.27615223850494,19.928495502120423,50.95450605574932,17.91032496477651
91.16328132863613,38.65038633507552,20.783906230591313,51.20470359129546,17.983569776285698
91.21326119778561,38.6897146193231,21.11435670045213,51.45160797275571,18.32147166593772
91.26324106693508,37.93640268944476,21.309376587999004,50.696643419329476,18.134440251460127
91.31322093608455,37.37796893086115,20.64797702436511,50.04882524008353,18.0776162378172
91.36320080523402,37.78954095337212,20.25470843900033,50.15570495798083,17.986261464467702
91.41318067438348,39.66801645644272,19.51725610396437,50.74381668281329,18.40077822559792
91.46316054353298,39.53086281083762,20.516581386007516,50.8361100821682,17.94469387462776
91.51314041268245,38.89539958230826,20.0306703224025,50.54681712026582,17.82054495232771
91.56312028183191,39.483117332379194,20.348414254539794,51.40956467453715,17.78008627536084
91.61310015098138,39.98117203878452,19.18595412798207,51.20193652375743,17.69029646796411
91.66308002013085,40.442723516399006,19.001569897698275,51.796634188097336,17.432925663823138
91.71305988928033,40.376288007486565,18.553585486931897,50.893147792641116,17.503062251921193
91.7630397584298,40.56159064653268,19.14209670384266,51.32987003070303,17.665872190103617
91.81301962757927,39.73107891735071,19.1627797683739,50.84725012395983,17.73847164688655
91.86299949672873,39.25642322068113,18.95789583325479,50.39755586354128,17.41083229001469
91.9129793658782,38.49687671861507,18.66743575559756,50.173312263398884,17.462352175626737
91.96295923502768,38.34779891062607,18.945468939312388,50.2470473720622,17.54795512019814
92.01293910417715,38.11031336231081,18.787937389606583,49.67668545762035,17.768329617768135
92.06291897332663,39.18859958243156,18.32672443744888,49.797162614233905,18.278814666831213
92.1128988424761,40.403616905116834,18.55493017583531,50.85605041779823,18.465579883852847
92.16287871162557,39.66454331490848,18.338422633068966,50.62550756037753,17.97234756078802
92.21285858077505,39.437519075022365,18.822736250310882,50.674267041056936,17.800627299287633
92.26283844992452,40.14553438007301,18.757708540258996,50.78501399610192,17.569865723233757
92.31281831907398,38.98109518875286,18.610003527236348,50.119453310093455,17.85050762737185
92.36279818822345,39.139344039661005,18.016137540974132,50.16623265017058,17.607116702886493
92.41277805737292,38.898683451525876,18.26283774201546,49.526754361346306,17.417567548501506
92.4627579265224,39.23473419725141,18.219560543644658,49.99580552909691,17.57467249359887
92.51273779567187,39.97222800472665,18.5358862200415,50.893770598878874,17.889163455920517
92.56271766482134,40.689250618807314,17.960804366046354,51.26500697982395,18.420121958654764
92.6126975339708,39.87279706113947,17.60400842862099,51.189529371643204,18.56690320151474
92.66267740312028,40.19527721870929,18.31763325758915,51.04492057002555,18.720578268656833
92.71265727226977,40.115237886532725,18.728981392935083,51.01968246382672,18.903643612645403
92.76263714141923,39.24252331932213,18.519074736370882,50.41595030878846,18.643039967511935
92.8126170105687,38.69448259757699,18.18054680081367,50.08745017754051,18.728612599261464
92.86259687971817,39.10530449429918,18.75245471983207,50.8019573532015,18.392647743181076
92.91257674886765,39.32889086707962,18.486860518339295,52.369978091201205,18.380874683347162
92.96255661801712,38.69826478910497,17.876257108269453,51.36299928069079,18.357385549944617
93.01253648716659,37.90759413971532,18.091971740242265,51.60105138316362,18.35464519406416
93.06251635631605,36.88487075065387,18.080879535740127,49.801367368668764,17.880650038122813
93.11249622546552,37.07142112833067,17.383189787762092,49.33374512533328,17.77807020481336
93.162476094615,37.71431816207858,17.887973947386488,49.52132399365068,18.033675081217062
93.21245596376447,38.44084348964837,18.29924965776259,49.59505855010865,18.305483566737543
93.26243583291394,38.261561183768656,18.469608768251703,49.821074554541056,18.23712258112656
93.31241570206342,38.171895927066466,18.456620110020587,50.21685344290129,18.080612309874038
93.36239557121289,38.867804506882734,18.64053941993654,50.81782268359034,18.01431052236614
93.41237544036237,39.076511758577126,17.818830612975503,51.039249567092405,17.925590836111756
93.46235530951184,39.07915851983547,18.161263011563165,50.77109438395828,18.061392181944317
93.5123351786613,39.21983543691693,18.1519774404586,51.04488185355117,18.30297723349189
93.56231504781077,39.97532053451961,18.294180428729597,50.81731734699602,18.067117309722743
93.61229491696024,39.98303179741955,17.84931389667947,51.92805862241968,18.135500088554036
93.66227478610972,40.881750124260705,18.410282668447476,52.694503798891,18.483277143099702
93.71225465525919,41.27038200803466,18.291275114079397,52.055788220413625,18.268313143783296
93.76223452440865,41.52135966051309,17.77540283723516,51.036543256060725,18.356492420189667
93.81221439355812,41.43926634681699,18.279946978442826,51.303637115869456,18.377277861203485
93.86219426270759,41.16889136262501,18.685561064916776,51.154884440457245,18.187337033757256
93.91217413185707,40.46413746738663,19.065935984177795,50.9402969193149,18.3726127658305
93.96215400100655,39.91345066838177,18.414666722800433,50.54127503855569,18.116650265942564
94.01213387015602,40.45134067233142,18.83118161563656,50.472393829274345,18.25600609241555
94.06211373930549,40.62930832881797,18.202155368527745,50.70545061068056,18.31318944952997
94.11209360845496,39.70397365108017,18.411665992338698,50.30149246794813,18.191013934929085
94.16207347760444,39.96662354041474,19.45088103035327,50.671645648655776,18.338471860094753
94.2120533467539,40.14142600268107,19.146951657518724,50.1357020944271,18.064360984956082
94.26203321590337,40.19850199958103,18.94992009689868,50.70019075908856,18.22104015786768
94.31201308505284,40.50903915426336,19.353159919879005,51.173002164454374,18.1029081667806
94.36199295420232,40.06969881384093,18.383183495079674,50.65580227951617,17.78195703710255
94.41197282335179,39.79491790965429,18.534965368167654,51.16313534320744,17.622323097768323
94.46195269250126,40.06194086850062,18.039920672211053,50.91230737156413,17.70525522669043
94.51193256165072,40.25026310110718,17.66296101246218,51.25561429830131,17.975199554149267
94.5619124308002,40.42870337662749,18.04271241766875,51.02753857374443,17.674900176537452
94.61189229994969,39.989340035835234,17.0037378588217,50.7559672585648,17.694539312874426
94.66187216909915,38.83709903111342,18.172582729483363,49.6863433931149,17.592682538040805
94.71185203824862,38.78166946415682,17.784912341967797,49.3321464359754,17.68080563482097
94.76183190739809,38.2045608829285,17.899258181331586,49.23539087974948,17.092036522418233
94.81181177654756,37.99382545353818,18.275497199809227,50.09695291094225,17.26798956773743
94.86179164569704,38.245965089191884,17.658455750739716,50.02707597687558,17.26724116150363
94.9117715148465,38.27530216709168,17.42395012300602,49.97528834120982,16.87745969378059
94.96175138399597,38.19890180927864,17.87012866884211,49.42781232758774,16.671495570799113
95.01173125314544,38.524783955649156,18.12484799731518,49.120373965872815,17.253471852487642
95.06171112229491,39.089091422894064,18.304524912882805,49.96677288412356,17.64653092142684
95.11169099144439,39.07494966941877,18.122097975692533,50.114962227040905,17.61214162411276
95.16167086059386,38.55310484608675,18.111695605704924,49.43446328505219,17.39248579809967
95.21165072974334,38.49398663486048,17.5737561932715,49.8766286750179,17.279791777771948
95.26163059889281,39.2114427381775,18.739858880484288,50.3526893973165,17.617245763484643
95.31161046804228,38.80233573596902,18.800955301661958,50.41132868594364,17.4148327385526
95.36159033719176,39.288462027838605,18.122794189266443,50.16214170308234,17.40924289035429
95.41157020634122,40.26057507866995,18.151556668185336,51.07157045800667,17.584130167815786
95.46155007549069,40.712232884241004,17.79070036390366,51.14787392993279,17.364508072370402
95.51152994464016,39.82298334122634,17.712683480900164,49.72447923502852,17.26858602671394
95.56150981378963,40.09943557919624,17.405239158628824,49.97929095985335,16.934100600219914
95.61148968293911,39.712049673656814,17.563043124786407,49.641947084824196,16.93292351799247
95.66146955208858,39.91221990179371,18.08491413185791,49.878849503190985,16.680988225440192
95.71144942123804,40.32374624476772,17.364930886379305,50.76150575441862,16.680680801421992
95.76142929038751,39.8358731990462,18.45391183241762,50.01655474068877,16.667059437085094
95.81140915953699,39.8343459147159,18.708814209622528,50.11360622288745,16.5341976084238
95.86138902868647,39.64645734091362,17.710764680995773,50.62368429651161,16.350954919276447
95.91136889783594,39.63835927857466,17.13218446379075,50.86591616321006,16.497870642648397
95.96134876698541,38.986451259198695,17.702100303832122,50.15351871447937,16.526392802977885
96.01132863613488,37.97023508155125,17.843220119508523,49.93619826747427,16.73577615642213
96.06130850528436,37.58189840752196,17.849044667400843,49.541466166275306,16.255862526108185
96.11128837443383,37.56072938061376,17.964692231242477,49.59681951660754,16.42092232255746
96.1612682435833,37.808342375500814,18.57872002693684,49.93555267450026,16.721641596903744
96.21124811273276,37.355933500707025,18.62901694082226,50.47512750084076,16.267399320720347
96.26122798188223,36.88694553874712,19.690954617601687,49.94527713384123,16.272942253808726
96.31120785103171,36.40819279661158,20.1935612609153,49.65382940489595,16.22541625194499
96.36118772018118,36.75894153699303,20.028119781747876,50.680597566113754,16.46661717865313
96.41116758933065,36.95692391190973,20.274558844058674,51.12537509317499,16.499702954032667
96.46114745848013,36.44528300513814,19.307400518349382,50.37249014256169,16.11604050231685
96.5111273276296,36.60859625048876,19.4643204818673,50.48996804399422,15.914472000816229
96.56110719677908,37.180938139145304,19.394425357845538,49.91067655914778,16.354176917340066
96.61108706592854,36.72214808373877,19.786347778583366,50.008855790047654,16.737099376098428
96.66106693507801,36.179767875689556,19.783213290147664,49.12624502566156,16.55863118019351
96.71104680422748,36.712479014799996,19.443954912084784,50.79691233640764,16.66727656959584
96.76102667337695,36.7675387908238,18.88676808754552,50.66792103098559,16.64014423182089
96.81100654252643,37.02398979111527,19.432092900699725,51.350839564097605,16.638488356934424
96.8609864116759,37.573280650941264,18.307743670777874,51.177140893300354,16.781072854712477
96.91096628082536,38.44359045737559,17.847989865816803,50.17666795203932,16.754183983089142
96.96094614997483,38.73974724183052,18.594545068556656,50.713152708834535,16.69792494570175
97.0109260191243,38.59824299152742,18.59866567193849,51.198592640172045,16.684846396225144
97.0609058882738,39.38416513192787,19.182015420201473,50.60978909140522,16.689495547636433
97.11088575742326,39.57140196390232,19.225374855548537,50.832099105326485,16.80401042416843
97.16086562657273,40.23710449095967,19.923284117795305,50.97004131974597,16.910739955569586
97.2108454957222,40.49644656713385,18.34829157302623,51.15195511501583,16.672504872580244
97.26082536487166,39.896628226651835,18.338417844613875,50.99459126821876,16.430941796143976
97.31080523402115,39.43631473761183,17.77987647643939,51.09357599425742,16.32466853762563
97.36078510317061,40.141347146066295,17.107418574323084,51.21578764844676,16.466390001301612
97.41076497232008,40.253128531277,17.346993806966843,52.279316013670524,16.865493327870137
97.46074484146955,39.765616463032195,17.13549945896929,51.9006659841688,17.085486958934386
97.51072471061902,39.698787640533226,17.107292304326023,52.099113520812146,17.011495261811902
97.5607045797685,40.23718391051104,17.818358613342053,53.166502818712885,17.16066047246258
97.61068444891797,39.528443852058764,18.25879902112796,52.332309667715066,17.002243500884973
97.66066431806743,39.061044326322275,18.217376943220675,52.33457373309607,17.05225569250358
97.71064418721691,39.27960813258475,18.816649403526043,53.213465499511614,17.118132997757247
97.7606240563664,39.90969750226935,19.236646642726676,52.69365214522467,17.241084340749342
97.81060392551586,40.11761867365759,18.80896708651917,52.313234076597944,17.420414553139793
97.86058379466533,41.33033894835351,17.577137530112857,53.28499793683672,17.84347479386709
97.9105636638148,40.730048013926655,18.532315483564915,52.36781006297137,17.74941976797266
97.96054353296427,40.812688657537834,19.06561288121569,53.12074289798765,17.882835721732253
98.01052340211375,40.987094732107764,19.169092697830507,52.96288124058617,18.062758531083556
98.06050327126322,41.03524620662089,19.181912159961026,52.45894789331123,18.02854912145082
98.11048314041268,40.92624660228782,19.34366919497386,52.502768730479566,18.25113994930546
98.16046300956215,40.459800807789705,19.865075011449797,51.96813616428357,18.02345224060203
98.21044287871162,39.71450054581643,19.54792111634254,50.99825846828809,17.56429880075846
98.2604227478611,39.43907802317382,19.272059674290738,50.86678388969029,17.378092304912972
98.31040261701058,39.925984010555375,19.477926113032815,50.49189377441169,17.237247770411297
98.36038248616005,40.21085686257639,19.01196307284438,50.84968868102963,16.9290487444151
98.41036235530952,40.07888915279519,19.044509833887005,50.601559511107055,17.008599184471358
98.46034222445898,40.29847129501562,18.791354084396275,50.4668780638956,16.932329990830222
98.51032209360847,40.13866195962468,19.4351367077887,50.31282221615492,17.043898302130533
98.56030196275793,40.054480008481065,19.24510258339891,50.877886412622985,16.90043715014818
98.6102818319074,39.99319993204722,18.932408194382766,50.56652431416201,16.63499364776173
98.66026170105687,39.60346926094819,19.433592789876204,50.02170815193272,16.71053345607874
98.71024157020634,39.76214648397726,20.317753734702723,50.30726169829114,16.365638722124764
98.76022143935582,39.73542038952047,20.343072245239213,50.1246521743574,15.999639506677035
98.81020130850528,39.71199483823467,19.97071711437494,50.293265058191395,16.234263906888796
98.86018117765475,39.4926949940208,20.365225572036213,50.82223230101866,16.348768853585476
98.91016104680422,39.24147139581511,20.539894717844568,50.727576044599594,16.413456582376742
98.9601409159537,39.027725344194835,20.845031375141286,50.273257741515145,16.41124928799955
99.01012078510318,38.99912004119404,20.12762650647304,50.2709989732062,16.504442186404514
99.06010065425265,38.80989588371287,19.64574668090345,50.611991012000495,16.906265816173352
99.11008052340212,38.78441737948774,19.531574467557284,51.00948808291967,16.92522346941524
99.16006039255159,38.54677549083668,19.22814957689516,50.771710324516235,16.61341117996171
99.21004026170105,38.48931336330432,19.93842544460236,50.75676260604957,16.64507862178758
99.26002013085053,38.53280514257516,19.741420836658897,50.74931250868074,16.688713594920788
