Time_ns,LNK_COM_z_A,LNK_Head_z_A,LNK_Tail_z_A,Mem_Upper_z_A,Mem_Lower_z_A,Mem_COM_z_A,LNK_Tilt_deg,LysNZ_LNK_Dist_A,LNK_COM_rel_mem_A
0.010000000029814058,151.3192177180712,150.81012176037976,148.42616844177246,133.32918,89.3332,112.34059,83.5761384266121,12.404742993608972,38.97862628740714
0.11000000032795462,151.7767992419485,152.1855540347995,148.75678825378418,133.85199,89.52444,112.40376,81.19387709885886,13.91996273335641,39.3730364245657
0.2100000006260952,152.34694351978018,153.6698751167523,147.99918746948242,133.8539,89.5653,112.32169,75.96538852175223,14.42880292941673,40.02525009937003
0.3100000009242358,152.98634472199865,153.31525506828424,152.97381782531735,133.57037,89.65117,112.306305,89.0535231880967,13.48791626382167,40.68003979035802
0.41000000122237634,151.9458814255639,153.21041896036394,151.40301513671875,133.24326,89.96336,112.31538,85.18213212740467,13.100070384783534,39.630505143825616
0.5100000015205169,153.66040111310323,152.8016170010769,154.2105522155762,133.22365,89.69068,112.27945,85.80401979762166,12.032120283324241,41.38095165021261
0.6100000018186574,153.0933429732955,152.99753247633825,154.30363655090332,133.0909,89.961235,112.27475,85.59030962440683,10.839157417450233,40.81859321743613
0.7100000021167981,153.73506379819284,152.54082934824015,154.68877601623535,133.1731,89.6217,112.35376,83.50157207807572,12.352843334769492,41.38130403256784
0.8100000024149386,153.45592509241484,152.93878393379046,154.56158447265625,133.56308,89.97634,112.47976,84.9681236439949,12.687601806332774,40.97616587610625
0.9100000027130792,154.53674850865107,153.508114675252,155.3946933746338,133.23007,89.95191,112.37112,84.42829017326288,11.861097640383779,42.16563187046748
1.0100000030112197,152.7153022678991,152.8708185520675,151.93575668334958,133.45874,89.372025,112.231125,87.29808307357533,13.178831011554596,40.4841773899694
1.1100000033093604,153.31905563321746,152.51807167547213,152.36215782165527,133.32964,89.88313,112.29432,89.58063559296123,13.700686978360562,41.02473648038543
1.210000003607501,155.05458143120416,152.8669052063037,158.76303672790527,133.59209,89.514145,112.29843,75.17505473968292,14.057784036810986,42.75615003471978
1.3100000039056414,153.18120321371336,151.04095508383332,154.8227195739746,133.4732,89.68897,112.35566,81.09538995274347,13.950715685401427,40.82554372885008
1.4100000042037821,153.37758756783475,153.23071334802276,155.35912322998047,133.367,89.64001,112.19147,85.52327959204023,15.304387163798026,41.1861202826785
1.5100000045019226,155.1532005956164,153.22731236702532,160.61085510253906,133.49765,89.66271,112.19747,74.78248009603428,15.850135147121104,42.95572897696405
1.6100000048000631,155.50105985073404,153.1360629026076,159.38970565795898,133.34831,89.97974,112.271065,73.84252813204621,15.476385590443668,43.229995092433256
1.7100000050982036,156.9609368202706,152.81065074698057,162.17068672180176,133.44936,90.02809,112.38554,67.9429717861805,15.492892456080067,44.57540062642295
1.8100000053963443,153.92837452291246,151.34628238876184,158.66790008544922,133.78596,90.12419,112.41024,71.72633459897867,13.410419569944143,41.51813434957262
1.9100000056944848,154.89784770581653,152.22166538314758,158.8598403930664,133.96205,89.379234,112.36813,75.11120350382372,14.471676273527727,42.529714160894656
2.0100000059926253,154.05121627810874,151.6456076929228,161.22898292541504,133.45029,89.87624,112.4707,62.49200728536443,13.732295061692083,41.58051315310874
2.110000006290766,155.06001870895489,151.27530716210723,161.63953590393066,133.87361,89.975266,112.50633,66.10775075210732,14.644415147871321,42.55368631149395
2.2100000065889067,155.54227922732912,150.79345265852746,163.03594970703125,133.75066,90.22449,112.36231,60.23364379839842,14.983928131773121,43.17996691043459
2.3100000068870474,154.8313036149804,150.52255031302107,159.01540565490723,133.31326,89.93045,112.21329,70.87595139058045,14.887450184643674,42.61801626146479
2.4100000071851877,153.9460457211009,150.76742160043938,159.74736785888672,133.60718,90.01212,112.33961,64.5618816841724,13.505612929651978,41.606438482331356
2.5100000074833284,153.11381098374784,152.3695846728379,157.69858360290527,133.33444,90.157585,112.36036,74.71822104962526,12.657702354765352,40.75345179185331
2.6100000077814687,152.98063100159874,153.61919900724925,156.94701385498047,133.38377,89.6391,112.22137,80.03273336531845,11.549073807447424,40.75926411927452
2.7100000080796094,152.80307507095824,151.2386125126998,159.40994834899902,133.47589,89.862915,112.20534,63.33185148099207,10.294181207730674,40.59773754654418
2.81000000837775,153.47478458745724,152.53818818419387,159.8014659881592,133.65244,90.40215,112.29374,69.20498522270809,10.7736914868232,41.18104526860958
2.9100000086758904,153.1100043144897,152.29239193179149,157.9165267944336,133.62524,89.82262,112.21255,71.7048993816363,9.825874393144503,40.89745701224359
3.010000008974031,153.69383194847458,152.11540788426387,159.64022254943848,133.24115,89.820435,112.18463,63.902602729655555,10.338105434782689,41.50920060081833
3.110000009272172,154.60166802356233,153.68937845329205,161.56897354125977,133.07016,90.30292,112.21502,62.767402386968605,9.949655442848275,42.38664879748811
3.210000009570312,154.68255817678255,152.48810737786724,162.70833206176758,133.37819,90.05413,112.21919,58.088082544890455,10.767315414626317,42.46336567189974
3.3100000098684528,154.1927087379045,152.93992706225643,161.1219081878662,133.68077,90.21795,112.31018,67.78898739994754,12.07365946871712,41.882528073841996
3.410000010166593,153.05597681505242,152.9581227413089,157.54661369323728,133.58452,90.02635,112.31147,76.16276487868804,10.048773462296692,40.74450678331414
3.5100000104647338,153.1740748642965,152.27790814528552,158.6838340759277,133.58403,90.32623,112.37653,72.02010364010924,11.105718516543488,40.79754135599572
3.6100000107628745,152.82504479879682,152.30769351803715,157.77325820922852,133.65164,90.050606,112.40393,75.44866879569315,10.030311590190697,40.421114134734324
3.710000011061015,152.9229937662043,153.12727505983494,155.57115364074704,133.53688,90.1756,112.399765,83.63143637075152,12.177825526522021,40.52322875155588
3.810000011359156,152.38013524212462,152.60337681697905,154.10162353515625,133.97835,89.997375,112.43248,84.57439183554195,10.7038721951843,39.947655383726186
3.9100000116572966,152.1697127555671,152.50963734017668,152.54363250732422,133.63,90.0044,112.363106,89.86839693849362,10.76037219480068,39.80660698164132
4.010000011955437,151.98770043229538,152.8932090594614,154.57488822937012,134.02869,89.944275,112.49899,84.30826598373744,8.851021575948149,39.48870751237351
4.110000012253577,151.9483083442515,152.7108731288895,150.0744686126709,133.93443,90.21562,112.57085,81.38029094167527,9.356987356130267,39.37746178663431
4.210000012551718,152.30044596512832,153.67154755504677,151.5379657745361,134.18436,89.5909,112.46089,83.95643889099833,9.158049005702983,39.839554241495506
4.310000012849859,152.97447373409744,154.14386874899495,150.1197967529297,133.6986,89.989296,112.293,76.37145949838161,9.058281589379108,40.68147446651932
4.410000013147999,153.68087107549655,153.6458151715932,152.10022354125977,134.13422,90.02183,112.313034,85.60517307565856,11.902363908183661,41.36783701787937
4.51000001344614,152.01273424807385,152.8433856491467,147.25292015075686,133.66844,90.02951,112.4034,73.81642203088104,12.065845126945694,39.60933764162854
4.610000013744281,151.6270243158495,150.52428782681864,146.64543342590332,133.99887,90.01451,112.4896,78.10932775961284,12.041450466226468,39.13742318059559
4.7100000140424205,152.14619095311366,151.92320655194592,149.57278251647952,133.91061,89.89953,112.32862,84.8091368507396,13.830959876981495,39.81757004246913
4.810000014340561,149.82698174978535,151.1272539555026,147.39412498474124,133.80415,90.01346,112.287476,82.05209143020274,15.076333992055696,37.53950616384785
4.910000014638702,148.46908898925986,151.11458654731487,142.5737457275391,133.90413,89.930855,112.31003,67.72245046421455,14.725432943243328,36.159060913087984
5.010000014936843,148.3667303400599,151.1513776985004,140.97832107543945,133.91592,89.82847,112.35988,65.12587255545685,14.333079177663084,36.006851800020826
5.110000015234983,146.02092948101227,151.7831915009984,133.9775848388672,133.99165,89.67617,112.37287,38.268660612060465,13.952281158011543,33.64805808208649
5.210000015533123,144.9303958491022,149.85245188248814,133.56662940979004,134.19962,89.61162,112.479225,41.65284575804834,13.016152856560108,32.451170690410805
5.310000015831264,148.14290375966326,151.74028072158973,140.30235099792478,133.70345,90.06896,112.40595,60.2612598203866,13.591418384855661,35.736951306049974
5.410000016129405,147.90764601982906,151.61448795675375,140.80541610717773,134.046,90.25309,112.57588,64.96970308333002,15.641815572560631,35.33176406182125
5.510000016427545,148.32990919635301,149.90377175798423,143.0733222961426,134.09114,90.131355,112.3977,74.86880042253868,15.56795416737306,35.932211747622546
5.610000016725686,150.37047106231017,150.16279212042966,147.30186843872067,134.60057,90.21173,112.54125,81.6133041640199,14.046530618078052,37.829218926079704
5.710000017023827,151.3499326407348,150.1251639252563,147.56163597106934,134.2147,90.273994,112.527664,81.34722884324971,12.69642436858446,38.822268456164494
5.810000017321967,152.04400200878737,150.39772794191404,149.69167709350583,134.10414,89.96173,112.541466,87.51724259694036,11.781300733222707,39.50253624951003
5.910000017620107,151.2428639683153,150.58691146448078,146.4887294769287,134.24414,90.02151,112.59244,74.78462519517466,11.181178815797317,38.65042622417468
6.010000017918248,152.04107897333637,151.75315519069122,151.5003890991211,134.45909,90.116776,112.5147,89.05253063402952,11.06663861437242,39.52637713007465
6.110000018216389,150.57558459149067,150.98912549952715,147.48437309265137,134.35349,90.19134,112.53877,76.70621246358878,10.407835368182095,38.036812008482855
6.210000018514529,151.40779641603586,149.27563612867033,148.20727348327637,134.45613,90.27414,112.457924,85.92970152516237,11.69706250463953,38.94987252687571
6.310000018812669,152.45807796938075,150.3203797374698,151.7752799987793,134.40964,90.32118,112.47387,85.27059982458744,10.699587946341593,39.984208645650284
6.41000001911081,152.72262067257472,150.24779776093675,150.6490993499756,134.09558,90.08068,112.53357,88.40505834828863,10.781179408545496,40.18905133663722
6.510000019408951,152.4742291194867,150.17188997825178,152.88046073913574,133.94368,90.312805,112.4489,80.12338994187535,10.458537794169835,40.025330804057006
6.610000019707091,152.4604333567292,149.76443191455138,152.94243240356445,134.47581,90.432236,112.46791,78.36046660619022,10.73159184383978,39.992522590127635
6.710000020005232,151.9767115032489,150.3807457086089,151.8984603881836,134.33633,89.948265,112.42758,84.74814806643411,9.33151644878229,39.54912971613953
6.810000020303372,152.58833916945036,151.7811574287933,153.61401557922363,134.7652,90.11418,112.4762,84.21624596749771,9.005383006149732,40.112142880387864
6.9100000206015135,152.8964063468571,153.1322494006748,153.21462059020993,134.60242,90.33389,112.44988,89.73093364900325,8.681848099133267,40.44652383953289
7.010000020899654,152.80505022454284,151.71155601153842,154.10185241699222,134.4142,90.570915,112.565636,82.37028449212892,9.448356923891275,40.239414543390495
7.110000021197795,153.09196805857889,152.83727242754136,158.32767486572266,134.43355,90.02455,112.56482,73.59170998739515,8.88660280885442,40.527148722641385
7.210000021495936,151.7186545568832,151.06731004966537,152.41971969604492,133.77443,90.37547,112.41617,86.2104888723245,9.377897062197674,39.30248634399257
7.310000021794076,152.6767240862688,152.44856561650093,153.0979347229004,134.14212,90.67226,112.40973,88.27415939504228,9.426787932268875,40.26699508236254
7.410000022092216,153.28533097097204,151.95334383738125,158.58544158935547,133.77267,90.44824,112.539406,70.57194850465874,9.14976400641901,40.745925148218134
7.510000022390357,153.07042250042718,151.88314966618015,156.9049434661865,134.27983,90.08452,112.434525,76.45327606293853,10.250601526604498,40.63589796429437
7.610000022688498,151.9130879691886,152.37754466836685,154.22565841674805,133.61826,90.32867,112.364395,84.25316667074235,8.529173375866877,39.54869282758705
7.710000022986638,153.06675032485614,151.72170987575174,156.00014686584473,133.90111,90.267,112.373344,75.79930669516474,9.175691057161279,40.693405903469426
7.810000023284779,153.55380015455495,151.48375690316888,155.88324356079102,133.70807,90.319275,112.370705,79.06510190086433,12.45738153541644,41.18309550367604
7.910000023582919,151.06772521865665,151.4552560283316,154.43538665771484,134.00653,90.596306,112.5324,82.90464743441225,10.382252680475434,38.53532318008243
8.01000002388106,151.56525420455102,154.1616932040305,150.6796989440918,133.96626,90.46752,112.44357,82.23216515964769,9.521221716678586,39.12168120650415
8.1100000241792,150.50370564480994,152.3402035848128,148.17072677612305,134.13731,90.05438,112.390175,80.90304840667746,11.871515422832335,38.113530779087284
8.21000002447734,150.89349768797183,152.32563800644056,148.276704788208,133.71965,89.91248,112.21167,81.45489104802428,10.674651126451064,38.68182776609683
8.310000024775482,151.1692278357156,151.53604086030492,153.09411239624023,133.64145,90.09508,112.27022,86.0528149069932,8.874536596269516,38.899009940207776
8.410000025073622,150.83402583949754,152.22212823918113,150.82211112976074,133.37943,90.362434,112.43428,86.7581632246173,9.785803320738156,38.39974544398973
8.510000025371763,151.25400087939147,152.79275119943108,152.09367561340332,133.9657,90.02854,112.38696,88.61494766054945,11.158389346689102,38.86703798876647
8.610000025669903,151.57204919178804,152.89566047357425,151.89859199523926,133.93991,90.54883,112.52435,87.9561222381192,10.39130449167606,39.04769616444429
8.710000025968045,150.64247122922913,152.24193612639186,148.8534049987793,134.20973,90.38273,112.406075,82.89146339550317,11.680210495766223,38.23639670530335
8.810000026266183,152.65262737068247,152.44044051867883,155.33050537109372,134.15839,90.40506,112.40404,84.45018123141934,13.058253810776847,40.24858989509653
8.910000026564324,152.28554629146757,150.77925011980162,156.72856140136716,134.04726,90.51621,112.47563,78.54343349294868,13.033272445538156,39.80991457760038
9.010000026862466,152.25268716932595,151.42494836833168,155.2600898742676,133.4565,90.297516,112.39353,81.64815547543957,12.809468024812281,39.859155370009546
9.110000027160606,153.17962525213045,150.51011190864202,154.80526924133304,133.70187,89.97994,112.44825,80.75392336805886,16.347412121199312,40.73137543523592
9.210000027458747,152.8966354819354,150.47518062210386,156.70349502563477,133.52753,89.9278,112.335945,76.51820746061863,15.803631598463642,40.56069035254086
9.310000027756887,153.0130514039932,150.41363560152854,156.33712768554688,133.71545,90.12925,112.240944,77.46627130788283,16.265463064712314,40.77210749530178
9.410000028055029,152.69682939692757,149.9132097215294,153.0451831817627,133.90253,89.5749,112.286575,83.11541741467884,16.21593345004006,40.41025407954476
9.510000028353168,149.33195942066988,149.5727708940026,145.77357292175293,134.12448,89.95568,112.35223,82.52297099222824,17.52638926236733,36.97973316334566
9.61000002865131,150.02681570445117,149.70796340832607,148.63059616088867,134.28246,90.03509,112.430244,87.61880648965962,15.576111908785233,37.596571258650386
9.71000002894945,150.2328642371372,149.26299738407513,150.91740036010742,133.94333,90.08067,112.39595,85.81557432527467,14.434612991142318,37.83691391975438
9.810000029247592,151.43136049421219,149.7935993307405,152.5997467041016,133.74092,90.38122,112.38204,83.33195010730077,14.355790985261743,39.04931856305984
9.91000002954573,150.42442107083826,150.08957978880568,150.08866882324222,134.0433,90.02202,112.40671,89.99768063669019,14.449282018224396,38.01771330716639
10.010000029843871,150.09735973145726,148.85404853302416,147.3622303009033,134.57776,90.0245,112.43451,85.54770919181759,15.409708464639653,37.66285045411351
10.110000030142011,147.3331661532169,149.3412789574249,142.3560848236084,133.89456,89.93254,112.28183,71.9124271575484,15.51873201380037,35.05133631923252
10.210000030440153,148.988567697347,149.56044000553953,144.98482704162598,133.97931,89.77994,112.35736,77.56371992412993,13.68323797090965,36.63120685750326
10.310000030738292,147.6897563160912,148.4069199657364,141.77120971679688,134.06467,90.0062,112.31574,72.65696964034612,15.381619259911904,35.374013823415424
10.410000031036434,147.1992156468438,149.57807900408187,139.80149078369138,134.0519,89.86404,112.28986,67.54664417937208,15.291009079586777,34.90935206041803
10.510000031334574,148.55711369145968,148.89709484548592,145.81972312927246,134.03452,90.43427,112.52191,81.7481551208618,14.545071684023094,36.035202070365926
10.610000031632715,148.54171556010638,149.1490099119435,144.2390365600586,133.71855,90.25975,112.332985,77.79548601990061,14.192737523181366,36.208730635789976
10.710000031930855,147.52197101029978,146.8971693067909,143.32874870300293,134.29156,90.13251,112.43678,80.28806203316931,12.272040995185227,35.08518817338572
10.810000032228997,150.56942600252933,151.78848280018565,148.96621131896973,133.98521,89.858086,112.24561,83.15518997246309,14.133734902503779,38.323812904384795
10.910000032527135,148.7179509801368,148.71423066319895,146.32346534729004,133.9704,89.45441,112.12806,83.98389361975197,14.294226006108532,36.589891592929774
11.010000032825277,149.74635486211233,149.7049728442344,146.47442245483398,133.8314,89.97014,112.22461,81.57083437355658,13.878250778827903,37.52174548711233
11.110000033123416,150.15558271440742,150.19384661338313,149.0670051574707,133.97298,89.9071,112.178314,87.02210923277998,13.400561809964405,37.97726850542304
11.210000033421558,150.513173035569,150.22655340083404,148.60866355895996,133.92061,90.22925,112.23627,85.76320848177409,14.21707751209529,38.27690594572525
11.310000033719698,150.76590212087876,149.73844863928193,148.90876388549808,134.17752,90.399,112.35595,87.62046612950692,13.510336729151705,38.409952719023295
11.41000003401784,150.05738890464602,150.20807666000988,147.49830627441403,134.11989,90.15167,112.26377,82.95467846928783,13.932425876613818,37.79361784751711
11.51000003431598,148.30289065002927,149.92541578309616,143.61485862731934,133.89978,90.13467,112.27005,72.60476693649129,13.03543377981304,36.032840601201144
11.61000003461412,148.07691942916793,148.91045612606595,142.16215324401855,134.52095,90.181984,112.34581,72.87728428092643,14.062133845444162,35.73110949264449
11.71000003491226,149.88194334650538,149.2618348253526,147.63692474365232,134.18132,90.15873,112.22719,84.36829723007949,12.298190926236241,37.65475523615382
11.810000035210402,150.4175090638862,149.78875264656438,150.485200881958,134.12114,90.28568,112.31146,87.34972248811417,12.149969350331144,38.10604666154245
11.910000035508542,150.62521387303937,149.1658272076187,149.74388885498044,134.31143,90.11739,112.24232,88.2323287987492,12.754972109054593,38.38289667333234
12.010000035806682,151.52372524105797,150.8312321029407,152.380708694458,134.38484,89.84978,112.21847,83.84975796707108,11.40319749902542,39.30525752865563
12.110000036104822,152.3629872856301,150.80393741342377,154.06941604614258,133.96632,90.26641,112.360306,75.62418691060519,10.91599615037437,40.0026814994973
12.210000036402963,152.12090903107998,149.98819919284298,154.68382835388184,134.00063,90.53529,112.295654,69.65462962509916,11.041395212270988,39.825254734204975
12.310000036701103,151.21794889394988,148.47244892989417,154.27443885803223,133.60028,90.30266,112.192154,61.70729586581671,10.92744114105293,39.02579496328582
12.410000036999245,151.7342389341103,151.81311300751878,153.9777030944824,133.41849,90.14418,112.1753,80.94216785851461,13.119492859475066,39.55893833596576
12.510000037297385,151.9196291868416,151.45487719931478,153.16757774353027,133.53207,90.07972,112.1438,83.67447016708236,12.049623868528363,39.775830358716604
12.610000037595526,151.92482990823814,150.12492301690875,155.43981361389157,133.49785,90.09022,112.16478,69.58064144986834,11.314999057240593,39.7600502451522
12.710000037893666,151.74307742836703,150.46188914956903,152.4641399383545,133.93095,90.07515,112.13318,83.17789887449048,11.40553657147466,39.60989871742953
12.810000038191808,151.6854127518016,151.17542817247667,151.74221229553223,133.60274,90.23283,112.130196,88.26237468979397,12.52505416706807,39.555217134125826
12.910000038489947,152.19760629520906,151.0488680893664,150.82830810546875,133.78326,90.05469,112.08364,89.33383944618102,12.088790091524833,40.11396524296296
13.010000038788089,152.81578489551984,150.38983971819127,152.4094638824463,133.93134,90.37483,112.124664,83.9969145713962,13.789746872957151,40.691120588879215
13.110000039086227,154.4218367389058,151.66189675212954,155.28092193603516,133.55019,90.07778,112.11162,77.26799154671667,12.960767457274844,42.31021869691361
13.210000039384369,152.8008127942972,150.0855425705822,154.65386199951172,134.0644,90.37762,112.21836,73.42269114976988,11.458695146768646,40.582451893418295
13.31000003968251,153.3756096243345,151.12840337471232,154.30655670166016,134.01714,90.28591,112.21742,78.36454538962636,12.18060220105356,41.158187138982925
13.41000003998065,153.8917691289382,150.56460290751772,155.23381233215332,133.76558,90.24189,112.15037,72.60829439034636,13.203397948972375,41.74140139212179
13.510000040278792,153.6176714713802,149.47292265979695,155.26757049560547,133.67934,90.23556,112.11446,70.67344124241663,12.965736869336407,41.50320766522785
13.610000040576931,153.20439762055676,150.1724497690666,153.2394866943359,133.762,90.56923,112.21257,76.92936065133233,9.948142377394053,40.991827430127074
13.710000040875073,152.68273160604372,148.6672133606591,154.25171279907227,133.94415,90.39241,112.200836,70.41483154993837,12.825770945292385,40.48189542440309
13.810000041173213,153.25182550035532,150.2268471325235,153.9293804168701,134.24423,90.162125,112.25827,73.4549207093575,12.281458549507388,40.99355523668345
13.910000041471354,151.93420108365365,150.46285442349247,152.17548751831055,133.70537,90.02732,112.139595,83.38703826711377,11.397950775234092,39.794606051915366
14.010000041769494,152.25979838001058,149.3675045620242,152.84555816650393,133.58194,89.92229,112.035614,75.16860922229776,10.5409036084157,40.224184366338704
14.110000042067636,152.04838379017244,149.76119180644253,153.63757896423343,133.81429,90.03699,112.245056,73.02366976109931,11.165881980847278,39.80332763782869
14.210000042365774,153.24076028311336,150.5605284022294,153.56134223937988,134.46431,90.094925,112.27142,79.07650589371526,12.046837240667347,40.96933694326961
14.310000042663916,152.6781145032671,149.85288634936776,155.61543083190918,133.64236,89.88926,112.139984,69.19683401933277,11.801660007062077,40.53813037240772
14.410000042962055,152.19338225930875,151.16723445889284,154.92934226989746,134.03185,89.88829,112.173676,77.49232586037276,10.543558362955029,40.01970672219937
14.510000043260197,152.14979983534658,150.88330630661486,154.90165901184082,133.6356,89.83068,112.13094,76.9024087585311,12.172162372570007,40.01885653700674
14.610000043558337,152.2583780954145,149.3849564299976,154.22599983215332,133.63097,90.22972,112.147514,66.23570803913577,10.296486685535964,40.110863752152795
14.710000043856478,151.36001772558456,150.02901753304388,152.74884605407712,134.39157,90.09311,112.09903,77.13962673579938,9.87688898259879,39.26098818456893
14.810000044154618,151.88661356317752,150.82792271126948,154.1788845062256,134.25778,90.40564,112.24178,76.65193978763112,10.654282578511957,39.644830421087676
14.91000004445276,152.0652446010911,149.90848539430175,153.85239791870114,133.89438,90.51866,112.25773,68.2947618362895,10.214106286733747,39.80751602443095
15.0100000447509,151.08770655481038,148.25222605728894,154.00001525878906,134.3133,90.356705,112.19585,64.09759876773572,11.169135883924026,38.891859997193194
15.110000045049041,152.54141457594858,150.81693945685737,156.01425552368164,133.8993,90.17426,112.18679,68.98914354456312,12.359863288834786,40.354624109639985
15.210000045347181,151.4819979670554,149.39336855710744,154.92147254943845,134.05513,90.455185,112.26676,65.76973046873681,10.199393278446944,39.21523618727025
15.310000045645321,151.36390268672767,150.31344792940064,153.75843048095706,133.855,90.373665,112.367004,77.43038316016843,12.250548074096208,38.99689829219642
15.41000004594346,150.5483038413376,149.54148926342324,153.2371883392334,134.14148,90.401,112.406746,76.18134511553295,11.766231671797883,38.14155793069307
15.510000046241602,150.67007656607706,149.05246601058997,155.58374214172363,133.93811,90.277824,112.29843,65.47475772287265,10.935922930233735,38.37164516959268
15.610000046539742,150.72911256521766,149.01076356932035,154.92591094970703,133.95369,89.951035,112.39683,69.46276576625654,12.106925447600325,38.332284867463756
15.710000046837884,150.82193485849186,150.6197350164302,153.2785530090332,133.83176,90.216515,112.46758,78.66719581295897,10.764516388916979,38.35435215585514
15.810000047136024,150.2591345060649,149.9822288470493,151.81090736389157,134.01637,90.000565,112.32079,84.22458110438916,12.05909976580775,37.93834135420943
15.910000047434165,150.58165536360477,150.99675090250065,151.90028762817383,133.84953,90.07076,112.436104,87.1528071134225,12.114136128367274,38.145551542803986
16.010000047732305,150.48693746434313,150.48470062146086,152.11326789855957,133.63681,90.29218,112.40597,84.4483287611811,12.01017361795741,38.080969751940785
16.110000048030447,150.7541425688613,151.18319344158462,151.50148582458496,133.89603,90.27058,112.52702,88.85760853982035,11.631023096488446,38.227119253431624
16.210000048328585,149.42178555970182,151.36654358459035,148.88993644714355,133.74216,90.16024,112.49193,82.85589720512495,11.537746120227057,36.92985745911588
16.310000048626726,149.70208977627206,151.36905768354066,148.79546356201172,133.90074,90.07293,112.420975,83.85184974694423,13.268184400899885,37.28111504482675
16.410000048924868,149.86385869855647,150.8176664661923,151.5289649963379,133.996,90.13945,112.44177,88.17119615618356,12.833279342331544,37.42208623761897
16.510000049223006,150.36040731231594,151.07851392226064,150.3816032409668,133.84596,90.105606,112.4513,88.18146382957181,13.119215439765188,37.90910573760891
16.61000004952115,149.65700871583076,150.34861530026467,150.833833694458,133.80861,89.99869,112.35204,88.5933606552919,12.221590236138384,37.30496556397529
16.71000004981929,149.958581569418,151.06227564640182,149.5889835357666,133.55045,90.12029,112.25616,85.66979559246361,11.851434095128802,37.70242464803127
16.81000005011743,150.64233901222315,151.63444888620356,150.22077941894534,133.71922,90.04371,112.38286,86.3797177421266,13.088203455217792,38.25948073585596
16.91000005041557,150.41667902046018,151.4315242386169,149.84758758544922,133.35727,89.84219,112.205635,85.77665741901201,13.61854813453521,38.2110439496594
17.01000005071371,149.7649257068743,151.37674371001245,146.1659736633301,133.6301,90.197586,112.289665,76.510871451123,14.006638374675216,37.475260484706325
17.110000051011852,150.9937457666779,151.9892547082939,149.44216537475586,133.56403,90.06156,112.156166,83.66669248971293,14.63001657139102,38.83757969001775
17.21000005130999,152.16637156399784,151.81841435420998,152.40773963928223,133.1486,89.935165,112.0119,88.48270492303158,13.804892996509844,40.15446970852909
17.31000005160813,150.70188524970038,152.56045612118703,147.1480541229248,133.1077,89.9525,112.06656,77.11878600933177,12.814724844587557,38.63532641180976
17.410000051906273,149.60746263501878,151.7793737818583,144.12730979919434,133.29651,89.74264,112.03272,74.67179008897831,17.669981771797065,37.574740161874246
17.510000052204415,150.0217948151223,152.52258233391316,146.69576263427737,133.33177,89.79506,112.08216,77.9621127694237,14.941483259910388,37.93963386541526
17.610000052502553,150.4680176643724,153.0704689818702,147.02423477172854,133.0581,90.05456,112.0288,77.66028245816972,15.798042672053521,38.43921670001694
17.710000052800698,151.12895473778534,151.49583585999852,149.91642951965332,133.08002,89.772446,111.98847,85.87296405164192,13.496057006135777,39.140482752922054
17.810000053098836,151.1592313026908,152.2642443570778,148.95934104919434,133.63309,89.85339,112.1438,80.80665967580778,13.20028184146819,39.01543247456581
17.910000053396978,151.45511083926183,151.68500383409094,150.09905624389648,133.46945,89.564865,112.039795,85.55360730016332,12.994538039936023,39.415315917386835
18.010000053695116,150.67653025087418,150.78119414868493,148.31338500976565,133.13658,90.07741,112.02185,82.40462400967509,12.624055017801242,38.65467966493668
18.110000053993257,150.9826578321223,150.4369158481808,150.20695495605466,133.46399,90.17288,112.15686,89.44654435985548,13.340146278307891,38.8257974805598
18.2100000542914,151.68886313782235,149.84882641677186,151.85652351379395,133.4034,90.01724,112.1611,84.52376837572258,13.483904288730491,39.52776084290048
18.310000054589537,151.8107981396598,149.65635679017822,152.28050613403323,133.72159,90.19891,112.16868,82.27038161797343,11.91669085699632,39.64211985596839
18.41000005488768,149.3125100441966,150.60586825034602,145.35107231140137,133.59355,90.082954,112.19563,77.39944353772263,14.684490097261381,37.1168771096263
18.51000005518582,149.39291518206826,150.56345793726345,145.35088729858398,133.38142,90.05187,112.30971,78.29607224888666,15.330560248276434,37.0832075404667
18.61000005548396,149.03933375105606,150.32570284714612,143.65085411071777,133.5543,89.84194,112.183464,73.93796623802766,14.651366272957976,36.855869700763094
18.7100000557821,149.32512432289445,150.77781130503314,142.3264179229736,133.51675,90.38623,112.31042,67.62198938946442,13.928524856609313,37.014707147601484
18.81000005608024,149.34165872617325,150.5610363180403,145.65797996520996,133.4369,89.977486,112.12563,77.16075178623427,14.256017143919856,37.21602548642716
18.910000056378383,149.22171833433256,150.84439264994253,143.7272052764893,133.31285,90.02079,112.143234,72.37159186269311,14.465470286213373,37.07848408140288
19.010000056676525,149.81628604263125,151.59886334096785,144.1764087677002,133.0126,89.88023,112.06595,68.54201001708391,13.496964374452016,37.75033755630312
19.110000056974663,149.04147670382173,151.44581571986063,142.8651065826416,132.88246,89.64283,111.99319,65.66955791966045,13.334232400495257,37.048289753138135
19.2100000572728,150.74729965732197,150.2907505050647,148.96271514892575,133.57971,89.725555,112.07755,85.81429861213726,13.48345505794622,38.66974686191182
19.310000057570946,149.08153768915955,152.15136391863072,140.92064666748047,133.29686,89.64386,112.079994,60.35427914320975,15.529978539681412,37.00154348749939
19.410000057869084,149.65960551363665,151.22653638868692,142.89427566528323,133.53783,89.7072,112.12389,64.93611691361573,13.92369304239994,37.53571177584368
19.510000058167225,149.0209577356587,151.3135601626121,140.49872207641602,133.27986,89.73738,112.111435,59.76827160857722,14.415340472361047,36.90952279913526
19.610000058465364,149.74328008324522,148.74241803151716,147.8572883605957,133.41753,89.77823,112.129654,88.01378275244497,11.937417720833919,37.61362615258116
19.71000005876351,150.9521598309058,152.43937273582011,149.3933219909668,133.41115,89.76725,112.13183,83.98759382452687,14.897431369453761,38.82033152280033
19.810000059061647,151.59776090908846,153.14918644918052,150.1117458343506,133.47354,89.49591,112.09967,84.36529560546347,15.44856125614107,39.498090498932214
19.91000005935979,153.61575151487824,153.1134950102662,154.21036338806152,133.41501,89.474365,112.09787,87.62551678729461,11.878382762665028,41.517881641831366
20.010000059657926,153.0492597312121,154.06187732919133,154.03482627868652,133.17932,89.28293,112.10579,89.95218669213958,16.625761815103523,40.94347054664178
20.11000005995607,152.4101386600314,152.36906495616495,151.3008975982666,133.56093,89.40951,112.18905,88.03204290476697,16.442158449779143,40.22108989294156
20.21000006025421,152.70566888915428,153.09523999452782,153.02988243103027,133.20198,89.60524,112.11541,89.86716924159738,14.956181543185856,40.59025903808006
20.310000060552348,153.6555445320608,153.4312250486476,154.60831451416016,133.38423,89.2386,111.95812,87.74839339669236,14.007577703287156,41.69742227864282
20.41000006085049,153.81945840555045,153.78546277053064,155.31741333007812,133.60893,89.41895,112.03647,87.05159005269945,15.219121707265536,41.782989899691074
20.51000006114863,153.36186701022137,154.8857716195208,151.48835372924808,133.6956,89.66783,112.06057,83.11125476591306,14.962205129662149,41.30129724703778
20.610000061446772,153.2818606135546,154.98801887140192,151.79084587097168,133.17072,89.56507,111.93735,83.7668800154983,15.135063714081493,41.34451320144524
20.71000006174491,152.16816657102424,154.49583535381169,147.11796951293945,133.03978,89.65347,111.992035,75.6073875688744,14.77108083323122,40.17613165891487
20.810000062043052,149.81674367855697,153.62451931765133,143.5740509033203,133.1279,89.81086,111.97983,69.90081656115697,16.175616121246698,37.8369157976976
20.910000062341194,149.79732124876975,153.82365603488887,143.63607788085938,133.32332,89.68859,112.07068,70.20566158858018,15.972110421967459,37.72664253783225
21.010000062639335,151.055467591685,154.0226535354968,147.23503112792972,133.3699,89.316216,111.90944,76.8907117982593,16.93077593980201,39.146028504770925
21.110000062937473,150.07395490497024,152.60798312338898,145.39917182922366,132.8589,89.27536,112.02217,75.33806293858014,14.945234524010413,38.051783884462424
21.210000063235615,149.55483880817928,153.10117235801204,142.85660171508792,133.2202,89.4247,112.08761,62.28794692661294,13.074855290916252,37.46723047077694
21.310000063533757,150.5889284271501,152.29944511492857,146.68192672729492,133.34021,89.61471,112.13672,75.04816898826115,13.30970434958323,38.45220967715011
21.410000063831895,151.4579427069668,153.07833608906333,149.9228572845459,133.28287,89.463425,112.10581,80.98222098538595,13.938586344663632,39.3521306342129
21.510000064130036,151.09659659925995,153.57731434481323,148.18142700195312,133.31207,89.93222,112.079155,75.31450862490891,13.706983746851755,39.017441630998235
21.610000064428174,151.4514217872007,153.08689451027067,149.1673927307129,133.05165,89.18918,111.89232,80.3625251505558,13.379251868234425,39.55910306161476
21.71000006472632,151.9805770457286,151.95634158871633,152.61180686950684,133.07755,89.82668,112.06515,88.3597142857192,12.640356101084857,39.915429645826265
21.810000065024457,152.46707879373383,152.4549878621273,154.24096488952637,133.32596,89.53966,112.05268,85.38498896399274,12.518059984083045,40.41439782449555
21.9100000653226,151.8928764377386,152.2790660903894,151.36586380004883,133.37918,89.45861,111.99811,87.97958385085678,15.334907794056027,39.89476852758236
22.01000006562074,153.34353637220326,153.90482734356948,156.44591712951663,133.16129,89.18704,111.95643,82.84285767229294,13.367338599498876,41.38710784437123
22.110000065918882,151.9383859457374,153.81080191998745,151.5663814544678,133.29929,89.282394,112.042015,84.91249116808532,13.462708726842965,39.8963708700538
22.21000006621702,152.96294217494287,153.29962065198916,153.53974914550784,133.30148,89.2882,111.99592,89.51722367547009,14.443167400865333,40.967023901017086
22.310000066515162,153.2716502654888,154.10832374749614,152.47536659240723,133.35545,89.08466,111.87809,86.7749509774915,15.445085692811569,41.393560360703646
22.410000066813303,152.97139390113307,153.1549324566226,152.05733489990234,133.0437,88.67089,111.75285,88.14033981792355,18.14551928294728,41.21854050757838
22.51000006711144,152.93347775450403,154.0804842332189,151.1242561340332,132.86507,88.95221,111.81776,83.63998422858569,16.57378664273071,41.115721101671994
22.610000067409583,152.66796151796854,152.42309233667754,152.01156425476077,132.9921,89.09931,111.89229,89.05762157316666,14.546430636093724,40.77567330996072
22.71000006770772,154.28481656801117,154.14243011718554,155.92086791992185,133.31665,88.65457,111.790375,85.95468224730486,14.192090489978478,42.49444181215179
22.810000068005866,153.02255254273283,153.36413847742608,153.880744934082,133.23999,88.94599,111.86526,88.78700975218364,13.573700260345168,41.15729527954923
22.910000068304004,154.2149314940994,153.9591289187888,156.9315509796143,133.2891,89.27651,111.925804,81.71209574265701,13.887516517067318,42.28912735591581
23.010000068602146,153.1508664048777,154.11214181120923,154.98194694519043,133.03151,89.602036,112.06479,87.83067513380311,13.347828381782444,41.086077586518314
23.110000068900284,154.14076870790893,153.98789760306013,156.26194763183594,133.18706,89.55129,111.97665,84.18965425085655,13.798354902497712,42.16412228456909
23.21000006919843,154.40526068138536,154.07267473679744,156.04598426818848,133.27003,89.474945,112.00069,85.99877604749426,14.54707530411432,42.404574035877545
23.310000069496567,153.80300401460474,153.71147822342712,154.56573867797852,132.94727,89.221275,111.97203,88.29389614066248,15.182420432580626,41.8309733749563
23.41000006979471,153.79272102873318,153.8045646673579,153.83171844482422,133.45404,89.24759,111.83978,89.9430097696485,13.863428136962387,41.95293831388943
23.510000070092847,153.62009474917784,153.71302233115853,155.14283370971677,133.52126,89.230255,112.03625,86.7333095240019,15.284758030583827,41.58384749575987
23.61000007039099,154.01168006666853,154.25780276962513,156.8282642364502,133.46751,89.62009,111.97963,83.96854303007376,14.812964754655685,42.03205055006697
23.71000007068913,155.49323864549703,153.87515388994956,160.08274459838864,133.24315,89.254105,111.95851,75.99804017755315,16.59710955638585,43.53472729295797
23.810000070987268,153.38324952454838,153.50454592990644,154.7757968902588,133.29901,89.252014,112.04785,87.1176469671742,14.436525698564173,41.335397962048376
23.91000007128541,153.1050131372632,151.8618540805783,152.89702796936035,133.35193,89.13921,112.00341,87.99515082799608,15.093494036798575,41.10160279790773
24.01000007158355,153.68562911926557,151.59954755616891,155.11267662048343,133.47948,89.341034,112.04679,82.23769929021385,14.318442040428103,41.638838042605414
24.110000071881693,152.92686994911261,150.68833961761257,155.35589408874512,133.52574,88.990074,112.05643,79.56491322780586,15.334890916105705,40.87044294715949
24.21000007217983,153.3290121424512,151.35911716793558,157.13621139526367,133.30775,89.24958,112.0507,78.18332386539107,15.602808735184848,41.27831481579105
24.310000072477973,151.81344567818294,151.03001871574028,150.54355430603027,133.78166,88.82597,112.013824,89.00023759204302,17.001022510783415,39.79962121529232
24.410000072776114,151.21655331785743,150.20888886425038,150.16734886169434,133.56981,89.22655,112.172104,89.9041739790429,15.750920821765785,39.044449436021495
24.510000073074256,153.0726778330481,151.82042788315735,150.6753330230713,133.39725,89.249146,112.13281,87.48232283228046,15.216759020993818,40.93986533304809
24.610000073372394,153.24662535144145,152.01049689423266,150.94934844970703,133.3228,88.83933,112.04265,87.41877530131983,15.368332366660262,41.203977036011764
24.710000073670532,152.10280931483624,151.94854933314093,149.15936279296875,133.62514,88.9512,112.17024,84.67250469822444,17.269269643687053,39.93256700526592
24.810000073968677,151.9057268130544,152.19562496365214,147.75157165527344,133.49652,89.104004,112.09113,81.142844715155,17.077877475779434,39.81459369537862
24.910000074266815,151.96380735105754,151.5919553541737,147.4075756072998,133.64906,89.04598,112.10774,81.6770992376933,18.01782728399194,39.85606504148723
25.010000074564957,150.22221346962556,152.2284928679371,143.67778587341306,133.57362,88.91121,112.07776,71.62071031393818,16.766769050120857,38.14445468056306
25.110000074863095,153.04758594127395,153.0963107199787,149.69742012023926,133.43826,89.05219,112.1502,82.44320174717315,16.373696179683396,40.89738605113723
25.21000007516124,152.6521811484119,152.89436600743818,152.53309822082522,133.1809,88.79582,111.98037,89.27706752943126,16.84108592503975,40.671811580540805
25.310000075459378,154.6008277721947,151.61229863765237,158.88969230651855,133.56958,89.26062,112.12036,76.25737709624772,17.699446617779714,42.48046644406969
25.41000007575752,154.79914411795448,148.93505355017743,160.15714263916016,133.8574,89.11787,112.19308,68.84373951056781,17.3507758431128,42.60606703055214
25.510000076055658,154.05695894613416,150.4193316855305,158.33733558654785,133.58208,88.96101,112.11442,72.45238681369604,16.318954540919535,41.942540916349
25.610000076353803,152.591659064913,149.92452644634778,152.56922340393066,133.74626,89.127075,112.37127,84.22797003004152,15.902783991457689,40.22038983883877
25.71000007665194,151.53293253717396,150.42813987945388,150.39178466796875,133.62929,89.34294,112.23897,89.91408867446975,15.30184294040452,39.29396464166615
25.81000007695008,151.10706755120341,150.81993565608937,147.10717391967773,133.64879,89.7517,112.24285,80.40323272398254,14.100994973449458,38.864216293879196
25.91000007724822,150.74060157515765,149.74166125473644,145.93359756469727,133.92865,89.334595,112.236465,79.32844547054755,14.944894760779938,38.50413612105609
26.010000077546362,150.36866285618248,149.72522111095304,144.86095428466797,133.75223,89.46447,112.21587,78.62402095723724,15.919142213617397,38.15278913792076
26.110000077844504,151.71292635617064,152.72819446469194,146.47912406921387,133.54909,89.4303,112.13203,73.75247217178112,15.036595454557203,39.58089968380736
26.21000007814264,153.92869598195182,150.56195270529182,155.81831169128418,133.41754,89.29522,112.254654,80.09467424559146,17.62360075393903,41.674042051287756
26.310000078440787,154.42232189750018,151.58466133282337,158.65185546874997,133.30617,89.42169,112.22472,75.06405133563445,17.09502904536164,42.197605710976745
26.410000078738925,153.5627544745628,151.37238087032816,152.92180252075198,133.95197,89.29334,112.2776,86.67215534757844,16.251132065624237,41.285151325148746
26.510000079037066,154.79393025520483,150.0924852799645,159.35421371459958,133.71063,88.891174,112.25805,65.61320232176381,15.536351077540203,42.53588124397436
26.610000079335205,155.36582681435365,149.81185922538825,159.9215602874756,133.45352,89.17714,112.12255,60.37183737183412,13.728740048874338,43.243275849998184
26.71000007963335,153.92942884781345,149.7925896160513,155.89154815673828,133.62057,89.21261,112.15449,69.52504910962537,14.098347648528538,41.77494123795017
26.810000079931488,154.7036805107192,152.0637767678923,155.09221267700195,133.67522,89.29579,112.07186,78.32378272436974,13.163377011115607,42.631819243629366
26.910000080229626,153.93930351501942,152.30283442008601,153.75552940368652,133.53998,89.41617,112.1047,83.44808625443807,12.538716751734304,41.834605333867074
27.010000080527767,154.06131907392344,150.92429849150463,153.38562965393066,133.80325,89.693306,112.125084,81.86757365251161,14.663435457552264,41.9362351505836
27.11000008082591,154.30760464662887,150.93806839904053,154.05474472045898,134.05618,89.81357,112.116264,81.48099631397578,14.827971743337736,42.191340303367156
27.21000008112405,154.14278360254292,150.83912261670153,152.37722206115723,133.48572,89.36786,112.04865,85.23448821899807,13.614799579604801,42.09413095361714
27.31000008142219,154.30903182226677,149.94569188399282,155.42492485046387,133.35541,89.12726,112.01545,69.7104298342309,13.21018002712822,42.29358229834099
27.41000008172033,154.03286094658654,149.35396784806042,153.74586486816403,133.42264,89.72988,112.0726,70.86992083373498,12.687213487785971,41.96025962822716
27.510000082018472,154.14696514372696,151.16294422652794,153.65948867797852,133.2877,89.47394,111.969154,80.1482521493967,12.57233781983419,42.1778107858168
27.610000082316613,153.96156948365908,151.56473140884265,153.5535564422607,133.18279,89.45188,112.06469,83.54095258734696,11.385553209702016,41.89687984742861
27.71000008261475,153.25666366595402,150.982960585877,151.17351150512695,133.29645,89.5186,112.201775,89.14254933321676,11.732838130989705,41.05488906878605
27.81000008291289,152.82078919110018,150.71815608426346,149.97231674194336,133.53555,89.533356,112.1237,86.74633093425005,11.246351715416287,40.69708618817049
27.910000083211035,153.03163042100832,151.5971424703499,150.2568187713623,133.77092,89.750534,112.1942,83.74901132171269,12.21686151760405,40.83743181260988
28.010000083509173,153.28742758438753,150.63933865724803,149.94039344787598,133.94742,89.50518,112.1813,86.74138572747974,11.715437925638469,41.106130282141436
28.110000083807314,152.5723506476817,151.29767358598474,148.6741600036621,133.58229,90.165855,112.279015,78.4715453157305,12.029345982077663,40.29333606027936
28.210000084105452,152.38956548325586,150.70583514572618,148.80223083496094,133.41576,89.89055,112.12617,79.50331514565909,11.662119621390653,40.263398185892584
28.310000084403597,153.26457031485992,151.58700637756397,150.37165451049805,133.50429,90.07795,112.077225,83.86760366993418,11.176443011882517,41.18734558341461
28.410000084701736,153.024290488233,152.25245927525557,149.62354469299314,133.30116,90.33431,112.127975,76.02339656281808,11.22600054342597,40.896315024365805
28.510000084999877,153.17169383147274,152.33109240451876,149.7912769317627,133.59274,90.0238,112.17328,74.33318189963792,10.770695462457212,40.99841502287899
28.610000085298015,152.95141399218613,152.25752857186905,148.30247497558594,133.61699,90.12378,112.31561,60.40009438887677,9.936069478654533,40.63580119921738
28.71000008559616,152.20656813148992,151.11553542810282,148.13411331176758,133.55383,90.060005,112.191345,71.05463989330102,10.294914433873787,40.01522291664617
28.8100000858943,152.38708431945687,151.7312453900405,148.45603370666504,133.59381,90.058716,112.21939,66.8961590854855,9.439743857840925,40.16769345031625
28.910000086192436,152.2905751390562,150.2454818341372,148.95576095581055,133.3993,90.125916,112.28383,78.4038197361535,9.40134289750462,40.006746403704625
29.010000086490578,151.01638325209476,150.5530376175134,147.95701217651367,133.75221,89.983574,112.35721,71.00120056409536,9.440190195193503,38.65917500014163
29.11000008678872,152.5603151417502,151.39169664024638,150.16421699523926,133.87642,90.17066,112.489265,82.34386927521301,11.314487448520573,40.07104969985568
29.21000008708686,152.0361973143015,150.6261481994824,148.7127285003662,133.68962,90.123566,112.5487,77.87441709212563,10.486171623998805,39.48749888900852
29.310000087385,150.88575290642623,151.22880945731697,148.08213806152347,133.80238,89.98263,112.32833,62.15077925224304,9.159063752420801,38.55742191277389
29.41000008768314,151.80875986273213,151.39003609734283,148.23382759094238,133.88991,90.1039,112.3889,59.19210154747288,8.565732670891064,39.419859105896194
29.510000087981282,151.6130803803179,151.04054287697772,149.00081825256345,133.60188,90.30682,112.41771,72.85277783773628,8.95467553617123,39.19537102973197
29.610000088279424,153.1691203079638,152.27794683198752,151.91510391235352,133.58194,89.974976,112.27164,86.04704484813892,9.376330158790871,40.89748334507317
29.710000088577562,152.44169167787777,151.92574954318772,150.9314994812012,133.70346,90.15907,112.29996,82.66625712611318,10.46958431420787,40.141734402487145
29.810000088875704,151.5451966869485,151.53345879509772,148.0911407470703,133.56174,90.18149,112.26222,63.48747830918381,9.196479298015378,39.282974396909424
29.910000089173845,152.36986196220985,152.64371994530842,149.7670936584473,133.39561,89.77629,112.22598,71.31279407039499,11.424355380700897,40.14387929619423
30.010000089471983,152.8769767925351,152.74346555775398,150.9476203918457,133.58304,89.84987,112.211815,78.22094889958059,10.240277831752259,40.665161912163995
30.110000089770125,152.66742940304263,152.40621358808949,150.00168800354004,133.77377,89.8867,112.28842,68.69253572595393,9.630959880343175,40.37900777218326
30.210000090068263,154.14941837211987,152.17426610774368,153.4129695892334,133.53519,89.88509,112.216354,81.42201972474685,10.535609830915234,41.93306400200268
30.310000090366408,154.1692330005595,151.44347290417178,153.12724113464355,133.79178,89.776184,112.29188,77.39060926364654,10.296799087813362,41.87735525397747
30.410000090664546,154.2931843454873,152.30412841052842,151.2001895904541,133.66364,89.75689,112.300735,81.56104415495061,10.59561788979797,41.99244887185449
30.510000090962688,153.2263864073194,151.31727755917825,149.94548988342285,133.60847,89.796844,112.28119,82.16593040153803,10.381641505347567,40.94519744247566
30.61000009126083,152.95810052244946,151.20659322456586,151.40083503723147,133.8674,89.776306,112.35283,88.80687255752815,9.592424406324993,40.60527154295727
30.71000009155897,153.19059726593784,152.43938292664208,148.91952896118164,133.71991,89.975006,112.335724,60.23252268223865,9.266148714080456,40.854873388984714
30.81000009185711,153.60819211898252,152.49734733392486,150.63209724426272,133.35927,89.6398,112.16623,69.09916508392892,10.388406718725015,41.44196287093564
30.91000009215525,152.91935434514394,152.09629550083076,148.09072685241702,133.78781,89.86139,112.33781,55.43353162351411,8.891810435707335,40.58154764348379
31.010000092453392,154.2404438391725,151.13233990139432,149.89517211914065,133.53687,90.020935,112.24511,78.7526934773344,10.411805885931376,41.995334281067045
31.11000009275153,154.46808573206619,152.97331973593487,151.7133445739746,133.97217,89.682304,112.18375,79.41466880455145,10.520815393367524,42.28433939417556
31.210000093049672,153.66446432186177,150.7991343253522,151.1957950592041,133.54982,89.497955,112.09871,87.37446287108413,10.023917080848394,41.56575521541646
31.31000009334781,153.83388129636387,152.25507237947434,151.4222011566162,133.58464,89.82071,112.158936,85.11821512770658,9.748294524476364,41.67494574948887
31.410000093645955,153.68721216444501,151.14157924758823,150.9416618347168,133.96304,89.784225,112.2418,88.77415318292209,10.720157437124625,41.44541376356611
31.510000093944093,153.2477794503284,152.46718613573498,150.26584243774414,133.87282,89.71351,112.22248,72.50759932608844,9.426319293887987,41.02529867640263
31.610000094242235,152.96617106490447,151.4423504226404,148.5232982635498,133.74133,89.97078,112.23596,65.60692697970532,10.170635718577548,40.73020915084197
31.710000094540373,152.9698362629362,153.1146810456908,149.1502742767334,133.86647,90.30718,112.29337,52.92059222399534,8.734345552046515,40.676463155026056
31.810000094838518,154.15306000411343,153.74815868435624,151.00112533569336,133.78786,89.9292,112.17196,65.5368556624928,9.686107886059029,41.981101080773584
31.910000095136656,153.11837742355485,153.1035761204269,149.250768661499,133.31264,89.79852,112.05663,45.61582039969587,6.8171593493841325,41.06174442794938
32.0100000954348,152.66875902662736,152.73661034551264,150.7764549255371,133.48158,89.89126,112.13253,62.54163156053119,6.572606093749556,40.53622881422501
32.110000095732936,152.48720953937428,153.3592050889318,149.6629581451416,133.70358,90.10974,112.176895,60.51571152708554,6.743342702672027,40.310314397772714
32.21000009603108,153.16405909560285,152.97257870278486,151.80045700073242,133.4509,89.82562,112.19209,79.78806170778738,9.482171335001553,40.97196620009504
32.31000009632922,152.7355985972876,152.4168096705497,150.65568733215332,132.97867,89.6176,112.04806,73.15576191878449,10.103615799311852,40.68754104113526
32.41000009662736,152.94115810999588,152.41446657737288,152.42121124267575,133.34714,89.67778,112.152534,89.94449949459451,9.10224286588148,40.7886236251326
32.510000096925495,152.22749655578409,150.61024813876926,150.67192268371582,133.43048,89.594215,112.139175,89.3313776459993,9.372808646780046,40.08832114074502
32.61000009722364,154.473506620562,152.4669620657234,153.80164146423337,133.2068,89.32138,112.04915,81.51233078384273,10.530140528062024,42.42435806099169
32.71000009752178,155.76013167069254,151.19099825730237,155.95477485656738,133.76222,89.28947,112.00607,69.59125052093613,11.326713560375799,43.75405867264567
32.81000009781992,155.1008931784689,151.61913476421012,152.50968742370605,133.51903,89.54018,111.96774,83.72147323614224,10.819810269786615,43.13315025854703
32.91000009811806,157.14265217401314,151.13250882753272,155.48308753967285,133.27045,89.34106,111.99663,65.00320315605744,12.08910970051317,45.14602436639595
33.01000009841621,156.39623081915943,151.36938217980304,154.45384407043457,133.0826,89.7642,112.00408,70.38947614198119,11.29895110894001,44.39214909308521
33.110000098714345,154.97138225898473,150.49318512719123,153.3049201965332,133.06923,89.56783,111.9848,74.89341764393613,12.06655269962493,42.98658001289098
33.21000009901248,155.33093183021128,151.6130822880758,154.33397865295407,133.39305,89.31746,112.010666,73.54287428768312,12.023843647996177,43.3202659366566
33.31000009931062,154.5330364842839,150.71455412574238,151.62028121948242,133.33562,89.49033,112.01225,84.08088082468603,11.820351866225195,42.520783676666724
33.41000009960876,154.5917025775985,150.67534880481847,152.86063957214355,133.54515,89.60489,112.193886,74.64266970309075,10.93794207793859,42.397816774375855
33.510000099906904,154.42630720561192,150.01109907362198,154.19437980651858,133.94482,89.451706,112.223785,59.41734958780769,11.156610172935022,42.202521805221295
33.61000010020505,154.67288536197898,151.60888939910083,154.5966453552246,133.58908,89.65252,112.220894,75.16988931409216,10.59029424661513,42.4519915021157
33.71000010050319,154.80665976592184,152.73926589014434,154.51555061340335,133.43811,89.79115,112.09083,81.37699419142108,10.982810118582343,42.715831824027305
33.810000100801325,156.27655240515497,153.31798007943743,156.72891616821286,133.66978,88.9347,112.08277,69.47743601908444,9.850841650398982,44.19378110388544
33.91000010109947,156.9847756283978,154.0791791341097,157.6615753173828,133.30621,89.13422,112.01303,75.27707019128916,11.741440607116246,44.97174462253844
34.01000010139761,155.5748847156325,153.71852166704136,156.6822166442871,133.25531,88.61489,111.97944,76.93287063157602,9.639368837787224,43.59544593389421
34.110000101695746,155.79550038677434,153.47717703827658,156.84181213378906,133.1703,89.44766,112.02511,74.1422122697286,11.19945145045675,43.77039204937199
34.210000101993884,156.35281661561567,153.86312847610097,157.3394432067871,133.2608,89.10459,112.07892,76.22610132476491,12.749262365740856,44.273898158584416
34.31000010229202,156.33278100510142,154.43512106818451,157.61377334594727,133.07153,89.22785,112.0397,74.98985462858984,11.738477364167531,44.2930776359608
34.410000102590175,155.36048348526492,153.92898899264378,153.35750198364258,132.91405,89.22784,111.88627,86.49066800720979,11.350615808912579,43.474214869542266
34.51000010288831,156.88576332211161,154.32856059817675,157.75437927246094,132.88974,89.46159,111.98133,73.09024784756336,11.853516248765853,44.90443245052958
34.61000010318645,156.33532570773107,153.6562312131496,156.96704864501953,133.49783,89.758255,112.1034,74.27710562682654,11.880195217755716,44.23192452364904
34.71000010348459,157.4922406138956,155.7317104171887,158.58218383789062,133.15392,89.82169,112.17894,80.04909381876107,13.771270068714763,45.313300794559666
34.810000103782734,157.29277672830065,157.3004719149485,158.1309833526611,133.54857,89.563255,112.086494,87.00653505924804,12.419892114190569,45.20628228249987
34.91000010408087,156.51276690508735,155.46402729196038,158.50468635559082,133.59206,89.52377,112.063324,80.3268751033529,12.283238230188088,44.44944293047797
35.01000010437901,156.15861645926404,155.70232612433003,156.34000205993652,133.40161,89.4562,111.98419,87.99820286473118,11.566532327550151,44.17442456473279
35.110000104677155,155.4795934824401,153.17497446439822,157.18826484680176,133.60078,89.51627,112.09588,77.64890581204432,10.39899591063409,43.383714881365876
35.2100001049753,155.98819948996987,154.66433471874842,156.97685623168945,133.49434,89.846436,112.02717,83.62125031259946,12.677828489310658,43.96103121604409
35.31000010527344,155.36245254328355,152.87072871000075,159.69002532958982,133.19641,89.32294,111.91241,72.47451776373414,9.43222265993378,43.450045621896834
35.41000010557158,155.8739698226196,153.2692132060953,158.7663383483887,133.3963,89.302376,111.97268,71.898690939606,11.054317908429166,43.90129068443602
35.510000105869715,156.62099138334227,155.0197437173552,157.89343643188477,133.4295,89.13728,111.98076,80.32752358091076,12.57679635571934,44.640232716350084
35.61000010616785,156.8101625938584,154.4142887502742,159.18279838562012,133.31198,89.179924,112.05456,74.22983191974593,11.644749088203733,44.755604793565425
35.710000106466,156.76797941837773,152.6298924300501,159.21868515014648,133.53746,89.180756,112.11642,68.71083281572541,11.476588602772239,44.65156248722539
35.810000106764136,155.76165006457487,153.43187684654524,157.59074592590332,133.424,89.201035,112.03933,77.10948716983074,11.597798018583326,43.72232053576627
35.91000010706228,155.59829127931704,152.90210585132968,159.62174415588382,133.60751,89.49182,112.08626,71.51147518946385,12.158817954212186,43.512033344746726
36.01000010736042,156.55020779157306,154.4856289071526,161.75307273864746,133.5458,89.30486,112.00689,72.94179591706875,11.968516898257121,44.54331844831134
36.110000107658564,155.7408196948187,152.957197605563,157.99011039733887,133.64423,89.40502,112.10461,75.1198510419422,10.934480417422964,43.63621306640073
36.2100001079567,157.01181703103111,153.49167560177932,161.32093620300293,134.00883,89.13649,112.17342,69.48750875883091,11.839901893417588,44.83839326394127
36.31000010825484,156.05159081329475,154.39578946888875,158.97667312622067,133.67133,89.49843,112.15902,77.76668412323669,11.636638416965017,43.89257134307991
36.41000010855298,155.97725055171537,154.19919627957302,158.55188941955566,133.37143,89.30803,112.135925,74.88681835285502,12.773146713984719,43.84132525874662
36.510000108851116,156.7594135468856,154.8684858906088,159.13154983520505,133.76125,89.09261,112.086365,75.8144452980265,10.46819341342753,44.67304880079186
36.61000010914926,157.38193699394733,154.82238945171986,158.6096420288086,134.1492,89.42685,112.28549,78.64564739807878,12.66705431187329,45.09644505058796
36.71000010944741,156.91906336918376,155.19208122576646,159.69108963012695,134.01695,88.57698,112.077095,76.20138457862471,11.202880836600741,44.84196833744548
36.810000109745545,157.11766667402506,154.1387980832375,158.80712890625,133.86191,88.93076,112.06783,76.58662623544132,12.987172224235486,45.049833727247716
36.91000011004368,157.045814486786,154.2481025037148,159.21199798583984,133.93298,89.35909,112.187454,76.35707509173571,12.842958283486892,44.8583602631532
37.01000011034183,157.25698337004638,155.05783032570525,159.73844337463382,133.75531,89.31511,111.98929,77.36602288687374,12.084823125581902,45.26769503996826
37.110000110639966,156.71928322114243,153.1849634031788,160.8529987335205,133.75386,89.37336,112.12948,72.79386387403494,11.348257576919792,44.58980476655259
37.210000110938104,157.1848028764747,153.66827512111402,161.24846267700195,133.66403,89.2387,112.10645,72.14177396284109,11.850737668901534,45.07834993458016
37.31000011123624,156.70121823234965,153.77521236184882,159.63986778259277,133.3962,89.264595,112.08671,75.47801770193534,11.58870556456314,44.61451016350199
37.41000011153439,157.37831732404027,151.4716357376745,162.92623710632324,133.7097,89.16819,112.174126,65.78895279409241,12.008158230637788,45.20419165265355
37.51000011183253,157.19729294517472,152.296663511476,161.74863815307614,133.85272,88.894035,112.05928,68.37298869693646,12.052400358011015,45.13801254966691
37.61000011213067,156.28039675977467,152.27687011157676,160.72271537780762,133.81,89.1262,112.09757,69.34192838364264,11.507432023517604,44.18282443311452
37.71000011242881,157.39460778743802,154.77016575826255,160.67538452148438,133.77397,89.308495,112.02215,74.72367622382241,11.874661541215344,45.3724596551138
37.81000011272695,157.97400073413587,153.21803721878456,162.86788177490234,133.47038,89.35861,112.07853,63.45351594201965,11.702180926150696,45.895471376225714
37.91000011302509,157.7115256067345,155.6991094197396,159.71708869934082,133.26515,89.004906,111.97607,76.09043267240824,12.047095401816009,45.73545901737904
38.01000011332323,157.56405608049383,155.08925911333918,159.54286193847656,133.7021,89.293015,112.018456,75.8337695860294,12.440805168853851,45.545600575122734
38.11000011362137,157.46196657966354,154.53898603224354,162.6703987121582,133.70456,89.2927,112.07055,70.55652986198402,13.89606047321759,45.39141756843307
38.210000113919506,157.77729790613486,154.69147591777653,161.0319709777832,133.47981,89.23438,112.058334,73.50665939450516,13.382971717497654,45.718963555548925
38.31000011421766,157.8403001032145,153.69501286787954,165.10148811340332,133.44238,89.19036,112.08569,62.457461004136164,13.513395619527882,45.7546067438395
38.410000114515796,158.25700314494898,152.52495771327273,165.72046470642093,133.43433,89.16654,112.04898,58.359587570325864,12.653308539241628,46.20802243205836
38.510000114813934,156.76898072888017,154.37758071435917,158.14831733703613,133.42366,88.83525,111.942726,78.55449491444054,11.764303501267126,44.82625459362626
38.61000011511207,157.4426197535925,155.12477216712958,159.5995216369629,133.1701,89.16652,111.85513,75.06283768775175,11.065425705655587,45.587486696951885
38.71000011541021,157.51279277980572,153.01450866284512,160.03451919555664,133.48215,89.064896,112.01567,65.84707506945344,11.487938722583067,45.497122003438534
38.810000115708355,158.8629995802587,155.51841266549746,163.43324089050293,133.4672,89.26671,112.02758,65.6795534447094,12.670324119714557,46.83541931902823
38.91000011600649,157.8109022995133,154.87676384161225,160.82256698608398,133.50099,89.13613,111.96609,73.39256297509647,12.88498329901126,45.844814958204694
39.01000011630464,157.84610377764713,155.0302209343365,162.05521011352542,133.79985,89.352455,112.019615,74.41918798037008,14.367677128132975,45.826488604307286
39.11000011660278,158.173339115022,153.67708896237502,161.77022933959964,133.37625,89.28556,112.023285,69.10630443948367,12.947082212022279,46.15005420291263
39.21000011690092,157.39611293247057,154.39070505070552,158.9692497253418,133.86249,89.55511,112.141655,76.35098720731123,12.53491336393552,45.254457964208854
39.31000011719906,157.5754253912998,153.86490679587678,159.51741790771484,133.70844,89.58073,112.1928,70.1890560580049,11.899527109655123,45.382622962100584
39.4100001174972,156.04638546753785,153.04921026862593,158.4200439453125,133.9873,89.42269,112.149185,69.30399512331581,9.903722290570531,43.89720028687378
39.510000117795336,156.88372216227097,153.5571786528297,157.54719734191895,134.00035,89.671555,112.21978,74.38936155639593,11.07713290928525,44.66394219400925
39.61000011809348,155.7590129834858,153.81378813270186,159.86460304260254,134.32504,89.46565,112.19518,69.08016135119072,11.035230518398283,43.563830183192835
39.71000011839162,156.57902335661242,153.75263302846494,160.2048797607422,134.14122,89.45233,112.17296,70.09541264458545,11.289150041326936,44.40606498258899
39.810000118689764,156.3513544902836,154.53629920770416,158.77225303649902,133.97755,89.51661,112.137436,75.8835472651046,10.25146242389518,44.21391857719766
39.9100001189879,156.61884149028626,154.50651002940322,158.89243507385254,133.67435,89.40042,111.93018,74.24972583368269,10.414028582769184,44.688658079641726
40.01000011928604,155.9104300892279,154.16234869160334,158.8755760192871,133.78535,89.17196,112.0373,73.27669806692879,10.650579640192595,43.87312997936462
40.110000119584186,156.3082748396337,153.4006529853022,158.64166259765625,133.84363,89.34159,112.10765,75.66644539540057,12.494464418915946,44.20062408279776
40.210000119882324,155.61989284877683,151.69637374512013,156.94958114624023,133.98654,89.306725,112.04728,76.59572267368559,13.737314976809753,43.57261349086667
40.31000012018046,156.33727960445776,151.77652891419774,160.3706226348877,133.9272,89.166306,112.115875,68.05542426746793,13.411038257381813,44.22140436031714
40.4100001204786,154.23859364006339,151.98298836516722,153.3393630981445,134.26987,89.35353,112.0328,86.50343786166596,14.014178668706643,42.20579487297354
40.510000120776745,155.4689068500119,151.19747857719685,161.50121879577637,133.91998,89.01176,112.013626,58.90940280638116,10.490020234418791,43.45528075137909
40.61000012107489,154.8230114007216,150.78356219748326,160.14052391052246,133.79353,89.098015,112.0048,63.185061485870136,10.519522162967636,42.818212511561455
40.71000012137303,155.22741528948893,151.2043998407231,158.14553260803223,133.79007,89.05292,112.07349,72.04733745266392,12.376084209161917,43.15392896136393
40.810000121671166,156.4224016708403,151.32525446012818,163.63883590698242,133.83842,89.11018,111.97326,57.68397258002968,12.176293539279497,44.44914269867232
40.910000121969304,155.45739159486473,153.90369572932963,160.88177490234378,133.73941,89.31906,112.03885,66.51568705020634,9.67541256694394,43.418542717911606
41.01000012226745,156.30904915424318,154.2709253312682,159.53261756896973,133.60286,89.290955,112.028244,74.85987582994133,11.613114348474182,44.280805135688496
41.11000012256559,156.56868037130343,153.76741889264468,158.6188621520996,134.15338,89.4615,112.21799,68.28734585112781,11.62229754625562,44.350693310756554
41.210000122863725,157.58465957835344,154.31533666194488,157.6357822418213,134.44936,89.00379,112.02663,75.60205977945661,11.977474310403535,45.558032991439376
41.31000012316186,158.4321714074662,154.87252816765144,161.23662185668942,134.11536,89.23625,112.12125,68.56270243064328,13.007826627694447,46.310925069575575
41.410000123460016,157.2103650437928,154.15239780221722,158.1865997314453,134.29623,89.90681,112.190926,72.74548425827729,11.599842008492585,45.01943944564826
41.510000123758154,157.10626072557602,153.9229625546389,159.74769020080566,133.75557,89.48914,112.03497,71.60512531088365,13.12865011604875,45.07128758104477
41.61000012405629,157.14536125892712,154.3105442830794,156.25911712646484,133.44907,89.3282,112.108406,82.55431042487385,12.51633969737332,45.03695519203259
41.71000012435443,156.18045130667696,152.6551971618506,156.9652042388916,133.58653,89.4972,112.15393,78.19242067736428,13.955133428764624,44.02652064261446
41.810000124652575,157.67809131971745,154.20824420785635,161.5410327911377,133.84538,89.51775,112.19278,70.53861219030402,13.48780462215695,45.48531177870183
41.91000012495071,157.20568404969623,153.6048235691232,160.020471572876,133.69662,89.55341,112.17371,76.19353099553334,15.478218805369517,45.0319703656142
42.01000012524885,156.0494084289702,153.6406182914996,155.71294784545898,133.95674,89.49243,112.24326,84.46771784122762,14.056754068794026,43.80614518434129
42.11000012554699,156.5932436375462,154.69327657990794,158.9545841217041,133.73921,89.607315,112.27715,77.28159679007327,13.229097318054253,44.31609062240949
42.210000125845134,157.89278262357257,153.74937043468253,160.08429718017578,133.34462,89.12861,112.10298,69.4982094752772,12.49606811274582,45.78980105618976
42.31000012614328,158.00241732497744,153.16345968330316,161.03350067138672,133.3363,89.60895,112.13458,73.63153121879928,15.779534923460368,45.86783480544619
42.41000012644142,159.86778410747772,153.9404812331775,164.75897789001465,133.47806,89.18999,112.07965,68.12466184646303,16.893572295070907,47.78813322857147
42.510000126739556,159.70023126166404,153.6699950098515,164.52013206481934,133.77606,89.3637,112.08063,69.83094955918857,17.373878334796345,47.619603820257794
42.610000127037694,160.00309134636663,151.199725565007,167.7676658630371,133.60904,89.29408,112.16532,57.68106392437896,18.360138511753938,47.837769996268975
42.71000012733584,160.94657959372367,151.82887197017288,168.16368293762204,133.43312,89.704834,112.130066,56.37654524828417,18.16355335029635,48.81651367575492
42.81000012763398,161.09959563016525,152.10106356443166,170.89309120178223,133.20084,89.513504,112.15765,50.593398895187704,18.209051129563186,48.941941821571504
42.910000127932115,160.24953396132813,154.1480122573084,166.37320137023926,133.59451,89.398895,112.12906,66.4705608340744,18.027679857618782,48.1204751234375
43.01000012823026,159.99066629770252,153.38633560314835,167.3225040435791,133.48341,89.79408,112.19281,61.982607380174045,17.434909502722924,47.79785623910877
43.1100001285284,158.55813520210185,152.61858571919322,161.1517333984375,133.59901,89.688896,112.155266,67.76194024935569,14.403285997899685,46.40286939399638
43.21000012882654,159.32045910257142,152.80645579361706,164.66796302795407,133.43564,89.4591,112.24026,61.93290041906517,15.467617328174368,47.080201839387826
43.31000012912468,157.76428440574674,153.00134281307862,160.9618377685547,133.53412,89.63806,112.181274,68.30868041868138,12.915771824845443,45.583009991684236
43.41000012942282,158.24127965217426,153.20816981973502,162.141996383667,133.47466,89.297455,112.12439,67.73266628192334,14.62283606697449,46.116890003736756
43.51000012972096,157.21494133205223,153.43206900544016,160.04939651489258,133.49731,89.410385,112.15662,69.37575569642233,12.723227521732994,45.058325121114734
43.6100001300191,156.85120440256742,153.76950749581002,154.62974739074707,133.20535,89.100044,112.11352,87.55527326921683,13.517427044262694,44.73768664133695
43.71000013031725,155.84422995025164,152.7681322867731,155.51581573486328,133.56819,89.06932,112.176575,83.48693250623715,14.077139129768499,43.667655243220395
43.810000130615386,160.4784302150801,153.29554017613546,166.427583694458,133.44548,88.79067,112.030136,63.7748381218699,16.763758133650473,48.44829410668166
43.910000130913524,158.1913945123546,152.9818520641251,162.41619491577146,133.4933,89.176216,112.14728,67.99688045760092,14.83130187865821,46.044116680323356
44.01000013121167,158.37413619209394,152.6492364122618,160.79840278625488,133.5448,89.05941,112.15358,73.18488582070286,15.383454156468181,46.22055648017988
44.11000013150981,160.17457647389386,153.2312517234747,166.10784721374512,133.75854,89.19879,112.13695,63.01489165479369,15.998998507115987,48.03762884205793
44.210000131807945,160.71386936243437,152.78283147407853,169.91812896728516,133.30652,88.88808,111.924194,55.92154855243602,16.714814863058148,48.789675026496866
44.31000013210608,159.3271749349496,153.44749731830746,165.65931510925293,133.66116,89.18629,112.00616,61.47516326784209,15.193340054062189,47.32101801356288
44.41000013240422,159.6865446668587,153.27986397808024,164.91717147827148,133.98972,89.02838,112.03468,66.16240960491271,16.09230302482714,47.651861439319646
44.51000013270237,158.68493072361272,152.15631412106643,164.48818397521973,133.55681,89.00975,111.95566,64.35517964402861,15.887106844247496,46.72927276462835
44.61000013300051,158.13123237923233,152.47286716220285,162.9464645385742,133.3712,88.97155,111.91729,69.86443814738752,16.70732289920408,46.21394264534561
44.71000013329865,157.77938851998164,153.21621262255331,163.09957885742188,133.59406,89.362274,112.04634,70.44484408031845,16.382224039697345,45.733047577598825
44.81000013359679,157.59585582938712,151.73042093363884,160.6619529724121,133.81624,89.27056,112.025764,69.91186013390127,16.061973306373773,45.57009136405509
44.91000013389493,156.57236858563977,151.93656239254204,160.5829315185547,133.64494,89.38835,112.14121,67.15684314358514,14.640638435287842,44.43115612226086
45.01000013419307,155.3395945905266,152.99996288674626,159.00560760498047,133.3522,89.617,112.08955,72.86584332739277,14.500153376176762,43.250048386913306
45.11000013449121,156.3094237674269,151.297349162906,163.30749702453613,133.34024,89.35358,112.06456,54.90912522160488,16.360330235271082,44.244863830903455
45.21000013478935,155.39216079135684,151.0158368971327,161.52913284301758,133.69485,89.44531,112.104935,59.22680417041988,14.441828640490547,43.28722609897403
45.31000013508749,155.860366858038,152.37838701816867,159.92314910888672,133.1806,89.715836,112.1278,68.71607327308598,14.14017411910995,43.73256687024502
45.41000013538564,156.12195773165092,152.2162280338083,160.20897674560547,133.46011,89.612465,112.11808,69.01072765932707,14.000277002229403,44.00387759249077
45.510000135683775,156.81475104325057,152.4879535763479,161.88044929504395,133.20453,89.82268,112.08911,68.07065161226015,14.788820255526945,44.72563971512557
45.61000013598191,156.469972557569,152.4242243869699,161.1343059539795,133.57124,89.265724,112.10154,69.95136405728825,13.998561184895905,44.3684329457526
45.71000013628005,154.78462101566836,153.29689579025256,156.9022960662842,133.48538,89.15703,112.0583,80.15188948827769,14.105654554903646,42.72632481205508
45.810000136578196,152.65589132458487,151.4723788931501,151.89711380004883,133.25153,89.18194,112.112625,88.76651385093756,14.304263906844952,40.54326620251456
45.910000136876334,152.85902164767407,151.7837101168674,150.1007118225098,133.48444,89.3092,112.11584,85.37465697369711,14.560933920684432,40.7431845505061
46.01000013717447,152.8767917631244,152.47647092896972,148.04652976989746,133.33604,89.54115,112.10785,78.19385375737157,14.56266331775972,40.76894264203065
46.11000013747262,152.8469860427456,151.34991820996328,147.85421562194827,133.60661,89.53719,112.20788,80.41281847670837,13.89350974211471,40.639107929952644
46.21000013777076,153.1317110255234,150.80261031958125,149.8101749420166,133.40198,89.662834,112.170845,87.41469100440214,13.521968942106174,40.96086599378512
46.3100001380689,154.03411146981074,152.74117262891346,151.2577304840088,133.57312,89.6373,112.090034,85.21684258259292,12.3108700926945,41.94407698494746
46.41000013836704,154.27312919131342,152.1626528672082,151.72471237182617,133.68893,89.471085,112.1855,88.29155815017182,12.536302218056514,42.0876280926806
46.51000013866518,152.40684338182515,150.75795567159554,148.6895599365234,133.63086,89.27641,112.14084,83.0417319215917,13.399040683574723,40.26600475877828
46.610000138963315,153.04276239473361,151.77218692575238,148.83957481384277,133.59335,89.49841,112.035095,80.27251759483191,13.132366413414744,41.007667179889864
46.71000013926146,153.20780934174545,150.64198473679554,151.16873168945312,133.7358,89.437675,112.15894,88.578276085519,14.50458395644321,41.048866165475914
46.8100001395596,153.10272031377477,150.37075546472002,153.87204933166504,133.80026,89.46051,112.18571,80.49260214565287,13.814539098535173,40.91701322148961
46.91000013985774,154.17727210896413,151.201083975349,154.1275310516357,133.56355,89.1623,112.08794,80.79320383931132,13.29555530925752,42.089335707596945
47.01000014015588,153.02090076787965,150.8958609815029,152.4406509399414,133.68462,89.14843,112.18018,86.18626334021869,15.489487423081593,40.84071735723512
47.11000014045403,154.7295815792997,149.52418979733207,160.04034423828125,133.92549,89.20671,112.18663,67.45265488188424,15.914777679111777,42.54295133027625
47.210000140752165,155.78034519658235,150.24981190889574,161.9788055419922,133.73697,89.43487,112.17183,65.5971509914394,16.971232713993263,43.60851597294953
47.3100001410503,153.88028146795745,150.78760399578286,154.2691822052002,134.04686,89.50774,112.17926,81.57374399832798,14.476003328264122,41.701021214051195
47.41000014134844,155.53104110756018,151.22202463554058,158.65612030029294,133.57584,89.59217,112.139946,71.68508514618108,14.334097279031216,43.391095123673466
47.51000014164658,155.42824778324098,152.1067206964409,158.3743019104004,133.70221,89.847336,112.222466,75.40685958861117,15.271823639169199,43.20578226810426
47.61000014194473,154.2476640530643,151.17239500025954,157.79196357727054,133.86807,89.7034,112.19834,72.10260369134906,13.186840856604986,42.049322683435406
47.71000014224287,153.77782726739395,151.69208296692725,154.3139476776123,133.80281,89.7696,112.26565,84.47456981123469,14.347036662407623,41.51217937921035
47.81000014254101,154.98283741644738,150.0454957201231,158.0632381439209,133.98965,90.15193,112.37191,73.50847895200204,16.008290148851003,42.61092732123254
47.910000142839145,155.06105556563347,152.30246573920064,156.02499389648438,134.00536,90.0623,112.27397,81.87585303138928,15.410579233732365,42.78708400801628
48.01000014313729,155.54388148742805,152.48958437010157,157.87632751464844,133.95956,90.036644,112.246994,78.54838775329043,14.872878903119343,43.296887468873365
48.11000014343543,154.36598399410553,152.26100528878655,157.58087730407715,134.01349,90.0326,112.32795,77.99520751394473,12.754191006279811,42.03803447017975
48.210000143733566,154.0570423496147,153.08692443018242,156.97562217712402,133.90723,89.837845,112.16031,82.0762438452679,13.755991783702518,41.89673351172408
48.310000144031704,153.00577716548344,152.2009956701387,155.0766010284424,133.85565,89.70284,112.04278,82.58966151579197,12.266569549129574,40.96299915034672
48.41000014432986,153.21040921770836,152.49557832981662,154.7667980194092,133.66493,89.97448,112.172935,83.47788146468567,12.666466266638151,41.037473731868516
48.510000144627995,153.35840830995184,152.87414232737345,153.57879638671875,133.71152,89.79525,112.198395,88.53284227818706,15.224558277722025,41.160013534561216
48.61000014492613,152.86344997715307,152.02435197532893,156.01775360107425,133.71338,89.81891,112.206535,79.469256911786,12.57742696428852,40.6569146377976
48.71000014522427,154.59516931162543,153.25878486358863,158.36979293823242,133.91876,89.80823,112.250824,77.96304200429525,14.662042912236798,42.34434533701605
48.81000014552241,155.10149244586623,152.1311944066573,159.96922302246094,133.88872,89.67599,112.22408,73.13293581343676,14.78012792935177,42.877409499088884
48.910000145820554,155.68331316372598,151.6001278506004,161.18871879577637,133.63298,89.89689,112.30089,66.82614945607995,14.98626673559246,43.382425102202546
49.01000014611869,156.0860579738607,151.9178842381417,160.69893646240234,133.85095,89.65681,112.16314,71.65013122698457,15.647256822012821,43.922918630598986
49.11000014641683,154.8297258316421,151.52503284542775,162.07060623168945,134.4013,89.7911,112.31813,61.373174340713824,13.635863220730506,42.51159533847803
49.210000146714975,154.87359566092232,152.93834357257845,160.7673511505127,134.02356,89.78281,112.26475,70.69468309900277,14.242877271108199,42.60884804129341
49.31000014701312,156.12645818145134,152.61736773301087,160.34043312072754,134.0086,89.81459,112.27774,72.55236193695465,15.757415916535821,43.848717702935716
49.41000014731126,156.2219192465134,152.78969139446744,161.1749382019043,133.75827,89.42747,112.12552,72.37314411936298,16.427630554689195,44.09640044768528
49.5100001476094,156.72240408586737,152.5636281990033,162.69216918945312,133.77435,89.21882,112.12487,71.40147698756155,18.257691627230898,44.5975337855744
49.610000147907535,155.36099099618406,151.67110708101,159.75631332397458,133.3502,89.695694,112.17649,73.28145234807856,16.24240041939215,43.18450021249265
49.71000014820567,154.7922418312088,149.52172038614228,159.0779685974121,133.58664,89.48064,112.24837,70.73214018196808,15.975543216954948,42.543874521638486
49.81000014850382,154.24686346949835,150.12175082321838,155.20427322387692,133.41684,89.954865,112.2631,77.48285482189334,13.672181235561569,41.983763799088194
49.910000148801956,154.90466543961642,152.2826099837903,154.7516098022461,133.59311,89.31362,111.947556,84.2270058101151,15.549848730869003,42.957109897624235
50.0100001491001,156.53165995386615,152.88560414180864,158.6376495361328,133.29454,89.513916,112.03526,75.08305659269946,15.48700923197844,44.496396892342716
50.11000014939824,155.85297805248905,151.85765065925776,156.44577407836917,133.16867,89.74357,112.08375,79.6556247904667,14.694498576755096,43.76923018871952
50.210000149696384,156.15654669603748,152.59733321131182,159.16215133666992,133.06648,89.55371,112.00453,75.80536962774653,15.272673145185463,44.15201483568592
50.31000014999452,156.74755597732906,151.85391827529185,158.93636512756345,133.12671,89.39568,112.041725,73.873078334935,16.312236729672875,44.70583081863765
50.41000015029266,156.68860908399682,151.85170095734935,161.44305419921875,133.14258,89.8523,112.11197,67.81365018029113,15.999137792807629,44.5766400898562
50.5100001505908,157.30099511003974,150.20250874800647,162.64035987854007,133.08618,89.403114,111.930954,61.615792827719154,14.941717738425048,45.37004113054755
50.61000015088894,156.69691403387085,152.0763715687606,160.8617362976074,133.3348,89.61594,111.96115,68.25712949592398,15.587780420489821,44.73576291082398
50.71000015118708,157.14479611449897,152.21333437705403,161.42901611328125,133.14937,89.44105,111.93228,69.84461400206322,16.216875864108513,45.21251462035835
50.81000015148523,157.56837213436464,153.03465786330898,161.69260597229004,133.48604,89.64289,112.03975,72.7138244052163,16.50723573242317,45.528622988856824
50.910000151783365,160.0977573891948,155.1524952675799,165.9077472686768,133.47598,89.62478,112.07072,67.21215744731238,16.17075648103827,48.027040531284655
51.0100001520815,158.31377755140775,152.49473319903646,165.31429862976074,133.74,89.8401,112.11019,63.870694325477594,16.746137496309995,46.20358620619291
51.11000015237965,158.8292120351628,153.11672104272148,162.52101135253906,133.71754,89.739685,112.07669,69.81848949680204,17.10570140745165,46.752521361334686
51.210000152677786,156.95856419969266,153.59027575303037,156.1761837005615,133.91795,89.89662,112.081024,84.41885019997378,17.67663354325333,44.877540029770785
51.310000152975924,156.94234894052323,153.52736159461102,158.38072967529297,134.24931,89.58783,112.05929,79.8413680121986,15.277581912510051,44.88306091562089
51.41000015327406,156.1667470924039,153.1261100616577,154.75134086608887,133.88431,89.28287,111.9595,86.7135717546198,17.014118572907638,44.207243918575784
51.51000015357221,156.84928517554343,151.89341525131945,157.44060897827148,134.21567,89.09476,112.015755,78.39180883888275,17.42431012645444,44.8335304758364
51.61000015387035,155.8790138152507,151.26582577321932,155.02724456787107,134.24521,89.41271,112.03345,82.38628284077473,16.88171981338809,43.84556654962569
51.71000015416849,156.67205909093903,153.27375963913926,153.45316886901855,134.42871,89.266205,111.99107,89.62697751150732,16.842780756726917,44.68098548254059
51.81000015446663,154.4305314862549,151.04720031043036,150.6289405822754,134.36795,89.40844,111.977325,89.1618382640035,16.75453462422145,42.45320604680177
51.91000015476477,154.3437861919068,152.7089748397815,150.36948585510254,134.07356,89.52097,112.01896,85.50804483049257,17.954644253506242,42.32482714649663
52.01000015506291,154.70114828796255,151.83571777831642,151.71552085876465,133.96812,89.599754,112.10334,89.75237059699009,16.39366906118393,42.59780813903677
52.11000015536105,153.72275647872232,152.91761422709976,148.03200340270996,134.06235,89.41329,111.96873,80.83130905482274,16.849730095834357,41.75402936690591
52.21000015565919,152.23964563903456,151.60287451496322,146.92756652832034,133.99103,89.35455,112.03096,81.00316836111362,17.105438789365863,40.20868555602675
52.31000015595733,155.07482173903495,151.42233138233064,156.13040161132812,133.9192,89.10712,112.01048,80.20642610494137,16.35490534312312,43.06433895094901
52.41000015625548,156.76650971552456,153.40346564301296,161.45461082458493,134.09946,89.5534,112.008545,74.77282679821673,17.642383156257065,44.75796479364956
52.510000156553616,156.33755911301432,153.72523574463185,158.99059867858884,133.83134,89.215485,111.941666,80.06815243871874,18.07135978967416,44.39589346360026
52.610000156851754,155.26333930929619,152.86572631848134,153.11652946472168,134.61302,89.248146,112.10734,89.41159989016697,15.594525009798717,43.15600135763603
52.71000015714989,155.20116459196998,152.58187696668836,153.31958770751953,134.25156,89.41262,112.04297,88.49956693624479,16.75444408446869,43.158195841969984
52.81000015744804,155.23644236979888,154.3659072650327,152.65459823608398,134.12317,88.8843,111.913506,86.57766927544122,16.526899552697305,43.32293681559966
52.910000157746175,154.26642044647122,152.09909467140642,153.3235034942627,134.19714,88.95785,112.06696,87.7208380981577,16.46336815320254,42.199457250670434
53.01000015804431,153.56465640760925,150.38186429921006,150.21202087402344,134.18742,89.37294,111.95924,89.67261470008506,17.588011207507844,41.605412633195186
53.11000015834246,154.21784550082316,152.52777252380224,151.53801918029788,134.16927,89.506546,111.917755,88.08278993041516,16.35110387302106,42.300090373870034
53.2100001586406,153.50938379328437,151.69297739298796,151.09780883789062,133.50066,89.51192,111.86425,88.70117200468228,16.760416545897318,41.6451336101789
53.31000015893874,154.91696460933312,151.86842651733107,156.20904731750488,133.57187,89.430595,111.927216,81.34884015989562,16.63626010696205,42.989749033161246
53.41000015923688,156.21444243712284,151.43779384451426,162.20476150512695,133.8593,89.77897,111.97759,66.85122784470293,15.923841601712393,44.23684996886112
53.51000015953502,156.0815944294455,152.26587372984912,161.1642246246338,134.09122,89.23886,111.9715,71.47400082785403,17.09221134433689,44.11009784741424
53.610000159833156,155.12597724572942,152.54344939880616,154.9132766723633,133.83463,89.31527,112.00221,84.83936205513,14.85214633419444,43.123764721315354
53.7100001601313,156.2923706733168,151.2875846844497,160.3520984649658,133.8138,89.0999,111.93505,65.2937357460049,14.57858475775874,44.35731970896134
53.81000016042944,154.72744874047845,151.879704235269,158.15927886962888,133.77281,89.132416,112.02292,77.10699376215935,15.509426229768906,42.704530039306576
53.910000160727584,153.93709813713943,152.71468901843858,155.15781211853027,133.44125,88.97429,111.923615,84.66742843796737,15.163436878141985,42.013483635186304
54.01000016102572,154.2479200420814,151.7693053321015,153.3262252807617,133.39195,89.38094,111.920715,86.9166464945121,15.825750841472878,42.327204710050154
54.11000016132386,154.6235634451455,150.96704661722282,153.7779941558838,133.57301,89.136116,111.95924,84.02797465190083,17.24530291453695,42.66431967073143
54.210000161622006,154.90750087846348,152.01935202021488,151.6655044555664,133.7529,89.19813,111.96865,89.24399520536528,15.921603416206173,42.93885006059239
54.310000161920144,153.92797196982275,151.92967178686249,152.8533878326416,133.7387,89.39536,111.987595,87.99842168408912,16.69668349432904,41.94037736533056
54.41000016221828,154.07898491077393,151.96610499381256,154.0118751525879,133.84918,89.49547,112.03548,85.65961130796825,15.637354836864723,42.04350822620361
54.51000016251642,153.79891057300944,149.10577363304668,152.65814971923828,133.4158,89.15695,111.920525,83.60456153841389,17.727314704841934,41.87838597584147
54.610000162814565,152.5129701811968,151.211815444495,149.1182861328125,133.7236,89.29018,111.98713,86.03001346720588,15.635721793888527,40.525840969771025
54.71000016311271,151.5782083989807,149.9794650668625,145.18913078308105,133.82173,89.51661,112.1107,80.59702618441618,17.36130385772965,39.46750588433227
54.81000016341085,153.38593770884367,150.99655487402072,149.7371711730957,133.73636,89.39563,112.084335,87.61438346293909,17.902937000059563,41.30160238169523
54.910000163708986,154.6667947264649,150.13534927673098,151.58008575439453,133.80147,89.4531,112.04141,86.91779692407809,16.48243601978711,42.625382372949275
55.01000016400713,155.09674800143642,150.94996906527513,153.9056167602539,133.7926,89.7115,112.09345,83.73254620709719,16.081508623141236,43.00329554782314
55.11000016430527,155.30128929815282,151.18842769717332,155.56267547607422,133.3821,89.49304,111.88848,81.00216797570539,16.045891780523206,43.412808158016105
55.21000016460341,155.60264150840533,151.3177965775573,157.02103042602542,133.42432,89.71609,112.05456,77.57023648905776,16.170974566958726,43.54808370811236
55.310000164901545,154.91047377640822,149.7853652777241,156.42826652526855,133.57295,89.47118,112.1275,77.33545776167183,17.822040032042672,42.782971335001974
55.41000016519968,155.2586752801872,150.07944593421942,157.38096046447754,133.67662,89.74675,112.037926,77.66293472034023,18.710082071247584,43.22074955997235
55.510000165497836,154.52750754880196,149.7533496030324,155.14068794250488,133.76445,89.862526,112.055504,79.90895459907735,18.202297453292122,42.47200370358712
55.610000165795974,154.04447885363285,149.59285131404155,152.99419403076172,133.79724,90.06142,112.04986,83.58807623477409,16.900208088392592,41.994620760371134
55.71000016609411,153.879260330304,149.5805097590629,152.4089088439941,133.86118,90.05348,112.04542,84.05122354554449,15.46993562765534,41.83384254465946
55.81000016639225,154.18383029860436,150.4711008445441,153.43958854675293,133.95221,89.76111,112.11127,84.26059794063859,16.483905771767056,42.07256320876061
55.910000166690395,154.30189532209607,149.208451842042,153.8559741973877,133.59969,89.59805,111.97617,80.20217495963954,16.01823744908219,42.325721921217166
56.01000016698853,154.9426479277414,150.67144017635013,155.72791481018066,133.64116,89.43977,111.90722,79.32921488633497,15.346304524851552,43.035428994635936
56.11000016728667,153.63706325634314,150.8697616064863,153.5572834014893,133.42804,89.319435,111.82056,84.13957432593284,15.399913462749181,41.81650661571814
56.210000167584816,155.28573475877442,151.6089550417771,157.38976287841797,133.47473,89.03003,111.81153,77.21860564326643,16.11388574489577,43.47420369187989
56.310000167882954,153.91020044716495,149.9840574104437,155.66805267333984,133.46152,89.401634,111.86586,78.68392512193402,16.687064272546785,42.04434046181339
56.4100001681811,154.05958806846365,148.79296349602447,157.19872283935544,133.79501,89.33291,112.02141,72.36759519762089,16.224534895641465,42.03817998740897
56.51000016847924,154.16970886518462,148.5606330334902,153.0539722442627,133.98528,89.64217,112.046425,80.61936019547734,16.74151756933032,42.12328399946196
56.610000168777376,154.24085423677528,151.8042203474769,153.26933670043942,133.90959,89.49891,112.06445,86.96789810242282,16.980961753553082,42.17640111177528
56.710000169075514,153.22849200646354,152.28738452109405,151.06055068969727,134.23135,89.14419,112.03082,87.51613722249351,15.482026140623475,41.19766925255729
56.81000016937366,154.41846617922363,151.75783021653967,154.15833473205564,133.81999,89.28457,112.017975,85.41229565659675,16.53676326220513,42.400491325708
56.9100001696718,153.66511485971034,151.7367084146404,153.18058967590332,133.91637,89.57578,112.04383,86.96384070773124,15.3770393009954,41.62128398812831
57.01000016996994,154.72245364237043,152.15876834360148,153.62460136413574,134.22542,89.60738,112.09389,87.04245592530387,16.01034133250548,42.62856631326886
57.11000017026808,153.50638351116694,150.8401739972768,152.49041748046875,134.07973,89.811646,112.22315,86.24515870455717,15.74304227580995,41.28323135052241
57.210000170566225,153.9369884104541,150.67607980876042,151.56558227539065,133.80861,89.86955,112.1117,88.08004817813914,15.914259414119407,41.82528644512206
57.31000017086436,154.3709158653736,152.16334578211453,152.65909576416016,133.63733,90.12317,112.18439,88.9611467959211,15.369842846998427,42.186528658342354
57.4100001711625,154.5282412886372,152.3868500231553,151.2104206085205,133.65796,89.454475,112.103546,87.65918033141806,17.12200157511037,42.424695146059065
57.51000017146064,155.54883131465363,152.79010571450067,155.94911193847656,133.95067,89.81346,112.15028,83.6573028411189,16.353636017319936,43.39854750117706
57.61000017175878,155.47515682671263,153.01659107284485,157.21009445190433,133.87904,89.62194,112.082436,80.76008223772844,14.916806741148239,43.39272121880248
57.71000017205692,155.97669077437513,152.62391095729376,157.59000396728516,133.5491,89.75977,112.10846,77.86937554505673,15.134651756802853,43.86823130171888
57.81000017235507,155.7406674929164,152.8669616705317,157.4899196624756,133.9946,89.40034,112.13131,78.56016476654644,13.96251514253305,43.60935798363906
57.910000172653206,154.44175984581855,150.51174003729145,155.33556365966797,133.14743,89.41427,111.95125,79.46367151806675,13.25579350550461,42.49051167687324
58.010000172951344,154.75552144470817,151.67129577892862,155.7047824859619,133.44794,89.34774,111.96569,81.06218345608868,13.281709634895789,42.7898308319152
58.11000017324949,155.74077340271708,151.89663446244958,157.49344062805176,133.41246,89.10572,111.932304,78.36090798072415,15.033586213848734,43.80846902039286
58.21000017354763,156.00234363320354,150.4570217544226,157.49822807312012,133.10603,89.34036,112.04355,73.02204319527002,14.209264859190963,43.95879504921916
58.310000173845765,156.6948867296117,151.46707414341967,158.08442878723145,133.2007,89.41499,111.92589,73.97877901996553,13.990849557657956,44.76899866808827
58.4100001741439,156.47493247873976,151.42291547011413,160.5919895172119,133.41568,89.465576,112.043465,69.90681921218035,14.726332606521302,44.43146781809523
58.51000017444204,156.34045858017726,150.6997633582587,159.1437473297119,133.24982,89.53884,111.94911,72.66868299784257,15.666405712972736,44.39134664170069
58.61000017474019,154.81037032058336,149.64636877534105,158.3731727600098,133.28728,89.822525,112.12519,69.14350590888162,13.522130838803767,42.68517958572008
58.71000017503833,154.99970137477086,149.9328714213688,157.8140354156494,133.24834,89.68277,112.01247,69.64605264397524,14.177402095805848,42.9872349441068
58.81000017533647,154.20850439449924,149.69460764396297,157.2163906097412,133.72482,89.72661,112.0379,74.16772355617961,13.561295131235681,42.17060156246799
58.91000017563461,153.7444026133359,149.6839906401295,158.73120307922363,133.6687,89.403946,112.107635,70.05721131178427,13.126464529959346,41.63676711528902
59.01000017593275,153.10166027604643,149.57810266374304,156.0690670013428,133.50717,89.788055,112.1687,76.14459718149762,12.431950513077663,40.93295910417143
59.11000017623089,153.24444973891227,150.69216666766687,153.97557830810544,133.4588,89.50105,112.09856,81.71662081497895,12.87732344456752,41.14589322035758
59.21000017652903,152.51035834509517,149.894329397322,152.535306930542,133.12842,89.524925,111.99487,83.90695249665504,14.546970264591065,40.51548529822017
59.31000017682717,152.85915138725494,149.54715849817705,155.2624626159668,133.20476,89.72656,112.02135,77.61795594242469,12.801696043513335,40.8378043413565
59.41000017712532,153.89459123243802,151.49651576041413,153.7145175933838,133.28667,89.613594,112.08184,84.89687366707524,13.921133822444991,41.8127507173013
59.51000017742346,153.88156730861476,150.8737330234689,157.4309787750244,133.41402,89.35763,111.979965,76.40919302518407,11.835436823851131,41.901602098653825
59.610000177721595,153.48319134625584,150.84702771840145,152.16323852539062,133.52156,89.28225,112.01522,87.43709885616218,14.453126454013713,41.46797070416599
59.71000017801973,153.4515574986011,150.32379748057022,153.05346870422366,133.302,89.447296,112.06936,83.77539620212751,13.824984965163594,41.3821986729175
59.81000017831787,154.50129289394428,149.80076743658785,155.77412223815918,133.18152,89.27255,112.05382,76.6149999277485,15.172100910709775,42.447475144920844
59.910000178616016,154.05531542203175,150.45908831406555,155.05537605285645,133.44063,89.5592,112.15606,80.07642952648042,14.062145260790649,41.899256156895035
60.010000178914154,154.23379887665357,150.45262409152267,156.75561904907227,133.2339,89.498215,112.07744,76.03652436290703,12.316772981499849,42.15636052216138
60.11000017921229,153.43776417051998,150.41351365623808,155.17984771728516,133.70097,89.337814,112.15388,79.01487248861277,13.029595570840629,41.2838869122192
60.21000017951044,153.17413797614003,150.95336029455245,155.41471672058105,133.62065,89.463844,112.05041,79.7658144308594,12.773231343209384,41.12373056647206
60.31000017980858,153.67746259645995,150.30589563688403,156.17744064331055,133.49458,89.647,112.159355,78.67824364151414,13.317684132287843,41.51810743288573
60.41000018010672,154.07244757925358,150.43187673067115,155.16722106933597,133.31927,89.34565,112.090744,79.96717580091548,14.271876333987809,41.98170356069889
60.51000018040486,152.95267541658106,149.3702555564191,154.43017196655273,133.32523,89.402504,112.09789,79.27734030285515,14.025144263296669,40.85478265535059
60.610000180703,153.2552057822438,150.50632823514138,156.3540496826172,133.36195,89.51556,112.20027,77.24102888410835,13.726751406497554,41.05493417579848
60.710000181001135,152.0169943163857,151.25129238345167,149.53806114196777,133.23175,89.61135,112.10489,86.44952307359475,13.42490886414191,39.91210540037008
60.81000018129928,152.1107133310717,151.4001510400566,150.31258392333984,133.32141,89.84547,112.12595,87.95485701084964,15.420986011381428,39.9847596567553
60.910000181597425,151.31185913660926,151.72964068930403,148.02442359924316,133.34714,89.899666,112.10151,80.80761061002991,12.918939286601354,39.210350042370976
61.01000018189556,151.17867776225216,151.34624936159472,148.34987449645996,133.67531,89.63662,112.15355,82.85039909876097,12.698776697179259,39.02512856791623
61.1100001821937,152.67546494305503,152.6823031534489,149.37431907653806,133.38493,89.54054,112.05533,81.74462338901338,13.466436796377248,40.62013657391441
61.21000018249185,151.81596051721473,152.21837281761506,149.23435401916504,133.29614,89.331436,112.02368,84.166696324523,14.201353014073245,39.792278876589734
61.310000182789985,153.36119827967244,154.70185784660845,152.4525966644287,133.47899,89.26829,112.039795,85.32683605293029,14.119900432333532,41.321403357797436
61.41000018308812,152.43471818278317,154.44903696793543,151.42783927917478,133.93457,89.222115,112.124084,83.1070971539367,13.11841427559951,40.31063371012692
61.51000018338626,152.48127133175566,153.65722427246195,150.2250576019287,133.43843,88.94145,111.90158,81.91187075043023,13.585256302342769,40.57969052120879
61.6100001836844,153.55912948231665,153.2409627778734,154.40175628662107,133.76463,89.10906,112.05596,87.51433522099633,13.784150424657527,41.50316787342993
61.71000018398255,152.68752427751667,153.45707985003597,151.91963958740234,134.19168,89.133484,112.02415,86.82257678704693,14.415178472976121,40.663377243825266
61.81000018428069,153.2743544630504,153.50392023112468,152.99719047546387,134.38287,89.24738,112.12191,88.98976482139038,15.019149376096179,41.15244436783556
61.91000018457883,152.62070485899764,153.3636175288285,150.80174827575686,133.95236,89.29898,112.124954,84.55433455035386,15.771524407946474,40.49575063536483
62.010000184876965,152.6797876709741,153.71750448762083,154.16935539245605,133.78119,88.920425,111.971344,88.87519424905796,12.703901094595599,40.70844367683347
62.11000018517511,152.18635935745652,153.87778314335836,151.4321537017822,133.67935,89.252754,112.071365,84.43821413858753,14.745509207444154,40.11499400101121
62.21000018547325,152.4442850197881,152.98477426554848,150.8650817871094,133.83249,88.83696,112.03273,85.1946994644895,13.495689115450373,40.41155491724905
62.310000185771386,152.16330810903867,152.51143298008077,150.55852699279785,133.86766,89.00416,112.06198,85.19145635729356,13.974021210182116,40.10132690786679
62.410000186069524,152.82874249134684,151.9645321554036,154.14249610900882,133.9201,88.93878,112.07546,84.41713640926586,13.023415425898907,40.75328015003825
62.51000018636768,152.38278210816807,151.75026361967065,152.91229438781738,134.312,88.8638,112.05872,87.11103790596842,12.987840394988917,40.32405865846104
62.610000186665815,152.28703761641773,152.64504603897447,151.94913482666016,133.94455,88.568275,111.97947,88.31565837949783,13.700105397310391,40.30756831710133
62.71000018696395,152.06006864094653,153.239850420079,147.43348503112793,133.63478,88.985886,112.02758,77.33204870737568,14.942798661487542,40.03248837971606
62.81000018726209,152.547395129038,153.17489362696855,148.73637008666992,134.09212,88.81202,112.015884,81.12935831675004,16.40104222260443,40.53151072962393
62.91000018756023,152.12248476473022,152.7446550145138,147.7970142364502,133.77481,89.091255,112.06791,79.3754008000048,14.745855127459226,40.05457552400756
63.010000187858374,151.29763563227286,152.64810722832866,144.3527431488037,134.17122,89.14372,112.016846,72.98872122287655,15.920104106661238,39.28078992914786
63.11000018815651,152.22467039565672,152.14408711068256,146.140287399292,134.08049,89.02496,112.03172,76.57692775813798,16.484020082048193,40.19294737319578
63.21000018845465,151.88558341779614,152.42252287952354,145.8067264556885,133.89722,88.871735,112.03717,76.78534391582254,15.827471023526163,39.84841300763989
63.310000188752795,151.98388781346696,152.00770399610488,147.74286651611328,133.7721,89.00312,112.00399,81.13332748127311,15.400049998713914,39.97989764012712
63.41000018905094,152.08662283154757,151.67666621402583,147.87828826904294,133.78522,89.14346,112.028206,82.38304740277482,16.365658467822925,40.05841695996554
63.51000018934908,151.92653877561665,152.32717858001197,147.2893714904785,133.91673,88.53344,111.85371,79.44607117925328,16.05330030928668,40.07283241575337
63.61000018964722,152.512968850737,153.57321251458308,146.88431549072266,133.72136,88.652916,112.01126,75.74845194670458,16.16483074611993,40.50170786440887
63.710000189945355,151.62139115526602,153.21888957949852,145.91049766540527,133.67924,88.63932,111.94808,75.20507303665185,16.240517677143462,39.67330918505118
63.81000019024349,152.03259163697183,152.35575693497935,147.53723526000974,133.2429,88.693726,112.09828,79.94572794208419,15.93360241216755,39.93430977662027
63.91000019054164,151.9737733097559,152.23032720064182,147.29797172546387,133.28082,88.550446,112.099396,80.26281373356281,15.599606566066738,39.874377557802774
64.01000019083978,153.6396522966335,152.18017877872995,151.93797302246094,133.95421,88.88059,112.1496,89.50617930240693,15.015429448732368,41.49005512866475
64.11000019113793,152.88972609140427,152.80210170547645,148.38352012634277,133.39745,89.06489,112.13201,82.04200738674537,17.123514606198952,40.75771467783005
64.21000019143607,153.73539676213466,151.67616618375223,151.78333473205566,133.15196,89.00528,112.109184,89.79652652500499,15.736227722856567,41.62621249699794
64.3100001917342,153.79792458004434,152.09715975998498,151.3893756866455,133.08481,88.57265,111.91462,88.64522984674959,14.919520817419864,41.88330513424356
64.41000019203234,153.31397932281266,151.09369203245802,149.65164947509763,132.88489,88.81476,111.8908,86.97541659396421,16.78244032725427,41.42317884673844
64.51000019233048,154.6329746468519,152.26877171358615,152.8284206390381,133.10222,89.13009,112.11154,88.74763990551777,16.819940772970494,42.52143289880502
64.61000019262862,153.89273111437853,151.7779513388801,151.1567039489746,133.42422,88.466125,112.074905,88.44687679733772,14.843556107324584,41.81782571887072
64.71000019292676,153.87335065157353,152.0239308309212,150.37861442565918,133.116,88.54338,112.04175,84.99098561026136,13.963497792415355,41.83160260469853
64.81000019322491,153.6345125913937,152.13364859564987,148.7774410247803,133.25671,88.517265,111.96712,80.96411256485433,15.374932117702498,41.66739528182339
64.91000019352305,153.7171258588121,152.42046096399247,149.3398323059082,133.03812,88.55848,112.08873,81.08131993689483,14.648914766881347,41.62839600041366
65.01000019382118,153.06733711963028,152.50092569682047,149.1959991455078,132.79283,88.94234,112.10328,80.98250799988507,14.296391801199468,40.96405800586075
65.11000019411932,152.63506628241774,151.16516832615451,148.91667938232422,132.98183,89.28056,112.06902,83.8405138505689,13.870881704937888,40.56604315009352
65.21000019441746,154.09809688618924,153.0363194978685,151.81788635253906,133.21167,89.000175,112.10589,86.55557993668133,14.078160141686022,41.99220851949002
65.3100001947156,152.84072155548327,152.15371194560464,148.38510704040527,133.00694,88.99612,111.97829,79.34923842317794,14.291127806869445,40.86243481231921
65.41000019501375,150.50646914483008,149.95380799242443,145.10498428344727,133.71912,88.41415,112.08787,74.45463833342818,14.063263889157673,38.41860140801367
65.51000019531189,150.5844379385488,152.16036970228507,142.9442024230957,133.5103,88.91582,112.09237,63.11980137799367,13.116099969794465,38.49206885895896
65.61000019561003,151.34261170063576,151.19171928692398,144.0909938812256,133.32089,88.90881,112.07143,68.13398804250792,14.33959918312717,39.271185309034195
65.71000019590817,152.60730325933315,151.9476072889247,146.00820541381833,133.28305,89.2246,112.16565,73.0114713172004,14.553588968598074,40.44165384527065
65.81000019620632,154.21417587042535,152.9648002636709,149.5517749786377,133.09052,89.014534,112.04176,80.30527418007979,14.68553313435206,42.17241256476129
65.91000019650446,155.44738887177704,152.55274172080792,152.71445655822754,133.20515,89.48853,112.09786,89.52178642723949,14.43317658513525,43.34952662812469
66.0100001968026,155.54047034322187,153.31661354876059,152.84339332580566,133.0076,89.451385,112.02992,88.84329341155812,14.428074686732588,43.51054785787031
66.11000019710073,155.39093562436673,152.13144848501082,151.41031265258792,133.64888,89.18697,112.14849,87.88006942726625,14.937366960105683,43.242444718605014
66.21000019739887,155.38788096114195,152.42461546509864,152.85995864868164,133.27977,89.440475,112.19273,88.77498515611636,13.655934794618313,43.19514719649351
66.31000019769701,155.84503432145328,152.33957646199934,153.01774215698242,133.1877,89.16283,112.051765,88.1557052447482,14.468977691279344,43.79326887955875
66.41000019799515,155.53341587332335,153.33415703045475,151.64372444152832,133.5088,89.17027,112.10794,85.13847144000665,14.710905551502057,43.425475199495224
66.51000019829328,156.27631971393407,153.77398134592912,153.6712646484375,133.18947,88.86196,111.99627,89.761384748287,15.248573114200822,44.28005048785985
66.61000019859142,155.78119215924724,152.80994551892664,151.66938400268555,133.61707,89.24141,112.178345,87.35674185558793,15.841535874742112,43.60284743268474
66.71000019888957,155.0875259145172,153.38035738401467,150.15588569641113,133.65045,89.08532,112.08604,82.98260413097488,15.51174163991163,43.00148923238828
66.81000019918773,155.3342132788353,153.87135425936594,150.57138633728027,133.15501,89.068825,112.124886,83.08625153179916,16.182963895686047,43.209327719753276
66.91000019948586,155.0173411561584,153.0053975038963,153.42943382263184,133.618,89.43674,112.19257,89.084252874203,15.844700753673308,42.82476760879513
67.010000199784,155.30740753083336,153.81350434179026,155.0023078918457,133.54951,89.53403,112.23319,87.56107066752615,15.506301447235861,43.0742150869857
67.11000020008214,155.72208891413808,152.7456341018494,153.21120643615723,133.59999,89.01635,112.09328,89.06686733561394,16.748860678049123,43.62881193659902
67.21000020038028,155.96944961186622,152.73307085837678,152.2699146270752,133.24385,89.30138,112.14774,88.81573611639543,15.319326502093578,43.82170638676857
67.31000020067842,156.9763973499889,153.05489610996747,156.68403816223145,133.27242,89.1324,112.11872,82.42263744555582,15.651376634178598,44.85767634168812
67.41000020097655,155.63454753783802,152.91783002735994,152.78709602355957,133.34196,89.056564,112.13465,89.72442423517083,15.701806315815752,43.499896353755986
67.51000020127469,157.45158448203597,153.61409868382148,157.1941204071045,133.0517,89.08471,112.13601,82.98423880253013,16.138571102449056,45.315575265727375
67.61000020157284,157.02553966599777,154.04996939033245,153.45569801330566,133.11528,89.20174,112.09184,88.76689807684143,16.358103630615574,44.93369701463058
67.71000020187098,155.53910822986865,152.65023227389767,153.71740722656253,133.24187,88.57077,112.046875,87.48864073884577,15.311183379415215,43.492233229868646
67.81000020216912,155.03140774198494,152.7852172973535,151.50896072387692,133.16699,88.79396,112.116974,87.39211965317982,17.562680409137013,42.91443386503181
67.91000020246726,155.2990218871469,151.68983992493506,150.71194839477536,133.29205,88.62045,111.876076,87.67245646691305,16.55089524682165,43.422946142517986
68.0100002027654,154.67969268059355,151.22418930395233,151.12765884399414,133.51732,89.13736,112.08478,89.80268836284901,17.329828800117497,42.5949148485623
68.11000020306354,154.96040665578576,151.13324241424732,151.52927589416504,133.38234,88.90428,112.02936,88.99213301747923,15.638900079117791,42.93104874562951
68.21000020336167,154.57953464641741,150.52332827646575,153.169771194458,132.95091,88.9086,111.9721,83.64752124670692,15.835069935474639,42.607435342218196
68.31000020365981,155.87212919647126,149.9618327554753,153.7308177947998,133.48633,88.926094,112.11578,80.44062573961612,15.537807725197208,43.75634550506501
68.41000020395796,155.2728737787789,150.05920834011502,153.03320693969724,133.82182,88.998604,112.1292,82.48656186181414,15.780128976105606,43.14366998239217
68.51000020425612,154.76280696887716,150.41732375208232,149.9306125640869,133.5967,89.16085,112.14195,88.65464234431442,15.390148932536194,42.62085445422872
68.61000020455425,156.10898018142672,150.6210910269587,154.73154449462888,133.26534,89.3412,112.14258,79.72520176153691,16.587527357066776,43.966402056426716
68.71000020485239,155.93861649577292,150.65716955854262,154.45026397705078,133.3433,89.67836,112.054405,81.44331926446785,16.521383962369335,43.884211283370576
68.81000020515053,156.02147563176413,150.46269366647795,157.52379417419434,133.79922,89.00381,112.129486,76.16418202764724,17.228626742758664,43.89198954777976
68.91000020544867,156.6324058332846,151.6455065134904,156.30451202392578,133.96112,89.50567,112.108955,80.54624856489907,16.393458951942833,44.52345044998381
69.0100002057468,157.5538968856329,151.2150334358978,156.8968849182129,133.6768,89.46195,112.13306,78.69306782721738,17.2615986619873,45.420840245007895
69.11000020604494,155.53412482965715,150.7047741323543,153.3152847290039,133.57185,89.00283,112.0176,84.27767753162918,15.805790378882264,43.51652381647355
69.21000020634308,155.79741874782445,151.82420590627106,153.66007614135742,134.24876,88.75219,112.02348,86.36849789368101,16.08634262734941,43.773935471457264
69.31000020664122,156.2274639712684,151.27271529944014,154.31620025634766,133.69623,88.91676,112.05005,83.54869362776819,16.39574917562876,44.177415143143406
69.41000020693937,155.82265861137873,151.12476795602092,155.27080726623532,133.52158,88.80228,112.03547,80.65990102326408,15.802497947611828,43.78718955620295
69.51000020723751,157.2950863962802,151.0859060889716,156.06323051452637,133.59848,89.15051,112.11783,78.97480353821913,16.205590884691947,45.17725802713957
69.61000020753565,155.7296740455065,151.02311367763699,151.02421951293945,133.91351,88.85163,112.15843,89.99755755356657,15.99493771097242,43.57124203867056
69.71000020783379,154.70671063768506,150.60027970055597,150.96703338623047,134.28885,88.76929,112.09085,89.25292185270382,16.92399004580785,42.61585980760694
69.81000020813192,155.37714286426842,151.9421467098782,151.42458534240723,134.18907,88.40884,112.02516,88.99023218631919,17.728807872295715,43.35198112110436
69.91000020843008,155.9268279568811,152.17735941861744,154.35742568969727,134.02148,88.791374,111.93756,85.34854548566604,16.898934463902556,43.98926692172486
70.01000020872821,155.77172484023606,151.18920555389184,153.77410507202148,133.40854,88.86116,111.92906,84.62342263683267,15.80190176770831,43.84266295058762
70.11000020902635,157.04705544329917,151.34617218334708,157.31510162353516,134.18596,88.69917,111.99894,76.69049217086372,14.74039181105398,45.048115929139016
70.2100002093245,157.92459941345098,152.04307428080975,158.3136692047119,133.87808,88.89838,112.00097,75.99825447537498,15.255812198802055,45.92363048034551
70.31000020962264,156.62803565854884,151.6443777656098,155.51873397827146,133.93579,88.4467,111.9348,81.42184087116104,14.02381715431106,44.6932364642129
70.41000020992078,156.71290687950903,151.89253567543912,156.8253059387207,134.24132,88.381424,111.986046,79.66861893014362,15.692800608800438,44.72686104210669
70.51000021021892,157.286819222515,153.67050798143225,156.11264228820804,134.43335,88.55347,111.98169,84.8668353951079,17.00580822413547,45.30512976938999
70.61000021051706,157.4021888104304,153.33492306191667,155.25062561035153,134.59424,88.64602,111.90247,85.61035648819207,15.182685427042543,45.49971536072337
70.7100002108152,157.09138553042592,153.02904498910638,156.36786079406738,134.21228,88.59414,111.96085,82.81323481928712,15.549993668610096,45.13053195376577
70.81000021111333,156.4295215362635,153.6286364310651,154.50345420837402,133.64775,88.436356,111.86689,87.99681651907062,15.683234273389244,44.562631582650226
70.91000021141147,157.37624263621248,154.73263153698235,156.96065902709964,133.67726,88.51079,111.939476,84.86929393814843,16.2778175705638,45.43676662302889
71.01000021170961,157.68505453512262,153.56577071106784,158.05497360229495,133.21127,88.45442,111.946106,79.18378169145342,13.963189216702107,45.73894857809137
71.11000021200776,156.3404011894109,153.70294781935684,157.43002700805664,133.93515,88.04171,111.90649,81.15188077957278,14.7603970788515,44.43391467818043
71.2100002123059,157.0505668332271,153.27003603721028,158.60569763183594,133.89319,88.55723,112.022125,76.5321880838034,14.83210204561945,45.02844158908647
71.31000021260404,156.94661666735374,153.32899828208718,158.45166015625,134.17563,88.81488,112.10842,77.30019488526332,15.123372282870717,44.83819534167014
71.41000021290218,157.17347408219496,152.73072358153516,161.38543701171872,134.44777,88.61824,112.10721,68.4610205555349,13.952123312197342,45.06626583024183
71.51000021320033,155.26915246944222,152.8342550111522,158.1556854248047,134.35277,88.2925,112.0477,77.50720334191321,15.245374791939048,43.22145349483284
71.61000021349847,154.91146079184242,153.42573500098845,155.32465171813965,134.05458,88.3579,112.00607,85.73398644732977,14.511946602567757,42.90538779379554
71.7100002137966,155.72257367624442,153.97636395583243,158.2963008880615,133.88098,88.446556,112.07102,80.41456578762772,13.943749346697658,43.65155164255302
71.81000021409474,155.55298429220053,153.9058229490626,157.61012649536133,133.87897,88.585556,112.02315,81.47801042564186,15.394978778567982,43.52983670919272
71.91000021439288,155.9052740239823,154.62984521440464,156.97802543640137,133.39603,88.596855,112.10143,84.26050699896896,15.608158437972238,43.80384122368932
72.01000021469103,156.05786135787412,154.97038981973603,157.96295166015625,133.40565,88.35397,111.9507,82.87503237571126,15.516140798146578,44.107162505335054
72.11000021498917,156.60812881764463,154.85995891397232,159.10598945617676,133.84804,88.786156,112.15474,80.53039044960889,16.270359049117662,44.453389437761814
72.21000021528731,156.34043869827784,154.99728954934199,156.72196578979492,133.7883,88.25138,112.06052,86.4371337100737,16.077613790438193,44.27992234085596
72.31000021558545,156.3924202180201,153.75274514885163,159.48147392272946,133.11621,87.97042,111.83864,77.53881919145618,13.13178966431776,44.553781912356044
72.41000021588358,156.57794592065966,153.21347803349119,160.98253250122067,133.53413,87.88644,111.92754,71.61895298546939,11.9107587732298,44.65040228052294
72.51000021618172,156.62467659151955,150.56056786955688,161.14827346801758,133.55988,88.349915,111.96201,65.28409946762618,13.271872962167697,44.66266334689064
72.61000021647986,156.74346552014362,152.82757962331306,161.37245368957517,133.29689,88.199295,112.02276,70.6905087047437,13.851162134343188,44.7207070362569
72.710000216778,156.58690398405446,156.29665163438096,159.66749382019046,133.77545,88.54908,112.07003,83.2295243985958,13.030486840425572,44.516873771652115
72.81000021707614,155.78217736073634,152.89544111475954,160.6425666809082,133.07996,88.34386,111.87895,73.1014497062869,11.176103638418585,43.903225334369154
72.91000021737429,155.8582973853026,153.15416713870115,158.8075828552246,133.3981,88.2822,111.93359,78.46750642837468,12.18191391574745,43.92470363530259
73.01000021767244,157.1856373132681,153.6468720470401,160.74614143371582,133.42555,88.408264,111.93784,77.05372875464437,13.813800268178916,45.2477939905142
73.11000021797058,157.183870201649,153.65238684296702,161.5732822418213,133.31096,88.91468,111.9193,74.50916755288372,13.972634952837385,45.26457393700056
73.21000021826872,156.29512452687834,153.00741675641422,158.85666847229004,133.60567,88.15698,111.88756,77.91964513296676,14.234276435988269,44.4075665434799
73.31000021856686,156.44588303801524,153.82477156702373,159.82612991333008,133.58315,89.10976,112.013336,77.50677154687169,13.530840485331485,44.432546856374614
73.410000218865,155.72387958054563,152.0335246847688,158.29505348205566,133.51093,89.14904,112.06768,77.92766300594411,13.828863342267038,43.65619922165891
73.51000021916313,154.93476739429656,152.2354416393643,155.43525314331055,133.40363,88.96497,112.02962,84.26203323174933,14.987916105527995,42.905150084726245
73.61000021946127,155.5055721144276,153.0225781045086,156.22408485412595,133.63884,88.647934,111.86288,84.3593726111133,15.080104946439727,43.64269522233775
73.71000021975941,154.91603421518843,152.9368782195923,154.15263557434082,133.20322,89.16023,112.077835,87.17894978316112,14.204521937890389,42.83819913218062
73.81000022005756,154.2322494472088,154.03421957258413,152.60510253906247,133.17616,89.08599,111.965576,87.37769692936901,14.524206410046075,42.2666732753338
73.9100002203557,154.36177827915176,153.68489709270182,153.03581237792972,133.45145,89.07818,112.0767,88.75272565415845,14.059951965291729,42.28507997592911
74.01000022065384,155.11811869712045,153.15235130316157,152.25485801696777,133.47661,88.97342,112.15889,87.96723655882174,15.04362698145165,42.95922892661264
74.11000022095197,155.22594880203857,151.6720008087768,152.18324279785156,133.08408,89.1652,112.03883,88.89396841488549,15.863348759016384,43.18711518387451
74.21000022125011,153.98763519551605,152.31778747839132,151.49379920959473,133.94952,89.27146,112.048325,88.46690634354147,15.21741146814219,41.93931061055511
74.31000022154825,152.98909725960004,153.2875111775814,148.1995334625244,133.31226,89.25427,112.07823,80.3787567795259,15.196108786468686,40.910865448076606
74.41000022184639,152.63990994985025,153.33260171647837,147.96127128601074,133.64934,88.92794,112.08583,79.70550471886918,17.236815326299975,40.55407926137369
74.51000022214453,152.73098851504898,152.42822243060044,149.82400512695312,133.71881,88.69244,112.128716,85.4114203801776,16.99753168970036,40.60227299991226
74.6100002224427,153.0401137922426,152.20700844109868,148.96576499938965,133.21664,88.52534,112.06366,83.98958604456081,15.965728193369653,40.97645412427386
74.71000022274083,152.32803793463012,151.3844013259851,147.81649589538577,133.75775,88.85566,112.07583,82.63115362954515,14.642490805564018,40.252209382384024
74.81000022303897,152.71323357914008,152.89937625400168,150.1508884429932,133.49104,88.91614,112.06865,84.7962131023313,14.330110626926622,40.64458428714789
74.91000022333711,153.3125995634924,154.18168451383914,150.4255123138428,133.97362,89.458275,112.20848,83.23954622294535,15.451600376375405,41.10411872853146
75.01000022363525,153.55833632302637,153.41989089087616,150.28275680541992,133.68498,89.22264,112.15752,84.51049669680873,14.52731063185537,41.40081984353418
75.11000022393338,153.66272306396175,155.14436669658417,151.96396255493164,133.60027,89.311646,112.057434,84.41866157478036,14.32328545110816,41.6052889819305
75.21000022423152,153.61158087986476,152.55360184813574,151.658655166626,133.47597,89.29791,112.176476,88.37268239871493,13.378327160272109,41.43510535496242
75.31000022452966,153.16847148956327,150.38520521473444,153.17264366149902,133.75977,88.9453,112.113914,83.34865358434118,10.534667752047586,41.05455699981718
75.4100002248278,154.07811421732578,150.3798583447695,154.44253349304202,133.66411,88.92763,112.12676,81.57250032787074,10.360004930610476,41.95135182718906
75.51000022512595,154.08823317215246,150.77896458772923,153.8815631866455,134.05292,88.7307,112.25757,83.61281749405748,8.719395441728883,41.83066481277746
75.61000022542409,154.65738700215343,152.3068503998071,155.11818885803223,133.67145,88.68756,112.18653,84.56722175959875,10.703774030027324,42.470855935258896
75.71000022572223,154.14793936804762,151.9596586067328,155.96621131896973,134.01439,89.02229,112.09055,82.70620654912652,11.595136244137404,42.05738608435621
75.81000022602036,153.57532409160984,152.32044977116453,154.48439407348636,134.01146,89.00498,112.25678,85.89150240065932,12.854475904876058,41.31854155987156
75.9100002263185,153.99788498039055,152.56834564391943,153.5320873260498,133.74776,88.64982,112.09036,88.0558376604926,14.511511819435471,41.90752243156243
76.01000022661664,154.63445625909534,152.60979504360378,151.90069007873535,133.66763,89.181595,112.173294,88.6667358295839,16.21696094347673,42.46116219171253
76.11000022691478,154.8849361523487,154.1353747293913,151.47792625427246,133.72932,88.98011,112.17986,85.09476326086273,15.45371155771274,42.70507317627448
76.21000022721293,155.13870107536792,153.60902112965388,153.8935947418213,133.75931,88.95578,112.154686,89.45840022316325,14.598124830503897,42.984015101246825
76.31000022751107,155.3973554789357,152.93451595230164,153.3216037750244,133.49121,89.58226,112.227715,89.22045695519027,15.29968889264484,43.16964094036149
76.41000022780922,155.20269830613964,152.47013923895065,155.36525535583496,133.01608,89.33477,111.983406,83.42642769274823,13.993858794300735,43.21929223924511
76.51000022810736,154.29239116794764,153.4194150112039,150.6750259399414,133.49747,89.21561,112.018265,83.02175755085142,14.014247978982182,42.27412639743983
76.6100002284055,155.2060696692975,152.1288858988493,157.24617958068848,133.30379,89.2566,111.96407,79.69246283597869,14.6861720207193,43.24199648814516
76.71000022870363,155.26207873562558,153.04581257174436,158.51381301879883,133.39853,89.10224,111.95387,77.69909890962549,13.213522978049719,43.308206054961516
76.81000022900177,155.267127551361,152.38361154033316,157.87228965759277,133.52441,88.556915,112.0506,78.38261784916598,13.517320790417841,43.21652940682975
76.91000022929991,156.7673852095776,153.38720730568866,158.83459281921387,133.58514,89.10171,112.06113,79.23970064310485,14.849770401152302,44.706258500593236
77.01000022959805,155.77827492012122,152.9293305772862,154.94300651550293,133.39781,89.20355,112.01204,85.96869232666376,14.96401653025519,43.76623573555091
77.11000022989619,154.61470543147837,152.6053332626867,152.17503547668457,133.3465,88.85453,111.88081,89.20803595733513,16.56444992928795,42.73389183284556
77.21000023019432,153.9941853781482,152.05276235249593,152.48986434936523,133.31668,88.862526,111.95566,89.0514079563134,16.15355181570001,42.03852741916381
77.31000023049248,153.85109646482806,151.37615242583766,150.73764228820798,133.53496,88.74458,111.991554,88.73765609809338,15.789069608390898,41.859542204574154
77.41000023079062,154.22072596680997,152.38277392002414,157.49796676635742,133.65465,88.97955,111.96686,75.4612970262852,11.709215821174196,42.253868056653715
77.51000023108875,154.41811096470397,153.2566137733124,156.36421394348145,133.1889,88.84564,111.97096,81.67546449363337,11.692131270570687,42.44714844028991
77.61000023138689,155.93237017571178,153.5549378368399,162.7672882080078,133.06297,89.22577,111.91601,64.3099750043898,10.9810075078688,44.01636218010631
77.71000023168504,154.10962798285794,153.91841764930342,156.56044006347653,132.9885,89.29949,112.00386,82.17102285126327,10.389706993881164,42.10576750922513
77.81000023198318,153.05598571078372,153.30732509939315,152.96277809143066,132.87546,89.581154,111.96907,88.81525609162857,10.10575836845428,41.086915276213404
77.91000023228132,154.29190232971442,153.52507899381177,159.02080345153806,132.9507,89.17113,111.84311,69.95562766452672,9.613098140034698,42.44879319885504
78.01000023257946,154.53780667543603,154.3192374872075,158.45082092285156,132.74265,89.36598,111.89474,75.36306498844094,9.535359059925748,42.64306943178369
78.1100002328776,154.73623802372182,153.97098400991123,157.51173973083496,133.05821,89.06177,111.94188,77.81899523392248,9.835803709751143,42.79435875126089
78.21000023317575,154.25580032003393,153.68520884281344,159.0629539489746,133.1831,88.98421,111.83354,70.90657607039383,8.04725882835421,42.42225844991674
78.31000023347389,154.23751633010673,153.3484226107883,157.01880073547363,132.71138,88.74815,111.80917,75.67666884179502,8.795024603686073,42.428342746122354
78.41000023377202,154.1744841411831,153.28040290240952,158.54990196228027,133.37392,88.816574,111.86043,74.22833271145753,9.995699097439797,42.314056284737774
78.51000023407016,154.3711851204899,153.4810877402814,158.73726272583008,133.21745,88.92519,111.91097,71.04240628753493,7.968426479180913,42.46021252527507
78.6100002343683,155.58835950683604,152.86483691464795,162.83990287780762,133.18369,89.05342,111.8853,59.49665049040928,9.939236688146904,43.703059824218855
78.71000023466644,156.01746192576022,153.90288816310235,161.95786476135254,133.3425,88.993004,111.99268,64.18955797095896,9.84877129845252,44.024778515115685
78.81000023496458,155.20716784637375,153.28176190127002,162.06567764282227,133.58928,89.04121,111.96257,61.488437134984984,9.872053279840815,43.24459765594406
78.91000023526271,155.84366070394748,154.23485375517944,158.52355575561523,133.34616,88.760574,111.75556,71.81555331701821,9.477287695986549,44.0880988753342
79.01000023556085,156.40595667011095,154.25478055360887,159.3199481964111,133.31667,89.60594,111.93781,70.03614617870032,9.688481515676253,44.46814386493517
79.110000235859,156.68331358721323,154.65238449194257,157.8148956298828,133.3474,89.01969,111.88241,78.48765345782306,10.588477246252728,44.80090544512339
79.21000023615714,155.39187760641133,153.03116390249616,158.48112487792966,133.37363,89.04187,111.958755,71.61367546046098,10.642785198910408,43.433122113247265
79.3100002364553,155.6336649784984,153.27270835614226,159.92266654968262,133.23984,89.29,111.974495,65.57375441155328,10.424007232000008,43.659170044416356
79.41000023675343,155.99561978381752,153.98801005582254,160.03308486938477,133.53098,88.795525,111.90103,68.89994043491772,9.951259517893577,44.09458828967689
79.51000023705157,154.85022418292792,152.50180891663624,159.6851596832275,133.01315,88.444984,111.85819,70.23864970906119,11.459482582430246,42.99203173908026
79.61000023734971,154.37102480408274,151.9199358256315,158.97152137756348,133.1443,89.297325,111.9743,69.11204880328836,10.706087121159323,42.39672823425852
79.71000023764785,153.25463209757362,152.10746826123088,154.89665412902832,132.71936,88.850464,111.85552,81.28791736398169,10.529360588594603,41.3991099418119
79.81000023794599,154.82968156422933,150.11365980762753,160.12269401550293,133.01302,89.50821,111.914925,64.76480172220617,9.280633487938445,42.9147569426473
79.91000023824414,153.42224977567878,150.99280161747066,154.50967407226562,132.72087,89.1067,111.91572,80.36862625253785,8.378923313942199,41.5065316970655
80.01000023854228,154.14960793289362,153.20723392294465,155.71451187133786,132.97682,89.44031,112.04316,83.39203204837173,8.014931426363244,42.106448448030335
80.11000023884041,153.84093313509192,151.09383034953873,157.4942741394043,132.84169,89.5314,111.99766,75.10519979677703,8.946061892267576,41.84327535921301
80.21000023913855,154.96358796868466,154.03665676772547,158.4057445526123,132.99759,89.3016,112.0022,78.08261382558081,10.374654233560515,42.961390703059664
80.31000023943669,155.0468148015685,152.81675598851973,161.95298767089844,133.02347,89.3568,111.96376,67.86696325090156,11.280309522915198,43.08305442559194
80.41000023973483,153.65821974549797,152.1448582954925,154.64700508117676,133.12236,89.48866,111.98983,81.83717468648194,11.284775040568078,41.66838972840813
80.51000024003297,153.36969523149645,152.6532964607318,157.66582870483398,133.08324,89.362114,111.99768,73.96895398141281,10.45557308505158,41.37201456743395
80.6100002403311,152.66042298169265,152.35886674266544,157.4320240020752,133.0005,89.42182,112.17675,71.84725776739292,9.025885040414973,40.48367279858718
80.71000024062924,153.21602754798988,151.76959674630902,159.365966796875,133.24673,89.471146,112.0824,65.87313780072974,10.594863552827293,41.13363008705238
80.8100002409274,153.68899275615686,152.60787114327093,159.02359390258786,132.7129,89.2693,111.97558,68.41275158236178,9.35771786394942,41.713414448051395
80.91000024122555,152.7021215083135,150.2234235377811,155.3172950744629,133.2342,89.035065,111.92543,71.82246427036486,10.681046576808654,40.776691210461934
81.01000024152368,152.71148393749328,150.61197219287558,154.77795028686523,133.12804,89.32194,112.08658,75.63329629602347,10.731313677345012,40.62490556835266
81.11000024182182,152.67247827702622,149.32030117788094,156.3278636932373,133.18657,89.69105,112.01874,68.93154490193692,10.362166681448203,40.653740484057465
81.21000024211996,152.88403377610769,150.43596775716634,158.74287605285645,133.23665,89.94492,112.217804,60.481097731612934,10.164012332051326,40.66622982102956
81.3100002424181,152.55984044908973,150.36214334501636,158.07912826538086,132.97266,89.50153,112.06542,62.62712163662383,9.595500471562778,40.494418390984265
81.41000024271624,152.21058852804177,147.463006752191,158.02358627319336,132.84023,89.732376,112.02273,57.79386886967157,9.955868715274994,40.187860561733174
81.51000024301437,151.88721907038632,150.8858172861125,156.22772216796875,132.72168,89.464355,111.97285,70.79529733402721,11.051699567440759,39.91437208552304
81.61000024331251,153.41374029298322,151.12993539189645,159.18080711364746,133.00911,89.489914,112.13229,66.0256920499557,11.702448268467611,41.281446591811346
81.71000024361066,154.89374673594858,152.7198506423133,162.59525680541995,133.0841,89.32898,111.97001,66.2926179285277,13.375058305192784,42.923737885850926
81.8100002439088,154.9614241900481,152.14261609511217,162.45393180847168,133.58923,89.06024,112.03856,62.792532468288904,12.825630062670307,42.922865230087154
81.91000024420694,152.55924043321505,152.48129274900393,157.41544914245605,133.3951,88.908875,112.120384,70.28661015016345,10.151177849936472,40.43885621690646
82.01000024450508,151.6065491211142,151.89770978322323,155.6907157897949,133.15501,88.994804,112.03258,75.13246966966031,10.358899879174674,39.57397160646576
82.11000024480322,152.80693076948532,152.27716308093662,155.45020294189453,133.28636,89.21283,112.06851,76.40813058039924,10.05864484388024,40.738418806594694
82.21000024510136,152.6337439323633,151.35977132600559,156.34567642211914,133.2938,89.37032,112.09493,72.88361457599606,11.312797552043957,40.53881137621096
82.3100002453995,152.49743087510814,151.67481143564152,157.31687927246094,133.206,89.29607,112.07778,68.83353063304253,10.407953671370057,40.41964919786204
82.41000024569765,152.69974533734285,151.15378178719232,155.64071846008304,133.38104,89.574936,112.22257,71.16284484933023,10.10588657315252,40.47717301068269
82.51000024599578,153.7134853237854,153.0358002538399,156.72704696655273,133.09167,89.048485,112.061104,74.60991685622346,10.21989541955427,41.65238150298461
82.61000024629394,153.54751299672745,152.7711470167128,156.62112045288086,133.129,89.54895,112.16138,76.76936947540848,11.818797148181938,41.38613604360245
82.71000024659207,155.02877344231186,151.6754120019414,160.7784881591797,132.91333,89.21258,112.08025,62.28140264589043,12.332461592910388,42.94851984123764
82.81000024689021,154.68159685157235,152.08014702129898,159.5063667297363,132.81245,89.18878,111.927925,70.04520357416406,12.054665143503675,42.75367174170907
82.91000024718835,153.40144021179412,151.77678382501517,157.820650100708,132.76643,89.34149,111.98459,74.29240220629909,12.402914611730232,41.41685158874725
83.01000024748649,154.86804836999485,151.37796442838408,162.36685943603516,132.85008,89.62188,112.05357,65.5884755923122,13.643366061881162,42.814474761596415
83.11000024778463,155.34707319861283,150.5702646622936,162.7503433227539,133.08022,90.04119,112.11465,58.74995417035484,13.857620796154222,43.23242628699174
83.21000024808276,154.69780306626495,150.90097309359544,161.2969093322754,132.98701,89.70456,112.07495,62.48544038777964,12.951588673734976,42.62285189438995
83.3100002483809,155.12958327029858,150.38226052763747,162.83095932006833,133.10718,89.69328,111.982765,59.57150547695112,13.560448359413229,43.146818072544676
83.41000024867904,153.77212584462254,149.73691797599517,161.24493789672852,133.04298,89.52435,112.06759,59.48381896507788,12.094094773625931,41.70453703847019
83.51000024897719,153.69157372469095,150.57208536759458,159.56062507629397,133.3867,89.51381,112.1643,64.91782328590237,12.239300349889268,41.527274713460486
83.61000024927533,153.29092734041689,150.93822413992635,158.74741744995117,133.79312,89.6501,112.251396,68.95128984421078,11.856332291282206,41.03953116121767
83.71000024957347,153.90312433292013,150.91383984182283,161.11356353759766,133.64804,89.5017,112.24042,60.889474874089004,11.745328360479107,41.66270685245138
83.8100002498716,153.8981353938761,151.34490368215683,158.82545089721677,133.6025,89.48062,112.18331,66.25167588123202,11.08359966115375,41.714823931473745
83.91000025016974,152.94463040460477,152.5597214214712,158.0996036529541,133.58391,89.622604,112.235344,70.52211111584131,9.847782315239824,40.7092864714993
84.0100002504679,154.1964717857303,153.69374918766158,158.8210678100586,133.6312,89.32369,112.07784,68.00794906430873,9.409008736590742,42.11862907332795
84.11000025076603,153.857309850884,151.52294863328086,156.71537399291992,133.32658,89.40505,111.95194,73.72793348559507,12.15841077816703,41.90536740703635
84.21000025106417,154.01895724283963,151.8087590383016,156.25882530212402,133.47812,89.28593,112.00393,72.65446039126887,12.363856070871897,42.01502810465604
84.31000025136233,155.04769131984062,151.6921405990442,156.5918140411377,134.06812,89.288506,112.007065,74.33749173893248,13.299502080022052,43.040626500504686
84.41000025166046,154.7085799672164,150.90754070022788,156.46701812744143,133.66623,89.28579,111.992294,71.40168282425033,13.509651995690408,42.71628565569296
84.5100002519586,154.36779930126872,152.00602643800488,157.87425231933594,133.96281,89.594025,112.0379,67.21956758578838,11.490614740611191,42.32989646923747
84.61000025225674,154.34150917269096,151.80118752898073,158.65266418457028,133.29791,89.476685,111.94228,61.39601434116058,10.53895599305105,42.39922554231987
84.71000025255488,154.4803354987753,151.30977882183998,158.826208114624,133.5662,89.22963,111.96402,57.650270464462416,11.53835358184811,42.51631572338468
84.81000025285302,154.59314548576117,151.62803664844003,159.61126708984375,133.26208,88.773506,112.00849,49.70387775359998,10.4755843562312,42.58465396964789
84.91000025315115,154.51702968081742,149.0475184549626,163.4566478729248,133.44266,89.3789,111.97547,34.66206136044763,10.85036273163224,42.541558184235384
85.01000025344929,153.3185857266624,150.18185130545464,163.00934982299805,133.60284,89.79563,112.092186,44.265018199728274,9.592063731840959,41.22639975254131
85.11000025374743,152.32836329455154,151.59135136958793,158.92688179016113,133.64395,89.97759,112.09866,56.47689833465893,9.498803002741022,40.22969996447341
85.21000025404558,152.3646158219353,151.73652417787451,159.52517700195312,133.46745,89.52141,112.06491,55.10118134296908,9.748819676840597,40.29970493326343
85.31000025434372,151.77184466386646,151.79206380988958,157.89410018920898,133.589,89.5906,112.04943,66.66365288010367,9.510594268475456,39.72241381669849
85.41000025464186,150.88574567514465,151.18476199570128,157.04035186767578,133.69638,89.41765,112.037025,65.78203685590331,9.15413473891695,38.84872022348449
85.51000025494,151.51751750433124,149.8391158960039,158.4430465698242,133.44887,89.74133,111.98796,52.30533570196231,9.310030414439636,39.52955668890155
85.61000025523815,151.79139257411316,149.80261021895376,158.30924606323245,133.32608,89.95601,112.12143,60.578766722371924,11.164268022961387,39.669963130753786
85.71000025553629,153.70318863132786,150.14374298290858,161.32367324829102,133.85355,89.94191,112.143654,57.71189393236751,11.913442635864081,41.559534761698956
85.81000025583442,155.30968034242625,150.2310178102635,163.9587726593018,133.32002,90.06234,112.022835,51.087493612191594,12.604871840083865,43.286845564594216
85.91000025613256,154.90954972557194,149.19675124158485,164.7679576873779,133.49292,90.09906,112.05439,52.101499367943035,12.990365199218067,42.855159771958654
86.0100002564307,155.50232117088217,150.1395284803651,165.74411010742188,133.64445,89.743546,112.19813,50.40271594387043,13.084415019104101,43.30419342430014
86.11000025672885,155.77786960786494,147.8897651593081,167.39138984680176,133.5232,89.91569,112.1632,39.78119668624318,13.615680922186646,43.614669229446974
86.21000025702699,155.91021467873497,149.09715337471235,167.58350944519043,133.51846,89.8173,112.0318,38.31114351994186,13.152403308177067,43.878415362328724
86.31000025732513,154.55984839609965,147.77366716246144,165.7501964569092,133.55615,89.848076,112.19051,39.81678652044432,11.854881016123048,42.36933478525981
86.41000025762327,155.52226173426754,147.58597539997788,167.1025104522705,134.12077,89.965645,112.288956,36.85455897727593,12.349258014168825,43.23330604579098
86.5100002579214,156.342396351891,148.49743455967646,165.54552268981934,134.16914,89.89057,112.21989,44.329457530233476,13.80829302703889,44.122509572105855
86.61000025821954,156.44148416414637,147.82663644475042,168.14286041259766,134.44739,89.40982,112.09137,38.62062087952727,13.509135375646435,44.350114535240124
86.71000025851768,156.4225288272492,146.9170860211245,167.83675956726074,134.24614,88.747894,112.04613,34.70916740928689,14.365652729159564,44.37640150791327
86.81000025881582,155.940938295636,148.33443600649267,166.7555980682373,134.2529,88.92301,112.05524,36.34567440442247,12.987889531450637,43.88570147922974
86.91000025911396,154.48952016407497,148.5355337251195,162.26939582824707,134.14583,88.86528,112.0511,47.82274986175914,12.163443607936633,42.43841847950466
87.01000025941211,154.59523830679123,148.11434836200866,160.52715682983398,134.34605,89.04588,112.23519,51.15368618238452,12.682055104665423,42.36004696157639
87.11000025971026,155.88870907012645,147.9408660784995,162.127347946167,134.50844,88.99371,112.07965,43.797036199029804,11.050520199778902,43.8090581912202
87.2100002600084,156.9622685407919,148.14029889674686,162.98284339904782,134.74101,88.6675,112.05645,43.63372693075657,13.5587935205253,44.90581865065519
87.31000026030654,155.99621000573816,148.8932301546458,164.54427528381348,134.76633,88.86729,112.1842,42.69660273829093,11.827234315390367,43.812013533570195
87.41000026060468,159.48611044632563,147.58015508979534,170.1044616699219,134.93924,88.901726,112.212715,40.19405738784701,15.824117600962241,47.273395297399844
87.51000026090281,157.19617794810657,147.35450897094825,166.66840171813962,134.98978,89.102066,112.1796,41.06644971675997,12.576409595968006,45.01657437144641
87.61000026120095,158.19191440839958,147.52150886712505,169.41996955871582,134.39236,89.174286,112.138954,36.384738537997414,13.862991964433505,46.05296024580193
87.71000026149909,158.06555474472233,147.1462091069332,169.4718017578125,134.62422,88.95914,112.06314,30.324572097002054,13.110338561036167,46.00241387558171
87.81000026179723,160.22629698727064,148.48691427717202,173.93463897705078,134.43599,89.218666,112.0624,22.4225685313671,13.217925119800078,48.16389616939955
87.91000026209538,160.83282004342215,148.66139389208846,174.31182479858398,134.26941,89.131294,112.05992,24.299686413976747,14.361496872311804,48.77289877877371
88.01000026239352,162.03898832549072,149.21135053322087,173.9644718170166,134.09361,89.45196,112.021034,33.75224332343862,15.957867621083546,50.017954084768064
88.11000026269166,159.66745694421064,149.4947497354899,172.6944103240967,134.1678,89.66327,112.15659,32.98267544796093,14.483053995716675,47.510863621456735
88.2100002629898,157.45317825239138,148.86758277094145,167.3929100036621,134.04315,89.50811,112.147545,41.104139617065464,13.147038097921584,45.30563339155154
88.31000026328793,156.56896870309347,147.74997425460512,166.16834259033203,134.01152,89.86267,112.12938,39.17343014193783,11.726086194204495,44.43958943063254
88.41000026358607,156.0882116798016,147.93324742061822,165.88859748840335,134.17456,89.75618,112.08597,28.153627963428782,10.330409230078878,44.002243662223464
88.51000026388421,157.9052755109374,148.98365213773803,166.62687110900876,134.61304,89.445526,112.13899,36.69211995246952,12.57376257969748,45.76628320136709
88.61000026418235,155.3315237095818,148.554574495311,161.4050006866455,134.48985,89.74549,112.16427,47.50681615217216,11.653191365631312,43.16725521592946
88.71000026448051,154.5982159793417,148.35955433651125,159.5810775756836,134.20328,89.75676,112.15887,44.75441330026065,10.927648238108683,42.43934909701747
88.81000026477865,154.66446582806626,147.49519096880698,160.02674102783203,134.3598,89.844536,112.17554,34.39760700461353,11.030468166149783,42.488928718691255
88.91000026507679,155.14727173696537,148.32048481393107,159.27709579467773,134.39987,89.9894,112.263245,39.19160439833648,11.568569813557044,42.884027108059115
89.01000026537493,155.30473863870526,148.39561135210482,158.06227874755857,134.39493,89.66116,112.14168,35.53722790909947,10.737953604320875,43.16306078225995
89.11000026567307,153.36957336667777,148.0312023117102,155.60628128051758,134.41713,89.34204,112.12794,49.62617855604043,11.598933596531326,41.24163604978324
89.2100002659712,154.0271585858435,148.76846590659602,155.97887802124023,134.5058,89.38545,112.07784,49.47694157256597,12.206039239517889,41.94931587344115
89.31000026626934,153.73379061365316,148.47624302596498,155.3721866607666,134.22112,89.12627,112.0877,53.430046159920856,10.860580522789812,41.64609072351644
89.41000026656748,154.21814253960022,150.9675505597719,158.14773559570312,134.18959,89.1028,112.009445,64.17826564425995,11.484841178854248,42.208697349170535
89.51000026686562,154.23263707199928,150.84901434626224,156.8326358795166,134.08049,89.21586,112.06945,67.67863443997057,12.357898382600226,42.16318669358131
89.61000026716377,154.611039889457,153.10316792037563,157.03405570983887,134.21255,89.108955,112.1407,73.05687029951858,12.592829954958694,42.47033859551169
89.71000026746191,153.27982738472443,151.2451744110083,156.34995460510254,133.89009,89.48516,112.02291,74.89028397798893,13.284887566179822,41.256916312947084
89.81000026776005,152.894879533979,151.61366523846354,154.83169174194336,134.24538,89.2189,112.072975,79.77746524399576,13.301385075994517,40.8219043752876
89.91000026805818,152.0942065699579,150.49456734966031,152.18805503845215,133.57806,89.45249,112.068275,84.93248821090053,10.870541360079024,40.025931118297734
90.01000026835632,153.44198607173476,152.82910700553325,151.62392807006836,133.71506,88.98009,111.96829,85.91030881048779,12.125468634498963,41.473693835406635
90.11000026865446,152.4188755796065,152.0583347957864,152.3653144836426,133.71037,89.51595,112.05121,88.96584585540438,12.261668623553126,40.36766708351274
90.21000026895261,151.14630629912932,150.41729754319104,147.45850563049316,133.39653,89.400185,112.03513,82.27875056772066,13.202075416182087,39.111172937312915
90.31000026925075,150.53571822552382,151.66148152035012,147.37004852294922,133.58276,89.62308,112.06678,80.47234124986825,15.088513500667919,38.46893813519179
90.41000026954889,153.16632582912936,152.55477421346615,150.98430633544922,133.61853,89.15882,111.93339,86.74257710625946,15.35181991583927,41.23293807278171
90.51000026984704,153.7502110426248,151.71559248572822,154.56891059875485,133.4442,89.23995,111.96798,83.61929186998137,16.593173234643473,41.78223161147247
90.61000027014518,154.97144104845887,150.43791472254324,159.50401306152344,133.61786,89.08342,112.06669,66.79209268421462,14.046641065962469,42.904752510861215
90.71000027044332,155.79199865205476,150.47318481884412,161.44179916381836,133.6668,89.21228,112.052734,58.50409212677149,13.077554610268528,43.73926427705476
90.81000027074145,154.09148426769326,148.5239915946881,155.7210178375244,133.38866,88.97777,111.93278,66.02201400855509,12.669578406295283,42.158706862908105
90.91000027103959,153.29097491897966,148.362555207299,153.50247001647946,133.35228,88.99557,111.85819,74.78159773407616,14.593165587421435,41.432782475132
91.01000027133773,153.24119293854372,149.05640583968375,150.07477188110352,133.25893,88.98272,111.81812,87.34821253821231,15.374602125550428,41.42307007477419
91.11000027163587,153.52089318485866,150.066812339923,152.09763145446777,133.1529,88.73478,111.76777,85.31825242938444,15.882446985067272,41.75312432499538
91.210000271934,153.2555234811467,148.64089260208044,152.9897346496582,133.85614,89.291084,112.04413,76.33698414960413,12.297541089681221,41.211395063177946
91.31000027223214,152.89475104136054,149.46456941807395,149.89469528198245,133.36809,89.21038,112.108925,88.51459101159192,14.500029344431688,40.78582617563788
91.4100002725303,151.51728349590016,149.1911820732623,146.97743606567383,133.67325,88.96069,111.942825,83.04494640583114,13.266905871182017,39.57445817851735
91.51000027282844,152.32005339532708,149.2442348428386,150.0547580718994,133.10713,88.93298,111.81551,87.3746556960327,13.472842566420825,40.504539784487235
91.61000027312657,151.63089261649588,147.5191800843993,149.11716270446775,133.32426,88.7144,111.90376,84.86576760683474,13.963807198224297,39.72712979911307
91.71000027342471,151.41328603670544,148.1476845165713,149.77588653564453,133.30624,88.56637,111.843704,84.59019379028045,12.442175539205572,39.56958181307263
91.81000027372286,151.85170831034537,149.43365602013017,148.5210933685303,133.48996,88.5338,111.91515,87.13154238294,13.620100584670377,39.936554806927404
91.910000274021,151.74219891240523,148.6144299800638,148.2724094390869,133.5495,88.71949,111.85888,88.92412816841973,13.513535805824677,39.88331982304976
92.01000027431914,153.14762839694143,149.79785775261627,151.1795711517334,133.64749,88.72139,111.89202,85.34907629044082,12.974274886099588,41.25560721774221
92.11000027461728,151.5172023543513,149.45631791075928,149.5756549835205,134.09387,88.80133,111.82349,89.55887639704893,11.983384664363626,39.6937160262263
92.21000027491542,151.75285198684722,148.07507748378933,151.82942962646484,133.3987,89.018234,111.839554,75.7585321861409,11.91740125491241,39.913298153839406
92.31000027521357,151.22688278832473,149.68319806740058,150.20948791503906,133.40128,89.01162,111.95899,88.23003349797672,12.679474395585384,39.2678907839302
92.4100002755117,151.68330991907402,149.64594008996903,150.60288429260254,133.1466,88.39118,111.81269,86.0549220228921,11.79028441643497,39.87061918421074
92.51000027580984,152.04749692246295,150.39345478268262,153.58173179626465,133.13094,88.40389,111.802025,79.13109557532205,11.933912582250354,40.24547208115436
92.61000027610798,152.03609123550595,149.61371453069478,151.77018356323242,133.22517,89.00289,111.91031,83.3154752601246,12.41314296176666,40.125782397615325
92.71000027640612,152.55818158570074,150.02316087803584,151.89064025878906,133.06323,88.56732,111.88306,82.9285146874291,11.601014893607465,40.67512494507574
92.81000027670426,152.86824809121174,149.82555353117408,155.26496887207034,133.53401,88.93326,111.996284,71.51876270553207,11.346754448451922,40.87196360634846
92.9100002770024,152.1236275627086,148.2465522150151,153.76609611511228,133.6355,89.22626,111.9487,68.02335570366725,11.542382458830772,40.17492761153673
93.01000027730053,151.91413668325907,147.40240720631502,154.3990478515625,133.77759,88.73592,111.830574,63.676501873061895,11.42120062247686,40.08356264761454
93.11000027759869,151.55288113431672,148.21095184399357,153.5892543792725,133.65303,88.79595,111.88571,71.79045436591548,11.593401484576646,39.667169464394846
93.21000027789682,151.42199129023714,148.39095582054864,153.20938873291016,133.55472,88.881325,111.98944,73.57786320318405,11.736156930835582,39.432550372268395
93.31000027819496,152.18080940160962,150.2243976272839,152.81806564331058,133.37558,88.75077,111.84828,78.44728979662898,12.33252539452188,40.33252754125806
93.41000027849311,152.4025022402124,150.36554745766375,152.08035850524902,133.46349,88.684875,111.875084,84.24237588288197,13.038591038071218,40.52741831687257
93.51000027879125,153.23365602046897,148.42985168749763,158.01180458068848,133.72762,88.51503,111.81455,62.80268395839042,14.59279049894612,41.419103713340064
93.61000027908939,153.43856799523803,148.78387640839478,156.51989364624023,134.10445,89.21756,112.02558,70.03601175120117,14.162555159470713,41.41298663537475
93.71000027938753,153.43774398437975,148.2399197524305,155.16086387634277,134.21747,89.40513,112.05052,69.20574642157413,12.627969307439814,41.38722213379381
93.81000027968567,154.0193329757395,150.32557952051445,157.05060386657715,134.28891,89.025925,111.91232,75.48193820796017,14.4942884559966,42.10700997769263
93.9100002799838,153.18810699866378,147.96495415666976,157.05136680603027,134.1925,89.164246,111.95982,71.13541898441271,15.276679329491794,41.22828339026535
94.01000028028196,153.1226142308194,148.94765851747312,153.56404495239258,133.97641,89.41312,112.01206,77.73681694915803,14.311862390498527,41.1105521580655
94.1100002805801,153.27602872372438,150.54358652970203,153.46649742126468,133.93388,89.43589,112.035706,82.91451462381244,14.763970542085316,41.24032315731813
94.21000028087823,153.51558378474502,151.2557478370331,151.3965950012207,133.83463,89.22247,112.04772,89.57006226046393,13.87501611055061,41.46786192195205
94.31000028117637,153.33770288117137,150.3028955619684,155.72005653381348,134.33926,88.98539,112.1216,73.40133771130328,13.479747659060783,41.216105591132305
94.41000028147451,154.64930325259738,151.0104615556822,156.88605499267578,133.91808,88.89065,111.88981,76.4967540381059,16.162831765110898,42.75949459781222
94.51000028177265,154.7680752829819,150.0379428421374,156.95325088500977,134.53114,88.844444,112.08014,71.91991425468723,14.488471273497726,42.68793612282565
94.61000028207079,153.6408025676361,150.34955181911602,151.37842369079587,134.68738,88.65803,112.07427,87.2131047062205,14.588579447166634,41.56653041187437
94.71000028236892,154.15595650836582,150.86493657856917,149.8194179534912,134.06857,88.65838,112.04039,87.31841927067543,15.195109361323375,42.11556649371738
94.81000028266706,153.73928155978268,149.03739497110806,151.85056495666504,134.73062,88.560234,112.015236,81.62922315083223,12.983177176125487,41.724045658903776
94.91000028296523,154.43602348635255,149.67791776710467,154.302490234375,134.46024,88.656845,111.98966,77.38888484728952,13.357599683647493,42.4463613159424
95.01000028326337,155.65737862715645,149.95835454134252,155.853422164917,134.33612,88.64031,111.93133,76.16994522884619,15.587073661759467,43.72605080733223
95.1100002835615,157.73009985439356,151.18609139482845,164.5233917236328,134.54608,88.515884,111.93462,57.27205583849782,15.494469376854484,45.79547613613184
95.21000028385964,156.57474097172476,151.61007012566216,159.87726593017578,134.57562,89.03042,111.88835,67.76751342518256,14.231021771566274,44.68638953129508
95.31000028415778,153.7411209162194,148.63836502514297,155.2133083343506,134.05063,88.97222,112.13644,75.20468174341684,14.256916539729161,41.60468445381704
95.41000028445592,155.46168794933044,151.0035516173243,159.40228462219238,134.40335,88.69916,112.02538,70.0760006171099,15.339488754053404,43.43630495372497
95.51000028475406,154.80992310459288,151.15844186223288,155.53894042968753,134.17595,89.06605,112.07172,77.54634626512812,13.843212687317083,42.73820679599913
95.6100002850522,152.78619217295682,151.60758989854014,148.81452560424805,134.45067,89.18833,112.11088,80.7475005691142,13.121848816000599,40.67531418223416
95.71000028535033,153.65866419782193,151.03832244568116,152.13467025756836,134.35757,89.067024,112.06548,86.80788628805809,13.176642454800136,41.593181104560216
95.81000028564848,153.39693540112543,151.63284358170202,148.7230358123779,134.5144,88.97428,112.056145,83.21989273297054,16.662690800213237,41.340790686769964
95.91000028594662,152.45401440963275,151.3875646217645,147.76455116271973,134.48705,88.70647,111.93195,81.1332330167714,15.158815668720026,40.52206097945697
96.01000028624476,151.90849357472612,150.86932977116842,152.80009269714355,134.10246,88.53589,111.83137,84.6750597953132,14.048535217832455,40.07712608205034
96.1100002865429,154.2571213418785,151.31443064542506,158.3172264099121,134.15532,88.78464,111.94997,71.54347244138306,11.795084182746582,42.30715491121444
96.21000028684104,153.65534681828336,150.08666923272904,157.0262336730957,134.6086,88.58444,111.840164,70.94271182672348,13.24285075220049,41.81518263371305
96.31000028713918,154.98011785734982,151.35284764132055,157.9877109527588,134.62964,88.466576,111.99069,73.29949644712254,13.756941524240945,42.98942571867795
96.41000028743731,154.15465707811902,151.4287709968744,157.08526611328125,134.38351,88.83953,112.03682,74.12614201408525,12.962508964262115,42.1178376201112
96.51000028773547,154.3943297345874,151.54735214513934,159.45205688476562,134.23837,88.614586,111.84761,70.05738383175766,14.59347815820186,42.546719260954575
96.6100002880336,154.0998820030145,150.17697977238328,157.84628486633298,133.4222,88.66923,111.821,71.03091856063092,14.739183909003327,42.27888285750669
96.71000028833176,154.76155013409357,151.42903305529404,159.77313804626468,133.98068,88.88293,111.97823,68.66521302348866,13.621047822986025,42.783316796691224
96.8100002886299,155.11900337939593,151.5495231744292,158.94957733154297,133.9215,89.10827,112.02597,68.19549165576758,11.527043482009592,43.09303292041156
96.91000028892803,155.54326876668713,152.23776765940764,161.23874855041504,134.09274,89.345924,112.044106,66.04064059554017,13.312231467124022,43.49916323690198
97.01000028922617,155.31724403169233,152.1104504061546,162.23840141296387,134.00516,88.79511,111.874214,64.79349858261587,14.377469087005544,43.443029859329044
97.11000028952431,155.78817414108556,152.75234836239895,163.35254287719724,133.87021,89.15247,112.05972,66.44519530334155,15.505936969770508,43.72845124069494
97.21000028982245,154.90683786199193,151.93102696187776,158.19147300720215,133.95003,89.04252,111.964264,77.84748749390452,14.716024955219762,42.94257394597631
97.31000029012058,155.4748636575686,152.13532217743872,159.5501747131348,134.10803,89.17851,112.092186,76.28609400593379,16.06239561746055,43.3826776834475
97.41000029041872,155.23858008572282,151.7407446967231,159.46181297302246,134.27664,88.94754,112.05298,74.36790949771878,16.099151701991296,43.185601570097816
97.51000029071687,155.415418961524,152.22446918868712,158.88625526428223,134.0026,88.77992,111.96983,76.6142772963114,15.968022878157413,43.445585587500574
97.61000029101501,154.59226722929156,151.79310789954462,155.87315559387207,133.71062,89.02578,112.00929,82.5406004541578,17.93890652630299,42.5829746267525
97.71000029131315,155.06392942856985,151.2480338178188,157.3211898803711,133.8907,88.85115,112.079796,78.61979284443392,17.816308806512566,42.984133591167506
97.81000029161129,156.66202888443146,151.75479834028283,162.94743156433105,133.53052,88.88267,111.90434,68.38793633527798,17.254197767586163,44.75768623306428
97.91000029190943,155.75052567012054,151.40236713217317,157.7114772796631,133.45445,89.1343,111.98277,78.20272117607938,16.990924954957038,43.7677528429721
98.01000029220756,157.27141354038977,151.6848205487124,163.86701202392578,133.86633,88.96085,112.02206,65.63534735614975,17.770894346715295,45.24935696079993
98.11000029250572,156.2906644418586,152.39186116011976,159.19890594482422,133.76555,88.43823,111.991585,75.37975421267001,15.882616683915703,44.29907966402658
98.21000029280385,156.73086475753746,152.4374605021793,159.05913543701172,133.65425,89.37352,112.03334,76.78823075487877,16.413389765093523,44.6975243034359
98.310000293102,157.42637415533954,151.60526715956337,161.26296997070312,133.96967,89.0009,112.02172,73.22402737009128,17.75882685494109,45.404653269109076
98.41000029340015,157.07462034811854,152.42712018739502,165.54589462280273,133.68544,89.43204,112.01354,58.390146193755996,14.259968085782958,45.061078172825574
98.51000029369828,158.59025238740594,152.23190214612978,164.7876091003418,133.85603,89.25673,112.043785,59.68135841184784,15.524127129886319,46.546467292191096
98.61000029399642,158.39311989038436,151.8045428891262,166.84256553649905,133.86024,88.80399,111.982155,52.697802158937876,14.48337374418152,46.41096504419295
98.71000029429456,158.73579524859713,150.63950933064584,170.52425575256348,133.72227,89.09213,112.0369,40.13825218566494,15.811997037491773,46.69889186724947
98.8100002945927,157.78678477680546,151.4859089595999,168.49728393554688,133.9665,88.88986,112.04647,44.623410915052126,16.090679083317568,45.74031413471562
98.91000029489084,157.0580172379153,150.81669647192402,166.0750732421875,133.93819,88.84305,112.06455,54.0457466099447,15.608411125578826,44.99346493078639
99.01000029518897,156.6652771355583,152.02820886906198,162.29643058776855,134.31743,88.73934,112.072075,65.97776400152802,15.692732639131384,44.593202245421594
99.11000029548711,157.00134076574818,152.63709461812874,161.52869606018066,134.23114,88.944275,112.04133,69.90872927257797,16.332379266234724,44.9600123355724
99.21000029578525,155.3925500335986,150.8486298089214,159.09747123718262,133.85582,89.133125,112.01082,73.82512700000399,17.099518685170516,43.3817315521533
99.3100002960834,156.42286814349916,151.3611716248339,164.20253562927246,133.94785,88.9189,112.07131,66.73951879770242,17.243998749370743,44.351556192815565
99.41000029638154,156.72146088635955,150.56870615873024,167.1066017150879,134.13466,89.138466,112.049644,56.834876338739804,16.465430792595154,44.67181641614471
99.51000029667968,155.9344602928235,149.06994397767917,165.0149688720703,133.89363,88.76941,111.982414,55.216579216298236,16.492529753132345,43.95204604721803
99.61000029697783,156.31306240676082,150.08384404536915,165.37092781066892,133.96135,89.05317,112.081474,54.415336441358534,16.654137020388468,44.2315881025616
99.71000029727597,154.88664114509433,150.67889325014596,157.74286270141602,134.2909,88.467514,111.93454,72.09977412109843,13.656368394551697,42.952101350172455
99.8100002975741,154.95532662374342,150.56129058850087,157.38939476013184,134.55267,88.46661,112.15044,72.61150724765645,14.421487943452652,42.80489022237623
99.91000029787224,155.20116285452252,150.7834070024254,158.91588973999023,134.13626,88.97499,112.13592,71.4647282420617,15.362199383954469,43.0652451909483
100.01000029817038,154.00744772276923,151.13406491908523,156.11605834960938,134.42717,89.722786,112.16219,81.27544219155335,17.02850353273717,41.845254424429385
100.11000029846852,154.34281774716152,150.32369059891246,159.6107177734375,134.6835,89.280075,112.116585,71.64950690123639,16.874167042711175,42.22623296932949
100.21000029876667,154.41761078681338,150.1977594102696,161.30130386352542,134.33182,89.31516,112.09785,65.57901311378762,14.37476921328302,42.3197638019501
100.31000029906481,156.18405001746711,151.11204097330045,163.53701972961426,134.37619,89.073715,112.13616,64.66624161900138,15.134202487494138,44.047888213267896
100.41000029936295,155.0836426353233,150.55893573105382,161.18135452270508,134.69028,89.1796,112.13798,67.08524841191199,15.175520621848843,42.94566503522563
100.51000029966109,154.21779324415172,152.56622466004248,160.80033683776858,134.36705,89.181656,112.1293,72.81563553697677,15.647699666003534,42.088490265636096
100.61000029995922,153.30012514256973,152.03300776127142,161.2420597076416,134.67671,88.86894,112.20966,70.77952329230419,14.1702791735452,41.090461751456445
100.71000030025736,154.00228731740472,150.31624572473368,160.8739891052246,134.308,89.14585,112.06638,69.05532625268957,15.549168761672359,41.935903955588316
100.8100003005555,153.7199128256234,150.31860306737522,157.47056770324704,134.52875,88.93158,112.095276,76.06728576153326,17.223325200239977,41.624636946717146
100.91000030085364,155.02021262041717,149.85880448778187,162.23330688476562,134.49152,89.24016,112.04035,67.0300151976866,17.396187182482972,42.97986075274139
101.01000030115178,153.6702946849882,150.3851191660197,158.98338317871094,133.76349,89.27341,112.03111,67.89531891487934,14.832272341998957,41.639182014089755
101.11000030144993,154.24911663518472,150.70261552903673,161.1188907623291,134.0477,89.09409,112.04305,64.50788005110087,14.403892770303655,42.206063961844876
101.21000030174808,154.1999822371866,150.40282779879612,161.7140102386475,134.04532,89.78618,112.08605,64.356526982556,15.190743543949651,42.11393029626862
101.31000030204622,151.10089937353172,148.82288226120764,155.7757892608643,133.91727,89.45834,112.18362,69.50697446133526,14.130695276325685,38.917282735348124
101.41000030234436,152.53017468123326,149.4586057106463,157.5924892425537,133.93741,89.54457,112.16899,68.4170716826548,13.227425490634293,40.361183592366075
101.5100003026425,153.63716332507033,148.74672825826252,158.41278648376465,134.02785,89.30949,112.11783,66.09791713725205,14.852959235008983,41.51933495592971
101.61000030294063,152.11944532254572,148.42014414591375,156.80360794067383,134.30995,89.66096,112.204285,66.37678568910766,13.841943084967443,39.915160654576965
101.71000030323877,153.56244665686143,149.46361533209955,158.74632835388184,134.12244,89.504906,112.18208,63.618876239332565,13.163367594002214,41.38036352697861
101.81000030353691,153.79728130222642,148.8747479890843,159.7444896697998,133.87262,89.34325,112.10053,63.226860093164845,13.5762945956397,41.69674877048814
101.91000030383506,156.31604573889032,149.96180241170833,162.55320167541504,134.20337,89.40891,112.196815,60.07383924723155,15.684897082504829,44.11923024816767
102.0100003041332,155.25319760140687,149.86499161571624,161.4050807952881,134.10956,89.49145,112.06123,63.32456402286344,14.293632056636927,43.191964080899055
102.11000030443134,155.00751771065504,149.91076735779345,159.70888137817383,133.66435,89.70876,112.14266,67.13288484300732,14.835578301909283,42.86485566231519
102.21000030472948,154.5206261051766,148.74745973179952,161.91741371154785,133.75887,89.5351,112.0223,60.15438472094398,15.798261454291822,42.49832538496176
102.31000030502761,155.66986972582532,148.28623855981132,165.41694450378415,134.05391,89.264244,112.04015,50.31764062275093,13.974367961338896,43.62971622240735
102.41000030532575,156.48140500821754,149.3388915088632,165.08217430114746,133.97389,89.458755,112.08335,53.304662594439634,15.497446754602711,44.39805387296363
102.51000030562389,155.48837488367158,148.35392971633436,163.72805786132812,133.54556,89.38209,111.99606,56.83987250746734,15.124950319790162,43.49231165124971
102.61000030592203,153.98819452136993,149.74126848728537,157.5004291534424,133.98767,89.81897,112.07321,72.72508435863745,15.312130777679906,41.91498285144806
102.71000030622017,151.73675357914792,148.95695450780488,151.94802474975586,134.10603,89.337395,112.067696,84.2168878345814,17.240352113760412,39.669057961472134
102.81000030651833,151.20615128308205,148.74507938510033,150.03229522705078,134.3827,89.6979,112.073425,87.87341478279816,17.975379606572552,39.1327259901133
102.91000030681647,150.2865313889598,148.17109889968884,146.44424438476562,134.11711,89.83124,112.200966,86.86198603486108,17.315873717472677,38.08556550761213
103.01000030711461,151.00674475325448,147.63082687536496,148.77160453796387,134.14786,89.48603,112.08984,87.8061078998932,16.94770628548058,38.91690100325448
103.11000030741275,152.09422603611992,148.30566729782677,151.66919326782227,134.49231,89.628204,112.08718,83.49705549876388,15.927489458185445,40.00704494481133
103.21000030771089,151.61104360034494,148.1590615874,151.36671257019046,134.30606,89.68925,112.13852,83.92749285724537,17.272455419786017,39.47252431323557
103.31000030800902,151.68716763204017,147.39741897278077,153.8585376739502,134.23607,90.00749,112.233,78.75619390811474,16.730138771585256,39.4541659230558
103.41000030830716,151.72664558149032,148.52016218751072,150.71209526062012,134.46632,89.88095,112.22667,85.84514967019228,16.757675226247073,39.49997626996688
103.5100003086053,151.36601684061333,149.8387129743227,147.0620517730713,134.51694,89.88762,112.17377,84.8841550903922,17.159122930517864,39.19224975076958
103.61000030890344,152.0011679132197,151.1661232781353,152.4072532653809,134.44928,89.67664,112.32076,87.73226649011607,16.94876245217747,39.680405278942345
103.71000030920159,150.09194248185153,150.89510879089696,148.8968849182129,134.57889,90.12129,112.18694,86.38479653957673,16.010239193428415,37.904999427652314
103.81000030949973,150.77672277400845,150.34463228367503,148.9981460571289,134.88364,90.31183,112.22034,87.57679306030543,15.932389660335602,38.55638585994595
103.91000030979787,151.88847228552922,151.52449311607845,152.17051887512207,135.0567,90.129814,112.20849,88.36319405804777,14.430175767447004,39.67998382117375
104.010000310096,152.01340987516448,150.4437283791131,152.82403755187988,134.78212,89.82521,112.13738,83.75043117785545,15.22024115438071,39.876027367840265
104.11000031039414,152.2017471761213,150.3437388211989,150.69815063476562,134.82294,89.92117,112.123344,88.85439733051355,13.70201169099694,40.07840275473458
104.21000031069228,149.41502599314484,150.65067491599982,141.9688777923584,134.53235,89.58939,111.97295,69.1636649244376,15.966046226173054,37.44207219675812
104.31000031099043,152.07472519720127,151.44762938123623,147.71190452575684,134.23718,89.44211,112.09866,79.02809985657437,14.390999890726137,39.97606186712315
104.41000031128857,151.98403241959866,151.10886898391445,147.65494537353516,134.59122,89.19896,112.13131,78.9361998259551,14.538299256702954,39.85272291032132
104.51000031158671,150.75602955010936,151.14638629977364,144.80027008056638,134.39392,89.27321,112.12824,72.108489853984,13.88777287159167,38.62778705743358
104.61000031188486,149.94487825761763,150.6771331439487,144.53875732421875,134.1689,88.97797,111.99916,73.52407826579206,13.13952231856687,37.94571749101607
104.710000312183,150.45397333037369,151.50446868457382,144.03096199035645,134.1559,88.93001,112.03994,68.31725704483452,12.863776183549636,38.41403345000259
104.81000031248114,150.97480538907882,151.4597606491223,145.43880462646484,133.80765,89.28463,112.02114,75.02616559803462,15.481628444768829,38.95366433683273
104.91000031277927,149.29252280947102,150.9944419037524,144.58627700805664,133.85583,89.265594,111.99144,77.4436025674642,15.159108180861354,37.301082990135086
105.01000031307741,149.48450697976318,150.486961450127,144.70352745056152,133.88791,89.33551,112.188934,79.84373878881135,16.54777869127842,37.29557265359131
105.11000031337555,149.62878107803118,150.31395511947375,144.98862838745117,134.05605,89.253685,112.09036,80.23923580076394,14.898197386206094,37.53841852920306
105.21000031367369,150.8349431455375,150.41985379286902,149.8180637359619,134.48245,89.70545,112.1946,88.82276016114005,15.387673800906587,38.6403401792289
105.31000031397183,149.35131666242629,150.80983465790843,144.97956085205078,134.08833,89.45802,112.07055,79.85019369842304,15.290446721584065,37.280767651195816
105.41000031426996,148.9034135561833,151.33138267523188,144.56938362121582,133.70775,89.40722,112.09222,78.70168858192399,18.028609589017616,36.81119706448408
105.51000031456812,151.31382578645068,152.03238153190827,147.2604465484619,134.04897,89.21394,112.086235,81.2833108504547,17.590377827755262,39.22759074006396
105.61000031486626,151.36583310066376,150.48652163169368,146.75923347473145,133.89348,89.2801,112.05291,82.95747457604068,16.056709081285923,39.312923249589545
105.7100003151644,151.62644537133824,151.3040913491131,147.44061660766602,134.09598,89.07961,111.98517,82.25940660204512,15.849291932809537,39.641276914306985
105.81000031546253,151.2789498257337,151.88078831063567,146.3909873962402,134.69392,88.61137,112.08351,79.70094438253923,17.10984339349396,39.19543847319463
105.91000031576068,152.45824688677806,153.20071348621786,151.16807746887207,134.26468,88.43237,112.02413,86.25722209331444,17.469783814897177,40.43411511187571
106.01000031605882,151.71402433750282,151.68036430535747,149.83203887939453,134.7243,88.37985,111.858406,86.59859738331015,16.469074192215302,39.85561827060829
106.11000031635696,152.5070361139531,153.10093324876232,151.82793045043942,134.65753,88.56847,111.93602,87.76206301089118,17.22520260027971,40.571016216492154
106.2100003166551,152.35163766047955,152.05748911307964,150.82444000244143,134.72714,88.28714,111.979935,87.65405378922782,17.17193407728898,40.37170296809674
106.31000031695325,153.15277259204555,153.19848920363222,153.9124355316162,134.35628,88.45326,111.896614,88.63832794840674,16.01652371655109,41.25615851733852
106.41000031725139,153.8146459041766,151.08877078634944,154.18209075927734,134.75946,88.13073,111.85553,83.85948747069634,15.164376291553154,41.95911611902034
106.51000031754953,153.30493759244519,151.63868620679628,152.28950309753418,134.01361,88.25894,111.85391,88.72981385650895,15.212594110272962,41.45102523892956
106.61000031784766,153.1328447502758,151.67408727741926,153.01893615722656,134.03723,88.33873,111.84857,87.42246186057777,15.102396267587665,41.28427297293206
106.7100003181458,152.7538911144572,152.54180191003445,152.85161590576172,134.18741,88.22223,111.829285,89.35751014139878,15.253866737242497,40.92460644648844
106.81000031844394,152.1035603154,151.502435841244,151.50131225585938,134.39252,88.708206,111.837204,89.99750714730872,13.738227991778698,40.2663563359078
106.91000031874208,152.23853590105753,151.44644385809713,152.21210289001468,133.97403,88.457375,111.898895,88.50568378891494,14.413175363178373,40.339640637385656
107.01000031904022,152.2027520625157,152.49247520318707,150.70878791809082,134.16905,88.408264,111.83818,86.34165329740358,15.205278884398503,40.364571520523526
107.11000031933835,152.2799987917965,152.11881490291165,152.31678199768066,133.50157,88.35797,111.87955,89.55949412062186,13.47884797382204,40.40045167265586
107.2100003196365,152.42933982025272,151.90264242768384,153.11145401000977,132.9834,88.18396,111.76541,87.59837463788334,14.692292666782476,40.663928443299596
107.31000031993464,151.61770266643788,151.46630241583102,149.71903228759768,133.23111,88.18854,111.79693,86.58544312422922,15.242959029738719,39.82077426067616
107.4100003202328,152.58476327272106,151.19574023703402,151.82585334777832,133.08408,88.23049,111.842514,88.59041683406627,13.838119642446955,40.742249234635125
107.51000032053093,153.10577934936742,150.8356478330519,154.2588176727295,133.08151,88.447174,111.78607,81.9479817866732,13.3583228534488,41.319707572023674
107.61000032082907,152.33862740074346,152.00595795641317,152.06964683532718,133.19583,88.68414,111.81456,89.86114275461092,14.117881755964206,40.524067464220025
107.71000032112721,153.4902089265188,151.54785235837207,153.94522857666016,133.307,88.44059,111.90055,84.81538797314315,14.508729643812126,41.58965808423363
107.81000032142535,152.37825979502813,151.98056369052708,151.9980583190918,133.16553,88.794266,111.91447,89.96486779429719,13.323020935828845,40.46379293711797
107.91000032172349,152.01300830204525,152.65262744333342,152.2472038269043,133.24539,88.725784,111.87,89.1022665456891,13.88070262857422,40.14300555546322
108.01000032202163,152.68146652475923,152.6895453485844,153.1829128265381,133.31825,89.07938,111.980064,88.90948278784548,14.049098349261145,40.701402132669386
108.11000032231978,151.78804888661926,151.23827559961308,151.36577606201172,133.09708,89.203835,112.00869,89.71828176576103,13.724582062914214,39.77935900624817
108.21000032261792,151.8322804637218,152.1744627948764,151.67056274414062,133.51944,89.08342,111.88466,88.89670580905131,13.595704263322611,39.947621650245225
108.31000032291605,151.5451017458165,151.47475889527635,151.76911163330078,133.74126,89.353745,111.96452,89.30397451735847,13.612000112729268,39.58057843038682
108.41000032321419,150.83196711743736,151.14112741484055,148.91435050964355,133.95572,88.762764,111.95938,85.71224313876756,14.994326831452826,38.87258601392173
108.51000032351233,151.61023252434592,151.30491734542053,152.1584815979004,133.57434,88.59141,111.89136,88.19219009050917,13.220446445199157,39.71887510247092
108.61000032381047,151.90254793783194,151.76670565708076,151.9115505218506,134.41083,88.22995,112.05923,89.6804630872913,14.928178482034118,39.84332094808585
108.7100003241086,152.2344448731393,151.81173088872652,151.7595081329346,134.41583,88.80341,112.05297,89.89064475765592,14.69111603242118,40.18147398690883
108.81000032440674,151.63393881097645,150.80770315388312,152.40963363647464,134.17586,88.378624,111.9367,86.59157461160953,13.881412027658637,39.69723989740223
108.91000032470488,152.64489892739323,151.6318616676483,155.15113258361814,134.0644,88.40748,111.90975,82.60828876600232,13.699881041637234,40.735147035303385
109.01000032500305,152.72142264401478,152.31080119120034,152.9344635009766,133.93896,88.68913,112.074844,88.63927277645642,14.182950318105243,40.64657828366322
109.11000032530119,152.8799137690649,152.4832078368067,154.48952102661133,133.88593,88.39312,111.889595,85.77806693548527,13.166280837691748,40.99031873732662
109.21000032559932,153.95703658183893,152.37581903166432,156.39174270629883,133.7264,88.3805,111.87165,81.17475092005024,12.723991792443256,42.085385886038154
109.31000032589746,153.15369863232175,152.1195992363824,153.8563556671143,133.6925,88.30621,111.94732,86.14571899843202,14.107342848496964,41.20637960156003
109.4100003261956,153.1636115226231,152.21193711534679,154.66594123840332,133.64897,88.72888,111.98665,84.61322675949611,13.923312131973011,41.1769629630528
109.51000032649374,151.82250939088635,151.57245818030634,155.39656257629397,133.44716,89.23453,111.852486,81.82172468312068,14.127341285955241,39.97002373414807
109.61000032679188,151.40802306418925,151.3454553983766,153.17034149169922,133.53001,89.13594,111.88058,85.95540761455031,14.008511879834698,39.52744597678691
109.71000032709001,152.30680754670766,151.83020972443236,154.14358139038086,133.68713,89.13804,111.91617,84.59797701655698,13.809713783905826,40.390639333817035
109.81000032738815,151.8297602838514,152.17122298255146,153.37578010559082,133.51273,88.807,111.977486,87.62585467832533,15.419402897349142,39.85227462711313
109.9100003276863,152.94415733889514,152.3523306690341,155.16387176513672,133.79468,89.10118,111.98856,84.01419347763206,13.733077522109571,40.95559380129748
110.01000032798444,152.00248869757144,150.26966426431608,153.84253120422363,134.16557,88.885925,112.02188,81.97283766540731,13.88748463380973,39.98060759405581
110.11000032828258,153.51682206233914,151.83054886047216,154.36284446716306,133.78499,89.079796,111.97424,84.27611271799252,13.336240265150083,41.542578898276645
110.21000032858072,152.97953073208564,152.47667408370665,150.41854286193848,133.97815,88.44419,111.93861,85.83779273116004,15.00894502836229,41.040924469878604
110.31000032887886,152.93728413227097,152.16656356006504,153.52215194702148,134.07758,88.66109,112.054085,87.25537625795447,14.103886156527519,40.88319935443894
110.410000329177,153.82101265534973,151.3282150463711,155.57020568847656,134.03596,88.67823,111.93998,82.2649366875175,15.830812889374913,41.88103310212708
110.51000032947513,153.83145001005815,151.20605221755213,155.91634368896484,134.06134,88.879395,111.908226,82.06250529117858,17.967486380415057,41.923223996874555
110.61000032977329,152.82630185732353,150.44367936436984,154.11232376098636,133.77597,88.893654,112.004875,83.13368998642505,15.157852950350012,40.82142667421806
110.71000033007144,153.61982772724403,151.24011160944292,154.35019493103025,133.52153,89.21549,112.065346,84.24527705319788,15.906070283335287,41.55448196308387
110.81000033036958,153.6403636593946,152.53504531579816,152.24088096618652,133.80373,89.392105,112.19335,89.43955372343633,14.882846990880484,41.44701191378914
110.91000033066771,154.69405238031572,151.74724365710068,154.62344169616702,133.67546,89.006424,112.023865,84.26730458422368,15.97297424226728,42.670187634221975
111.01000033096585,154.32065929152415,150.9662349283171,156.150541305542,133.53622,89.17975,112.08697,77.14105165130763,14.166025738053804,42.23369182326243
111.11000033126399,154.89862321813987,151.7338720820219,157.7966957092285,133.8956,88.69617,112.074776,74.64877676959752,13.75174755638174,42.82384752233909
111.21000033156213,155.18354213755913,151.08612875629672,160.12342262268066,134.05777,88.93505,112.113884,70.42414995135908,14.998845555425643,43.06965816539116
111.31000033186027,153.5119586767523,150.7659947999852,157.07598495483398,133.38098,88.583565,112.03355,74.45571601867337,14.604104868728033,41.478412228998394
111.4100003321584,154.4123575450033,150.5398787872778,156.489652633667,133.66043,88.828125,111.97419,75.85900252326047,14.814944796650215,42.43816778670251
111.51000033245654,155.64772540026118,150.52189446562866,161.22691726684567,134.13635,89.20042,112.019936,66.93389473562105,14.735546401671465,43.627789792351024
111.6100003327547,155.23818827830857,150.2464447905787,161.5714092254639,133.90866,89.15671,111.98092,64.34463328659541,14.604404806182258,43.257269394031226
111.71000033305283,155.15049335589669,150.4912256382638,161.01453971862793,134.17953,89.122795,111.94437,68.42832713580113,16.35555874397914,43.20612690081856
111.81000033335097,153.9426641072527,152.20152840130237,157.8386573791504,133.9702,88.83202,111.9191,75.76845542511246,15.258663749418577,42.023566206862085
111.91000033364911,155.7959437183822,152.2496003502374,161.75596618652347,134.2726,89.32152,111.961365,67.22502458411574,15.603541819046352,43.834578972288455
112.01000033394725,155.72320652737722,151.75318534844976,160.41015815734863,133.62042,88.940895,111.87586,70.08103701188251,16.217393800139963,43.847344405795184
112.1100003342454,154.16469389142696,151.0582822224886,155.2570285797119,133.55905,89.06248,111.86358,80.87936960888216,16.339321355402337,42.301115095040245
112.21000033454354,153.88450917424692,151.43121351002696,154.82155609130857,133.62698,89.03002,111.96228,82.74454222469325,16.52431915377044,41.922228900809415
112.31000033484167,154.069316972323,150.27413329346288,154.35717964172366,133.40237,89.053734,111.859474,81.72965813168835,15.163085618786056,42.2098427901941
112.41000033513981,153.7788987722759,151.60709819290562,152.71409797668457,133.54477,88.87907,111.84373,87.87489033724536,17.17768440079211,41.9351716604595
112.51000033543797,153.748975305704,150.04791478401754,155.45067977905273,133.38055,89.31455,111.952095,78.86580463139369,15.354061391888889,41.79688027396571
112.6100003357361,154.25709934579297,149.66900885419594,156.14216804504395,133.50974,89.32387,111.996994,75.25773119815874,14.287035993813793,42.26010532723828
112.71000033603424,154.15299105944612,151.05533548624967,155.41977691650393,133.35428,89.181694,111.89776,81.10514014868482,17.391227962732117,42.255232575559404
112.81000033633238,153.93913636281874,150.79343392961414,155.30089950561523,133.6888,89.05325,111.93259,79.85692741568633,14.831987072951593,42.00654969289687
112.91000033663052,153.32202032241014,151.47523454929902,155.13105583190918,133.44757,89.49704,111.998055,82.28926555726176,16.39323956157524,41.32396581801561
113.01000033692866,154.22850165342206,151.78601111115503,153.22161293029785,133.42664,89.21975,112.02131,87.08398345672751,16.754987355043536,42.207192754496276
113.1100003372268,153.00833581094184,151.32619032642538,152.58857917785645,133.7505,89.545746,111.98424,87.23987618369192,13.24888462086727,41.02409814004341
113.21000033752493,154.2424798696681,151.56478315882453,153.38374137878415,133.35278,89.45258,111.96605,86.33276666338689,14.475926316774983,42.276430675332165
113.31000033782307,153.73619244734866,149.45899046448878,152.97974967956543,133.61728,89.4716,112.1109,83.49066698218432,15.25948563779789,41.62529156844241
113.41000033812122,153.47777522511598,149.15787017907647,153.7714138031006,133.74353,89.71424,112.12854,79.65085763417721,13.191747028479629,41.34923518605348
113.51000033841936,153.49147466453334,148.88074093642567,153.72158813476562,133.96982,89.607635,112.17443,79.94057309491018,14.847858317771973,41.317043817365374
113.6100003387175,155.28294201138772,151.49295732176466,156.7148723602295,134.08698,89.42954,112.13674,79.13788884724529,15.763509493852247,43.146200373204124
113.71000033901565,155.76773603172995,152.03636090151315,157.34984397888184,134.12209,89.335335,112.14378,78.47780413360202,16.388367828684597,43.623952462394016
113.81000033931379,155.15412626815373,151.647782527762,155.57768249511716,133.591,89.12193,112.078766,81.47379372013997,15.115705633735061,43.07536039901311
113.91000033961193,154.62910448076184,151.76838072083837,153.57351684570312,133.80408,89.54271,112.09201,86.18335225288557,16.365323762278553,42.537093982714964
114.01000033991006,152.82191631180206,151.98049652929024,149.80460357666016,133.8039,89.391754,112.1171,85.81088056867203,16.367943061177737,40.7048127351419
114.1100003402082,152.4737798758075,151.893757766004,150.29466247558594,133.9432,89.13358,112.01545,86.89449616596679,16.69214870754885,40.45833035188173
114.21000034050634,153.67355041313917,151.26271416338608,152.5279712677002,133.65955,89.1699,111.99908,87.55012526902505,15.458762662472278,41.67447356987745
114.31000034080449,152.55610401046013,150.7807302894257,152.89654922485352,133.39809,89.15848,111.96085,86.12252860158277,18.15445374529911,40.595250433799976
114.41000034110263,153.40783495637166,151.01212946878823,153.07050132751468,133.51933,89.45041,111.99552,86.09085827585173,16.213505766692936,41.4123134109615
114.51000034140077,153.12813481905343,151.37425602730704,151.64118576049805,133.56747,89.32946,112.00129,89.41321690508846,15.006166411981381,41.12684545137765
114.6100003416989,151.9616954246046,150.40848451304873,151.6226634979248,133.86093,89.23556,112.00607,87.61216918149577,16.245508484137186,39.95562242655774
114.71000034199704,152.38470580205717,150.4298071948935,149.57423019409177,133.9583,89.45291,112.17557,88.07372704608703,14.804165280652024,40.209138175104044
114.81000034229518,152.35787154391645,149.24349164467253,149.2159824371338,133.85695,89.19712,112.03958,89.94171967674282,15.852111122195693,40.31829024508832
114.91000034259332,152.3655163734814,150.25332753511546,148.48398399353027,133.918,89.28466,112.076355,86.22725786699284,15.435638216170512,40.28916139301265
115.01000034289146,152.67586993882094,150.07373528972235,151.11917114257812,133.26003,88.93878,111.95283,87.74634830564828,15.341405410791427,40.72304248520766
115.1100003431896,152.54736605316626,149.3172471727208,150.2045497894287,133.61484,89.3176,112.148544,88.36815518015881,15.413147313820721,40.39882174164282
115.21000034348775,152.46490027754245,149.70458895944768,149.88894653320312,133.67462,89.2833,112.08403,89.66373295655318,16.628136587072294,40.38087012617527
115.3100003437859,152.0465938102442,149.38952345813777,148.7534236907959,134.00697,89.107445,112.04406,88.6831831644051,15.01141056996619,40.00253405682622
115.41000034408404,152.05330510075956,150.570047785624,147.56702423095703,133.6184,89.224945,112.05611,84.29502784817205,16.616444159416726,39.997198533376746
115.51000034438218,152.9214828125972,150.32846683468657,148.9375286102295,133.64935,89.20993,112.083725,87.36160965164628,16.24764940395722,40.83775783701125
115.61000034468032,152.80270817279154,151.53009124377743,147.4866008758545,133.42058,89.13912,111.940025,82.1238971595557,17.358423298247093,40.862682843201696
115.71000034497845,151.13372851032915,151.3536102849898,147.14578437805176,133.32277,89.24402,112.09431,82.38737328976424,15.91831100561722,39.03942156452837
115.81000034527659,152.25648096572297,150.7910889915997,150.1261463165283,133.04716,89.08338,111.955666,88.7658690731257,16.079006200368973,40.300815377344065
115.91000034557473,152.87043888428215,150.98435772866083,152.25825500488278,132.84543,89.539406,111.9947,87.36015497021967,15.06634360995486,40.87574131348137
116.01000034587288,153.38819141251383,149.80063532182066,153.41365814208984,133.3654,89.05106,111.97242,81.38474633538056,12.885807828339711,41.4157716737443
116.11000034617102,153.4908320356959,150.38722528142037,152.64509582519528,133.19551,89.22503,111.92868,82.81963386510267,14.392739247549597,41.56215161577401
116.21000034646916,154.28519217116494,150.11727618942444,153.91308403015137,133.34264,89.53821,112.10671,74.53418213615986,13.117844495831703,42.17847982985634
116.3100003467673,155.41495355058322,151.45075421291386,156.41643142700195,133.46198,89.16843,112.01143,73.52521827611471,14.026001832108292,43.40352471757541
116.41000034706543,155.35657270090192,149.4219977198173,157.63520050048828,134.04121,89.10022,111.98883,59.982047155630255,12.919197579067882,43.36774213449567
116.51000034736357,154.85911988420662,150.34414176117602,154.82593154907227,134.13493,89.02232,112.128044,75.54356879582288,12.44058943786394,42.73107575578865
116.61000034766171,154.22385483429315,150.31455811608035,152.82061576843262,134.23874,89.016495,112.021454,82.29074256985409,13.591281829531495,42.202400976871274
116.71000034795985,154.90390365412844,150.48719060335227,156.80204010009768,133.95537,89.14794,112.01441,71.1549540336498,13.361734890025536,42.88949172785891
116.810000348258,155.14118877696941,151.6144194019784,156.02513885498047,134.07608,89.081276,112.08643,78.17981966290098,14.15550301165515,43.05475536632488
116.91000034855615,155.3267559026077,151.70542473186975,156.24562454223633,134.11955,89.187515,112.100876,77.86795016890295,14.193155609902242,43.2258800481155
117.01000034885429,155.94465282192755,151.31829429644762,158.62705421447754,133.97629,88.961876,112.089554,70.19160572255939,14.55727232932593,43.855098988919735
117.11000034915243,155.48671833296262,151.0692281471454,159.4079494476318,133.98265,88.708336,112.08253,68.72298836033104,13.268149736074584,43.40419117231809
117.21000034945057,155.0843436038984,151.68654607259018,158.6368236541748,134.04698,88.91363,112.065544,74.5590054614129,14.003107441701697,43.01879947548042
117.3100003497487,154.60674922406946,150.3929907099711,157.65911102294922,133.7705,88.95872,112.19498,70.71212616362241,13.059915844329941,42.411772417428836
117.41000035004684,153.6045892535679,149.3363049215169,156.99637603759768,133.8876,88.947495,112.107124,71.08046462808605,13.017630278367804,41.49746492495461
117.51000035034498,153.17896310838248,148.63930642900232,156.04719543457028,134.06291,88.730865,112.27372,72.29205779429564,12.909862458779365,40.90524332078482
117.61000035064312,154.41565480564967,149.11233124096427,159.58254623413086,133.82007,88.745575,112.22617,67.56139066945319,12.790411324708119,42.18948140477076
117.71000035094126,154.7697967377302,151.4689449581692,157.13189125061035,133.38737,88.77539,112.1922,74.34550966986122,13.009944367510569,42.57759703069894
117.81000035123941,154.062203422459,150.07896890800347,156.68060111999512,133.48381,88.82473,112.10149,75.09910004015715,13.497459805847075,41.960717216404305
117.91000035153755,153.538807668198,150.443070369754,155.12591743469238,133.64807,88.83263,112.092545,78.3607791165122,12.642435215383896,41.44626311253393
118.01000035183569,153.7843461232223,151.08650352362153,153.25170135498047,133.94257,89.27785,112.106544,84.15639037833904,14.056174014686627,41.677801628593386
118.11000035213382,152.6140086955253,150.44425242581812,151.86970520019534,134.1329,89.36337,112.208275,85.74093458629079,11.505161324579012,40.40573385421672
118.21000035243196,152.20539036981774,150.9888192503858,152.46666717529297,133.71938,88.94714,112.17518,86.85246063692259,14.00406929831789,40.030211841985704
118.3100003527301,151.77592344715453,150.20803272848028,151.60437011718753,133.95277,88.50315,112.18338,87.1951893880771,14.77660544479609,39.5925433202014
118.41000035302825,151.7639639639266,149.84551475030912,151.84836769104004,133.59373,88.57714,112.147644,85.97975351029521,16.21814149016843,39.616319920957864
118.51000035332639,152.71515315315358,150.19264609979498,154.17518997192383,133.65938,88.967155,112.147,82.03265345370558,15.328395561073322,40.568149979325455
118.61000035362453,154.2215727359808,150.87489678057358,154.58634757995605,133.77597,88.80363,112.213,82.60577592170337,16.779036015614988,42.00857529945736
118.71000035392268,153.74214593125575,149.71375834513051,154.83216094970703,133.75029,89.09461,112.2487,78.9269059543674,15.500454424814645,41.49344292832606
118.81000035422082,152.57270834512636,150.24757448374794,149.68534660339355,133.60039,88.611496,112.181816,88.9048323835871,16.437249107114663,40.39089224405214
118.91000035451896,152.79560666081406,149.77698358586082,150.52429962158203,133.62222,88.75497,112.168335,88.59220523680611,17.770447171338592,40.62727169987656
119.0100003548171,150.74440198560487,149.74519523480336,146.98864364624023,133.80974,88.77541,112.220985,84.9065274410573,18.372982006371377,38.52341657300721
119.11000035511523,151.5823541207468,150.09791136512177,148.55247688293454,133.39203,89.214714,112.14034,87.11409989356774,17.725253136019344,39.442011408344456
119.21000035541337,152.73120314331547,150.10044216213942,150.0841064453125,133.35895,89.02464,112.216934,89.96634303085644,15.96204043442213,40.514268939213906
119.31000035571151,153.69751024411053,150.12302903343829,151.85779762268066,133.39122,89.19208,112.24145,85.77731100261238,14.526656180253537,41.45606279538006
119.41000035600965,153.40321955929355,150.55492882915348,153.14340591430667,133.43349,89.36727,112.24708,84.88214120361276,16.79090596948538,41.156141617399015
119.51000035630778,153.13075587437655,149.47548429762048,150.65330505371094,133.84346,89.11401,112.13664,87.45570726818397,15.395251809913919,40.99411341832186
119.61000035660594,152.60941577426823,149.4125510260737,150.19537544250488,133.67131,88.93292,112.039536,88.32032013391084,15.2352596223658,40.56988025180729
119.71000035690408,152.81937322462363,148.84279354470527,152.8807678222656,133.52167,88.90055,112.17469,81.01264540152721,15.8455542153428,40.6446829780416
119.81000035720221,152.29221712520507,150.11153145659742,149.31968307495117,133.64676,89.45321,112.25522,88.23535404057456,15.289623496639814,40.036998619345695
119.91000035750037,153.33378002517304,149.80076182584205,150.90608596801758,133.73468,89.22253,112.175545,87.52021074737893,14.363193088384305,41.15823528640351
120.0100003577985,152.64998571873144,148.76268456365278,149.1923351287842,133.86914,89.099434,112.196495,88.89442959767585,15.113715104810769,40.4534906625791
120.11000035809664,153.54417910443763,149.72005308046042,151.21811485290527,133.19894,89.0542,112.12614,86.35814481090132,14.998351872059738,41.418042324652475
120.21000035839478,152.69739497959253,150.53469093926518,151.73800659179688,133.3109,88.85176,112.123886,87.14491613969051,13.657937163303824,40.57350887119409
120.31000035869292,152.95263918142567,149.56310846403443,151.67520523071286,133.39667,89.13748,112.236145,85.4074368269384,14.88706366511355,40.71649416189442
120.41000035899107,152.8398280727236,150.03667588085293,150.854154586792,133.82195,89.03531,112.19247,88.2258903316297,15.755589697856509,40.64736133688376
120.51000035928921,154.1675892894628,151.18816341884985,156.44536018371582,133.70224,88.77025,112.170784,78.18545515489595,15.333185945028038,41.996805292880765
120.61000035958735,153.91958994752684,149.59623977148846,155.2520751953125,133.9133,89.14312,112.23268,75.8254909603953,13.749720513528223,41.68690867311278
120.71000035988548,153.92614149111787,148.8133488661951,156.5673637390137,134.02087,89.3167,112.27125,65.729303777897,13.07704839450037,41.65489362734834
120.81000036018362,153.32285827059735,150.9558208779656,155.5478115081787,134.22084,88.86762,112.17892,79.288963382789,13.6466257689551,41.14394133944501
120.91000036048176,153.72731153662312,151.59576275746983,157.8053436279297,134.16779,89.35297,112.31417,75.37461541900846,13.212949743097345,41.413140699220776
121.0100003607799,152.49627004192462,151.56460589584972,155.73484230041504,134.60036,89.05298,112.171906,77.37631498058362,12.26189591717775,40.32436452434649
121.11000036107804,151.78923229562088,151.1630014042965,154.00537300109863,134.0474,89.21855,112.200806,81.92514209650467,12.417583600733145,39.58842663155838
121.21000036137617,152.89528620644427,150.72431491757277,155.33754920959473,134.15637,88.982315,112.164635,78.49501784617343,14.00733855097056,40.730651501854425
121.31000036167433,152.33703585257098,147.9257382546112,154.05980491638186,133.71118,89.40953,112.152695,75.1263434778337,13.565723406876446,40.18434115042254
121.41000036197246,150.13682878592604,147.00505525755176,148.7750759124756,133.43594,89.49489,112.162636,86.31383279370526,14.871201080833712,37.974192982703386
121.51000036227062,150.8600893596706,147.40081951772567,151.05069541931152,133.51389,89.3244,112.17825,81.63110914496038,13.107380478752223,38.681836185842485
121.61000036256875,150.7519158708754,146.7174978218109,152.44253730773926,133.75159,89.26996,112.1476,76.06335331052026,13.023327325878448,38.60431760427383
121.7100003628669,151.75809351401114,150.6639480041943,154.23088836669922,133.64517,89.0578,112.11811,80.94786129410498,13.277118780697226,39.639982857272855
121.81000036316503,151.17629459699285,148.30576578166176,150.77465248107907,133.91982,89.23917,112.23757,84.30134028441284,13.076062062992325,38.93872288068425
121.91000036346317,150.28651180980128,147.45210827492792,151.4052925109863,133.95284,89.19283,112.170654,82.13250132865568,14.25076172700731,38.11585751292628
122.0100003637613,150.89574849347957,148.14110213599142,155.28699684143064,133.98007,89.38661,112.23066,73.99662657977353,12.664719360435365,38.66508900861629
122.11000036405945,150.89546959990435,148.4519388426027,154.70282745361328,134.08737,89.00275,112.27447,75.51106550104438,12.6999822602113,38.621002131642626
122.2100003643576,150.87942192842237,148.343424070558,153.52003479003906,134.18475,89.32871,112.27267,79.67469195008078,12.575598651785777,38.60675499727003
122.31000036465574,151.89273436578026,148.87283513033324,156.5548915863037,134.29619,89.55796,112.311714,74.77743536104205,13.526387075479091,39.581020193416975
122.41000036495387,151.64406496233565,147.99177305494473,155.05561447143555,134.12224,89.54441,112.25673,75.57964693500142,12.84870917166864,39.387335836359085
122.51000036525201,151.95629048037728,148.59538816090682,153.46272659301758,133.61531,89.44188,112.232056,79.2138928203968,12.931937722719523,39.72423481631478
122.61000036555015,153.33411869344255,149.0150519934394,156.22083663940433,133.83054,89.0649,112.24536,73.37783423467482,14.46782182553679,41.08875736531755
122.71000036584829,152.52313092751095,147.9534794832591,153.54109954833984,134.31886,89.26671,112.316666,74.13238410545381,12.397408194757361,40.206465278096886
122.81000036614643,150.958807370097,147.90285381253102,154.35786056518555,133.89738,88.97545,112.21641,74.52718763591851,11.645729434787071,38.742399594218085
122.91000036644456,150.62302314221694,148.01922160391803,151.33499717712402,133.94919,89.09955,112.276924,81.30870356391445,12.471974635221079,38.346099008916156
123.0100003667427,149.28332376785565,148.34646079828033,147.9442253112793,133.57635,89.2988,112.348175,88.77360243721108,12.032727326894433,36.935148719027524
123.11000036704087,150.0933359760069,148.22403843282794,149.48035430908203,133.80617,89.02742,112.186295,86.34342656700777,12.82162779895684,37.907041420342836
123.210000367339,150.50789166835855,151.38767149427431,146.64206314086914,133.77965,89.07184,112.14893,78.07639336243658,13.34534869564073,38.35895825771402
123.31000036763714,153.16217765093756,150.12385971654803,155.29277420043945,133.84985,88.82786,112.23525,75.75546238092542,12.421218540211772,40.92692527056647
123.41000036793528,152.08942171724883,150.72221741649648,151.73522949218747,133.1813,88.61364,112.09583,87.86925824808412,14.546554970617587,39.993588892541794
123.51000036823342,151.67528559172288,150.3383098208933,153.53231620788574,133.72563,88.60699,112.10864,82.48503811408453,13.483375673802168,39.56664301359788
123.61000036853156,153.39436406505035,152.24417908910175,155.09259414672854,133.32095,88.94103,112.147545,83.26779966977335,13.378012082239241,41.24681920421051
123.7100003688297,152.29939826777718,150.87880123452507,155.46049118041992,133.68497,88.78549,112.09667,78.74314617261491,13.530672525973413,40.20272620967171
123.81000036912783,152.1512263782536,152.02230708109295,153.42495536804202,133.40034,88.81866,111.9483,86.45003932763484,13.860386346563947,40.20292315559735
123.91000036942597,153.9188723802032,150.23406398782342,160.38541221618652,133.52486,89.22303,112.041306,69.43969958556889,17.516800425473154,41.87756683821101
124.01000036972412,152.02247293363766,150.36894335239816,153.96825981140137,133.67155,89.02322,112.06696,80.18830718778575,13.713286618864831,39.95550973783688
124.11000037002226,151.1269201844951,149.14428000751255,152.67048263549805,133.61717,89.192116,112.13322,79.76737421092429,12.920600255721096,38.99370332658495
124.2100003703204,152.34061724438433,150.5172765779076,154.31430816650388,133.80865,89.26212,112.085915,76.74323623836212,11.724349135609078,40.25470263256793
124.31000037061854,152.50561623584474,150.71267545899804,155.42327690124512,133.69014,89.3595,112.194016,71.3516166170734,10.648193301377088,40.31160073291505
124.41000037091668,153.81593179008252,151.26572120904348,157.7390842437744,133.72484,89.10031,112.09665,67.76615296233007,10.933627148034363,41.71928262016064
124.51000037121482,153.61215404705052,149.7691682316988,158.55199241638184,133.75566,89.15512,112.146484,61.7788801186533,11.050230830003487,41.465669672050524
124.61000037151297,151.40283361395225,150.26518518156666,150.82860374450684,133.87216,89.35449,112.212395,88.34887357320645,12.216403541034627,39.190438899596785
124.7100003718111,152.68942036823955,150.59641102425678,153.8890552520752,133.86447,88.899,112.104485,78.24369901337928,11.007500664149292,40.584935810134084
124.81000037210926,151.14036877424016,149.16128715374867,152.9002513885498,133.56697,88.77022,112.17929,75.41892119289449,9.325414954492182,38.961078002755784
124.9100003724074,151.16428416730383,149.24032401276244,152.11536979675293,133.86426,88.78395,112.13611,81.19981791239356,10.832245065362043,39.02817576886633
125.01000037270553,152.03151153609952,150.34696161222877,154.7902030944824,133.49208,89.42199,112.147,73.65362538928218,9.669709160083961,39.88450836227139
125.11000037300367,152.63353437494354,150.07740359531223,157.77348136901855,133.72789,89.27251,112.24475,60.6547961023548,9.957249882201255,40.38878339838104
125.21000037330181,153.2737497490676,150.95688928898386,156.98531341552732,133.8187,89.34262,112.16446,63.91104445875588,9.35093170644133,41.10929052055198
125.31000037359995,153.65685333002457,150.56640671044707,156.5420169830322,133.53809,89.16647,112.06094,68.4821636854849,10.829118022111436,41.59590972650895
125.41000037389809,152.3618617196312,152.43569158345198,156.02053260803223,133.70401,89.62836,112.18468,70.5813289610926,9.734864697356702,40.17718459560777
125.51000037419622,153.09954558617696,151.69549334592386,156.1119728088379,133.60686,89.36334,112.171005,71.5050220420672,10.904109938671908,40.92854033715352
125.61000037449436,153.50322555781236,151.1920413498303,159.58227348327637,133.70776,89.087204,112.12391,61.55153889545489,10.884640737198675,41.379316561230326
125.71000037479251,152.94335837278032,148.9480495376648,159.18582153320315,133.30716,89.05508,112.08787,62.58937442190398,11.774476535847226,40.85549063596392
125.81000037509065,152.28028262697242,149.486293173713,158.31494331359863,133.10478,89.06231,112.07377,59.91007905420362,10.06102227608548,40.206514011249766
125.91000037538879,151.42353666930427,150.18313322974433,154.87462425231934,133.39232,88.79102,111.96611,73.72402285552734,10.57765870330585,39.45742643981208
126.01000037568693,152.21897141331152,151.34680470650335,157.17731285095218,133.72855,88.8879,111.9672,69.88403140377899,10.159964817477258,40.251770180401365
126.11000037598507,153.77934775746294,150.73881113310034,160.70838546752927,133.43625,88.98108,111.9929,58.51182413098613,10.876101422408297,41.78645072377154
126.21000037628322,152.3011739723867,150.55895971089336,157.34558868408203,133.10226,88.65676,111.86162,64.86972601325937,9.865093875955301,40.439555930394505
126.31000037658136,151.01296359739564,150.77491560828486,151.38867568969727,133.52217,88.78534,111.88827,87.71591053782244,10.40415521525952,39.124696080305796
126.4100003768795,152.28342659549938,152.27291547499306,154.84959030151367,133.21043,88.652565,111.783936,81.79770768925776,10.730727086540972,40.49949104862438
126.51000037717763,152.86046359586572,151.31958601209854,159.33164978027344,133.2527,89.00479,111.90041,65.8883638953664,10.991842910751142,40.96005008268213
126.61000037747579,151.4714393307607,150.41265228478838,153.99092483520508,133.08612,89.115395,111.9185,78.55884001192682,11.418635230198966,39.5529365231435
126.71000037777392,151.94690464690447,149.87676247551764,156.9417839050293,133.21953,89.23213,111.926094,68.21748074481825,11.705954679801053,40.02081059172869
126.81000037807206,152.53950764855296,151.77916540973763,158.00583648681638,133.32268,89.14299,112.063446,71.36371792211365,11.719963683090548,40.47606160363108
126.9100003783702,152.95042216789716,150.87358842479236,158.0026149749756,133.20782,89.28575,112.03222,66.18621931551326,11.340638970451199,40.91820323479169
127.01000037866834,150.93056342204022,149.66081609809808,154.3036460876465,132.85838,88.936874,111.865685,73.16634891159623,11.669983042801864,39.06487891276288
127.11000037896648,152.46922239547993,150.12301558594433,157.71945381164548,133.12206,89.03357,111.88868,68.34211874123557,12.89604238361546,40.5805428910854
127.21000037926461,152.01005719494228,148.35275819871447,159.18613243103027,133.29839,89.20886,111.94967,55.55835465300119,11.825294442862488,40.06038831066493
127.31000037956275,152.52922613088703,148.78382691795784,161.18015098571777,133.30771,89.24444,112.04556,59.039581858231564,13.691451527989404,40.4836633867464
127.41000037986089,153.5489533964658,149.61016352933282,162.53238487243655,133.2754,89.62231,112.07211,54.687688899923074,12.60023864483599,41.47684035935643
127.51000038015904,153.35320455839673,149.37076523473604,160.94591522216797,133.36201,89.06441,111.99361,57.96719167194395,12.409738273590532,41.35959799101391
127.61000038045718,153.09228188984872,149.8449977322829,162.70757293701175,133.4098,89.10071,111.99317,58.521041402046734,13.656407475559792,41.09911019795419
127.71000038075532,153.15802340317904,150.486222783248,160.5617084503174,133.05687,89.438126,111.988075,62.228213733943846,12.77514098952948,41.16994814683139
127.81000038105347,153.11564572632398,149.36562065350162,160.43781852722168,132.67735,89.28368,111.996124,57.879594282935464,13.294614301078504,41.11952145874585
127.91000038135161,150.63044836841567,149.12943691677518,155.38865852355957,133.03348,89.18981,111.956345,71.07897404367917,12.541172110913731,38.67410376392348
128.01000038164975,149.93368218432863,150.05415780290807,154.54943466186523,132.4167,89.08165,111.86861,74.9503944064214,10.4008092487964,38.06507561694582
128.11000038194788,149.8118053387344,150.6733162877657,153.55789756774902,133.0039,88.837425,111.9618,79.30513312738223,9.449193422152273,37.85000571715236
128.21000038224602,150.53632153479907,151.33056378688553,154.40458869934082,133.30086,88.76679,111.88667,77.83899975941036,9.068713005278283,38.64964856116626
128.31000038254416,149.6754241045387,150.0753390604167,152.50239181518555,133.23482,88.50916,111.88393,79.47302715509346,8.478601610117146,37.791497712937144
128.4100003828423,150.7962414163894,151.17998422002145,153.7607593536377,133.03572,88.836174,111.94396,80.65907872550702,8.967228215927278,38.852279319221424
128.51000038314044,151.78875875092567,149.95900609834396,158.2325668334961,133.28107,88.42446,111.86025,63.683448265791526,11.491094975745572,39.92850637055457
128.61000038343857,152.5900820855504,148.67093909101234,159.2422962188721,133.18874,88.566956,111.885185,56.71205562218547,11.282057259710593,40.704896843851174
128.7100003837367,153.9599341173102,149.62232928196016,161.7479076385498,133.14452,88.92187,111.99974,54.5765572184401,11.831707583354502,41.960193516724274
128.81000038403488,151.04653815542545,151.01400060371623,155.85317993164062,133.27762,89.04729,111.97467,73.88549538785648,10.265669501277083,39.0718677452692
128.91000038433302,152.1542095186389,151.42806975123025,156.40240859985352,133.06133,89.37045,112.007256,72.56256951991226,10.242527109501848,40.14695396443969
129.01000038463116,151.17916789669616,149.56063788190642,156.6343059539795,133.35439,89.0953,112.00053,67.24674248225307,9.977040318205868,39.1786414684735
129.1100003849293,151.84984268395226,149.03568842313845,156.6796875,133.1498,89.16133,111.93365,60.2518401500463,9.710681155943128,39.91619552819054
129.21000038522743,152.48281872626197,148.8594334401863,159.24176788330078,133.40457,89.532684,112.02173,57.72934561419951,11.147080193060955,40.46109021063697
129.31000038552557,153.1620623896693,149.70498146465738,160.1908359527588,132.99164,89.25789,111.9795,62.81091033822445,12.591965176162347,41.18256257277477
129.4100003858237,153.4994846778168,149.79459299991646,160.5977325439453,133.28133,89.158745,111.89915,58.876678337684865,12.044062050804657,41.6003376441254
129.51000038612185,154.07599696228374,149.39003658218445,160.5334186553955,133.3231,89.42181,112.033936,65.17711989349768,13.16961527592551,42.04206141540874
129.61000038641998,157.03876216082267,148.4651520238887,167.0112190246582,133.25687,88.93421,111.96667,51.86213688787003,13.671302351501307,45.0720949855297
129.71000038671815,155.72947681246444,148.40271829167526,165.36771774291992,133.39558,89.06317,111.97875,56.6362131783522,14.457027437559779,43.75072467623397
129.8100003870163,155.02157225934513,148.81373190936998,162.9767036437988,133.22229,89.28623,112.06748,59.07701675751567,12.968181655235352,42.95409026471623
129.91000038731443,154.20602997849647,149.71931488012714,163.6741542816162,132.84003,89.31986,112.00039,58.43244693475107,12.038696645204395,42.20564087937538
130.01000038761256,151.7526293490727,147.54434399562868,158.24552536010742,132.89069,88.744606,111.9478,62.751778985784654,9.172359212469148,39.804829666455504
130.1100003879107,152.09349565643322,149.29040717621217,160.05825805664062,133.01944,89.24402,112.12758,64.82450934740609,10.091113031941235,39.96591692108166
130.21000038820884,151.33782365102317,149.58897577982538,159.10792541503906,133.11499,89.4985,112.01764,65.05962461722675,8.952845145296461,39.32018449086692
130.31000038850698,151.36438464441878,149.01840177638164,156.7166519165039,133.10443,89.15753,111.96317,69.91632741069904,8.953285945295,39.40121173182112
130.41000038880512,151.51938827506896,147.1155313908053,159.14650344848633,133.08307,89.04071,111.86805,61.1434561133256,9.813005391262326,39.65133865348693
130.51000038910325,152.58924313839333,147.49250979465452,157.30042457580564,132.96046,89.38556,111.99084,67.66588015403009,9.70631550083214,40.59840604122536
130.6100003894014,152.9056526800439,147.2799820080459,159.25918197631836,133.16698,89.17568,111.89585,62.40845617660752,9.939530653169191,41.00980154478998
130.71000038969953,151.2480416826569,147.47729952634572,156.7529926300049,133.21292,89.48383,111.891655,66.20266905524993,8.45720426841547,39.35638671439517
130.81000038999767,150.67091631221007,148.31601698926502,155.99055099487305,132.80196,89.01673,111.73001,69.72039897558645,10.08760287852051,38.94090532588194
130.91000039029583,152.9151564627036,147.3023864874165,158.9725589752197,132.96217,89.139626,111.833275,62.8886982019409,10.71685122873246,41.08188162139501
131.01000039059397,151.69756280102294,147.2149326681233,158.1114101409912,133.2048,89.36002,111.936226,62.356566989579605,8.765611192378996,39.76133690990966
131.11000039089208,152.13207915590291,146.75480445416616,158.13494873046875,133.59929,89.3617,112.02009,59.24760877447633,8.795653503231303,40.11199096010213
131.21000039119022,151.95485425251277,148.75640684656864,156.4902629852295,133.49255,89.54251,112.00679,68.91495227617348,9.615217454691093,39.94806409137996
131.31000039148836,154.0841320087903,148.1408513356551,157.64290618896484,133.18556,89.25387,111.93209,67.63316767941738,11.692517822179123,42.15204124951296
131.4100003917865,153.02182455522387,146.8175623868581,157.00345039367673,133.19765,88.99503,111.897484,62.206611111381264,10.603354942288947,41.12434072954028
131.51000039208466,154.70087967507678,149.47043938945524,158.57525825500488,133.3784,89.10343,111.91169,68.6219183535691,12.119843838697745,42.789189916775996
131.6100003923828,152.61023032091248,151.30709948337716,150.1795997619629,133.19322,89.19923,111.954926,86.47277918382575,12.218528658406102,40.6553047838031
131.71000039268097,152.08064486113008,151.63153820815418,148.2962989807129,133.06596,89.24519,111.91473,81.0937863341505,13.577200420731163,40.16591860380586
131.8100003929791,151.0279689953626,150.4527403833769,146.71544456481934,133.27467,89.1516,111.82641,81.05713911127573,14.977531989804925,39.201560609132144
131.91000039327724,150.2950953562595,151.5206392198253,144.3620090484619,133.15906,89.245476,111.88242,75.13117721000124,14.371571411808477,38.4126719553806
132.01000039357538,152.66581998166,151.04676510561572,146.4636402130127,133.64082,88.863976,111.91673,78.65289097087557,15.611301597508591,40.74908719357407
132.11000039387352,151.6519941920595,151.15384716152857,142.9716567993164,133.66516,89.356346,112.00175,68.77472227074891,14.023530126507795,39.65024706071185
132.21000039417166,151.8529906288591,150.78393133576637,145.6239776611328,133.60379,89.10759,111.988106,72.25754254680007,12.898073658622021,39.86488485493331
132.3100003944698,151.16044875966392,151.11870042540187,144.02084922790527,133.22644,89.369965,111.92827,67.10714669300569,12.975205810012138,39.232180327046734
132.41000039476793,151.36451462574223,151.7259477818136,145.0274791717529,133.37497,89.46926,111.98077,71.61075802401507,13.998656710403498,39.38374832935551
132.51000039506607,151.1203540630945,152.12877514760652,144.3036155700684,133.47093,89.19614,111.917816,68.58464255148182,15.15890260343444,39.202537900985135
132.6100003953642,150.16055287851867,150.56951502091783,145.71921348571777,133.46997,89.02005,111.949295,76.66071670446625,15.051881732826565,38.21125783457336
132.71000039566235,149.96649620008282,150.2630344485398,144.3663787841797,133.41098,89.280174,111.973206,78.21528325994393,17.328517742562195,37.993290633676565
132.8100003959605,147.11704950116868,149.63785026056303,141.41390991210938,133.43657,89.13161,111.97493,73.26074251577228,16.24632209436007,35.14211969159837
132.91000039625862,149.7130570879715,152.46033218896073,142.2647590637207,133.48534,88.45039,111.84129,68.41304312193745,16.035205424454855,37.871763753010555
133.01000039655676,150.58291018869906,150.4218886182558,145.43262100219727,133.3021,89.15104,111.827774,78.78263662114709,16.80587565036618,38.7551361408475
133.1100003968549,149.05660429959732,150.38910265830305,142.62833595275876,133.55595,88.99678,111.97408,73.36243471095243,17.111206101201006,37.08252135281998
133.21000039715307,150.3483038684368,149.70105649794132,144.9542636871338,133.52621,88.81687,111.91509,77.0128572661817,14.808033496672001,38.43321140017508
133.3100003974512,149.6670863851545,148.26171912811546,143.7929744720459,132.95459,88.714806,111.85008,75.49473348306815,13.832257845716569,37.81700398769357
133.41000039774934,149.220078093381,149.55374225095022,142.90237998962402,133.14713,88.83911,111.87585,72.69839033579922,15.473003876400757,37.344231230588036
133.51000039804748,150.24997912813046,150.3366143785411,144.2213039398193,132.95245,88.31775,111.72514,64.10582062339712,12.77469787084989,38.524835695513275
133.61000039834562,151.32103502942385,151.66361048734254,144.54150772094727,133.17337,88.72808,111.76718,64.63700862655786,13.60949573917548,39.55385363293948
133.71000039864376,150.229544624666,149.29693751712497,145.93170166015625,132.84294,88.640495,111.85869,78.67794378408257,12.851921693508832,38.37085627017382
133.8100003989419,151.0422995262159,150.3922414985492,146.14434623718262,132.97781,88.59337,111.68676,72.41168910735048,13.759860299958667,39.355539577485445
133.91000039924003,151.84579705866244,149.4260686299593,149.06195068359375,132.9057,88.87896,111.79962,88.67143680236929,12.650476461727473,40.04617547663119
134.01000039953817,151.59620760301075,148.81932162704894,149.4649772644043,132.92465,89.12444,111.82733,87.45591809846616,11.554935741843746,39.768876060042004
134.1100003998363,152.28701462711217,148.86307756468167,152.1192626953125,133.03766,89.24557,111.867325,74.35201501326434,11.137902464935939,40.41968979801061
134.21000040013445,150.56179904467444,148.71962164155394,146.7556304931641,133.10461,88.98371,111.80976,82.1062176713775,10.887231235208683,38.75203799731116
134.31000040043259,151.2668525971668,148.89749295229345,149.0967617034912,133.15535,88.838234,111.8237,89.14143495662853,11.280526959031572,39.44315264599493
134.41000040073072,151.74377168489497,148.0952724301272,150.5333576202393,133.68825,88.98597,111.96725,78.73309584443118,11.03254781680136,39.77652467561762
134.51000040102886,151.1843367733048,149.24865198478426,147.40778732299805,133.77321,88.80617,112.03436,82.6990979360323,11.804024177038444,39.14997398033606
134.610000401327,149.40938472155636,148.7641134955805,143.82177543640134,133.69633,89.36608,111.967354,70.36586081787064,12.495300054522435,37.44203090075558
134.71000040162514,151.15232454383016,148.92601773683592,148.31237030029297,134.15018,89.64392,112.06139,88.05858333034939,13.116766102984517,39.09093080603719
134.8100004019233,151.42953125096994,149.24201517082233,148.9152755737305,134.01979,89.799515,112.07161,88.65542294912937,11.680148764148727,39.35792175389963
134.91000040222144,151.15021310461265,148.62153944446982,148.09456634521482,133.60289,89.60209,111.99869,88.43801092413383,12.949523471796736,39.15152536047202
135.0100004025196,152.37578735446556,149.5123200176431,151.7435894012451,133.5772,90.20712,112.144936,84.00260402594908,13.407278788474276,40.2308517465554
135.11000040281775,151.60313074662645,148.8468665680249,148.6535243988037,133.6409,90.046196,112.188446,89.46633426784437,13.289320992113685,39.41468470170457
135.21000040311588,149.99620796479985,148.59137489202973,145.78901481628418,133.87569,89.62454,112.1242,83.52871287555504,14.035350913749888,37.87200905122563
135.31000040341402,149.73701869763926,149.05830408915057,143.8314971923828,133.53365,89.731064,112.065544,77.26939429589208,15.062324156843703,37.67147456922129
135.41000040371216,150.6522551481765,150.19154617407148,145.7702751159668,133.49179,89.90138,112.11663,80.53387137357001,16.234408676631222,38.535624593977275
135.5100004040103,150.3558125771137,149.26682245817116,144.8428497314453,133.80843,89.74681,112.07567,80.0733402761324,16.076621437696257,38.28014424215277
135.61000040430844,149.8392507759126,148.5739496598522,142.0857162475586,133.69366,89.629654,112.01183,70.17980138634488,14.669167931024344,37.827417584994635
135.71000040460657,150.9613190324747,150.10739185141145,146.34941291809085,133.6664,89.65401,111.954094,80.78237609093743,14.83171012943747,39.007225099369236
135.8100004049047,149.75541784758772,148.8223584919906,142.9260787963867,133.48723,89.81079,112.069046,70.87606236925335,12.486468936689477,37.68637182707991
135.91000040520285,149.4153629004675,147.98770666694185,143.41469955444336,133.27478,89.94791,112.09274,75.46885770467365,12.84873449852351,37.322619980545625
136.010000405501,149.78086403840916,148.54142872225657,142.93126678466797,133.44919,89.793976,112.0166,71.96364920586426,13.65422670108211,37.76426247590916
136.11000040579913,149.18659248491429,148.2352690387973,143.79369926452637,133.49657,89.869446,111.989075,76.86119213654216,14.669229668624943,37.197517777883036
136.21000040609727,149.3370035837958,148.0461524426699,142.73173713684082,133.4839,89.46731,112.016266,74.5589132089847,14.04315548834956,37.320737714655166
136.3100004063954,149.63286321821795,148.2446148062019,144.75658988952637,133.92934,89.57919,112.06034,80.42853755792268,14.040739577555941,37.57252233687029
136.41000040669354,151.07934953275932,149.22075526224526,146.76388931274414,133.31294,89.001465,111.84032,81.42947819560023,12.772432554023004,39.239032760298386
136.51000040699168,149.8321663084202,148.53544610905513,144.96165275573725,133.41557,89.46401,111.87738,80.77930007263376,13.859627446063865,37.95478593732645
136.61000040728982,149.43011939920322,148.27622605894777,144.4196071624756,133.13481,89.26568,111.90876,79.48093270869985,14.004092568184008,37.52135932840244
136.71000040758798,149.430625762407,148.19039562966327,146.46592140197754,132.89795,89.35253,111.87807,84.8974721499645,13.52312974199246,37.55255874580544
136.81000040788612,149.17527356458618,148.38740037328049,144.60098457336426,133.29143,89.3729,111.85161,78.58934301964138,13.445940957356608,37.32366528821899
136.91000040818426,149.76506148027283,148.95189872881969,143.93373107910156,133.09569,89.86116,111.93031,73.44172094619567,12.227329371188537,37.83474836992127
137.0100004084824,151.3534574685068,149.12420262764397,151.32258415222168,133.21373,89.3546,111.91402,84.2097453338349,13.678895862976068,39.43944074487399
137.11000040878054,151.97625919816215,148.8374228870078,154.3699893951416,133.24461,90.05463,111.937904,68.8520225074775,11.7281328494032,40.038354840252
137.21000040907867,151.17168225907236,148.04959447664038,152.0577564239502,132.94547,89.97552,112.00192,77.19152824027292,11.831810530480235,39.16975965165048
137.3100004093768,151.67340489503496,148.85449381278667,149.52246856689453,133.49182,89.773315,111.99654,87.62898291449132,12.58466906988442,39.67686864015215
137.41000040967495,151.09841407185775,148.15784795259498,150.4546661376953,133.23462,89.91417,112.04508,82.9219944941493,12.57852465967902,39.05333197957259
137.5100004099731,152.38431003351255,149.4807235815352,152.20069694519043,133.3638,89.94534,111.91061,81.90702644787102,13.596487057712904,40.473703649235205
137.61000041027123,152.8234143455495,148.68330841613331,154.08733367919922,133.52672,89.6146,111.97727,75.285027656905,13.165842848900953,40.8461423118581
137.71000041056936,150.5102795634749,148.62628580607196,148.0634651184082,133.28348,89.676315,111.93359,88.33273949818991,12.658636009725786,38.57668581347491
137.8100004108675,151.09166446024994,146.90469441463432,151.98244094848633,133.39818,89.64883,111.90802,73.12705128669725,11.691896277399165,39.183644440718695
137.91000041116567,151.3526182686074,147.90723990631713,153.75065612792966,133.69884,89.84551,112.0137,71.29900075160513,11.87886272307173,39.33891587602926
138.0100004114638,152.68346205597825,148.87054387251916,156.00246238708496,133.48991,90.13797,112.00235,70.82701883567056,12.588861265304374,40.68111220246263
138.11000041176194,152.356189555226,147.16314870466906,157.17054176330564,133.95111,90.28722,111.993065,58.283357850486844,11.79705688389056,40.3631246748549
138.21000041206008,152.8288609255192,147.74736036061287,159.47509956359863,133.33763,89.90177,111.95218,57.111151663305186,12.821247906951054,40.87668197044107
138.31000041235822,153.06037131905322,148.18644487486182,159.09770965576172,133.36052,89.91434,111.97339,57.20511457756492,12.584594057387465,41.08698264717822
138.41000041265636,152.43979262274442,149.44210208005472,157.84389686584473,133.41978,89.710495,111.894585,67.26633737146585,13.89781945195371,40.5452079669827
138.51000041295453,153.4108127526684,149.52345351806935,159.44778823852536,133.38344,89.81796,112.01803,61.87858400214582,12.607630056023384,41.39278449339105
138.61000041325266,153.94262469894315,150.5165389935366,159.4245262145996,133.02216,89.667046,111.880684,67.56273605268075,13.878401651498647,42.06194080001737
138.7100004135508,154.29821997012112,150.04994898734333,160.33183479309082,133.01341,89.798225,111.81751,65.6176311835889,14.980987739629228,42.48070745791409
138.81000041384894,154.54331901166938,149.87114184689847,159.7866439819336,133.27658,89.86063,111.99324,62.41033030846712,13.240647947093771,42.55007865522407
138.91000041414708,153.0650129475889,148.50495264189038,159.0795192718506,133.01155,89.98407,112.07171,59.18444210623604,13.05426649641328,40.99330426838969
139.01000041444522,153.72347422179072,148.96231571261546,159.47987174987793,133.18985,89.977844,111.91193,59.676092209037485,13.544998643795013,41.811547952259474
139.11000041474335,154.35464237946303,149.13061470684292,159.73143386840817,133.5819,90.16325,112.09534,60.90428254267568,13.906035496487668,42.25930546540053
139.2100004150415,153.48737973623295,149.17122991975071,158.5003433227539,133.2554,89.78592,111.928825,56.478957147570746,11.490350466821155,41.558554357814984
139.31000041533963,152.39300698604498,149.4703550209149,153.90467834472656,133.0893,89.818146,112.04428,73.4120228714965,11.89125700675663,40.348725980185606
139.41000041563777,151.502951967577,148.50494674755802,152.95619201660153,133.32933,89.75178,111.93988,73.8835259429307,13.020282989297682,39.56307159648324
139.5100004159359,151.16306258745536,148.80118586710222,153.2656135559082,133.45416,90.2305,111.98968,72.9388779351398,13.034042276748195,39.17338515825614
139.61000041623404,151.15857428953788,148.21119770748342,151.86019134521482,133.3595,90.09104,111.94365,74.48807161351704,12.086358420012008,39.214924997545694
139.71000041653218,151.06847778567305,146.27058821997576,152.25484466552732,133.42229,89.81923,111.97489,67.73454462240605,11.524824596157895,39.0935861230754
139.81000041683032,149.2711172953388,146.07599422476179,149.09784698486325,133.39053,90.10022,111.954315,73.52958449858463,9.658501181054627,37.31680210979192
139.91000041712846,149.78541474319144,146.83186304045142,149.66796875,133.5659,90.0564,111.93192,74.96460531053626,9.561484087726436,37.85349183059378
140.0100004174266,148.5485123445391,146.02447621065747,144.71993637084958,133.4523,89.58733,111.84876,84.38072445939737,10.942732243954229,36.69974983233206
140.11000041772473,147.89317159107256,147.43492098716047,139.83480644226074,133.78436,90.17432,112.01863,65.98048371198034,12.41655810232605,35.874540609627246
140.21000041802287,147.43282996557244,145.9512388166859,140.0747528076172,133.8557,89.832596,111.86781,66.31747337497924,11.83498545814715,35.565016855220875
140.31000041832104,148.78447643128598,146.3851743037943,143.7297019958496,133.48993,89.44283,111.78741,78.43078205786429,12.798056431919909,36.99706950989926
140.41000041861918,149.5672513209721,147.85373240409137,146.78806686401367,133.45145,89.07663,111.88006,86.24892376734539,12.797208346394399,37.687193032397886
140.51000041891731,150.30201235581077,147.27970224223452,147.54742050170898,133.48172,89.629944,111.924416,88.55772881181967,11.228492061765296,38.37759676743187
140.61000041921545,149.5246827248843,146.42341526559028,148.52910995483398,133.44513,89.34693,111.93055,81.51960893718805,11.240648997263735,37.594133103302255
140.7100004195136,151.07175097804648,147.66764790987034,149.28880882263184,133.47568,89.6538,112.06015,81.5222424560743,11.150488336596919,39.011600831562106
140.81000041981173,151.09773894425197,147.8498412604145,149.6220741271973,133.47414,89.27263,111.95948,81.42039917420622,12.148038466334189,39.13825865860744
140.91000042010987,150.77296867541227,147.59134260584696,149.19056510925293,133.53929,89.28972,111.9987,84.24936681039173,12.507441275223941,38.774265672482585
141.010000420408,150.60353140677327,148.2237076427725,147.95813751220703,133.13548,88.98183,111.841515,88.97938017935115,12.560001899477562,38.76201681937093
141.11000042070617,149.72666974576038,148.194405312542,144.34706687927246,133.61052,89.08191,112.01966,72.79588688483851,12.248216205449808,37.707008796053344
141.2100004210043,148.01593074551405,147.22130398098514,139.54450798034668,133.69695,89.69935,112.03946,69.55692240701862,13.881285562914432,35.97647151699843
141.31000042130245,149.69345934123024,147.11379627072267,143.88878631591797,133.66017,89.53346,111.99818,82.47092651880364,14.629478237874745,37.695282766523206
141.41000042160059,148.21897780636843,147.63566766520864,139.69947624206543,133.28969,89.6293,111.97842,71.22271297641207,15.582041564007197,36.240561363497335
141.51000042189872,150.34896044235296,147.34861780680438,144.38410186767578,133.39375,89.68642,111.995964,82.69622938233289,15.167603891768591,38.35299639205999
141.61000042219686,150.3607861656215,149.25825381869797,142.530424118042,134.01456,89.53023,112.043785,72.82706129361013,15.48497581966076,38.31700107040666
141.710000422495,150.72320324347643,148.4649796764151,146.809663772583,133.51665,89.584404,111.92402,85.8425851994608,14.414808301660708,38.79918438361315
141.81000042279314,152.7092753842092,148.4930922937431,151.8041477203369,133.44588,89.66761,111.97371,82.49990446447589,15.263651635490497,40.735566277763894
141.91000042309128,151.4746272947087,150.0484764989522,148.29581451416013,133.14462,89.48903,111.91539,85.88635017308081,15.18467186431235,39.55923728006027
142.01000042338944,152.14396111147275,149.54355723185122,149.0960636138916,133.53375,89.19054,111.95606,88.84694633198852,13.578561631402497,40.18789879457822
142.11000042368758,151.63977199276763,150.49714069686635,148.3791446685791,133.53084,89.49998,111.97857,85.66969655077335,15.501293354326275,39.661202962005916
142.21000042398572,151.1111298502395,149.16088892801773,148.8029499053955,133.1692,89.73299,111.93647,89.261036996085,15.565441015662758,39.174659818501226
142.31000042428386,151.37759968621873,148.47829119211954,151.63301849365234,133.41443,89.62472,111.99103,80.33641898691319,11.499639271629007,39.38657185418748
142.410000424582,150.48352863331704,147.61329338323773,148.2494010925293,133.18921,89.76506,112.01552,88.31405537422363,11.927467103009889,38.46801044484047
142.51000042488013,150.89996852175088,146.92047449991668,152.24845695495603,133.44614,89.765594,112.04511,79.6965955094264,14.619644398357897,38.8548559118876
142.61000042517827,151.01362613788163,148.50090535176838,149.75772285461426,133.38559,89.398476,111.8718,87.03935199187873,13.341374765934525,39.141822854190224
142.7100004254764,153.13897272541195,148.54342182991888,154.00936698913577,133.43729,88.87043,111.82904,78.67547453297377,15.390243898904446,41.309932198068196
142.81000042577455,155.78671082978926,148.2658830119742,159.30132293701172,133.32993,89.65089,111.84243,66.84238654482849,16.276627125439294,43.94428071504316
142.91000042607268,153.5843068460088,147.1194044642216,153.44420433044436,133.42357,89.19967,112.01298,75.16551952856598,15.267652047367053,41.57132924591113
143.01000042637082,153.5815315093462,147.41447784155488,153.3616428375244,133.6901,89.26008,111.96827,75.961748369779,15.939343176028956,41.613262161201675
143.11000042666896,153.614667110636,147.17177074990397,153.26709938049316,133.68127,89.24303,111.96807,76.23080658912565,16.428605633009884,41.64659612674927
143.2100004269671,150.58382426533657,148.50607586745545,144.63403129577637,133.92787,89.121,112.04453,75.36927537516958,13.022800398381634,38.53929148945767
143.31000042726524,152.27842868272634,149.01141681564417,148.4156551361084,133.68318,89.55412,111.98435,87.33001037590243,13.211961472687982,40.29407657090994
143.41000042756338,151.60154956189086,150.03662851884022,147.24309349060061,133.4499,89.43055,111.89194,77.63019310530775,11.741632668735337,39.70961230603149
143.5100004278615,151.20518610648818,150.1762418098968,144.3187484741211,133.56032,89.14484,111.97139,65.928233053075,11.151334646144402,39.23379633598037
143.61000042815965,152.17418552770357,151.00620437792833,146.95705032348633,133.86716,89.2513,112.03769,74.71872361918571,11.481821776875238,40.136496318719196
143.7100004284578,151.77107640482404,150.73829258126702,146.43386459350586,133.56657,89.21611,112.02182,70.5580502535886,11.43546881320304,39.74925633646467
143.81000042875596,150.6073850566122,149.61802151601472,146.2795810699463,133.65125,89.10992,111.90099,74.60120607697321,11.449577242832047,38.70639170944423
143.9100004290541,149.60686784848602,148.77663176770596,146.17869758605957,133.60489,89.220924,111.89337,79.57882521101531,12.329366907472895,37.71349626645477
144.01000042935223,150.8032762348815,149.20600699006224,146.0874137878418,134.01706,89.49596,111.97624,74.34522043111909,11.621720235545842,38.82703416945182
144.11000042965037,151.04497164749648,150.20232449904336,147.44268035888672,133.92169,89.0751,111.90359,75.72400455285613,12.334063221449508,39.14138430618789
144.21000042994854,149.69450984899652,149.00966009419028,143.24991607666013,133.73935,89.35018,111.90904,66.16804844440256,11.828822195908474,37.78546749059808
144.31000043024667,148.88292222343551,149.37206726623094,139.59965324401855,134.00273,89.15828,111.89425,61.07755386949822,14.142195877254949,36.98867326103317
144.4100004305448,147.77539857925976,148.34730994501274,138.68768501281738,133.92017,89.06255,111.87233,69.44725826259258,16.56642537650624,35.903068867345695
144.51000043084295,148.64070302514307,148.86661760069484,140.47031593322754,133.66441,89.25943,111.82718,68.21605972872442,14.848854133221923,36.81352407006494
144.6100004311411,149.0803800791286,149.1708322124039,141.27466201782224,133.54327,89.23511,111.89126,69.81837029236549,13.166991944393489,37.189121839382494
144.71000043143923,149.64802113557758,147.05949000565172,145.0930290222168,133.56451,89.420586,111.88545,83.35214769541393,11.997170834198617,37.76256886506977
144.81000043173736,149.5691875709819,146.41120324870474,143.95284271240234,133.49387,89.60942,111.974785,82.64262314696226,13.08714765331428,37.59440271990769
144.9100004320355,149.55008115689844,149.87527863146494,141.39127922058103,133.62912,89.65346,112.050285,68.0927413247585,14.665780731029155,37.499795817542974
145.01000043233364,148.83464104491333,149.00831772936144,139.99144554138184,134.0322,89.102974,111.90346,68.38710894567342,15.184313679915396,36.93118340331176
145.11000043263178,149.48260694065956,148.36680559727023,142.7515525817871,133.29073,89.73784,111.88683,76.51593354208279,14.576707635603672,37.595773749741596
145.21000043292992,149.54997407538318,150.01368841450275,141.96833992004392,133.79947,89.32363,111.98701,70.96764225652913,15.076175724015188,37.562966934269895
145.31000043322805,151.8044984082121,149.9631549643098,145.82303237915036,134.01013,89.2804,112.10356,78.07544735056301,14.740328856101755,39.700937006844924
145.4100004335262,150.6494883765051,149.63721176989074,144.92524337768555,133.59598,89.58014,111.89593,80.70595464429134,16.871106076105,38.753560947305886
145.51000043382436,151.48955125488573,149.17767609337824,148.54414176940918,133.52277,89.51572,111.901596,88.6951435141249,16.9747367047829,39.58795518554979
145.6100004341225,151.28913709274673,149.1871151699246,147.09355926513672,133.16718,89.32279,111.86949,85.10002485665046,15.802754183668574,39.41964551559829
145.71000043442064,151.60985670244878,148.23708384061794,149.3303565979004,133.27519,89.15421,111.82535,87.47152206888364,15.38293761345518,39.784508802058156
145.81000043471877,152.14725632968083,148.13290333309524,148.6607894897461,133.18051,89.08297,111.90973,88.38366123363936,13.243446850914404,40.23752732577458
145.9100004350169,148.11582399218887,148.34672623839407,142.11413955688474,133.20985,89.28581,111.79783,73.62045459782111,13.806179414057045,36.31799531787246
146.01000043531505,150.39097725135923,149.46416793872032,144.37774848937988,133.28528,89.328545,111.75649,77.79458131511824,15.037765049260319,38.63448463661314
146.1100004356132,150.9338012539817,149.43910240155043,146.00195121765137,133.87357,89.65961,111.97811,82.06598410621714,16.09116630416286,38.955689986891855
146.21000043591133,148.79451739446858,148.11042694774844,145.60108757019043,133.62546,89.44013,111.76979,84.0219969234176,14.654759359786384,37.02472674505452
146.31000043620946,146.40641394804746,147.31107451075272,139.7079563140869,133.56339,89.054985,111.90385,72.97422243358642,15.595981780793089,34.5025672073248
146.4100004365076,147.5476277967595,147.82921521364452,144.11605072021484,133.56416,89.2886,111.88532,79.10568646555174,12.328816929231984,35.66230522595873
146.51000043680574,148.25206736304912,147.6151380195892,147.7201271057129,133.12785,89.4158,111.8621,89.74471717179908,12.993101256169233,36.389968669201465
146.61000043710388,148.66357519972038,146.78983617610305,149.8480587005615,132.8243,89.493774,111.88347,82.18510798949697,13.005088284129535,36.7801065717907
146.71000043740202,148.95732870401454,146.67030654346152,147.10934829711914,133.20807,89.43128,111.91286,88.94542343081153,12.675965455927948,37.04447164835048
146.81000043770015,149.44693864737735,148.62832748327705,146.22318840026855,133.40971,89.51161,111.96448,84.43635121717297,13.794726035941574,37.48246110831485
146.9100004379983,149.9051634608222,147.20237251970883,148.89650344848633,133.30789,89.01804,111.85703,86.5872962508464,14.60062529915956,38.04813068494329
147.01000043829643,150.70762640977145,149.12456591428517,150.9825038909912,133.65025,89.19045,111.93928,86.22046553419132,15.428057790711152,38.76834876084567
147.11000043859457,151.377487586855,148.63189281643534,150.60051345825195,133.44931,89.33203,111.87397,85.23704408937454,15.084266379544188,39.50351755511673
147.2100004388927,150.55675545203133,150.08206054480146,148.2676181793213,133.52274,89.42564,111.93684,85.84807738614988,15.227043025236913,38.619919209355544
147.3100004391909,150.90171913636837,149.30848395014456,147.7953701019287,133.51016,89.72345,112.003586,86.0524212380571,12.993021459041751,38.89813332093868
147.41000043948904,150.93214040365268,147.96551899410645,146.912878036499,133.25461,89.58114,111.8589,87.28934218502381,15.258908817127221,39.07323842611362
147.51000043978718,150.27584451678888,148.9902904824578,146.70482063293457,133.415,89.03835,111.809235,83.31800161984499,13.417787518464621,38.466609897648254
147.61000044008532,150.75556191948564,148.4086802122023,145.70024299621582,133.0511,89.778,111.97422,82.58507017199993,14.487156209812131,38.78134164360674
147.71000044038345,150.1306290579574,149.600152089632,146.61584663391113,133.05449,89.6534,111.94779,81.55748251200255,13.944783639690648,38.18283700473475
147.8100004406816,149.17828404639553,148.69481939777768,147.37544059753418,132.96269,89.3636,111.94549,86.37098452852166,12.83912833243997,37.232796070321314
147.91000044097973,149.17559270419562,149.87184820929878,149.1705207824707,133.56837,89.42212,111.96762,88.10693420444409,13.715327676544428,37.20797185458625
148.01000044127787,148.51752339215335,146.8255616545582,147.39427375793457,133.45197,89.64545,112.08246,88.41274244770814,13.65315254743604,36.4350648960596
148.110000441576,149.63279936039694,148.45994608427029,148.17869567871094,133.15527,89.72441,112.06066,89.19965356777196,13.693532623808741,37.572138044478976
148.21000044187414,149.79282824999422,148.8246465815629,145.36105346679688,133.43964,89.66315,112.06718,79.7475610364816,12.716869770227756,37.72565143114656
148.31000044217228,149.8123484498281,148.78281062588894,146.27243995666504,133.41757,89.68049,112.01488,82.44218543547917,12.818386430219562,37.79747113049217
148.41000044247042,149.19865594725115,148.57171486016753,144.3791389465332,133.29468,89.522934,112.00671,78.41435683246216,14.808455845116857,37.191949709458186
148.51000044276856,149.3186468760652,147.30530955484636,147.6918430328369,133.93405,89.31717,111.904594,88.79655367738927,13.245951128584366,37.41405245467848
148.6100004430667,149.0595102745636,148.8864490347419,146.80376434326172,133.68721,89.46254,112.026924,83.90742993873822,14.394850234699211,37.03258614126281
148.71000044336483,150.4650903573005,150.8379627810203,145.17941856384277,133.22649,89.30454,112.01996,74.05248345857767,14.29385501183091,38.44513186120676
148.81000044366297,150.13869176564918,150.7549363280372,145.04941749572754,133.24728,89.51515,111.89524,73.92499999556408,13.906992949387115,38.24345098195778
148.9100004439611,150.77721879527465,149.8492704554618,148.18651390075684,133.51193,89.41609,112.050934,85.34990316773911,14.187090655695654,38.726284957384024
149.01000044425925,151.04815221941774,147.58449321475436,149.74897956848145,133.50143,89.810616,112.024185,84.73746541708014,14.314436456443735,39.02396703875368
149.11000044455741,151.24299469436633,147.1295605879798,146.98636436462402,133.53473,89.51127,112.11589,89.59617066310639,14.595168737150104,39.12710419143664
149.21000044485555,152.0115591613209,148.8841386638004,149.37585258483887,133.23624,89.25608,111.926315,88.67248546588944,14.351003652514574,40.0852438537037
149.3100004451537,152.1423220887344,147.68748052705297,149.6512851715088,133.216,89.06413,112.0308,85.17756382766026,14.339686722723867,40.11152222301175
149.41000044545183,151.87403972675796,147.8406656846154,149.22523880004883,133.44365,89.49042,112.040306,85.75924283247934,13.934790316169689,39.83373363544936
149.51000044574997,149.94864489358508,147.96688958952467,145.4760627746582,133.29066,89.61529,112.14848,83.23872243385256,11.565270248719713,37.800161617217896
149.6100004460481,151.23043312482616,150.40653313530817,147.99470329284668,133.26248,89.53625,112.09916,84.01932294044529,12.364436748955185,39.13127388410351
149.71000044634624,150.79483823727656,148.46467095732592,147.2079544067383,133.35703,89.31049,112.14379,85.67283325267489,13.082800244836529,38.651047038546096
149.81000044664438,148.504952197404,147.0627963449553,143.0766429901123,133.26375,89.566315,112.11575,80.02833249883324,15.520446743539384,36.389199023575884
149.91000044694252,147.76219410539045,147.98603980280132,143.22562217712402,133.65256,89.69512,112.1273,78.74142973473386,15.57797577442934,35.63489765763654
150.01000044724066,146.65499976751707,148.63863457268852,142.66546630859378,133.4787,89.57523,112.03842,74.72292514114517,14.472879193457793,34.616578136657694
150.1100004475388,148.52117117996102,148.78726271607226,151.65504837036133,133.43681,89.65249,112.02975,82.34657849029456,14.712430104588098,36.49142417068367
150.21000044783693,149.3948576956388,148.66600847129914,151.46242141723633,133.76593,89.39889,111.95731,83.68033666946316,16.891261067769854,37.437544158041135
150.31000044813507,149.5529980115361,149.94628167400163,151.08341026306152,133.6116,89.24447,111.97946,87.8404910594448,17.987402298508744,37.573536341614215
150.41000044843324,147.89503735896153,151.4634157664103,148.0399169921875,133.32167,89.07312,111.951225,82.86023364193215,17.075970458333938,35.94381207819981
150.51000044873138,148.4119584475592,149.7200772768016,148.87468910217288,133.70435,89.399765,112.0984,88.19710604000055,15.656840530385391,36.313562146289655
150.6100004490295,148.49947786802255,149.82619787348833,149.15349769592288,133.54242,89.462906,112.08499,88.4772866401249,15.774468510226363,36.41448641294443
150.71000044932765,147.15837400958793,150.0518083610504,142.32231903076172,133.27148,90.00748,112.199715,75.07239980195554,18.29219342887493,34.9586593489434
150.81000044962582,147.55560224411747,151.342866356329,148.54089164733887,133.36877,89.00214,111.993065,83.43910048978861,13.783782286107593,35.56253736374637
150.91000044992396,147.83368118665877,151.1080149186315,146.22922325134277,133.27522,88.935234,111.89367,79.73539665019315,16.337615286914115,35.9400120582408
151.0100004502221,148.61830003364258,150.79849287989043,143.4276180267334,133.14252,88.86713,111.88949,73.548045117744,17.297103084640806,36.72881181342774
151.11000045052023,149.58706771560844,152.80870527272032,143.5827751159668,133.4184,88.86087,112.08795,70.64533012300207,17.64258054415133,37.49911605545219
151.21000045081837,148.0836528190157,150.50873289405584,141.93666267395022,133.39047,88.671394,112.196495,70.71915181686144,15.352700302151533,35.88715776286335
151.3100004511165,148.76950335684256,149.92070797402604,142.28514671325684,133.17883,89.2017,112.001854,71.93115438378165,15.285993678893075,36.76764941397147
151.41000045141465,148.28624078298844,151.7710327008169,140.88603973388672,133.2229,89.04925,111.98617,65.22568402693786,16.26152632694457,36.3000728752736
151.51000045171278,146.10100783200545,149.74603693814967,143.43610954284668,133.24693,89.35954,111.9583,76.48274772759046,16.67903966876877,34.14271010251326
151.61000045201092,144.99866142143583,152.46120883749543,140.3629035949707,133.78676,89.3461,112.11545,64.40911396109168,17.414504954608574,32.88321342338895
151.71000045230906,144.9736395757957,149.68544495458323,142.73145103454587,133.78458,89.416176,112.02339,76.29320724087182,18.002808950539166,32.950247852162875
151.8100004526072,146.6090247980789,151.41729023702425,142.94374084472656,134.16231,89.307236,112.13772,74.81368067378314,17.941658799506538,34.47130659739531
151.91000045290534,144.84582496606942,149.74439524003355,139.8815155029297,133.74855,89.09213,112.06119,70.57170840779217,16.360851455613606,32.78463722192879
152.01000045320347,144.10939275571366,149.29924969021366,141.99468231201172,133.77019,89.31295,111.906296,75.38108494903965,17.895001087046275,32.20309697934647
152.1100004535016,144.7050759015672,149.08228506001353,145.69407844543457,134.14926,89.08893,112.056015,83.12662812485735,17.116105979907015,32.64906088691876
152.21000045379975,143.6169001886791,148.79168392580857,139.29382705688477,133.92952,89.232994,112.02731,71.2317930036639,17.379232358896775,31.58958695625722
152.3100004540979,141.63568620319123,148.7216381283401,134.86937332153317,133.8587,89.1175,112.08704,65.60049859862487,18.724285143728043,29.548642440984196
152.41000045439603,141.38071342165895,147.98390355098732,133.18825149536133,134.21304,89.18643,112.10785,60.753248835262774,17.515010227542476,29.272864300565203
152.51000045469416,142.41027978326832,147.16045703476283,134.99338722229004,133.92252,89.475555,112.158844,67.36716704786733,18.239351486840437,30.251435789127697
152.61000045499233,144.67189023328984,149.85004725101754,138.04755210876462,133.89885,89.58846,112.144485,65.57784232308204,16.54777142731187,32.52740475965703
152.71000045529047,144.66966887964256,148.45830102580533,139.78317642211914,133.7306,89.52362,112.20806,68.66019474435683,15.242974761656992,32.46160766138084
152.8100004555886,144.7714867384286,146.8947063906492,138.93093299865723,134.12082,89.57351,112.26703,68.23345672675917,15.738060045131956,32.50445792983484
152.91000045588675,145.7650391271981,147.86503614796152,140.64882469177246,134.20139,89.50921,112.21715,73.76726604234416,16.453925861612888,33.547891300049656
153.01000045618488,144.69829440217276,149.6277155125265,137.24951171875,134.27274,89.68381,112.15309,65.14166282291364,16.864289227205653,32.5452029715087
153.11000045648302,144.44836553852386,149.41541786712233,139.3106708526611,134.09065,89.57691,111.96556,70.37141039746471,18.07646566422108,32.48280462543792
153.21000045678116,143.73325615404812,148.9034111669405,137.49862098693848,134.70064,89.59851,112.20083,64.77552147601972,15.790847859915027,31.532427601802027
153.3100004570793,143.58154293350117,149.02764510498534,135.89232063293454,134.6575,89.56659,112.18471,63.00721633847115,17.438915899563945,31.396835291899606
153.41000045737744,142.26097950958103,149.59653526873325,135.8338737487793,134.28894,89.73082,112.178345,63.34425429214231,16.417990563771514,30.082634783018534
153.51000045767557,141.6466554203331,148.3728856057,135.23626708984375,134.50551,89.7561,112.28481,64.21411431435617,16.963857682790856,29.36184249308701
153.61000045797374,143.90160153142097,148.845347397619,137.51495742797852,134.13658,89.416046,112.19713,64.80717984714303,17.11241462117427,31.704473235522528
153.71000045827188,143.91799792561875,149.20666224283755,138.2630386352539,133.97353,89.40495,112.08095,67.0113748874172,17.571009814109388,31.837050049642187
153.81000045857002,144.0759234282551,149.20883777597064,138.95461082458496,133.986,89.54028,112.07356,67.65747528607312,15.220431065554308,32.00236080618478
153.91000045886815,144.01701253933527,149.89988725877208,140.31073379516602,133.88033,89.8013,112.097626,69.54856266411275,15.98226277208976,31.919386806913394
154.0100004591663,142.4009475806755,148.6848221130127,141.62218284606936,133.81685,89.89137,112.187744,73.14222744953182,16.33569050961742,30.213203440050506
154.11000045946443,142.47561640407966,149.558154605466,138.49834060668945,133.93558,89.91707,112.21228,66.27357194003952,16.795294288120544,30.26333613064216
154.21000045976257,141.01944449962062,148.92503028217075,137.90775871276855,134.28024,89.84639,112.086075,65.12325535332128,17.835773216224432,28.933369670519056
154.31000046006073,142.42952271647783,148.69115489468777,137.32564544677734,133.89873,89.770515,112.04099,66.7489420697813,15.44355008294556,30.388529979661428
154.41000046035887,143.40720524989385,148.65479137685946,138.523588180542,133.79315,89.37855,111.974266,69.56159837758821,15.66902993533765,31.432939197647755
154.510000460657,142.51171089798726,149.40425999044515,138.9392910003662,133.65906,89.66707,111.98361,67.88181786157448,16.809045614290234,30.528098837440382
154.61000046095515,143.02337302069782,149.21903368113612,136.5464153289795,133.9593,89.8304,112.0663,65.46689063985842,17.0311887200823,30.957073582221255
154.7100004612533,142.97602377502383,149.40661272556662,137.74908256530762,134.03688,89.568,112.04658,69.62031271256483,17.32118346623854,30.929446321410552
154.81000046155143,142.11797823011364,148.70409475947073,136.5910186767578,133.85031,89.85547,111.975555,66.9619070094799,17.74535133533901,30.14242281019176
154.91000046184956,143.6956123904409,147.78511779809548,139.3706874847412,133.3133,89.84934,111.93175,71.73607110614796,15.700524031763793,31.763864953917476
155.0100004621477,142.08723550453988,147.07985206378353,138.05591011047363,133.9774,89.77708,112.05372,71.9408670008389,18.46590277196626,30.033516937645345
155.11000046244584,142.7142193496119,146.44557495788038,138.82785034179688,134.20874,89.830666,112.21901,73.08168767624831,16.020732697603453,30.495209950197847
155.21000046274398,143.35248180922954,146.14416995151439,140.3161964416504,133.71138,89.68201,112.17899,76.12950257792829,16.63010114620005,31.17348858413189
155.31000046304212,143.3345222717512,150.23366528944814,137.96590423583984,133.28467,89.90216,112.04998,63.828628884833385,16.655270347528816,31.284542108176993
155.41000046334025,142.65895339758578,149.18643627883338,137.67534828186035,133.70105,90.01241,112.103455,66.88160441447056,16.28314174693307,30.555498807742026
155.5100004636384,142.53619727680265,149.5538790830129,136.837308883667,134.15298,89.96684,112.19954,65.39347786044358,16.525073318717094,30.33665809223234
155.61000046393653,143.480211766763,150.1031435654699,137.00969886779785,133.84793,89.49264,112.06003,64.81606688343314,16.146504638825277,31.42018369059113
155.71000046423467,145.11446230132285,150.59487296637298,139.48176956176758,133.52583,89.956764,112.17125,68.15039005690119,13.826026582003944,32.94321291167441
155.8100004645328,143.92735577143685,148.6950458188137,141.86580848693848,133.79466,89.93857,112.168846,75.56494751204747,15.188326730485077,31.758509641065757
155.91000046483094,143.33980016331668,149.37919614869628,138.9379997253418,133.91751,89.63462,112.12924,69.61092176828987,17.59538994546304,31.210558219957306
156.01000046512908,143.7349952932622,148.37736802135439,139.51662063598633,133.66692,89.68623,112.08512,71.99920130837359,15.869013671055058,31.64987413847703
156.11000046542725,142.8607903079964,149.04798788837581,140.32484245300293,133.293,89.69673,111.925835,73.66363523240818,17.314254266353345,30.93495565223469
156.2100004657254,143.7300979437014,148.84385843071146,141.72279357910156,133.80217,89.78342,112.01889,73.46461607894884,14.819515265308087,31.71120756284202
156.31000046602352,143.80444775749214,147.9285570262052,139.82131576538086,133.67395,89.36364,112.07175,72.7368932732205,16.798407267368972,31.732700931320267
156.41000046632166,145.0882943070556,147.98855123359806,139.81937789916992,133.87245,89.81802,111.99932,72.13951114046723,15.030071187174908,33.08897332316889
156.5100004666198,143.46055680200013,147.23420985196705,140.6713104248047,133.73466,89.72236,112.01644,75.1593432047457,15.065255781932963,31.444115456785283
156.61000046691794,143.57758521880572,148.34473349360061,139.60515594482422,133.47777,89.420555,111.989716,68.07558948823034,13.751022483775042,31.587869642633848
156.7100004672161,141.89508730570267,148.144694751401,135.9483051300049,133.78654,89.61947,111.99924,66.70098279440373,16.217517433144835,29.8958502451558
156.81000046751424,141.2019891463119,148.66712597634296,133.42226791381836,133.49759,89.31391,111.962845,55.03519370430639,14.926091722078347,29.239144297679076
156.91000046781238,143.77222555786037,148.11421761943475,134.47826194763184,133.35995,89.36785,111.930084,51.73162505667638,13.465338045403936,31.84214132934474
157.01000046811052,142.65386985964932,148.93832907002036,133.00836372375488,133.66873,89.14317,111.9148,48.157897958329116,14.307682914440058,30.739067308379788
157.11000046840866,142.35248029427535,148.44948186348384,133.05047798156738,133.70761,89.587524,111.98021,42.66231522667931,13.611799153726233,30.372270943689415
157.2100004687068,140.83161916894815,147.4670299374514,134.08631324768066,133.67805,89.8822,111.998634,50.35593303560863,14.64453222079074,28.832984830569245
157.31000046900493,139.8768792977302,145.61861640143454,135.23505783081055,133.90898,89.673096,111.91763,57.23122076422058,15.44079267137469,27.959246241089573
157.41000046930307,141.2022772648584,148.73676951383231,135.88892555236816,134.29173,89.84001,112.09435,45.97865318373851,14.94523753616248,29.107924542690427
157.5100004696012,141.3727067305251,148.15792066664054,135.1701431274414,133.82524,89.93613,111.96997,49.044309120089686,15.117301563474904,29.402736027400096
157.61000046989935,141.24043439020795,148.6535039424515,134.03941917419434,133.82007,89.72386,112.01876,42.60823080750728,14.346414224502487,29.221673709055608
157.71000047019749,143.96292581018716,148.403704267421,135.4423885345459,133.82317,89.89318,112.0426,49.76687143516482,13.02725254875569,31.92032327112466
157.81000047049562,144.68220039684041,145.752155255166,136.3696517944336,133.76953,90.218475,111.99208,59.08309412526811,12.85273451555902,32.69011970836385
157.9100004707938,146.04605921514326,148.76560732920012,137.39449882507324,133.72116,90.32053,112.01006,53.61967585752235,12.702607563542678,34.03599604375654
158.01000047109193,145.05338180944233,148.1383467231342,133.68072509765622,133.23842,90.14801,112.01642,42.681120181467826,11.732992363323362,33.03696335241108
158.11000047139007,146.6933460114037,148.1529210926913,135.45281791687012,133.51248,90.230125,112.01122,43.25201912448831,11.293704743965632,34.68212317204822
158.2100004716882,147.28289744898387,148.71709162211246,136.9154567718506,133.7926,90.31161,111.9487,54.55617604473917,12.28550184384915,35.334197497812
158.31000047198634,145.8123898143285,146.8218803649707,135.62805366516113,133.80678,90.300934,112.04992,54.81250337483423,13.10022576661677,33.76247068591053
158.41000047228448,145.44095863627152,148.21221896384262,136.20306205749512,134.05632,89.84848,112.12582,55.03341551336472,14.201100988652316,33.315142291056674
158.51000047258262,146.03712810218428,147.96792838556303,136.39670372009275,134.01602,90.38478,112.11693,51.81487773352739,12.798212413174628,33.920200001598346
158.61000047288076,145.10483949425856,146.87765705099494,134.5953426361084,133.86165,89.84708,112.05497,54.40144388399734,14.326118823278327,33.0498697066609
158.7100004731789,145.75041495771504,147.19425425235983,136.55669975280762,133.61734,89.98433,112.03312,53.330017701022456,13.07007186494055,33.71729575605488
158.81000047347703,146.59595046802832,148.0560501885357,137.67592620849607,133.85513,89.73173,111.96437,56.032863160649676,13.50119975052363,34.63157974048926
158.91000047377517,147.11692145353675,148.63086317140136,138.9084129333496,134.05066,89.79177,111.97224,62.52273619515359,14.654897283426262,35.144684820235966
159.0100004740733,147.70167411907826,148.29337355006132,140.9933032989502,133.90295,89.84153,112.03338,68.85727275653402,14.343905603539321,35.668295518004044
159.11000047437145,146.91624289788456,147.98278397850567,138.67150878906253,133.43605,89.765884,111.89384,62.610855584266616,14.082114054297872,35.0224059227869
159.21000047466958,147.29502189447865,147.4221206683335,140.7109260559082,133.81802,89.654884,111.95463,73.90661926239298,15.203019656891957,35.340393903755995
159.31000047496772,149.04904047233543,147.2072230673713,145.31896972656253,133.479,89.57171,111.92895,86.232697336425,16.04567136306671,37.120093023604966
159.41000047526586,147.01935300188453,147.55238077604324,142.21121788024902,133.44621,89.70633,111.969955,79.48557880119674,16.596576094077395,35.04939755754859
159.510000475564,148.71050343636222,146.5821153349537,145.43712425231934,133.54088,89.75819,111.808334,87.29739297282383,15.260244957684927,36.90216908577628
159.61000047586214,148.8610744256638,148.60238254403802,144.18825912475586,133.67305,89.6084,111.7647,80.69706238992842,15.063873809035023,37.09637258240207
159.7100004761603,147.70101631969905,148.83392742593037,138.7957801818848,133.7146,89.68983,111.94598,66.19607568655056,15.745421301159155,35.75504006237483
159.81000047645847,148.56214187881812,147.76971032426988,141.6391544342041,133.65361,89.85566,111.935974,77.47591861337062,15.989568088478615,36.626167757724374
159.9100004767566,148.2134886319354,148.36409522894377,143.0418014526367,133.5616,89.69143,111.85038,79.29203832947898,17.294766314739196,36.36310868808775
160.01000047705475,148.13494834098051,147.63000563294483,141.7514533996582,133.03197,89.45482,111.84267,77.64317413063245,15.170206379860494,36.29228171500395
160.11000047735288,148.28364288521573,148.2337104833955,138.73843574523926,133.15807,89.34842,111.724785,67.45368676626588,15.026660620983252,36.55885803414151
160.21000047765102,148.69697357282234,149.13583504839193,139.82824897766113,133.62386,89.666504,111.84705,70.2942531922401,15.504919365836276,36.84992004499031
160.31000047794916,149.71958403355558,148.95884256340045,144.34904670715332,133.408,88.963745,111.69737,79.32883817946988,15.650543433778383,38.02221159703214
160.4100004782473,150.08076795466164,148.9058693749346,143.96452713012695,133.81198,89.552444,111.90627,78.6922896706208,15.632479331307392,38.174495066478045
160.51000047854544,149.51356705366652,147.93238484773704,143.0433368682861,133.73506,89.42954,111.81759,78.63989087443856,15.036596368370573,37.69597824751418
160.61000047884357,149.43183449639352,148.38481191060336,142.42498397827148,133.76398,89.08008,111.8175,77.00983394683611,15.531663100105247,37.61433724297555
160.7100004791417,148.13481000090948,148.718071877337,139.64594841003418,133.81203,89.27606,111.86696,69.5463691639915,15.966125749925975,36.26785138274542
160.81000047943985,148.72496228983914,148.17588470117462,140.83180427551267,133.34572,89.53213,111.860725,74.76281683628926,15.993593884734658,36.86423688700711
160.910000479738,148.7721936553241,148.8674221572449,143.0419960021973,133.10577,89.6268,111.86764,77.88761115366081,16.81396762242289,36.904556021046744
161.01000048003613,149.85104510087962,149.09056978660237,143.94688606262207,133.7114,89.76621,111.94648,79.16969070222683,16.361620356984446,37.904565303516335
161.11000048033426,147.96938441833552,148.31203619562845,139.97332763671875,133.93184,89.54,111.85861,71.69662035276431,14.562776303946059,36.11077235778865
161.2100004806324,148.53517296749501,148.98723280896766,142.29728507995605,134.27394,89.876205,111.95214,74.03728668259195,14.960541450077592,36.583032159389546
161.31000048093054,148.46404740080612,148.65130250535898,142.73378562927243,133.31345,89.549545,111.78362,75.33822176774578,15.492585399054263,36.680424659106905
161.4100004812287,146.91019431959998,148.0028581626886,139.8930320739746,133.75716,89.75785,111.98588,66.57735736520691,14.432534077693786,34.924316328877325
161.51000048152684,146.96182960205138,147.9572619705749,137.70036125183105,133.52136,89.55378,111.85001,60.014528079467745,13.153085892585992,35.111815869141225
161.61000048182498,147.28226505733716,149.2565893879135,138.6821517944336,134.17062,89.38296,111.89419,58.11622427154365,14.101021878907606,35.38807713009106
161.71000048212312,148.52971294643135,149.1238800402549,143.0987033843994,134.25676,89.23747,112.04223,75.92948616224749,16.088232733783638,36.48748424770088
161.81000048242126,148.00453075363504,149.3261276568345,140.84088325500488,133.80234,89.4117,111.95721,68.4329243423502,15.530149280138499,36.04732402756082
161.9100004827194,146.91402316543824,148.3798328433201,141.53368759155276,133.61258,89.56918,111.94194,75.12051285346085,16.13886359656748,34.97208285782105
162.01000048301754,146.41850898043072,147.59151099530533,138.924768447876,133.99638,89.54681,111.94639,71.19307230876136,15.577198524957575,34.47212073580181
162.11000048331567,146.88685843578037,148.4593450575233,140.7588310241699,133.67609,89.60223,111.96266,71.6745484027952,16.098161948525963,34.924196692616306
162.2100004836138,146.57803331276975,148.26868533859437,140.59315490722656,133.8518,89.68685,111.99646,73.97068123060788,16.989790978168642,34.58157335183225
162.31000048391195,148.25151085736002,148.7206052235848,142.0430145263672,133.77162,89.38643,111.92739,75.34378995509016,15.923886457387447,36.324119805113924
162.4100004842101,148.14986756155074,148.30580224236138,143.32827377319336,133.90263,89.11259,111.88667,78.63083116282999,15.576685673622993,36.26319458791792
162.51000048450823,149.17571058063479,148.78477714654449,144.3626308441162,133.72891,89.163864,111.861374,80.09829995035975,15.695811143697716,37.3143366792676
162.61000048480636,148.19803836440715,148.1792158131405,142.08041381835938,133.80577,89.26181,111.82868,74.461866233667,15.506530535536548,36.36935641860637
162.7100004851045,148.27057328777215,148.19311675293557,141.71866989135742,133.77281,89.29397,111.8264,74.1982388350154,15.37627956018649,36.444172530936214
162.81000048540264,148.84174806022463,148.8794594939283,144.57328987121582,133.85522,89.017685,111.758606,80.38520890438579,13.822286246171299,37.08314210319338
162.9100004857008,148.47681021126715,145.7553003831066,145.03825759887695,133.38924,89.117294,111.840996,88.36073739353066,14.481294768043938,36.63581442269293
163.01000048599894,148.2841729864525,146.08377839354492,143.36331748962402,133.37187,89.34353,111.77061,84.6713680316133,13.673481267524703,36.51356599182358
163.1100004862971,149.9840262282857,148.36941632607,145.03969192504886,133.07416,89.21538,111.84193,83.39217961441878,16.950082348462317,38.14209965357867
163.21000048659525,147.65290782746033,148.40752949398293,140.0636978149414,133.07397,89.29433,111.723404,70.62854407689188,14.981327538911522,35.92950389679626
163.3100004868934,148.59257672194238,146.27992261342294,143.67031478881836,133.1406,89.42173,111.8313,83.9255895379342,15.0401743346625,36.76127789381738
163.41000048719152,148.23898280355752,146.77562073571124,140.22471237182617,133.07089,89.09972,111.840324,74.71850220737376,14.195971810835609,36.39865840170205
163.51000048748966,148.64724235935287,147.2237071457336,142.85968017578128,133.04904,89.52264,111.88282,80.94258062072312,16.547456778997297,36.76442222995834
163.6100004877878,149.54463402544545,148.8461546955063,144.18025398254395,132.97636,89.77255,111.96094,78.82972599225712,14.753516377008646,37.58369652544545
163.71000048808594,148.42029462374,148.7849369735169,141.2214813232422,133.0874,89.91286,111.84304,69.69051692149063,14.53839499457332,36.57725415743141
163.81000048838408,148.2744723117404,147.6719688793643,142.09208869934082,132.96484,89.59994,111.778076,76.46804151267834,15.397216981718284,36.496396139865396
163.91000048868221,146.54535246799273,146.98032318468955,137.75132751464844,133.77939,90.1234,112.02292,67.88532742853646,15.38343037027899,34.52243376682085
164.01000048898035,148.06842613298338,148.3636611157851,140.58049774169922,133.01111,89.8303,111.95463,73.6920619819477,18.14642163614376,36.11379814226072
164.1100004892785,148.2288156984354,147.70355459101955,140.97101211547852,132.97615,89.72783,111.804344,74.79366305967012,15.430274322152803,36.424471521189304
164.21000048957663,148.30600475970823,147.97743516917424,142.31268692016604,133.25609,89.510605,111.84476,75.91254472919584,14.267130144922062,36.461247679630105
164.31000048987477,149.410715772598,149.03398472018284,144.83252906799316,133.07803,89.47921,111.82966,80.73410727446998,14.96386100257384,37.581057264297215
164.4100004901729,148.61991535909684,149.19582861237865,141.22677421569824,133.15681,89.573944,111.909386,72.4439566825899,15.44411216919699,36.71052967794449
164.51000049047104,149.64874466272127,149.28336223233327,143.36260604858398,132.95897,89.96789,111.82031,73.23444930325482,12.980444840101368,37.82843216272127
164.61000049076918,148.00330107653107,145.53016708642363,142.132661819458,133.35469,89.952614,111.96339,80.54372055476753,13.205695221557797,36.03991454088654
164.71000049106732,148.2954569200874,145.69169982922352,142.86136627197263,133.77994,90.13466,112.05486,83.19548602986369,15.45036034619407,36.24059394401317
164.81000049136546,146.8048605285232,146.73176567083738,140.762300491333,133.48041,90.078156,111.924515,75.49501624892493,13.643120957001178,34.88034575801538
164.91000049166362,146.97098254655927,147.23188714348345,139.78581047058105,133.57571,90.03069,111.90693,73.18166228145941,14.108162481614993,35.06405353044599
165.01000049196176,147.28928068065923,147.50954447013677,140.29982376098633,133.50964,89.99928,111.90393,75.83334088809198,15.486467951810825,35.38535001659673
165.1100004922599,147.39556895115314,146.73117285285542,140.29900360107422,133.2951,89.58063,111.74167,73.61295408649853,15.24631428918783,35.65390024998126
165.21000049255804,148.29981866207788,146.91310910012223,143.00459480285645,133.51791,89.949936,111.87328,81.49698905158243,14.935032838724155,36.426535275847414
165.31000049285618,147.31315803837202,147.24356093128426,140.50928115844727,133.43945,89.89314,111.88498,76.69006578942677,17.42741136045131,35.42817879032515
165.4100004931543,147.07649728941993,147.65038380672416,138.51744079589844,133.64143,90.09509,111.989334,72.03542544910644,16.794718239215882,35.08716318297462
165.51000049345245,146.96012294060623,147.49094609810197,139.5227394104004,133.90347,90.19086,111.96874,71.71004316206091,16.471250424118676,34.99138057000076
165.6100004937506,147.72028735530964,147.70553835557044,142.61229705810547,133.71283,90.187744,111.91578,79.48484028887555,17.27515560089489,35.804508241540105
165.71000049404873,147.29475540352874,147.36370526686562,141.34393119812012,133.69978,90.06309,112.050995,75.89932794598054,14.6722993598219,35.243760530481865
165.81000049434687,146.28795946357053,147.23041972001013,137.45828056335446,133.74017,90.20592,111.997986,66.22952647213089,15.842491472531737,34.28997362372678
165.910000494645,145.52706226950298,147.02816716048548,138.12494850158694,133.83597,89.932915,111.96259,67.4853133467253,15.237279847884356,33.564469190889696
166.01000049494314,147.4211855520769,146.67474491171222,142.77241134643552,133.3536,89.89157,112.01343,80.7795926256132,14.034063172088999,35.407757817701906
166.1100004952413,147.33816022610586,146.80868445197456,143.62370681762695,133.81879,89.83601,112.0487,82.04716646378671,13.5132679072521,35.28946180081289
166.21000049553945,146.79880840134578,146.98137095182253,139.7965145111084,133.78627,90.01097,112.09406,70.68233363337855,14.434653662010865,34.70474559617
166.31000049583758,146.84491488756112,146.5199547698267,139.8184051513672,133.83432,89.86876,112.02415,69.97541053360548,14.015255930282867,34.82076785386971
166.41000049613572,144.32091750797397,145.66994385448672,134.6416320800781,133.56816,89.846275,111.99334,62.86907111318626,13.989913478355549,32.327577969399755
166.51000049643386,144.5940632352878,147.2030216646995,133.79823875427246,133.75087,90.0512,112.05469,59.1408834051106,15.83279561174484,32.53937573528779
166.610000496732,145.58324519532908,147.2927943381379,138.58587646484375,133.8668,90.110245,112.06868,69.61826493536438,15.635523834938603,33.51456538575877
166.71000049703017,146.5325723915532,146.89625004098284,139.34929275512698,133.55423,90.390594,112.147705,71.30210440901391,15.28031034635584,34.3848673134282
166.8100004973283,147.83509254052456,146.73797815080457,146.62779426574707,133.89854,89.807304,112.007835,89.74577736623915,15.875933346393365,35.82725715234096
166.91000049762644,145.4176731639291,146.81350166753802,137.55913734436035,133.85654,89.769714,111.96213,61.72248401768487,13.42992825855272,33.45554547838222
167.01000049792458,146.94766341798348,146.42488747954275,139.24817657470703,133.43379,89.686325,111.97208,70.87681092152481,14.823280645999832,34.97558700196785
167.11000049822272,147.77086731514015,146.6873666014698,141.49013328552246,133.71382,90.2675,112.180824,74.21568153366671,13.109153901935152,35.590043035354995
167.21000049852086,146.36560404133314,147.66711323019223,137.87796592712402,133.2686,90.33045,112.12745,56.230682181025976,13.77156312570478,34.23815500568861
167.310000498819,146.5855354616448,147.0749441096537,137.5562343597412,133.68306,90.08065,111.99535,56.084699908148316,11.868803086538692,34.59018176291434
167.41000049911713,145.82446888419395,146.81216898124566,136.2306842803955,133.26999,90.082596,112.066216,56.07486747209615,12.786414133230993,33.75825336905723
167.51000049941527,146.3208379828762,147.4530594183101,137.61305999755857,133.26007,89.96244,112.04996,55.407780886734656,12.41457368581509,34.27088070748559
167.6100004997134,146.16446893822234,147.77886044435937,138.15309715270996,133.78726,90.140915,112.077034,55.00409403662258,12.969553971933548,34.08743494164031
167.71000050001155,145.59533408189816,147.64909960154438,137.57450294494626,133.97198,90.20177,112.129616,56.849831317609876,13.667294353618306,33.46571829820675
167.81000050030968,146.70403723469323,147.53704293950094,138.2918930053711,133.8105,90.168304,112.19701,66.75983687178625,14.26294110461299,34.507031009107294
167.91000050060782,146.81527110479053,147.67188223603247,139.97415924072266,133.95718,89.99626,112.17995,69.4494506203943,14.321047062193864,34.63532420537646
168.01000050090596,146.82408645399642,147.95172374673504,139.58580207824707,134.09421,90.165085,112.09893,64.11558532865217,13.67713022114052,34.725156095109696
168.1100005012041,146.01240858866137,147.16325995295074,138.07729530334473,133.84505,90.12344,112.12056,62.14621429272523,13.347810038614988,33.89184889627856
168.21000050150224,145.77558313668465,147.26862747472921,138.21750831604004,133.67291,90.21731,112.1608,67.90324961723974,16.251377373324793,33.61478601754402
168.31000050180037,148.10154158338187,146.9480212857302,142.75950241088867,133.56857,89.90703,112.076645,78.88374351524234,14.288782704448005,36.024896685920936
168.4100005020985,148.0322915062882,147.39546315828196,141.42956733703613,133.28741,90.12214,112.21609,72.48082991508645,14.652371005275887,35.81620416497961
168.51000050239668,148.16222782142205,148.46861571716747,142.05878639221189,133.4158,90.066795,112.180374,73.73667605533896,14.99739849884584,35.98185367591424
168.61000050269482,148.7355778859133,147.53929865141092,144.28634452819824,133.80359,89.922874,112.11635,81.53955784793322,14.894368810902407,36.61922961931174
168.71000050299295,150.03131633649613,147.66814116150928,148.19613647460938,133.7281,89.636635,112.04284,88.82863500164423,16.968599004449214,37.988477286203164
168.8100005032911,149.18274675808595,147.85005090715026,146.40083694458008,133.55891,89.77603,112.030304,86.45369573222206,15.406384113923172,37.15244280300783
168.91000050358923,147.5704975771592,147.55272368713915,141.5831890106201,133.66206,89.55502,112.01211,73.84519442877166,14.836614106569103,35.558389728038094
169.01000050388737,147.97182900048958,149.04640341986664,139.98516845703125,133.87569,89.412415,112.06842,68.80942960582198,16.118320462088505,35.90340859033333
169.1100005041855,147.45038069415003,148.57804942569382,140.36916542053223,133.71638,89.71895,112.06876,71.59299847997013,16.18162291991901,35.38161696123987
169.21000050448367,148.05830191056592,148.58452208570057,141.1149826049805,133.37312,89.730286,111.987465,69.86978737921122,15.003743692799715,36.07083700578076
169.3100005047818,147.68724649565792,147.0992942279477,142.9132900238037,133.42303,89.78638,112.04276,75.51381145360808,13.988737473293671,35.64448373931026
169.41000050507995,150.0261631329141,146.443006837206,150.8109169006348,132.94821,89.502686,111.92483,76.48784403447713,14.057864941420632,38.1013355572305
169.5100005053781,149.32570296491488,147.99243495218474,145.86083793640137,132.67296,89.17504,112.03329,81.70668793442859,12.46529271065897,37.29241591657504
169.61000050567623,148.8032800522662,148.38768727754612,144.92007064819336,133.29678,89.6114,112.029015,79.6352531779252,15.442104339708782,36.774265464863845
169.71000050597436,149.98349486883703,148.7796078231409,148.56892204284668,133.02884,89.594734,111.97429,89.27648491836031,14.507742159636207,38.00920592840734
169.8100005062725,148.7831389786877,147.72973976470678,144.2088165283203,133.83676,89.92862,112.06578,77.68541154818853,13.781238635854448,36.717358339039265
169.91000050657064,149.3397036429824,146.66554944216014,146.25706672668454,133.57341,89.46277,112.109344,88.76423818034857,13.26805319544415,37.23035916056054
170.01000050686878,149.45987247617222,147.8597675479002,147.47785568237305,133.62827,89.35875,112.121735,88.81446191092662,13.475637160822044,37.3381378570316
170.11000050716692,150.2795308394324,147.60063332085798,150.63764572143555,134.02313,89.06139,112.1292,80.35921155052486,12.987685570673273,38.15032704304568
170.21000050746508,148.0548020022911,146.75340368879213,146.27617835998535,133.0878,89.64717,112.12283,88.95526451109737,16.030636599168417,35.93196875033797
170.31000050776322,148.7765079659974,146.5663390613193,147.97464561462402,133.60866,89.40942,112.19127,86.8963761999414,16.23078903345189,36.58523904509897
170.41000050806136,147.71136628879717,146.3525408737951,144.3447322845459,133.52068,89.56003,112.14773,84.84929799857012,15.399338886809478,35.56363832248857
170.5100005083595,147.79380965884783,147.82467561107364,143.1096343994141,133.33452,89.76139,112.12619,79.87489982284926,17.21383387400496,35.66761947330096
170.61000050865763,148.01889929759005,147.58384185900792,143.55027961730957,133.59618,89.639404,112.123726,82.12111514094568,17.229229630255713,35.89517340647677
170.71000050895577,148.05656429355582,147.3597197833774,144.1838550567627,133.49098,89.63727,112.09976,83.13969648088695,15.612479134905183,35.9568023306652
170.8100005092539,147.76275309925435,147.280314298366,146.052604675293,133.55688,89.73456,112.05614,86.81889907028679,14.545222748075794,35.70661601429342
170.91000050955205,149.12693624201003,146.89952112406755,148.5646018981934,133.71724,89.90351,112.09513,84.93859175810312,14.417365689067692,37.031805321599876
171.0100005098502,148.67673685813304,147.28381596480628,147.29717445373535,133.89195,89.59729,111.99697,89.95717448836008,12.927066454763237,36.679765727761946
171.11000051014832,147.9445160088104,146.6396990043463,142.15812301635742,133.85983,89.612305,112.082115,76.42482481464725,14.072942402655332,35.86240083547057
171.21000051044646,150.81735460810202,145.9455574883355,149.79903602600098,133.87262,89.24894,112.10893,80.29669362411117,15.863010506758348,38.708422112984834
171.3100005107446,148.2025837281008,148.12515170053896,142.4422950744629,133.87558,89.4403,112.05724,76.64403131183765,16.278910411357888,36.14534038093282
171.41000051104274,148.7161159603191,146.11538889310916,149.67276763916016,133.3515,89.74429,112.10239,80.77250504815821,14.36965264218469,36.61372948570971
171.51000051134088,149.6075409894018,146.23190458253515,151.95253562927246,133.60997,89.66321,111.99341,73.30495139195004,12.406705897777998,37.6141327862768
171.61000051163902,149.09527454344664,145.40906606379934,151.2028694152832,133.38855,89.94489,112.09138,74.08456825049247,11.971682484698114,37.003897285145854
171.71000051193715,149.90355484816516,146.95727336892693,149.723482131958,132.98499,89.30708,112.04344,81.83281903296901,11.57035604555523,37.86011307570422
171.8100005122353,151.19755968886696,145.72321490951768,151.53617095947268,133.10631,89.72345,111.9333,73.24034128099153,13.00343011169336,39.26426348525368
171.91000051253343,151.84995083768513,145.62472406108316,152.0141658782959,133.20735,89.251526,111.906166,72.31352307543021,14.30336638170367,39.94378476102497
172.0100005128316,153.16625403704808,146.71376881344045,156.4670867919922,132.87811,89.42991,111.983,71.49576943575597,17.78888156583259,41.1832523280637
172.11000051312973,153.8779448245428,148.34221764434156,159.34045791625974,133.31812,89.70129,112.024765,67.35024248476961,16.505829021306987,41.85317980989436
172.21000051342787,154.7386253053568,150.01326323279753,159.27921295166016,133.01756,89.25896,111.97343,72.52537864443087,17.88310472197955,42.76519848650915
172.31000051372604,151.24188506688594,148.37092501901796,149.45904922485352,133.84142,89.30156,112.05636,87.17761583387247,13.378147481987956,39.1855267294836
172.41000051402418,153.54377286470935,149.38954893824197,154.0242214202881,133.44492,89.39223,112.05531,79.3581012709942,16.218510286348153,41.48845975435779
172.51000051432231,152.848312867165,148.56089537244713,154.04356002807614,133.07625,89.171745,111.96688,74.99322177936598,14.147071721326403,40.88143206882515
172.61000051462045,152.7427882611022,147.48807085618125,155.57613372802732,133.5717,89.76613,112.07047,70.98510482302345,15.429224109035204,40.672315543817035
172.7100005149186,152.60658608299764,146.4016765073049,155.71690750122067,133.71928,89.89455,112.12832,64.99915491686728,13.893088601655863,40.47826729637654
172.81000051521673,151.76918644916583,146.58669371265682,155.8436794281006,133.4795,90.181854,112.14395,69.98329305768065,15.81829575417948,39.625235033150204
172.91000051551487,153.75534442305567,146.81902451061612,156.8936252593994,133.98581,89.61469,112.23856,66.4613613398433,15.510786305007283,41.51678088545802
173.010000515813,151.93121970171526,147.9542894127081,151.1564540863037,133.92792,89.90424,112.12543,82.73713136321457,15.476930096236416,39.805792455621514
173.11000051611114,152.54948200724758,146.3410709634197,156.10955238342285,133.63324,89.95112,112.07749,63.25802406023624,13.299613443734213,40.47199024699367
173.21000051640928,153.95207552220268,149.0230931984149,151.8009929656982,133.88194,89.65068,112.14421,83.20608381550697,15.783439646200108,41.80786470677299
173.31000051670742,153.48713255444986,147.2791880875183,156.17244148254395,134.01056,89.70664,112.12197,69.52335430517336,15.306944417119796,41.365161424078764
173.41000051700556,152.2858882651373,146.27766084556671,153.9870719909668,133.98422,89.75381,112.05078,70.9925382115983,14.841317418119324,40.23510701513729
173.5100005173037,149.54336215611596,147.88786274142305,145.68377304077148,134.11888,89.96738,112.23108,83.93612158607404,12.919699188236233,37.31228305455346
173.61000051760183,151.48908215630624,148.0365211005024,153.23712921142575,133.89201,89.74731,112.16263,76.73895439091437,13.989643592739228,39.326453982478114
173.7100005179,150.7174558248444,147.6652130413589,150.00518989562985,133.50186,89.69424,112.05654,82.58668816379758,13.043347188092522,38.6609143819733
173.81000051819814,153.2182583808509,147.97492637908715,160.49996948242188,133.51846,89.639175,111.98768,54.662355167518754,13.92452883134113,41.23057985301887
173.91000051849628,151.57997149897096,148.022503426702,156.16756057739258,133.57028,89.987465,112.12148,60.86327854509538,11.513395247338911,39.45848864984987
174.0100005187944,150.94974133771373,146.69325249029293,154.71730613708496,133.97084,89.96678,112.14738,56.773704131771595,11.263217387055706,38.802364323553576
174.11000051909255,150.3180720271802,147.27067456142507,153.7681121826172,133.89523,89.951096,112.10814,64.6886980085794,11.581185550871599,38.209932989094256
174.2100005193907,151.84948823715936,148.19469912961233,155.6642723083496,133.59834,89.418945,112.00506,64.45535208073217,12.081969334411118,39.844429948585145
174.31000051968883,150.92231833460778,147.60973146836534,152.17589378356934,134.17726,89.759964,112.17147,73.25502989656336,11.676405763976469,38.75084769251794
174.41000051998697,150.8983197483071,146.29466121011882,152.1852855682373,134.14769,89.772255,112.211815,64.57502184416315,11.998163235385501,38.68650486793601
174.5100005202851,152.52885010049616,147.91748235627807,155.77385139465332,134.33144,90.0045,112.24472,63.3624153405416,12.505812746873923,40.28412964151178
174.61000052058324,150.11552629718165,147.66049469689386,152.178955078125,134.29869,89.864365,112.249825,72.26300748622822,11.174710403260004,37.865701773255864
174.71000052088138,150.84278720958403,149.18182480687813,150.67771339416504,133.8622,89.903885,112.05917,83.3221139533829,11.482298769819954,38.783613625599656
174.81000052117952,150.65623373824127,147.65595517360526,149.12983322143555,134.3365,89.67301,112.239105,84.38787562386379,12.36978637973426,38.417128513631894
174.91000052147766,150.18062620539357,147.8201993794369,151.87366485595703,133.5477,89.83456,112.04988,71.90432354162647,11.226583890442129,38.13074522394825
175.0100005217758,149.28398809028783,147.67816196871604,151.5710735321045,133.96515,89.91425,112.12614,74.11698364529502,12.331560317115422,37.15785131050268
175.11000052207393,151.47919721241067,147.82210398368318,152.9303379058838,134.35057,89.87613,112.13743,71.27309776085094,12.403857112767534,39.34176892871926
175.21000052237207,151.50796454940698,146.50431558744702,154.93216705322266,134.07874,89.796,112.16429,66.4558753101804,12.941986374745222,39.34367316757104
175.3100005226702,150.3861698460813,145.44618069887352,153.4809341430664,134.04083,89.94546,112.17866,68.91366221631348,12.459263348391666,38.207512314343006
175.41000052296837,151.5475698052614,145.44641745709876,156.72316360473633,134.43408,89.84032,112.19066,58.8842586185983,12.744837038728349,39.35691123592545
175.51000052326654,151.8384407483819,144.4323989447358,157.90241622924808,134.37048,89.94394,112.20579,54.045623484953154,12.327305184885695,39.63265308969051
175.61000052356468,151.66089202202377,144.9806135102904,157.97268867492676,134.24608,89.923874,112.13994,54.917987165313065,12.44675272220193,39.520953667531586
175.71000052386282,151.26146295772702,145.82781183195533,157.2730255126953,134.08904,90.26054,112.22764,63.13464971254479,13.528900494732765,39.03382471309811
175.81000052416096,152.38962082058424,145.38934794242243,161.0599060058594,134.20175,90.22126,112.24602,54.34073255190843,14.384893118678184,40.143603364529554
175.9100005244591,153.5601386530816,143.7652451860533,163.14372444152832,134.6033,89.90996,112.17791,47.87680537769355,14.989884045585962,41.382228802007376
176.01000052475723,151.99224709894966,143.54220749681994,157.43683052062988,134.08536,90.04987,112.22229,51.24083093096551,13.251045636688184,39.76995705988716
176.11000052505537,151.54842410545467,143.9903391861706,153.62464904785156,133.86879,90.04787,112.19231,58.27023034225236,11.240469211736503,39.356117586899984
176.2100005253535,152.49384683687475,145.11905188678648,154.01167106628418,134.23172,89.74778,112.10333,60.50773911978553,11.900344605922852,40.3905143173435
176.31000052565165,153.19130542404577,147.6403079745676,150.96021270751953,134.18546,89.20731,112.056526,77.6516263119527,12.831316585495665,41.134779239963734
176.41000052594978,153.95035180877258,150.06748104019226,151.45349884033203,134.10983,89.493935,112.040245,82.88050441444784,12.659823920481676,41.91010675262024
176.51000052624792,151.71420158514854,146.32965396481643,151.4310245513916,134.51955,89.77182,112.093,72.45521943722157,13.223159906630292,39.621199265812606
176.61000052654606,152.59442601807893,147.12862682266297,154.83101844787598,134.17398,89.60067,112.06649,67.17412929704473,12.297513873355598,40.52793584473909
176.7100005268442,151.9348610787165,147.7257516618541,149.4381198883057,133.78076,89.69056,112.08266,84.17734198659574,11.626295956990406,39.85220421836493
176.81000052714234,151.1619073888517,146.6868221944661,151.1134490966797,133.82166,89.42104,112.023735,73.69645941582783,11.44442091110546,39.13817234246497
176.91000052744047,151.76315000226475,148.2455786103539,151.45875549316406,133.83899,89.76986,112.091896,78.53938160263466,12.70123584313534,39.671253945135845
177.0100005277386,152.4698703241573,148.11348352348398,155.07225036621094,134.32169,89.69635,112.20146,67.33397293316735,13.188305511287117,40.268408532165125
177.11000052803675,153.0780975478293,149.9395459462508,154.29722213745117,134.24426,89.118034,112.0317,75.98334667322123,12.71357536386906,41.046397413551944
177.2100005283349,153.0728500510957,149.14851040920195,155.20733451843262,134.44675,89.3988,112.1602,71.06868203669924,13.146072703359742,40.912648024728526
177.31000052863305,153.05817510314645,149.15308812215363,154.48601341247556,134.11783,89.20349,112.157,74.72095622844942,12.681067829149827,40.90117742248239
177.4100005289312,153.45070941472002,148.47697601806252,157.12138557434082,134.13484,89.1521,112.13384,71.36861379887932,14.29422032351493,41.316866946458305
177.51000052922933,152.26259011717772,148.35680344579316,152.24420738220218,133.75261,89.23502,112.01935,77.65240292255827,12.691553706722365,40.24324197264647
177.61000052952747,152.22992351847034,148.57782774939716,151.7099533081055,134.02792,89.458595,112.11977,77.21524431914634,11.866494659175036,40.11015728311878
177.7100005298256,150.91521936005356,148.7252983135952,147.34831237792966,134.23888,89.12714,112.102066,86.4359029486878,12.417609341101299,38.81315332001449
177.81000053012374,151.926798100783,149.93215162062245,149.9348602294922,134.09203,89.371185,112.08055,89.99190807484115,12.428809784421734,39.846246953322066
177.91000053042188,152.97151230980614,150.1969808034188,152.87752532958984,134.03314,89.370766,112.06168,81.33209209001745,12.256150433037378,40.90982865502099
178.01000053072002,155.22093577872204,149.7699474270681,156.8529872894287,134.03935,89.53431,112.08651,73.12675220245603,14.84031470219766,43.13442607413219
178.11000053101816,152.8338883191517,148.1093201214175,154.757080078125,133.55736,89.44503,112.03814,71.81289197493861,11.810270648902875,40.79574897588998
178.2100005313163,153.67743599601346,149.37323301454052,152.6202697753906,132.99612,89.60177,112.05398,77.80301076645125,12.015869407963368,41.623458029704864
178.31000053161443,155.82209445242083,149.0053343647104,156.37777137756345,133.49318,89.46981,112.07963,63.39385931588015,11.758404628169101,43.74246646169817
178.41000053191257,156.14535977597194,150.72397016468855,157.50158500671384,133.56874,89.223946,111.99268,68.647053576157,12.497430074465525,44.15267636532741
178.5100005322107,156.48854331158367,150.30148296523913,156.78194618225098,133.59718,89.55185,112.058784,64.27413953246942,12.841735059592565,44.42975882672039
178.61000053250888,154.3069334816534,148.68741481729168,155.50290870666504,133.95952,89.758125,112.05149,59.3368854401617,11.73526354273967,42.255442697961996
178.71000053280702,155.47628488813615,149.38833044892212,159.01578521728516,133.65482,89.74404,112.11502,61.4147200666237,14.61801149675449,43.361264136183024
178.81000053310515,155.10905507216435,148.9846716620844,160.7241725921631,133.89587,89.25476,112.18693,61.37716817463495,15.874801852996658,42.922127276754196
178.9100005334033,154.8710120639676,149.26025648902265,154.99604034423825,134.0005,89.16992,112.15817,73.61723253941256,14.724855287264003,42.71283945654574
179.01000053370146,154.04139235586973,148.38739804665056,154.62121391296387,134.17177,89.416916,112.147644,75.5720209855781,15.719213536039385,41.89374831290098
179.1100005339996,154.33638675117902,148.16043026479696,157.3111457824707,133.73294,89.67145,112.115814,70.10808064159154,15.687232961168903,42.220572542194645
179.21000053429773,153.43693209015547,147.98954278349782,155.25368881225586,133.79404,89.68858,112.229675,72.39421945482329,15.236652420423798,41.207256797186716
179.31000053459587,154.19856978835384,149.7797107437341,151.38763046264648,133.73561,89.835236,112.2104,84.56809233758428,14.994982220349364,41.988166345971024
179.410000534894,152.18999424715378,148.44277130480677,149.5099868774414,133.63313,89.99545,112.13939,86.35017549474283,14.037301392322995,40.05060520906784
179.51000053519215,149.99995775052633,147.1387908715996,147.5195140838623,133.29993,89.53604,112.11835,88.83055839492638,14.154212090330471,37.881610582557585
179.6100005354903,149.10789537169666,147.09658644239394,143.71590614318848,133.77174,90.168274,112.20783,78.28202072792725,13.325573991393417,36.900063035270875
179.71000053578842,150.15344786339696,147.85106879401263,144.98299407958982,133.92131,90.0009,112.30598,82.97565067393637,15.34685599567436,37.84747099572118
179.81000053608656,150.9565277007112,147.96727337368387,146.17698669433594,134.02284,90.062706,112.28846,85.20548587048042,15.339657104800756,38.668067922879175
179.9100005363847,150.15696785606502,147.9953313014871,145.67388153076172,133.96121,90.05874,112.26673,83.8616650315582,15.175226763735772,37.89023659385799
180.01000053668284,151.9439729294657,147.95403188557552,151.77493286132812,133.96193,90.002594,112.32364,80.14649979668809,14.827582966525707,39.620334013450076
180.11000053698098,151.3619084459697,148.74955751646243,151.20008850097656,133.92184,89.512856,112.23297,84.41027977094883,15.817267888287864,39.12893725456345
180.21000053727911,152.97195199202426,150.11580654909665,153.47834968566895,133.67932,89.86281,112.243645,82.31560796305861,16.484045065421576,40.72830727766879
180.31000053757725,151.98609955915458,151.5339500280879,149.21391487121582,133.69118,89.59369,112.19147,82.88050713963766,14.08102386473603,39.79463227399833
180.4100005378754,150.99170156467918,149.96350408991654,150.07766723632812,134.21219,89.58369,112.14319,89.64217607579047,14.60722875064282,38.848513088116675
180.51000053817353,151.31993920652644,148.6772160793094,148.09319877624512,134.13121,89.5824,112.18404,88.04047735142274,12.740049590181242,39.13590295164363
180.61000053847167,151.62370936173764,148.48355911218292,152.36560249328613,133.78485,89.90714,112.19832,78.27157760139596,13.105055071562711,39.425390880292326
180.7100005387698,149.35445196746497,148.72348639642973,146.4569358825684,133.7562,89.47661,112.04135,83.41128829830933,12.759299130460455,37.31310064910559
180.81000053906797,149.8640732198262,144.18469104416175,150.2928352355957,134.11447,89.71277,112.14266,74.50784606156039,14.41265312527652,37.72141117148635
180.9100005393661,149.93136802873462,144.27079028305675,151.24018478393552,134.16298,90.28533,112.22321,69.71162419148709,13.8040639486939,37.70815483293384
181.01000053966425,151.36745053305432,147.9515897993275,151.25828742980957,134.08345,89.70134,112.225876,79.97992039418926,12.859094146191993,39.14157467856214
181.11000053996239,151.60321038372075,146.31523767192303,154.45289802551267,134.44374,89.29492,112.2215,66.04599808670486,13.176370014491505,39.3817138016895
181.21000054026052,151.41267986601662,146.41779620737003,153.34589195251465,134.53491,89.079124,112.115234,72.90442766344151,14.148594647271063,39.29744549101662
181.31000054055866,153.46390713354336,147.08173223384185,159.6157512664795,134.59978,88.78935,112.1668,61.31369257077618,15.458249096578967,41.29710568090664
181.4100005408568,151.45262019724916,145.36526577383114,155.34563827514648,134.11783,88.814026,112.16699,67.72365015043384,14.026247321768606,39.28562800974916
181.51000054115494,151.7473893298631,148.5102776543414,155.4962978363037,133.99059,89.12573,112.137924,71.01610049615903,11.940049308315274,39.60946513552716
181.61000054145308,152.2336014701168,148.1298665169427,158.24849700927734,134.23645,89.029755,112.16565,64.4242747678235,11.96063935165103,40.06795205605431
181.71000054175124,150.86346588767248,149.73972584932542,149.55502128601077,134.12132,88.802536,111.98963,89.48050143943934,13.819841906254902,38.873834234840444
181.81000054204938,150.86921735593216,148.73294840994882,148.4796962738037,134.16248,88.84268,112.115204,89.21364972512163,12.992078114457936,38.75401349851029
181.91000054234752,151.2405859648792,149.08596654475733,150.3600215911865,133.53441,88.93047,112.00214,86.38225955455961,12.632166972755714,39.23844973441044
182.01000054264566,151.14152529805386,149.66884003783304,151.85844993591306,133.67163,88.85849,111.94001,82.01866703807974,12.812156620314552,39.20151522725308
182.1100005429438,153.35982691059874,149.96135876942975,156.81122589111328,133.99135,88.95134,112.02706,72.12112088976572,13.573981730723848,41.3327654481964
182.21000054324193,154.86679704029504,149.52665839740317,162.738712310791,133.80031,88.74513,111.98274,58.998822701290784,14.215064268200315,42.88405473072473
182.31000054354007,153.2412558768925,149.84186366726928,158.23222732543942,134.13338,88.53897,111.88709,66.72173688660511,13.808862300453434,41.354163286560464
182.4100005438382,152.7855334266063,150.4784915048918,155.63002967834473,134.30006,88.30816,111.912476,76.30925749341783,14.51713442292488,40.87305784066879
182.51000054413637,153.1939312509748,150.09028349829902,155.0771083831787,134.25323,88.567474,111.94497,71.08597083288916,12.697763860098915,41.248962073728705
182.6100005444345,152.45929854075968,149.07231352369277,152.91341590881348,134.28317,89.03428,111.965775,77.94444499897875,13.368403419026652,40.49352400462686
182.71000054473265,154.00875454429277,148.46051483703175,156.02313804626465,134.29933,89.02477,112.13297,62.14347923423031,12.748566718280525,41.875781827007614
182.8100005450308,152.69860194463246,149.930095956194,150.30899620056152,134.18922,88.897316,112.21025,88.75201243361482,13.41197235447049,40.48835109014027
182.91000054532893,152.25933141336665,148.3456291607339,148.46804809570315,133.98477,88.88243,112.11136,89.53676485877574,12.630385388125106,40.14797277078853
183.01000054562707,150.92762348859966,148.5382956604687,146.95326614379886,133.86823,88.574936,112.08615,83.85167867992308,11.642147878946322,38.84147236555279
183.1100005459252,152.20898825438283,149.59141004457177,147.2217788696289,133.75679,88.855515,112.01534,80.88774768008095,12.82076481416838,40.19364554198049
183.21000054622334,151.62778714605597,149.5656372667979,147.75042533874512,133.94646,89.09964,112.11904,83.19332778787356,13.140124654165804,39.50874570318487
183.31000054652148,150.8033833706452,149.96995994208052,144.2967872619629,133.82434,88.96538,112.0962,74.1261901903358,14.068322695224282,38.707184335000676
183.41000054681962,153.13543058916278,149.63402869623246,153.04446411132815,133.71172,88.99851,111.96827,80.96097160511187,14.101221670783485,41.16716124101825
183.51000054711776,154.4409556858607,148.89340241368916,158.79618644714355,133.7456,88.99391,112.07839,62.726292115610704,14.689970844220793,42.36256365705211
183.6100005474159,155.28026007490368,149.51853043017246,158.47407341003418,134.0123,88.84831,112.05795,62.038957666124396,14.176323884512694,43.222307194044305
183.71000054771403,152.6569618949951,149.23764570191992,151.45011520385745,134.12512,89.01407,112.13379,83.02209104617806,12.654165707112629,40.523172832495106
183.81000054801217,152.03051275802068,148.3248480683227,147.97002029418945,133.553,89.2285,111.951195,89.00321697847143,14.37510754226055,40.07931799483708
183.9100005483103,153.30313496289904,149.42870643060746,150.64110755920407,133.98302,88.97449,111.97532,86.47885782710556,14.945928637979822,41.32781605420763
184.01000054860845,153.13064189406973,150.05626589426703,150.60024070739743,133.93942,88.87316,111.99974,88.26823098864803,12.883880061141014,41.13090129348379
184.11000054890658,154.15439217962106,148.8150818639522,154.74136161804196,133.94878,88.890434,112.014854,67.86106107727375,13.158374789934612,42.13953774846871
184.21000054920472,153.4281633862904,149.18324719496863,153.20654678344727,134.07922,88.844894,112.09222,77.94637143112567,13.244206169236502,41.33594689459119
184.3100005495029,154.04084558288662,148.96617395109791,155.08497047424316,134.29099,89.041756,112.09186,72.7237039684563,13.831914289216249,41.94898767273037
184.41000054980103,154.63486770616635,150.4622247453502,155.0564365386963,134.02573,89.55075,112.17328,80.37182969354862,17.220406486583947,42.4615888975726
184.51000055009916,154.44601693572037,149.95870404811404,154.07039070129395,134.17708,89.52401,112.12206,77.63875698825194,14.751481922400608,42.3239542526149
184.6100005503973,154.92172733921058,149.1544467185041,153.80201530456543,134.33138,89.435455,112.1727,78.32830980163253,15.749336535357708,42.7490283646012
184.71000055069544,154.0545599468531,147.99901264291302,154.087121963501,134.7685,89.33138,112.080505,73.57315801202782,14.578559850138596,41.97405457575934
184.8100005509936,153.57896245345225,147.06908260622947,150.48286819458005,134.03264,89.25061,111.96894,79.41446292307234,14.004699501647279,41.61002171858897
184.91000055129174,153.4300721636301,147.94766457951803,150.56085014343262,134.37914,89.07435,112.01069,80.6334756857603,12.617454509927885,41.419383381891805
185.01000055158988,152.70690895919418,148.63214474501942,150.5447006225586,133.74013,89.30792,111.99247,83.77384439948274,12.48875402766821,40.714439171596524
185.11000055188802,152.4453561804305,149.61822272833592,149.68864250183105,133.56401,89.321106,112.04241,89.76992468105878,12.952425165464964,40.40294437623129
185.21000055218616,152.17914231171906,145.75399495467101,153.20182609558108,133.84001,88.85477,112.0147,63.08733974136786,11.565794490514,40.16444046845734
185.3100005524843,151.90728656868734,146.31489055581707,151.7756118774414,134.05861,89.28677,112.06969,70.72148871787657,12.007978416298174,39.8375996790389
185.41000055278244,153.58560221462835,148.64486544309474,152.92984008789062,134.43822,89.458496,112.14076,74.15475088182681,12.685193884779018,41.44483988552679
185.51000055308057,152.45717236348725,147.83455977527547,151.98404502868652,134.63953,89.505905,112.14355,77.03570867740503,12.985452905498367,40.31362530538178
185.6100005533787,152.36881554332004,148.86768873475438,150.74478721618652,133.93327,89.60292,112.14194,84.71836555888201,13.750865383533746,40.226878287460664
185.71000055367685,153.02919541481492,149.04744440226628,152.3242530822754,134.04526,89.49805,112.1359,80.69358803207462,13.96325986100312,40.893293010029765
185.810000553975,153.67112723733842,148.2345192815474,154.26494216918945,133.50473,89.62082,112.102585,67.99244983473282,12.076838856235417,41.56854239847124
185.91000055427313,154.2430056112865,149.0974147012956,154.2143268585205,134.14143,89.869125,112.05946,71.77483349697661,13.359623633709347,42.18354211030993
186.01000055457126,155.5279200578409,149.30588683960056,156.95920753479004,134.24011,89.41462,112.01129,57.30838099390083,11.802112584777955,43.51662855393465
186.11000055486943,154.86225580397667,150.12090057873138,155.33568382263184,134.44342,89.479195,111.98901,69.0480962425758,11.526256720909796,42.873242132101666
186.21000055516757,155.21669511232403,149.23496848273334,156.7656993865967,133.55048,89.40533,112.04901,61.993262464828334,12.47851952946394,43.16768388185528
186.3100005554657,154.96203848924134,150.18340353352085,154.2394123077393,134.07024,89.43608,112.066,75.82718488407424,13.305464681013666,42.89603659715149
186.41000055576384,155.38848947450995,150.062323798188,156.53789520263672,133.87764,89.80585,112.14427,66.278381641162,13.130639390362617,43.244217623924015
186.51000055606198,156.24507883615857,147.63474708209506,158.30800247192383,133.68098,89.80884,112.07514,51.05690601854709,12.639357181036505,44.16993692942029
186.61000055636012,155.0397384858299,148.1663464364007,157.20934677124023,133.64204,89.43158,112.03229,60.14795843261184,11.91890944937386,43.00745088817365
186.71000055665826,153.37709049710028,147.05683150318126,154.4166259765625,133.58469,89.84838,112.12663,66.89609164992879,11.94194724179041,41.250457806670596
186.8100005569564,153.82095330239267,147.4688403269084,155.43222618103025,133.80064,89.753365,112.08955,61.54791013273918,11.616625476336162,41.731407098779385
186.91000055725453,153.91826828570169,146.40289583518734,153.57823371887204,133.7515,89.874504,112.144615,64.88165878686033,12.580304414051742,41.77365311236184
187.01000055755267,154.50026748142,147.58029071127865,153.92302322387695,133.65381,89.587975,112.07609,68.62316959061187,12.149051082183293,42.42417952975984
187.1100005578508,153.90344348527918,145.88564376465138,153.09323692321777,134.12056,89.82701,112.03172,67.40018294539361,12.696185440001912,41.871720462818246
187.21000055814895,153.37852531700725,145.81584078745306,153.32726669311523,134.23541,89.67314,112.05534,65.29537266399424,12.934619136870722,41.32318168907756
187.3100005584471,155.22991227580994,145.83652469808823,158.24495697021484,133.88904,89.84625,112.08497,47.729344762050935,12.219699720369396,43.144943708915406
187.41000055874522,154.3552841180774,147.18143195099682,155.9932270050049,133.76137,89.99317,112.02275,47.64710361940849,10.7012728992334,42.33253326358522
187.51000055904336,154.425133143828,145.96891252866845,156.31803131103516,133.48955,90.04632,112.137146,46.53002536219562,12.143806307408296,42.28798714773424
187.6100005593415,153.46133460125438,146.1152154234864,155.81660270690915,133.22113,89.961945,112.10697,45.028261097528336,12.153711518399227,41.35436286053172
187.71000055963964,153.3310340598731,145.23407917342885,155.69778442382812,133.78975,90.258316,112.20894,43.618617646596924,10.812050068474969,41.12209546124029
187.8100005599378,153.025916081127,145.10712191965177,155.12092781066895,133.96252,90.066795,112.1564,40.70027196588523,11.258523590910679,40.86951349323638
187.91000056023594,152.49828481631232,146.0745536871284,154.95674514770505,133.89792,90.22494,112.2433,43.486995901071005,10.989176420564498,40.25498342471076
188.0100005605341,152.53164046970477,145.8845576126989,156.10160636901855,133.9143,90.3695,112.242165,40.266180331715155,9.996318630350933,40.28947585788836
188.11000056083225,153.09746945014288,146.96802461900108,157.46539306640628,133.73155,89.73284,112.13324,40.61174493485734,10.981206660244817,40.96422970404913
188.21000056113039,153.36857079021357,145.74715254651747,157.27555084228518,133.58846,89.71448,112.162506,38.34133940470211,10.396284704986726,41.20606468669794
188.31000056142852,153.7796680455377,146.14007087481872,157.29086303710935,133.7134,90.055786,112.21551,35.712715327097726,9.844892711749601,41.564160538213486
188.41000056172666,151.95016525590796,145.1790486464588,156.8080177307129,134.0909,90.12177,112.277794,39.79722164937019,9.933013482740296,39.67237137163062
188.5100005620248,152.30613648672903,145.2695900500059,156.6950855255127,133.71954,90.06833,112.23036,37.29512611407124,9.469469908468135,40.07577454825247
188.61000056232294,152.90476554784237,144.55779637764397,160.42951011657715,133.7915,89.6574,112.123924,37.73058124711091,11.393711674763024,40.78084129247128
188.71000056262108,154.18842506955554,145.57751533453416,160.69401931762695,133.69214,90.0256,112.13054,43.58744370530604,11.831063637701583,42.05788612912585
188.8100005629192,154.5344069838838,146.9863460976824,160.0249481201172,133.64967,89.9936,112.15797,46.020301484478935,11.093419327727629,42.37644037011427
188.91000056321735,154.15111392590057,145.75241848757324,161.1506633758545,133.84067,89.992714,112.294106,41.399269840889154,10.911949207084524,41.85700839611542
189.0100005635155,154.2612136470082,146.28812295012622,157.5170154571533,133.62791,89.72556,112.15601,55.49131986677566,11.999978178556587,42.10520015823866
189.11000056381363,154.1262925284553,146.75589167947868,154.96390342712402,133.81642,89.89834,112.22445,69.62523102062475,13.56298906327656,41.901843370740465
189.21000056411177,154.1014875162651,146.15019515149598,155.96988487243652,133.45392,89.741806,112.165886,62.66949428816028,11.81832490484048,41.93560159097214
189.3100005644099,156.53952643248553,147.57321192911394,161.47804260253903,133.67302,89.84913,112.18203,47.35090006662346,11.970171144960043,44.35749670836444
189.41000056470804,158.46655857219866,145.94653781064505,172.23453330993652,133.6925,90.01107,112.10689,28.006339361794787,14.022452312303567,46.35967075481585
189.51000056500618,159.24208567257605,147.94562360365614,172.32384300231934,133.91992,90.01619,112.271675,28.7078380395506,14.319199153315115,46.97041056271277
189.61000056530435,158.48608668929333,147.87316911607434,170.59261131286624,134.02605,89.65683,112.282196,31.66603961755494,15.541837585067244,46.203890644371455
189.71000056560248,159.90456832754992,148.29154857876392,172.5934066772461,134.03577,90.45777,112.201256,32.281939805483304,16.625330399542285,47.70331252921008
189.81000056590062,159.63477619493074,148.34405638940996,171.8330078125,133.5051,90.205154,112.20606,31.498847941995358,15.38368598777218,47.428713878036206
189.91000056619876,160.30919836373582,148.16494293273877,174.57682800292972,133.424,90.4536,112.15957,29.92305722990222,16.820646400641603,48.14962957711472
190.0100005664969,161.0385191836625,148.29738042756713,176.42290878295896,133.66066,90.30717,112.18901,26.443563273774213,16.452852364633635,48.8495085635453
190.11000056679504,159.95094151745874,148.0828448111872,172.97236633300784,133.71202,90.21492,112.22693,31.219240378033415,15.268721984978143,47.724012806521245
190.21000056709318,161.41881018183201,150.39666232712074,175.7730579376221,133.70526,90.31281,112.19954,27.086253433739053,14.889296082414145,49.2192709972617
190.3100005673913,161.28510976390425,148.49840134911113,174.77706909179688,133.70203,90.35759,112.22921,31.33596868595716,16.408141005861165,49.0558998640019
190.41000056768945,159.16924829809744,148.84926788793575,171.99774360656738,134.12003,90.3116,112.33527,29.420524484557347,14.757565515270565,46.83397455542166
190.5100005679876,158.41047810077754,146.94492215370772,169.5961208343506,133.88954,89.99446,112.33729,27.84385608593215,14.095277792560266,46.07319019794551
190.61000056828573,158.8926085513309,148.7775714334538,169.29098320007324,133.5005,90.021774,112.19218,31.92427641566498,14.240551091172291,46.70043173248325
190.71000056858387,158.12974490891588,148.35267029906348,168.3581085205078,133.596,90.219986,112.249886,39.571576428195,15.877645679487557,45.87985934983385
190.810000568882,158.01750642891577,148.1683734768777,169.15200042724612,133.51746,90.24795,112.26476,35.21944364874726,16.014461888001037,45.7527435504978
190.91000056918014,158.65596711679535,147.06606365603318,172.52263259887692,133.54318,90.1726,112.25408,27.292939405075103,16.03645582430389,46.401885390721134
191.01000056947828,158.00577574527628,148.26851806518653,169.3238754272461,133.37894,89.875725,112.212776,32.307877783459865,15.82240472664334,45.79299956119425
191.11000056977645,160.04020412951363,147.59742783470978,172.78985595703125,133.96262,89.96987,112.166725,34.412816567391836,17.548732090337207,47.87347897082222
191.21000057007458,159.3034081926454,147.88470580347246,172.19964408874512,134.02638,90.17589,112.28993,41.72761506436964,17.610935478588114,47.013475941668844
191.31000057037275,157.91848994000597,147.5729891611613,169.5273609161377,133.82167,90.0231,112.11476,34.56532411677957,16.00327831829813,45.80372858746691
191.4100005706709,157.17036910924003,148.38643051928085,163.57750892639157,133.63913,90.32905,112.18546,57.51611053671202,15.577198642280374,44.98490615757987
191.51000057096903,155.18156580876007,148.8288232390162,158.30690002441406,133.83713,90.17666,112.253136,71.06928703013733,17.021312210928627,42.928430127607726
191.61000057126716,155.17458536587526,148.25304505541075,161.1236591339111,133.32898,90.36294,112.19344,63.70839257738811,16.510348030997985,42.981142067535416
191.7100005715653,156.01191791598364,148.7952760289327,160.79514312744138,133.57924,90.62499,112.295525,61.266194858015524,14.660430958206765,43.716393318815676
191.81000057186344,160.86397109391123,150.1917384091994,174.74246788024902,133.71935,90.38691,112.259636,37.36224383206465,15.96767141602811,48.60433516861826
191.91000057216158,158.78194120812006,149.35135224035128,167.06408691406247,133.71033,90.4149,112.22158,43.96063768155376,13.99010866814604,46.560360702748966
192.01000057245972,158.760692564249,149.4075949506508,169.11089515686038,133.79791,90.500885,112.29956,47.05195005806097,15.415589496412533,46.46113201737401
192.11000057275785,157.65324348657077,149.7852907462848,165.47998428344727,133.93076,90.28918,112.2729,55.34633442286787,14.841461407506849,45.38034004418796
192.210000573056,155.61163814938482,148.39199076529792,159.2730655670166,133.9384,90.789635,112.40614,62.136272631413355,14.125302175871132,43.205494960908254
192.31000057335413,157.2189191761396,149.09132555710804,164.0728492736816,133.64926,90.829254,112.437256,60.491171904851576,17.737064350937843,44.78166331676459
192.41000057365227,156.57034870640632,149.28157530738105,162.417724609375,133.77365,90.61333,112.36933,65.14718826903126,16.850562130532538,44.20101734654304
192.5100005739504,155.99399383868416,148.7587408924179,161.40874671936035,133.61479,90.699425,112.31482,64.85843871435702,16.57267489782247,43.67917450274666
192.61000057424855,154.95069061503798,148.8385036172722,158.83734321594235,133.4941,90.54779,112.36993,67.66922493231088,14.882501991266828,42.580764162401266
192.71000057454668,156.8058769025706,147.47539547097674,167.90793228149414,133.0967,90.37297,112.26863,47.31871704381674,16.753796371378552,44.537245921125276
192.81000057484482,156.08335279507878,148.3789593508299,164.70686721801758,133.65976,89.99739,112.313614,53.10625708271056,16.157355906205957,43.76973890347722
192.91000057514296,154.4506681757158,148.6963544581815,160.8254508972168,133.69337,90.55935,112.35291,57.280688634814474,14.614037464150524,42.097755272883774
193.0100005754411,155.9697136028915,148.2490353420389,164.95806121826172,133.76988,90.436584,112.31134,41.15360579597848,14.318411735986526,43.65837327086024
193.11000057573926,155.2755901542227,147.49494131806372,165.41354179382324,133.72331,90.59543,112.377396,39.80136397548393,14.68507275034971,42.898194524339885
193.2100005760374,155.86972308390511,148.94318330125938,163.32309341430664,133.9346,90.70769,112.31978,45.27749563794817,13.426742945888588,43.5499446415223
193.31000057633554,156.93765143392548,147.84835597403423,166.80387496948242,134.02197,90.23968,112.18377,36.39551522723028,15.500762460032039,44.75388220785126
193.41000057663368,159.05404163526035,148.4095029792816,171.44768714904788,133.62808,90.30173,112.25694,33.031395119995665,16.893610075870594,46.79709888623691
193.51000057693182,159.65968688192868,148.5783211565513,172.91765785217285,133.70949,90.479225,112.27372,30.301582550031565,16.185779918969516,47.38596709433102
193.61000057722995,158.61335041441063,148.50605169550883,171.2910614013672,134.08748,90.26917,112.2917,38.280343001276044,16.60460656157476,46.32164814390282
193.7100005775281,156.91055046434164,148.0679844094695,166.48353958129883,134.07321,90.4001,112.301704,50.285845129200055,16.205402187074334,44.60884605760336
193.81000057782623,154.28409176015617,148.30962766712898,159.07334899902344,133.6114,90.355576,112.28837,59.91496024398022,12.500027055822976,41.99572353505852
193.91000057812437,152.58310499681426,147.4802606035289,153.99918937683105,133.85658,90.45847,112.23759,69.23981651459736,12.293797235902996,40.3455180217166
194.0100005784225,153.73599930193316,148.99191687299574,153.31203269958496,133.79639,90.44218,112.27977,76.90513648695328,13.328948376229716,41.456229404472225
194.11000057872064,154.29563624792024,148.07257081602785,155.424768447876,133.80316,90.5421,112.2591,67.85477983387852,13.493516865702885,42.03653438024446
194.2100005790188,155.55908482216566,149.30339493358926,157.66366958618164,133.80203,90.55826,112.270775,64.4746703882677,13.708053955012799,43.288309980857065
194.31000057931695,154.53784171362753,148.19672514551834,157.25859260559082,134.0824,90.44091,112.3087,70.29822683774121,16.156471411302498,42.22914115210409
194.4100005796151,154.99090497524253,148.07283669524344,157.31810188293457,134.27425,90.22243,112.33177,68.73231780838026,15.604130785629616,42.65913312465659
194.51000057991322,151.56189875566244,147.7641904390306,153.1055145263672,134.01585,90.27857,112.2943,73.28797182658955,12.317684298268912,39.267602491014
194.61000058021136,151.85099214347932,148.37918127717066,156.9878807067871,134.35275,90.01708,112.355896,60.15910849359969,11.258232928664816,39.49509614738557
194.7100005805095,152.57634931738983,148.36618268556543,157.5036315917969,135.05754,90.24832,112.4839,61.18566100152129,12.610206417278741,40.092447339850764
194.81000058080764,150.93107694177777,147.1196190234092,156.3424472808838,134.95624,90.33553,112.4152,60.85130727371139,11.745761625628367,38.51587766199262
194.9100005811058,151.6011914139598,148.5409083987693,155.19622039794922,134.34177,90.23651,112.254745,66.47061449894134,11.1575541448568,39.34644593056137
195.01000058140394,150.88166207000225,147.49433731518204,156.87981414794922,134.31743,90.06315,112.19413,58.164346506584025,11.741839229142258,38.68753212615459
195.11000058170208,150.45559890851823,147.71943609053184,156.72997093200684,134.16232,89.9237,112.24852,44.38556922076925,10.690314435878129,38.20707901105729
195.21000058200022,151.40006450885133,147.72947388244188,159.11991500854492,133.97414,90.08251,112.206955,49.83121707122868,10.986729586633345,39.19310955279664
195.31000058229836,153.10171311595016,147.54510041563915,161.88012504577637,134.4079,89.81149,112.16286,37.01659665871221,10.677695341003444,40.9388560602861
195.4100005825965,151.861446935661,147.96105517319543,159.98956108093262,134.3842,90.23115,112.27801,52.305300132140424,9.589886099060507,39.58343942833679
195.51000058289463,155.4171784563732,148.15292811832077,161.62606048583984,134.2358,90.15807,112.27644,53.54018324236875,13.690255765206938,43.14073497492788
195.61000058319277,153.73198338024605,148.72602589620197,157.64435386657715,133.9372,90.255226,112.25079,67.48760905601468,13.504543574482542,41.4811899232148
195.7100005834909,156.47432846223583,148.63883707487136,164.7665615081787,134.35106,90.27889,112.302315,55.066409944566615,15.173612863389577,44.17201370393505
195.81000058378905,156.62477408707443,148.7788731142771,164.4689083099365,134.6981,89.87842,112.22702,58.45497782708041,17.306417434401695,44.39775382340255
195.9100005840872,157.8555069755953,148.5184867974761,169.00462532043457,134.64818,90.12694,112.361374,40.55713365431836,15.548789226297522,45.4941330742281
196.01000058438532,155.93389400367997,149.1290606430871,164.76546478271484,134.7398,89.8791,112.283356,51.03431723334929,14.242750354035056,43.65053829078934
196.11000058468346,154.84638006530105,147.7510643493262,161.1839599609375,134.9707,89.694466,112.313034,58.29720680940414,14.310090408684399,42.53334600768386
196.2100005849816,154.05343178268276,147.5879234814053,158.68589401245117,134.59703,89.5021,112.28011,66.29723595543521,14.366594816555326,41.77331856246792
196.31000058527974,156.26229139120167,147.80508132556454,162.25718879699707,134.70866,89.33709,112.309456,53.42908790708024,15.169466417593116,43.95283551961964
196.41000058557788,154.30995927150042,148.05385718890707,160.14494514465332,134.5233,89.233185,112.282036,61.39021142127026,14.367473450945546,42.0279234438637
196.510000585876,153.5276403615399,148.9563892861541,160.49230194091794,134.43228,89.88133,112.33481,61.13815064569485,11.529571387783001,41.192832011930534
196.61000058617418,154.6158296892668,148.85815706870537,161.8164596557617,134.77176,89.76038,112.40125,58.83084402492544,14.559205591075404,42.21457694268477
196.71000058647232,152.14991984122148,148.76696078744916,159.19818115234372,134.63644,89.941315,112.35978,56.80026865934196,10.515456269887503,39.79014048331132
196.81000058677046,151.97563603373672,147.7606339854874,159.92928504943848,134.48259,89.37722,112.33717,48.25513820757157,11.256291749084482,39.63846257182266
196.9100005870686,152.3482288084542,148.50697813026434,160.36492729187012,134.48224,89.335655,112.36846,52.308228325842315,12.092678622772363,39.979767199567476
197.01000058736673,152.871754237548,148.52494720227236,161.147855758667,134.74576,89.51582,112.44101,50.38038049108485,11.397120222706178,40.43074471606363
197.11000058766487,152.10460573182007,147.66371294443937,159.12360954284668,134.4807,89.47333,112.27243,43.80327913294369,11.783669531175695,39.8321753118982
197.210000587963,152.53441959925277,148.05562015536495,159.93404006958008,134.51123,90.084816,112.536415,52.18360309784963,11.324772635138952,39.998004499155115
197.31000058826118,151.88438629145898,148.27138884900378,159.20923042297363,134.16356,89.65819,112.32817,49.5858316860065,11.06140113829516,39.55621551509179
197.4100005885593,151.85337748767282,147.75143175864582,159.53973770141602,134.46812,89.719406,112.3272,45.277246880318344,10.576894372256241,39.5261756444111
197.51000058885745,151.63324234751514,147.01654077738786,157.55548858642578,134.21289,89.81603,112.40279,41.24888436245802,11.007350419919833,39.23045609263232
197.6100005891556,152.07430580587024,146.86254671799668,155.7552375793457,133.94772,90.15352,112.41198,45.02742395065677,10.874799472840596,39.66232613057727
197.71000058945373,152.33351965353833,147.8833853601933,155.46572685241702,134.56358,89.920975,112.450806,42.81623911447319,10.997652884143802,39.88271398947583
197.81000058975187,152.35217713593315,147.87448908670913,155.65795135498047,133.79453,89.80853,112.28859,36.256300622782646,9.917289705822114,40.063587658394084
197.91000059005,154.16236506027627,148.59429446189142,155.09498214721683,134.06256,89.77753,112.37313,48.14434196394898,11.807856899820734,41.78923426193643
198.01000059034814,153.21325914986764,148.2862665098634,155.8785343170166,133.754,90.00584,112.24966,51.38725230421522,11.422960514699897,40.963602472621545
198.11000059064628,153.74429103895628,148.37342688105375,155.58965301513672,133.5349,89.87071,112.27149,52.349874938610505,12.334465589191073,41.472799034561746
198.21000059094442,153.10581477679722,148.59624160717811,153.52314949035645,133.88332,89.88103,112.31459,73.98934606049797,13.589038164659792,40.791224322695655
198.31000059124256,153.58397371032223,148.9451457297297,154.5282497406006,133.7936,90.11316,112.32967,68.6146249454996,12.878429727092762,41.25429994323238
198.41000059154072,152.73526194445722,148.73135321698695,153.6769561767578,134.23283,90.277176,112.39803,69.22032088213061,12.317402880318545,40.33722880236738
198.51000059183886,155.30083973848323,148.33315339000774,160.23383903503418,133.93774,90.15035,112.32944,56.02047354156736,15.085832262935636,42.97140248262386
198.610000592137,155.57845116089732,149.08582891072396,164.4901466369629,134.15002,89.69249,112.31567,46.47365062267558,14.778410997297076,43.26278496216685
198.71000059243514,155.0213666980548,148.8711225355653,163.34928321838376,133.53316,89.805504,112.19447,52.160392786231554,14.542395018144672,42.82689343145324
198.81000059273327,155.92056835747107,148.39697672404068,163.8521385192871,134.29604,89.62259,112.36374,39.76376249125056,14.537845782876449,43.556829343799194
198.9100005930314,156.89703119523165,149.78216044717936,165.4913959503174,134.44249,89.60921,112.37687,33.49033649854702,13.882850088819215,44.52016199357149
199.01000059332955,156.98106900461755,149.17362364380955,165.8206844329834,134.191,89.7742,112.36045,47.07265811294047,15.38671033900583,44.620618259988646
199.1100005936277,156.12125298393985,149.24239596055088,166.28130340576175,134.24316,89.09291,112.26399,40.70187003602488,13.951595680421109,43.85726067436954
199.21000059392583,155.01584518309872,149.1667285251389,163.09412574768066,133.88277,89.64975,112.34141,48.407352169426055,13.430361716679592,42.67443740721981
199.31000059422396,154.9980081376702,149.66868508672067,161.99736976623538,134.4586,89.86986,112.37092,57.251104466409494,13.961751337176503,42.62708986374443
199.4100005945221,153.7093988037309,150.40509970258657,152.92923927307132,133.92612,89.75219,112.360664,83.51806205098924,13.607918895104506,41.34873443605511
199.51000059482024,155.9325476303512,150.43159475715325,159.83633995056155,134.03851,89.464386,112.34019,61.42845207195395,14.625454951924088,43.59236055759729
199.61000059511838,154.80573844725302,150.40233241873298,161.47584342956543,134.15048,89.428474,112.28859,61.92306373240666,13.873632409835091,42.51714896971396
199.71000059541652,152.83053939206602,149.47554189619495,156.95955085754395,134.48897,89.32061,112.31385,67.74340165028234,12.228818712079422,40.516688989233984
199.81000059571465,151.58894574287703,149.9028757005382,149.64754104614258,134.46887,89.54431,112.24017,89.0882486657372,12.627061731897156,39.34877240303328
199.9100005960128,151.63796371964196,149.86940718116426,149.69967079162598,134.22871,89.28758,112.17353,89.51036339945678,14.051661430559172,39.46443314102868
200.01000059631093,151.1105544968698,149.88724140926516,147.2227439880371,134.45473,89.57264,112.25064,80.67391674410625,13.877151969646604,38.859913627729185
200.11000059660907,150.0322796191473,149.61949898394272,144.976167678833,134.13089,89.57085,112.23556,76.40286970857295,14.085110005344598,37.796722062994945
200.21000059690724,151.9721365002006,149.28698216048744,152.99915504455566,134.2634,89.472046,112.241684,80.25343728815588,14.921145712499264,39.73045254023967
200.31000059720537,151.1295227576266,148.9919507326268,149.24971389770508,134.18187,89.6818,112.3083,89.35583908439934,14.762550306181783,38.82122655401332
200.4100005975035,151.52786742968073,149.66818860890294,149.31137847900388,133.81985,89.60834,112.28705,89.06316948104494,14.299931573666862,39.240819089836975
200.51000059780168,149.87980545108704,148.43083301913157,146.81524085998535,133.87521,89.59726,112.24073,85.84078089934084,13.34366451164559,37.639075165442506
200.61000059809982,149.9690316669915,149.15366907828715,149.73281860351562,134.41724,89.46077,112.28813,88.54660160255995,13.376187094249525,37.68089995312431
200.71000059839795,151.31096351866407,149.4274645865583,153.6987609863281,133.78116,89.17007,112.21793,78.0595161565582,13.205544701526485,39.09302986387891
200.8100005986961,151.3590703417032,149.0365134406147,152.34135246276853,134.37717,89.74118,112.42626,81.14868224404067,14.63012216013399,38.93280843984772
200.91000059899423,151.5358363917043,149.63949870072202,152.50177383422852,134.01668,90.080574,112.24457,82.50842390198356,13.219025396466494,39.291268520610544
201.01000059929237,151.51606681965356,150.01733101128957,151.76444435119626,134.01944,89.629105,112.17072,85.95388417995608,13.984648469483618,39.34534385822778
201.1100005995905,152.6890048242923,149.63590446002573,151.9908676147461,134.46759,89.046196,112.18617,84.37273134293558,13.31683636324404,40.50283233894075
201.21000059988864,152.58922409846843,149.28784679165847,152.17367362976074,134.22267,90.12251,112.273674,83.06225582948404,14.318571407517025,40.315550087237966
201.31000060018678,154.41354352242735,149.56090775877834,157.90901374816895,133.94681,89.732025,112.2283,75.50343768322934,18.60881746628558,42.18524152047422
201.41000060048492,154.76345293161387,148.92025795562282,158.3328628540039,134.20184,89.633,112.20006,72.36597606174598,18.223349338728404,42.56339494821543
201.51000060078306,153.87334360303646,148.25892944396924,156.10794067382812,134.29182,89.46311,112.26045,74.57037551870448,17.0564070866799,41.61289133252865
201.6100006010812,155.05340317479693,149.12706998707677,157.07814025878906,134.36914,89.36021,112.244225,72.3187135742689,15.473181952530375,42.80917862645708
201.71000060137933,154.8146547049107,148.91269935711588,158.86256027221683,134.07945,89.51414,112.233086,70.70721121982885,17.2987452461788,42.58156907258649
201.81000060167747,156.00893927346246,149.79558121691122,157.16685676574707,134.40622,89.25867,112.29872,76.68206112869213,19.098219006613878,43.7102179599859
201.91000060197564,152.95769909282583,148.44550801314514,152.3247890472412,134.31415,89.39403,112.174835,81.82368336959865,16.26046699245976,40.78286388774771
202.01000060227378,154.76259308608806,149.2217297999979,156.44265365600583,134.39165,88.94101,112.22083,73.34378207473269,15.84668462598469,42.54176026138103
202.11000060257192,153.64700158162626,149.17349064169076,153.52748489379883,134.42363,89.54301,112.228325,81.28509083288799,16.12578283874324,41.41867669148954
202.21000060287005,152.8916496002989,149.19236724572977,152.27159881591797,134.45506,89.587906,112.391365,83.61494109194643,16.16506032880661,40.500284549029374
202.3100006031682,152.989950446077,149.09924441733233,151.795747756958,134.57332,89.13307,112.2875,84.1381986753539,14.657925378765258,40.702451971955895
202.41000060346633,151.60418909315587,148.63971657146936,151.7863121032715,134.20543,89.46199,112.28614,83.09712886697906,13.69511777275611,39.318048651261336
202.51000060376447,150.96237110494366,148.62763449213773,150.7176971435547,133.91074,89.36617,112.222946,85.32362769535932,12.274567737886159,38.73942493795147
202.6100006040626,151.2755819322211,148.629639418958,147.61551666259766,133.96147,89.80176,112.268654,87.80728428036535,16.17955578633769,39.00692806259218
202.71000060436074,151.22893867047065,148.89892250018346,147.95014572143555,133.8908,89.98988,112.37183,87.90146757875678,14.930132507055182,38.85710486920112
202.81000060465888,151.51299471320573,149.3021155005927,146.4846897125244,133.98062,89.68394,112.314644,83.8027776013489,15.092555115433136,39.19835085334245
202.91000060495702,151.5631306404496,148.1670538630131,147.38834762573242,134.2473,89.85399,112.32864,88.28221789040224,14.731277709681024,39.234486841621475
203.01000060525516,152.13451613603655,149.02895072552798,150.2493743896484,133.78299,89.65629,112.22218,87.26248854218314,14.876812169831183,39.91233290849749
203.1100006055533,151.03181846582785,148.4336044348115,147.51815032958984,134.26123,90.175674,112.433464,87.71766428842288,14.650292140022668,38.598354415534885
203.21000060585143,151.4078188663577,148.5528307639533,148.67630767822266,134.04617,89.78027,112.354034,89.66696056498232,13.607267329836532,39.053784442529576
203.31000060614957,151.67834361059624,148.00223944379653,149.33148765563965,134.46545,89.91281,112.56625,86.91168839493807,13.442460899938613,39.11208994848687
203.4100006064477,151.17335856618448,149.02418075305383,146.7660789489746,134.57925,89.91037,112.44589,84.61305232663443,14.47452599213241,38.7274662322001
203.51000060674585,151.36710035538252,149.2772923750843,147.9476947784424,134.20517,90.021034,112.420135,86.55633282768724,13.934416859500299,38.946964857335644
203.61000060704401,151.99078211070403,148.87180552798972,148.82626914978025,133.96518,90.00792,112.401924,89.90154545704549,15.999504222519278,39.58885797740325
203.71000060734218,151.31225203774045,149.30038871429713,148.56071281433103,133.8829,89.633644,112.290955,88.42652563986427,14.78103233877533,39.0212974478967
203.81000060764032,151.25605191143384,149.10740552150565,147.95782279968262,133.87895,89.78688,112.36754,87.10673749270578,13.71412119720008,38.888513459285406
203.91000060793846,151.41441844499764,149.1924132538452,148.2871322631836,133.87875,89.882965,112.38202,87.81594111806102,13.707719566484112,39.03239940202889
204.0100006082366,151.36573443714417,148.72319088393834,148.1094264984131,134.00667,89.90073,112.32181,88.48286627907932,13.893767394809473,39.043926575816045
204.11000060853473,150.25789238983677,148.35139936146786,147.9516353607178,134.0162,89.73777,112.342384,88.9345718217002,13.945513363317852,37.91550805145786
204.21000060883287,150.05238125066722,148.022414511628,146.94446182250977,133.83725,89.80516,112.26831,87.40644732270901,13.653801396322365,37.784070703792224
204.310000609131,149.81376429580814,148.29845755658658,145.4079132080078,133.91061,89.950676,112.36012,82.50308618010565,13.772796647053537,37.45364161514408
204.41000060942915,151.49977331359773,148.8166729128904,149.3115921020508,134.38719,90.09585,112.3953,88.80569840881796,14.140145419336003,39.10447149475007
204.51000060972729,150.868852324709,148.82045868737137,145.68362617492676,133.83548,90.28141,112.366615,82.14064178682433,15.098818440686117,38.50223702929884
204.61000061002542,150.41950405062158,148.28722761231933,148.63633346557617,134.00443,90.14308,112.33409,89.14374190898845,14.734295453204126,38.085412864098146
204.71000061032356,151.58065609654068,148.58707327960872,151.50553131103516,134.17236,90.10632,112.45452,82.50209395183646,13.969369288604824,39.12613491734146
204.8100006106217,152.60682816068493,149.16019628450073,154.6485481262207,133.65111,90.12239,112.403076,77.53070006300479,15.194615910967961,40.20375198880993
204.91000061091984,151.73518946089683,149.21173636042337,152.63585853576657,133.84645,89.90116,112.339264,81.79329300740447,14.336434895378934,39.39592554488121
205.01000061121798,153.16509605602835,149.8987758920061,155.03952598571775,134.18526,89.7604,112.27172,76.63643916455871,13.784050928533073,40.89337516979788
205.1100006115161,155.07553843113513,149.99436083762384,163.16923904418945,134.27817,89.66654,112.34686,56.15938536569012,14.14717441875345,42.72867563816638
205.21000061181425,155.57010889690045,150.06679732812873,166.54293251037598,133.96245,89.88382,112.31636,53.051251616683516,14.609864828399736,43.25374842326764
205.3100006121124,155.377093454761,150.21431406205602,166.76899909973145,134.27362,89.396965,112.25034,48.72664357472441,13.864348111524444,43.12675013200709
205.41000061241056,155.62082940273544,149.2272903265522,165.48258590698242,134.35173,89.44819,112.33184,50.83562578138212,14.467037737138456,43.28898888759872
205.5100006127087,154.28368718187767,149.0943748053315,163.43433570861816,134.00865,89.31971,112.24867,53.03421990085432,13.111230157305334,42.035014696526105
205.61000061300683,154.40012089839794,148.51469987340204,160.67652320861816,133.77672,89.58409,112.20521,58.42458764557654,14.312042333194896,42.19491307369091
205.71000061330497,156.8787785958562,149.32304671704532,167.050012588501,133.91013,89.616005,112.286575,48.24213326465602,16.073370715208902,44.59220327847339
205.8100006136031,156.951452066536,148.90107778584263,168.27862548828125,134.23587,89.46481,112.26219,49.24961031926915,16.624392580917245,44.68926029407507
205.91000061390125,156.2249881635576,150.18886694538412,166.04557991027832,134.57028,89.276344,112.353745,53.63947051846623,15.274048667184173,43.871243656721674
206.01000061419938,155.9570025271177,149.17995773669153,165.31534576416013,134.39061,89.45398,112.39799,52.249979118990034,15.527629078579443,43.55901516139505
206.11000061449752,155.19191876276804,149.11736041159747,165.61407089233398,134.29861,89.62182,112.43842,52.647304920346706,14.754747589019557,42.75349560602976
206.21000061479566,154.21297812160694,149.2045156629823,160.05503463745117,134.50977,89.37124,112.46737,61.86471774723006,14.556892295216025,41.745609042017094
206.3100006150938,155.70721804860722,150.00049745359962,164.67403411865234,134.43057,89.17693,112.41119,58.67706798838656,15.405404636736627,43.2960318303455
206.41000061539194,154.1307975246184,149.11540346580156,158.84868240356445,133.90019,89.356125,112.36012,68.56076921217297,15.436963955463035,41.77067484395434
206.51000061569007,150.33287220109648,148.78961989405056,155.85370826721194,133.91873,90.01014,112.386765,73.74957744830859,15.664316031535234,37.94610767472929
206.6100006159882,154.74317869080812,149.18570818394113,164.31419563293457,134.08223,89.46143,112.45055,59.06606626874811,16.79037893020257,42.292632426159685
206.71000061628638,153.84503489243602,149.65157213828547,153.65315437316895,134.52357,89.248436,112.41726,80.20622909775028,15.243331002273015,41.427775676127425
206.81000061658452,155.33605647640596,149.96484616506015,160.29455375671387,134.69948,89.22243,112.31913,65.10832429381195,15.160903534669599,43.0169265325583
206.91000061688266,155.58322905931658,149.35172695888699,163.4604835510254,133.99951,89.824615,112.25547,58.49037635886869,15.601305647902414,43.32775878343767
207.0100006171808,156.6474655968593,148.58640976623,161.26453399658203,134.0205,89.469536,112.32073,63.84054560562647,17.97719858380258,44.32673348016007
207.11000061747893,157.8748350579826,149.94136894463924,166.2702121734619,134.12262,89.74672,112.30476,59.058964578753404,18.67196345399288,45.570071264037296
207.2100006177771,155.76669565840757,149.9494788873491,160.8581638336182,134.36845,89.31212,112.30633,65.54358243590302,16.22730229966581,43.46036783858335
207.31000061807524,156.08899864802885,149.82013898768682,163.90015411376953,134.41142,89.396194,112.30727,60.3237630845612,15.996020920195747,43.781732412677286
207.41000061837337,156.0208323699458,149.97095305628056,163.97107696533206,134.06445,89.45477,112.28222,61.592333018016404,16.84046869634879,43.738613436840325
207.5100006186715,155.17944999317464,149.10343266524475,158.33495330810547,134.6963,89.64974,112.28672,69.28459326374092,14.980215473469437,42.89272971729574
207.61000061896965,155.86080470456156,149.57926228902133,158.36360740661618,134.47438,89.15942,112.33304,72.36257801771023,16.506669790605045,43.527766374483434
207.7100006192678,156.23524966907803,147.03271008986266,162.93749618530273,134.64578,88.49888,112.24103,57.74191772513116,15.891483653341085,43.99422183704678
207.81000061956593,153.54426380537896,145.5784741012122,158.51994514465332,134.318,88.79863,112.27985,66.44943091223519,16.729281957179445,41.26441761397271
207.91000061986406,154.34488045260125,145.4578019713136,160.41600036621094,134.90685,88.62202,112.383675,60.68253564378913,15.199796194904904,41.961205831019214
208.0100006201622,154.0980188490466,145.8490364294258,159.49615669250488,134.18863,88.89659,112.23252,61.91287102522355,14.236318474412597,41.865497791917704
208.11000062046034,153.63792491231428,147.67962978555144,154.01993560791018,134.44254,89.15917,112.3064,77.35347441381508,16.389365710774374,41.331528427939276
208.21000062075848,155.48203260200918,147.46768626358678,160.28589630126953,134.46921,89.4623,112.35414,65.84405109364144,16.63249988815127,43.12789136665762
208.31000062105662,157.08445527802502,146.78883062068414,168.06580543518066,133.91576,89.268486,112.17766,51.4474395450263,17.452482474017014,44.90679719697033
208.41000062135475,155.2045361896208,148.45256048884036,159.2861022949219,133.95265,89.80141,112.27727,64.63707741657656,15.53045949578917,42.92726873356611
208.5100006216529,155.75629736576917,147.20255117927144,161.87292289733887,134.17989,89.30712,112.24049,57.8294518731399,16.134556170236255,43.51580359135511
208.61000062195103,156.1793490694733,147.6025421362129,164.40356063842773,133.7132,89.42066,112.23858,51.712019208862536,15.291574084823896,43.94077027308657
208.71000062224917,153.69454053331958,149.11154959089367,154.8857498168945,133.36076,89.62733,112.11935,76.94205572961539,15.417011961971632,41.57519391466724
208.8100006225473,153.81467496379872,149.56408677074455,153.75178909301758,133.54393,88.95541,112.18679,79.44862963019195,14.642559174260384,41.62788449749013
208.91000062284544,153.81549423230027,150.03254371600377,156.5690460205078,133.69936,89.32091,112.18602,74.24442846740531,14.384495652687498,41.62947433483933
209.0100006231436,154.56347057893072,149.3619625783748,160.0441970825195,134.26483,89.650475,112.22448,60.672460130225396,14.868482781064403,42.33899090363775
209.11000062344175,153.53633382817773,149.70831703777603,158.33206748962402,133.80551,89.58563,112.216805,65.84386935340679,14.1545630015935,41.3195293237832
209.2100006237399,153.2448488586057,148.58216780152537,157.2433681488037,134.13342,89.88262,112.35866,66.89308581083829,13.569120069124484,40.886191021691644
209.31000062403803,153.51469103271333,149.1074077231135,157.5889625549316,134.32735,90.29338,112.468216,71.51089448491763,16.187715925334647,41.04647509033052
209.41000062433616,153.60239496810283,149.46888578614647,158.69194412231445,134.22581,89.860886,112.28066,66.03411703326444,14.458375963007228,41.321732431481735
209.5100006246343,152.3595356166482,149.27044992728963,154.5257225036621,134.05284,89.660805,112.25386,71.72625707724009,12.816057748024976,40.10567514301539
209.61000062493244,153.1621082555339,149.60611360764904,153.4740219116211,134.20474,89.71866,112.19194,79.24799366964228,12.997098021197834,40.97016794791671
209.71000062523058,154.9935122939807,149.33647012138823,158.73734664916992,133.34529,89.60065,112.155914,63.91067296973884,14.614551741099273,42.837597987340075
209.81000062552874,155.0014689928747,150.24894635683054,156.99935722351074,133.50742,89.95865,112.21984,62.43279870095014,12.129899511430668,42.78162798945672
209.91000062582688,153.79310989323636,149.74295868480993,152.10496711730957,133.49643,90.24882,112.25258,79.98829680912164,11.984623511524175,41.5405311578848
210.01000062612502,152.6387528370543,149.71658945121735,149.48194885253906,133.77487,90.015686,112.21927,89.15556106715917,12.149061871584596,40.41948403822619
210.11000062642316,152.6498574361066,148.76686190415344,149.60442352294922,133.05492,90.42949,112.262794,86.98390192245482,13.67817082125009,40.387062941477694
210.2100006267213,153.39498011719064,149.43188030447223,152.30835342407227,133.74744,89.91733,112.32808,81.18064553774168,12.941548449559145,41.06690089355783
210.31000062701943,153.50529352984307,148.9621728703463,151.93115043640137,134.01811,89.553665,112.24209,80.10758539815549,13.754165143438325,41.26320521197198
210.41000062731757,154.9383070983692,149.96679949131513,152.68199157714847,133.73907,89.49354,112.22545,81.48878217533586,14.3707322761285,42.712858489970756
210.5100006276157,156.4977756979417,150.92634593497075,158.2117519378662,134.09444,89.88862,112.11283,66.26676865732048,13.26654454929951,44.38494458221905
210.61000062791385,156.30970765235122,150.4063404793743,159.73648834228516,133.66922,90.03845,112.20566,60.52683553996891,13.333584323689026,44.104049693366846
210.71000062821201,153.6347669397104,147.82356866276996,150.99711608886722,133.79364,89.780846,112.17916,79.13722652579551,12.51437056489649,41.45560586793306
210.81000062851015,154.0176965741719,148.57126269504417,150.87725639343262,133.53194,89.91581,112.179794,82.06596246408023,12.164198766374096,41.83790226264847
210.9100006288083,153.67394544245607,149.18962565238337,153.48022651672363,133.414,89.363464,112.00131,75.01711813099695,12.63070452208142,41.6726331865967
211.01000062910643,153.56374627810246,148.68317116021538,150.17761611938477,134.1103,89.65082,112.14902,84.04856796888839,13.279200036769216,41.41472894411808
211.11000062940457,153.16589087501848,150.26361669148568,150.47781562805173,134.10204,89.215775,112.038345,89.31350433857794,13.372293739304752,41.127545538104414
211.2100006297027,152.68567730031012,149.28953648299623,148.96006202697754,134.19562,89.312775,112.10495,88.8667544612421,13.25020532733625,40.58072734913824
211.31000063000084,151.92660526760807,149.7651966805462,147.74352836608887,134.21054,89.570885,112.08585,83.68105649845484,13.409620903152792,39.84075169094791
211.41000063029898,151.72333160534885,148.8552179801569,148.7740802764893,134.24457,89.421326,112.095856,89.7505392049056,12.506283459063491,39.62747589245822
211.51000063059712,151.9411506124723,148.51015760877624,149.4728775024414,133.9734,89.674614,112.14543,86.982906358758,13.272641678126607,39.795719093917626
211.61000063089526,152.28949006058428,149.4898394760754,150.33143615722656,133.7942,89.42015,112.16456,86.57999888265033,12.263186853597826,40.124931649939754
211.7100006311934,153.0897224314148,149.1847664172129,150.73511695861816,133.51868,89.26886,112.12698,83.96768765563172,12.520850208126971,40.962738788836674
211.81000063149153,152.0129176940323,147.90299236440924,151.2836151123047,133.92563,89.80399,112.25337,78.25060981989367,12.5161942505352,39.759545501649484
211.91000063178967,151.75932992366174,148.16284182736817,151.9668197631836,133.63669,89.91686,112.15058,74.73912688208942,12.391475562403297,39.60874856379846
212.0100006320878,151.72560941729077,148.76234339981627,153.6095085144043,134.01157,89.87644,112.202385,72.59235525304612,13.012889666858491,39.5232244685603
212.11000063238595,150.57079003482468,148.60047363415418,151.32511711120605,133.9438,89.95551,112.21523,80.59762479251573,11.723242988675306,38.35555718570359
212.21000063268409,151.94173116493502,147.74809800597023,157.12264251708984,133.82236,90.31245,112.24781,58.705005103282986,12.557826087590891,39.69392080116549
212.31000063298222,152.6662138990106,148.57171914445982,157.87497138977048,134.0391,89.60749,112.26867,58.79084488589179,11.749877761869781,40.39754477059262
212.41000063328036,152.80728749170942,148.42339998240664,159.91127395629883,134.18494,90.03841,112.31823,50.4955980983476,13.591511758368975,40.48905781641645
212.51000063357853,152.85727920505983,148.07548062197213,161.6625804901123,134.36047,90.12018,112.39745,42.57372302186906,12.670502356137083,40.45982589695436
212.61000063387667,154.09540932912503,148.7899305464076,163.31631469726562,134.17007,90.07952,112.347046,31.78371607215797,11.938587442061452,41.74836343068753
212.7100006341748,154.90294910396346,147.62988170559743,165.11627769470212,133.935,90.17317,112.214584,32.53907276867367,13.476745402597558,42.68836475337753
212.81000063447294,156.80334088892846,148.63872452758008,166.7587375640869,133.90494,89.89276,112.237404,38.43973352910592,15.38581089055177,44.565937019299554
212.91000063477108,156.26634547148598,147.00861157692498,164.0731620788574,134.10551,89.61715,112.26343,50.4877386634431,16.253626567907947,44.00291773711098
213.01000063506925,154.61946822360395,147.67853670249835,156.87163734436035,133.62453,89.72016,112.23219,70.93191990242401,16.732097767145973,42.38727523043988
213.11000063536738,154.53900290680025,147.0547570427545,159.55363273620605,134.28323,90.236015,112.30464,63.07512843769154,17.377775389919805,42.23436118316744
213.21000063566552,157.39768329203315,148.83952769730018,166.818021774292,134.14572,90.139404,112.379906,54.16255162433768,18.121059307990162,45.01777759134956
213.31000063596366,156.40425126087788,148.26380115999973,164.52235221862793,133.6079,89.92844,112.281334,54.07034337665182,17.431880935523218,44.12291733753804
213.4100006362618,155.74314794648686,148.56521737566,162.01185035705566,134.19414,90.34943,112.40803,62.76529552973728,18.121180481780495,43.335120297561076
213.51000063655994,155.56832953615142,148.13312015182777,164.01817321777344,133.70631,90.29715,112.27125,59.142343634991164,17.464850116504174,43.29708167238189
213.61000063685808,155.56279108820675,148.0220895915104,164.68146133422854,133.9952,90.68416,112.337814,52.93130466412459,16.59472323347162,43.224976757152064
213.7100006371562,154.71490551363428,149.40987439235622,159.6460952758789,133.64522,90.57565,112.3046,66.05126765611612,16.019904673708034,42.41030193697412
213.81000063745435,155.7057020826515,148.36751690566493,162.85235214233398,133.46335,90.35722,112.25511,61.835228906513,18.171509146675625,43.45059038831556
213.9100006377525,153.88453939558397,148.07845633588343,158.3110752105713,133.48549,90.40358,112.27829,71.15001966051443,18.126567152538453,41.606249600662096
214.01000063805063,153.7366073758144,148.41003106023481,160.60865592956543,133.4789,90.28729,112.20595,60.184575679647686,15.50332098202282,41.53065949983784
214.11000063834877,153.07611521496156,148.06524660337647,158.73919296264648,133.9237,90.3391,112.25673,63.66584910437291,16.36988890218098,40.819386088985
214.21000063864693,156.1187375176771,147.69385067202586,164.2967700958252,133.82042,90.35764,112.27492,54.57411070553683,17.759238943074468,43.84381991513803
214.31000063894507,154.37672805704887,147.78628736720097,158.9687728881836,133.58673,90.3528,112.323395,67.94260462399521,16.923038307948726,42.05333328165824
214.4100006392432,156.47632873956147,147.1256646202813,165.26516723632812,133.95418,90.57971,112.4185,48.74604187022617,17.48140161111587,44.05782593194428
214.51000063954135,157.0787086278698,147.5384989707209,167.7895107269287,134.08438,90.62878,112.51444,40.44884276786526,16.997163323661873,44.56426618402213
214.61000063983948,154.98310428788568,147.7395149279746,161.9261589050293,134.11859,90.601295,112.481674,63.15269370984039,18.859232785328064,42.50143009354974
214.71000064013762,153.56200855634557,148.5816337591548,158.3701343536377,133.65593,90.76338,112.481255,69.55563535677379,16.594545409459435,41.080753978708856
214.81000064043576,151.47232871714417,148.26038890872167,155.09858512878418,133.92725,90.91655,112.47553,73.9758555091557,15.130648037004615,38.996796185405884
214.9100006407339,150.99160411312297,148.41113265088615,153.66454887390137,133.53433,90.65867,112.39582,73.41464706048701,12.560251464371902,38.59578349544719
215.01000064103204,152.08025827880792,147.03199896137778,155.79990577697754,133.79678,90.391335,112.37584,64.22787571129936,14.207558094827421,39.70441904540948
215.11000064133017,152.18037822888448,147.37810555693628,157.42632293701172,134.1311,90.560486,112.46598,62.39587024532873,14.498173285993817,39.71439769909932
215.2100006416283,154.3074656133288,147.6268651399681,164.41846847534183,134.23659,90.160576,112.449715,44.4517518558627,14.996003661964448,41.857750952684256
215.31000064192645,151.1210377774408,148.33989542984753,159.0940227508545,133.77515,90.38956,112.39973,54.97597969520662,12.095310042641753,38.72131090976501
215.4100006422246,151.351846597918,148.71300785299496,158.71711921691895,134.03255,90.2348,112.47659,53.35943757599949,12.592978399664332,38.87525358033989
215.51000064252273,150.32270181282365,147.92432977446168,155.56398010253906,133.91835,90.20897,112.489204,62.0717826982531,12.62887590948272,37.83349740608537
215.61000064282086,150.91506080809313,148.86583755456573,158.1873264312744,133.63004,90.499886,112.41135,54.61803687657401,13.675417213653548,38.503714372546256
215.710000643119,153.0421081772462,148.08709434429994,164.27475547790527,133.69456,90.11141,112.33686,44.391170869434895,14.103359408733365,40.705247520507925
215.81000064341714,149.9949798453989,146.79963738359896,156.12371253967282,133.98138,90.19858,112.31929,65.95612675226168,14.296997348117445,37.675689684266075
215.91000064371528,151.12296663417396,148.99405686632335,156.54726791381836,133.68414,89.81489,112.32222,66.3460289905984,12.89522566438277,38.80074678554115
216.01000064401345,151.63598844356116,148.44713647112096,158.85803985595703,133.72318,90.217094,112.44775,48.543365268436226,13.84825346603072,39.18824216670569
216.1100006443116,151.5260965784246,147.69971810027565,156.0361633300781,133.73224,89.94385,112.31651,57.5459445514924,12.075679170478978,39.209583516901176
216.21000064460975,151.1081144678282,147.69031789034105,158.8186435699463,133.69554,90.26228,112.38933,59.933953518800585,14.559591165550072,38.7187864648985
216.3100006449079,151.5532783005691,148.00644003230033,155.75225830078125,133.8915,89.858505,112.41608,73.86713734443858,15.791046483183429,39.137201640412854
216.41000064520603,152.80676871938056,147.81335955100664,162.72976684570312,133.8357,89.83013,112.28784,56.67773214097769,15.87122799969551,40.51892692250556
216.51000064550416,154.62087465661844,148.29042173060867,167.40973091125488,133.85641,90.19029,112.306816,40.81540872782743,14.610529105457724,42.31405855554422
216.6100006458023,154.96900703723543,147.9092294706715,166.63217353820804,134.08325,89.921326,112.38358,39.64434068356707,15.026208138004316,42.58542396838777
216.71000064610044,154.7096868080309,148.79138897134246,167.1088924407959,133.69789,89.681946,112.28555,38.32341928052315,14.014133934199377,42.424133829515284
216.81000064639858,155.54868632003365,149.08924759606379,167.5464954376221,133.758,89.73626,112.177,41.186614585666156,14.55003262251216,43.37168436690865
216.91000064669672,153.40378774013,149.02933944043497,160.61880683898923,133.73743,89.263855,112.10001,52.415237811052116,13.351097090743448,41.30377400721986
217.01000064699485,154.71774759153078,149.24085569496063,165.13297271728516,133.87553,89.68454,112.283936,33.78682087284927,12.81709842863031,42.43381204465578
217.110000647293,152.12602115215307,148.1276549317187,160.34729957580566,133.94067,89.86482,112.24892,49.978223601866986,12.675666141780484,39.87710452617651
217.21000064759113,151.45482854053947,148.70840760253125,159.29499626159668,133.72028,90.3356,112.32043,53.2328777421226,12.759047188022867,39.1344015996215
217.31000064788927,153.10652068622315,148.62207219697873,160.21641159057617,133.90233,90.007935,112.2172,56.0801233042866,12.73467746716446,40.88931945331299
217.4100006481874,152.42563449068334,148.79278461386164,159.29912948608398,134.1869,90.499115,112.35547,57.39912417752196,12.33871035300619,40.070165740683336
217.51000064848554,153.60198822488974,149.26131756033163,161.59707260131836,134.093,90.21221,112.268135,49.31000237200549,12.571314065410178,41.333853154088956
217.61000064878368,153.37471459462157,148.3457955315435,162.60666847229004,134.37851,89.813065,112.25523,49.93253693762651,13.821717834258932,41.11948082997313
217.71000064908182,151.57177214340714,146.34753981787713,160.12919616699222,133.68098,90.27557,112.30244,56.31287025977306,13.178718206143168,39.269335314793864
217.81000064938,151.1465021482131,147.45487480559987,155.88649368286133,134.00237,90.30855,112.35927,63.42393645397002,13.236973884589155,38.78723395973654
217.91000064967812,150.60605174513887,146.97514517987662,156.6132774353027,133.8611,90.41197,112.39476,61.02630453535918,12.973652917302331,38.21129161330293
218.01000064997626,151.91552814847572,147.8280419640118,154.40474700927734,133.92944,90.38515,112.20664,70.54313847110626,13.670447811051702,39.70888599759681
218.1100006502744,151.8564072723991,149.41641114598556,149.87841796875,133.71455,90.061035,112.17066,88.5446731436054,12.528128850208716,39.68574534612958
218.21000065057254,151.5889443661686,148.8885495211009,152.52412796020508,133.92201,90.60356,112.29878,76.84081819256214,11.827378874987579,39.29016201753578
218.31000065087068,151.29370455677278,148.55495248576528,152.82659912109375,134.1914,90.2007,112.19719,73.76901642179095,11.515006415745088,39.09651522571809
218.41000065116882,151.5924578525332,148.59362556951507,150.44644737243655,134.068,90.132,112.36024,82.1030015437523,12.23717767740701,39.232220730951155
218.51000065146695,152.10695371214229,149.0279995181101,149.7754802703857,134.00005,90.5314,112.36452,86.59023141242685,12.168542595499508,39.74243650022822
218.6100006517651,151.3853979853977,147.93697551724244,149.2860813140869,133.78812,90.173004,112.280334,85.03236968477957,13.159947356668194,39.10506351274145
218.71000065206323,150.92796675598026,148.25614951459244,148.25592041015625,133.93794,90.22068,112.28918,89.99920020751594,12.91393291972761,38.638789815062296
218.81000065236137,147.93441910106776,148.44980539311229,142.32935523986816,134.44116,90.29554,112.33746,70.97791866875367,12.11382286955352,35.59695572216151
218.9100006526595,151.11739307004015,148.2573634726252,148.72659111022952,134.1832,89.90008,112.2172,88.43565946549651,12.588770186080092,38.900191837129995
219.01000065295764,150.65413533487984,148.5189396364988,147.46640777587888,133.66888,90.153984,112.40217,86.62846590436804,13.754801757029703,38.25196706095406
219.11000065325578,154.05086638142836,148.8717193207104,157.53549385070798,133.56099,90.15634,112.31269,63.01285605577792,12.92283284338058,41.73817564656508
219.21000065355395,152.3413171274922,149.25999322917156,155.84811592102048,133.77571,90.72443,112.38455,64.60092545412782,11.340033386832637,39.95676512553908
219.3100006538521,150.54321338061024,148.5451434293239,156.85393142700198,133.7527,90.66335,112.35289,60.180610280581824,12.606323021070672,38.1903233659618
219.41000065415022,151.941575610134,148.82615988812955,159.01090621948245,134.04211,90.67099,112.35571,50.76986003750441,12.675254365838644,39.58586271950901
219.5100006544484,151.0373945881343,148.46002152440644,154.8482036590576,134.16318,90.97543,112.484634,59.0729367557169,12.960252560395848,38.55276018872024
219.61000065474653,148.1504826932189,147.13644857429486,153.33155250549316,134.50684,90.615486,112.41338,67.88922005717721,13.442411566891137,35.73709920933217
219.71000065504467,149.02213633980554,146.82495514818615,154.7866554260254,134.3029,90.265015,112.39897,59.022461925212575,12.559922063699863,36.623164782188354
219.8100006553428,150.40672084477674,147.74691725196504,154.45708847045898,134.3583,90.50509,112.47306,63.684920544494204,12.757890177789502,37.93366023686659
219.91000065564094,150.09078423308992,147.6878872573328,156.70216941833496,134.33266,90.22197,112.47535,62.5410905588016,15.558219036949648,37.61543480682039
220.01000065593908,150.4469119256846,148.0972505564884,157.28266906738278,134.07616,90.22716,112.299,55.74259212326215,13.698372538241161,38.14790832461037
220.11000065623722,148.68577780977395,148.3934030174542,155.2232894897461,134.34384,90.41477,112.429085,66.87898071004918,13.841041458029428,36.25669303194192
220.21000065653536,151.6337592801497,148.16936453888647,154.4207992553711,134.49074,90.260895,112.49897,62.31435562119093,13.050717952073523,39.13478924841141
220.3100006568335,151.3193138984158,147.21430107805847,154.67358779907227,134.27164,89.75331,112.31145,56.58346152966384,12.731839350199571,39.00786675486111
220.41000065713163,151.6345134826168,147.67759736912618,155.13653945922852,134.42288,90.03954,112.42541,59.843187268748906,12.669672531858424,39.20910607294883
220.51000065742977,150.90800330303625,147.84908123610975,153.9464054107666,134.25749,90.35157,112.532814,65.89982312902731,12.736948262748884,38.37518927715735
220.6100006577279,150.8640191802086,147.48999756798565,154.85282516479492,135.02547,90.19969,112.507706,63.23003154604818,12.594727239935757,38.35631349173204
220.71000065802605,150.61958517857093,147.9785478197032,154.82987785339355,134.82764,89.87588,112.50057,62.57703483435161,12.195654188472679,38.119012973981086
220.81000065832418,149.42161637631253,147.21201586094406,153.5369987487793,135.04109,89.700485,112.508736,71.2484439217771,13.277546064493015,36.91288071957425
220.91000065862232,149.99273334901102,147.5570408358372,150.9392261505127,134.90733,89.44168,112.37092,77.23613939874092,12.548774057451942,37.62181507508524
221.01000065892046,149.91474674483035,147.2969076551503,149.2753849029541,135.31909,90.06852,112.44491,83.43727437106966,12.795652619831971,37.46983860274051
221.1100006592186,150.29614393783393,147.49753140907686,151.6253204345703,135.19327,89.77393,112.41267,79.70603855002251,14.384289910242748,37.88347761703315
221.21000065951674,150.13245783071386,147.55906181426928,150.36999893188477,134.8633,89.78756,112.45196,82.76406292666131,14.658674138229221,37.68050012807714
221.3100006598149,149.9074124348852,147.85320030413655,150.12068557739255,134.73767,89.47372,112.31892,83.12137793878539,13.090942302323215,37.58849611408442
221.41000066011304,149.20762604428248,147.13614599653283,153.63300132751465,134.86826,90.03137,112.52131,65.96559430383977,13.333123691256032,36.686317145356696
221.51000066041118,149.99349537999154,147.90421557712327,155.03373908996585,134.83545,89.965,112.507805,66.0747294830824,12.96289795142239,37.485690509386075
221.61000066070932,150.63222864713708,147.91211385749799,156.07690048217773,135.06868,89.9681,112.50987,58.51262143091433,12.485020118403988,38.122356210613646
221.71000066100746,149.8792554672009,147.81871507798644,154.38834762573242,134.89282,89.80916,112.49603,64.51752152725486,12.324717771306409,37.38322275235714
221.8100006613056,149.54839212892057,148.35448095381116,153.91298675537107,134.76347,90.1626,112.52816,68.13905022507019,11.705638376807975,37.020232033705724
221.91000066160373,148.68312258398302,147.15189532029163,152.8804931640625,134.8094,90.2045,112.55303,68.1117033576642,12.472668429434309,36.1300906625963
222.01000066190187,147.98835867291123,147.38222511590337,154.31942558288574,134.25835,90.1894,112.47405,63.32724968737226,12.148019328377437,35.514306243712014
222.1100006622,148.12759554709376,148.01362573271462,153.33896446228027,134.0538,90.38234,112.453674,67.34859965103388,11.46801561085267,35.67392123068751
222.21000066249815,148.29994603723017,148.08661888543364,155.05568504333496,133.90778,90.61011,112.513336,61.64503974885795,12.463646219371167,35.786609855589546
222.3100006627963,147.89106260203093,147.5682558750363,154.8955268859863,133.80946,90.34215,112.36978,61.58310267660114,12.72890727141253,35.5212811078903
222.41000066309445,149.31154341264659,147.19018174132572,155.80510520935056,134.31512,90.37575,112.512634,57.108123537637184,12.7793224338509,36.798909135302836
222.5100006633926,148.80149505868732,147.10585709593943,154.283317565918,134.2536,90.66277,112.653114,63.58998508254583,13.38547954460956,36.148380739839666
222.61000066369073,149.5367061444308,146.3133159366062,153.07096672058105,134.28627,90.95951,112.65425,62.008495789333026,12.43667171289039,36.882455045798
222.71000066398886,149.42245478023602,146.15300870570633,151.62709617614746,134.06561,90.70319,112.55888,66.97660590672977,12.210869292835124,36.863571113243836
222.810000664287,148.2366029441983,146.29189558509444,153.3637046813965,134.23016,90.70283,112.58123,63.36594035115613,12.22870945323807,35.65537278062408
222.91000066458514,149.19286183202976,146.9187831314538,151.28230667114258,133.93805,90.59814,112.49176,72.92563213770782,12.414669507411434,36.70110157812351
223.0100006648833,149.49743921735617,147.69659533908518,149.6611042022705,134.1131,90.76255,112.6142,82.14489853386652,11.510125407893192,36.883242440012424
223.11000066518145,149.7631836307489,147.22620646158853,148.13946151733398,134.2702,90.972916,112.58092,86.13094686338752,11.24229959909689,37.18226627235046
223.21000066547958,149.82772480983897,147.13138261668496,149.06468391418454,134.5946,90.79184,112.6444,82.75326645466721,11.955599441287593,37.183323259546
223.31000066577772,149.61772283057874,146.6570140616023,149.06324195861816,134.39166,90.843346,112.767876,80.34581267491944,11.53927910493588,36.849847159192024
223.41000066607586,149.68457150121418,147.21405944702246,150.1021957397461,134.27776,90.81188,112.71497,78.94063469314897,11.142314492515002,36.96959805150715
223.510000666374,149.47721321834308,147.11957594568878,149.1398525238037,134.22574,90.87443,112.633156,81.96008456731366,11.016125785641771,36.844057395589175
223.61000066667214,151.04853431237555,147.3616790375073,148.5836524963379,134.15228,90.89279,112.6919,85.41697635585572,11.216893021323289,38.35663215173102
223.71000066697027,150.08878497648342,147.64023336689536,148.9337043762207,134.06941,90.818665,112.73252,84.9958768719974,10.614838821587098,37.35626391935452
223.8100006672684,150.87143713387707,148.0185562853428,149.42474937438968,134.09962,90.51321,112.77218,84.94694750129645,10.597500959860243,38.09925848397472
223.91000066756655,150.59997228678716,147.22663534516624,148.08864212036133,133.64359,90.85733,112.623566,86.77183595540939,10.900986335147403,37.97640661295904
224.0100006678647,150.46146516806022,147.94679273061047,149.49566459655762,134.0749,90.32307,112.56543,84.46211367810518,11.760923844197817,37.896035480560215
224.11000066816283,150.99374238677999,147.56607050785152,151.1293067932129,134.01184,90.09439,112.574104,76.96466160510424,12.526160114514722,38.419638077697954
224.21000066846096,150.38493548036902,148.6068521891471,150.14040184020996,134.21645,90.616974,112.621956,84.50835373194262,11.322253030603768,37.76297960878699
224.3100006687591,150.4635044084588,147.1506459932152,150.63692092895505,133.70161,90.5803,112.534706,76.9528303775376,12.392585875425882,37.92879829273613
224.41000066905724,150.8998194305046,146.94695398466382,151.34878158569336,133.97876,90.48305,112.55851,73.60144178744463,12.600725198380532,38.34130960384445
