Time_ns,Area_per_lipid_A2,Membrane_thickness_A
0.010000000029814058,85.92492,43.99597930908203
0.11000000032795462,85.944695,44.327552795410156
0.2100000006260952,85.94864,44.288597106933594
0.3100000009242358,85.91754,43.91920471191406
0.41000000122237634,85.99343,43.27989196777344
0.5100000015205169,85.94223,43.53296661376953
0.6100000018186574,85.89417,43.129661560058594
0.7100000021167981,85.965614,43.55139923095703
0.8100000024149386,85.94696,43.58673858642578
0.9100000027130792,85.976074,43.278160095214844
1.0100000030112197,85.91126,44.08671569824219
1.1100000033093604,85.87515,43.446502685546875
1.210000003607501,85.86978,44.07794189453125
1.3100000039056414,85.903175,43.78423309326172
1.4100000042037821,85.878685,43.72699737548828
1.5100000045019226,85.90406,43.834938049316406
1.6100000048000631,85.83014,43.36857604980469
1.7100000050982036,85.94467,43.4212646484375
1.8100000053963443,85.907326,43.661773681640625
1.9100000056944848,85.91935,44.58281707763672
2.0100000059926253,85.96042,43.57404327392578
2.110000006290766,85.98967,43.898345947265625
2.2100000065889067,85.962555,43.52616882324219
2.3100000068870474,85.859825,43.3828125
2.4100000071851877,85.91872,43.595054626464844
2.5100000074833284,85.79774,43.176856994628906
2.6100000077814687,85.852104,43.74467468261719
2.7100000080796094,85.830025,43.61297607421875
2.81000000837775,85.92146,43.250282287597656
2.9100000086758904,85.921646,43.80262756347656
3.010000008974031,85.858635,43.42071533203125
3.110000009272172,85.942825,42.767242431640625
3.210000009570312,85.90251,43.324058532714844
3.3100000098684528,85.94297,43.46282196044922
3.410000010166593,85.92357,43.55816650390625
3.5100000104647338,85.90622,43.25779724121094
3.6100000107628745,85.873726,43.601036071777344
3.710000011061015,85.84163,43.36128234863281
3.810000011359156,85.90691,43.98097229003906
3.9100000116572966,85.79336,43.62560272216797
4.010000011955437,85.94544,44.08441162109375
4.110000012253577,86.00531,43.71881103515625
4.210000012551718,86.00341,44.59346008300781
4.310000012849859,85.92307,43.70929718017578
4.410000013147999,86.00712,44.112388610839844
4.51000001344614,85.90491,43.63893127441406
4.610000013744281,85.91803,43.98435974121094
4.7100000140424205,85.9426,44.011085510253906
4.810000014340561,85.98281,43.79069519042969
4.910000014638702,85.88789,43.97327423095703
5.010000014936843,85.92858,44.08745574951172
5.110000015234983,85.962654,44.31548309326172
5.210000015533123,85.85848,44.58799743652344
5.310000015831264,85.93194,43.634483337402344
5.410000016129405,85.93756,43.79291534423828
5.510000016427545,85.86627,43.95978546142578
5.610000016725686,85.905914,44.38883972167969
5.710000017023827,85.88777,43.940711975097656
5.810000017321967,85.93889,44.14241027832031
5.910000017620107,85.95598,44.222633361816406
6.010000017918248,85.918106,44.342315673828125
6.110000018216389,85.93295,44.162147521972656
6.210000018514529,85.86782,44.18199157714844
6.310000018812669,85.96835,44.08845520019531
6.41000001911081,85.89029,44.01490020751953
6.510000019408951,85.9127,43.63087463378906
6.610000019707091,85.870575,44.0435791015625
6.710000020005232,85.871414,44.38806915283203
6.810000020303372,85.95739,44.65101623535156
6.9100000206015135,85.88671,44.268524169921875
7.010000020899654,85.9194,43.843284606933594
7.110000021197795,85.969955,44.40899658203125
7.210000021495936,85.83237,43.398956298828125
7.310000021794076,85.95223,43.46986389160156
7.410000022092216,85.90877,43.324432373046875
7.510000022390357,85.871925,44.1953125
7.610000022688498,85.902855,43.289588928222656
7.710000022986638,85.89615,43.63410949707031
7.810000023284779,85.89356,43.3887939453125
7.910000023582919,85.89264,43.41022491455078
8.01000002388106,85.96355,43.498741149902344
8.1100000241792,85.92809,44.08293151855469
8.21000002447734,85.88787,43.807167053222656
8.310000024775482,85.928085,43.54637145996094
8.410000025073622,85.97921,43.016990661621094
8.510000025371763,85.94458,43.937156677246094
8.610000025669903,85.935555,43.391082763671875
8.710000025968045,85.95778,43.827003479003906
8.810000026266183,85.92016,43.753326416015625
8.910000026564324,85.94038,43.531044006347656
9.010000026862466,85.92793,43.15898132324219
9.110000027160606,85.998245,43.72193145751953
9.210000027458747,85.93569,43.59972381591797
9.310000027756887,85.85987,43.586204528808594
9.410000028055029,85.86511,44.32762908935547
9.510000028353168,85.832794,44.168800354003906
9.61000002865131,85.93592,44.24736785888672
9.71000002894945,85.907326,43.86265563964844
9.810000029247592,85.90675,43.359703063964844
9.91000002954573,85.97751,44.02128601074219
10.010000029843871,85.901436,44.553260803222656
10.110000030142011,85.96098,43.96202087402344
10.210000030440153,85.91429,44.199371337890625
10.310000030738292,85.87016,44.05846405029297
10.410000031036434,85.97439,44.18785858154297
10.510000031334574,85.97341,43.600242614746094
10.610000031632715,85.88617,43.45880126953125
10.710000031930855,85.94338,44.1590576171875
10.810000032228997,85.97374,44.12712860107422
10.910000032527135,85.87611,44.5159912109375
11.010000032825277,86.00229,43.86126708984375
11.110000033123416,85.89628,44.065879821777344
11.210000033421558,85.95413,43.69136047363281
11.310000033719698,85.94279,43.77851867675781
11.41000003401784,85.93409,43.96821594238281
11.51000003431598,85.99813,43.765113830566406
11.61000003461412,86.0161,44.338966369628906
11.71000003491226,85.883995,44.02259063720703
11.810000035210402,85.98832,43.83545684814453
11.910000035508542,85.90579,44.19403839111328
12.010000035806682,85.86206,44.535064697265625
12.110000036104822,85.924774,43.699913024902344
12.210000036402963,86.02176,43.46533203125
12.310000036701103,85.98322,43.29762268066406
12.410000036999245,85.96052,43.27430725097656
12.510000037297385,85.90074,43.452354431152344
12.610000037595526,85.97456,43.407630920410156
12.710000037893666,85.94127,43.855804443359375
12.810000038191808,85.8568,43.369911193847656
12.910000038489947,85.85913,43.72857666015625
13.010000038788089,85.97627,43.55650329589844
13.110000039086227,85.9341,43.47240447998047
13.210000039384369,85.941124,43.686790466308594
13.31000003968251,85.91212,43.731224060058594
13.41000003998065,85.876396,43.52368927001953
13.510000040278792,85.901985,43.44377899169922
13.610000040576931,85.83869,43.19276428222656
13.710000040875073,85.83991,43.55174255371094
13.810000041173213,85.95841,44.08210754394531
13.910000041471354,85.969696,43.67804718017578
14.010000041769494,85.88918,43.65965270996094
14.110000042067636,85.94165,43.77729797363281
14.210000042365774,85.94862,44.369384765625
14.310000042663916,85.98004,43.75310516357422
14.410000042962055,85.96377,44.1435546875
14.510000043260197,85.84673,43.80492401123047
14.610000043558337,85.86475,43.4012451171875
14.710000043856478,85.93592,44.2984619140625
14.810000044154618,85.979065,43.852142333984375
14.91000004445276,85.92544,43.37571716308594
15.0100000447509,85.830246,43.95658874511719
15.110000045049041,85.907166,43.72504425048828
15.210000045347181,85.9433,43.599945068359375
15.310000045645321,85.91284,43.48133087158203
15.41000004594346,85.94843,43.740478515625
15.510000046241602,85.983955,43.66028594970703
15.610000046539742,85.97541,44.002655029296875
15.710000046837884,85.93825,43.61524200439453
15.810000047136024,85.779854,44.01580810546875
15.910000047434165,85.98838,43.778770446777344
16.010000047732305,85.971176,43.344627380371094
16.110000048030447,85.97784,43.625450134277344
16.210000048328585,86.01544,43.58191680908203
16.310000048626726,85.8602,43.82781219482422
16.410000048924868,85.95218,43.85655212402344
16.510000049223006,85.9504,43.7403564453125
16.61000004952115,85.92672,43.80992126464844
16.71000004981929,85.94815,43.430152893066406
16.81000005011743,86.0042,43.675514221191406
16.91000005041557,85.84228,43.51507568359375
17.01000005071371,85.98366,43.43251037597656
17.110000051011852,85.93555,43.502464294433594
17.21000005130999,85.86948,43.21343994140625
17.31000005160813,85.90563,43.15519714355469
17.410000051906273,85.85593,43.553871154785156
17.510000052204415,85.89095,43.536712646484375
17.610000052502553,85.91441,43.00354766845703
17.710000052800698,85.9024,43.30757141113281
17.810000053098836,85.893135,43.779693603515625
17.910000053396978,85.95899,43.90458679199219
18.010000053695116,85.87281,43.059173583984375
18.110000053993257,85.86386,43.291107177734375
18.2100000542914,85.85552,43.38615417480469
18.310000054589537,85.89999,43.522674560546875
18.41000005488768,85.88933,43.510597229003906
18.51000005518582,85.98612,43.329551696777344
18.61000005548396,86.00054,43.712364196777344
18.7100000557821,85.94556,43.130523681640625
18.81000005608024,85.88626,43.45941925048828
18.910000056378383,85.87696,43.29206085205078
19.010000056676525,85.97359,43.13236999511719
19.110000056974663,85.94456,43.23963165283203
19.2100000572728,85.941696,43.854156494140625
19.310000057570946,85.986336,43.65299987792969
19.410000057869084,85.95971,43.83062744140625
19.510000058167225,85.899796,43.54248046875
19.610000058465364,86.018425,43.63929748535156
19.71000005876351,86.00739,43.643898010253906
19.810000059061647,85.91981,43.977630615234375
19.91000005935979,85.9284,43.940643310546875
20.010000059657926,86.00987,43.896392822265625
20.11000005995607,85.98283,44.15142059326172
20.21000006025421,85.92824,43.59674072265625
20.310000060552348,85.889755,44.1456298828125
20.41000006085049,85.9025,44.189979553222656
20.51000006114863,85.94526,44.02777099609375
20.610000061446772,85.846,43.60564422607422
20.71000006174491,85.98159,43.38630676269531
20.810000062043052,85.8518,43.317039489746094
20.910000062341194,85.97773,43.634727478027344
21.010000062639335,85.81527,44.053688049316406
21.110000062937473,85.96706,43.58354187011719
21.210000063235615,85.90722,43.795501708984375
21.310000063533757,85.927055,43.725502014160156
21.410000063831895,85.96438,43.81944274902344
21.510000064130036,85.9334,43.379852294921875
21.610000064428174,85.894455,43.86247253417969
21.71000006472632,85.88449,43.25086212158203
21.810000065024457,85.97506,43.78630065917969
21.9100000653226,85.87154,43.920570373535156
22.01000006562074,85.84681,43.9742431640625
22.110000065918882,85.949356,44.01689147949219
22.21000006621702,85.925186,44.013282775878906
22.310000066515162,85.91989,44.270790100097656
22.410000066813303,85.86899,44.37281036376953
22.51000006711144,85.85661,43.91285705566406
22.610000067409583,85.9163,43.892784118652344
22.71000006770772,85.88496,44.662078857421875
22.810000068005866,85.84598,44.29399871826172
22.910000068304004,85.90973,44.01258087158203
23.010000068602146,85.96081,43.429473876953125
23.110000068900284,85.97373,43.635765075683594
23.21000006919843,85.862564,43.79508972167969
23.310000069496567,85.9619,43.725990295410156
23.41000006979471,85.88366,44.206451416015625
23.510000070092847,85.88241,44.29100036621094
23.61000007039099,85.926445,43.84742736816406
23.71000007068913,85.915535,43.989044189453125
23.810000070987268,86.00447,44.0469970703125
23.91000007128541,85.91231,44.21271514892578
24.01000007158355,85.823616,44.13844299316406
24.110000071881693,85.956,44.535667419433594
24.21000007217983,85.89821,44.05817413330078
24.310000072477973,85.897644,44.9556884765625
24.410000072776114,85.919716,44.34326171875
24.510000073074256,85.94534,44.148101806640625
24.610000073372394,85.8549,44.48346710205078
24.710000073670532,85.93978,44.67393493652344
24.810000073968677,85.9272,44.39251708984375
24.910000074266815,85.967316,44.60308074951172
25.010000074564957,85.95918,44.66241455078125
25.110000074863095,85.88849,44.386070251464844
25.21000007516124,85.85557,44.38507080078125
25.310000075459378,85.9572,44.3089599609375
25.41000007575752,85.99907,44.739540100097656
25.510000076055658,85.886116,44.621063232421875
25.610000076353803,86.04142,44.61918640136719
25.71000007665194,85.879875,44.286346435546875
25.81000007695008,85.99426,43.89708709716797
25.91000007724822,85.89342,44.59405517578125
26.010000077546362,85.85921,44.287757873535156
26.110000077844504,85.83402,44.11878967285156
26.21000007814264,85.9502,44.12232208251953
26.310000078440787,85.89996,43.88447570800781
26.410000078738925,85.97643,44.65862274169922
26.510000079037066,85.95816,44.8194580078125
26.610000079335205,85.91869,44.27638244628906
26.71000007963335,85.88552,44.40796661376953
26.810000079931488,85.81291,44.379425048828125
26.910000080229626,85.8883,44.123809814453125
27.010000080527767,85.93113,44.109947204589844
27.11000008082591,86.00192,44.24261474609375
27.21000008112405,85.86816,44.11785888671875
27.31000008142219,85.88639,44.2281494140625
27.41000008172033,85.85741,43.69275665283203
27.510000082018472,85.84598,43.81376647949219
27.610000082316613,85.90559,43.73090362548828
27.71000008261475,85.94347,43.77784729003906
27.81000008291289,85.88036,44.002197265625
27.910000083211035,85.93195,44.0203857421875
28.010000083509173,85.8829,44.442237854003906
28.110000083807314,86.00246,43.41643524169922
28.210000084105452,85.96428,43.52520751953125
28.310000084403597,85.78813,43.42633819580078
28.410000084701736,85.89735,42.96685028076172
28.510000084999877,85.94185,43.568939208984375
28.610000085298015,86.005035,43.49320983886719
28.71000008559616,85.963615,43.49382781982422
28.8100000858943,85.84014,43.53509521484375
28.910000086192436,85.92391,43.27339172363281
29.010000086490578,85.88893,43.768638610839844
29.11000008678872,86.012115,43.70575714111328
29.21000008708686,86.01467,43.56605529785156
29.310000087385,85.934456,43.81975555419922
29.41000008768314,85.92332,43.7860107421875
29.510000087981282,85.981255,43.29505920410156
29.610000088279424,85.85744,43.606964111328125
29.710000088577562,85.92791,43.54438781738281
29.810000088875704,85.90333,43.3802490234375
29.910000089173845,85.922424,43.61932373046875
30.010000089471983,85.87238,43.73316955566406
30.110000089770125,85.93939,43.88706970214844
30.210000090068263,85.86928,43.65009307861328
30.310000090366408,85.94585,44.015594482421875
30.410000090664546,85.9655,43.90674591064453
30.510000090962688,85.81881,43.81163024902344
30.61000009126083,85.94663,44.091094970703125
30.71000009155897,85.94175,43.744903564453125
30.81000009185711,85.90686,43.71946716308594
30.91000009215525,86.091446,43.926422119140625
31.010000092453392,85.912674,43.51593017578125
31.11000009275153,85.93504,44.28986358642578
31.210000093049672,85.95814,44.05186462402344
31.31000009334781,85.92853,43.76393127441406
31.410000093645955,85.92275,44.17881774902344
31.510000093944093,85.99216,44.15930938720703
31.610000094242235,85.93115,43.77055358886719
31.710000094540373,85.97909,43.559288024902344
31.810000094838518,85.98506,43.85865783691406
31.910000095136656,85.847435,43.51411437988281
32.0100000954348,85.89778,43.59032440185547
32.110000095732936,85.92447,43.593841552734375
32.21000009603108,85.944725,43.625274658203125
32.31000009632922,85.859535,43.36106872558594
32.41000009662736,85.92684,43.66935729980469
32.510000096925495,85.891685,43.836265563964844
32.61000009722364,85.93814,43.88542175292969
32.71000009752178,86.00872,44.472755432128906
32.81000009781992,85.94349,43.978851318359375
32.91000009811806,85.904724,43.92938995361328
33.01000009841621,85.96999,43.318397521972656
33.110000098714345,85.91978,43.50139617919922
33.21000009901248,85.99165,44.075592041015625
33.31000009931062,85.86273,43.84528350830078
33.41000009960876,85.95184,43.94026184082031
33.510000099906904,85.97738,44.49311828613281
33.61000010020505,85.93645,43.936561584472656
33.71000010050319,85.87626,43.64695739746094
33.810000100801325,85.972374,44.735084533691406
33.91000010109947,85.996376,44.1719970703125
34.01000010139761,85.86061,44.640419006347656
34.110000101695746,85.829155,43.72264099121094
34.210000101993884,85.90079,44.156211853027344
34.31000010229202,85.85398,43.84368133544922
34.410000102590175,85.815605,43.68621063232422
34.51000010288831,85.83184,43.42814636230469
34.61000010318645,85.86854,43.73957824707031
34.71000010348459,85.96789,43.33222198486328
34.810000103782734,85.93175,43.985313415527344
34.91000010408087,85.88487,44.06828308105469
35.01000010437901,85.83239,43.945411682128906
35.110000104677155,85.900375,44.084510803222656
35.2100001049753,85.99409,43.64790344238281
35.31000010527344,85.850815,43.87347412109375
35.41000010557158,85.92973,44.09392547607422
35.510000105869715,85.92203,44.29222106933594
35.61000010616785,85.83328,44.132057189941406
35.710000106466,85.88706,44.35670471191406
35.810000106764136,85.85191,44.22296142578125
35.91000010706228,85.93537,44.115692138671875
36.01000010736042,85.89839,44.240943908691406
36.110000107658564,85.9506,44.23920440673828
36.2100001079567,85.929245,44.872344970703125
36.31000010825484,85.82609,44.17289733886719
36.41000010855298,85.909424,44.06340026855469
36.510000108851116,85.85059,44.66863250732422
36.61000010914926,86.007355,44.72235107421875
36.71000010944741,85.88773,45.439971923828125
36.810000109745545,85.95234,44.93114471435547
36.91000011004368,85.88676,44.573890686035156
37.01000011034183,85.77929,44.44020080566406
37.110000110639966,85.942894,44.38050079345703
37.210000110938104,85.8604,44.425331115722656
37.31000011123624,85.95302,44.13159942626953
37.41000011153439,85.98603,44.54151153564453
37.51000011183253,85.945465,44.95868682861328
37.61000011213067,85.87171,44.683799743652344
37.71000011242881,85.91285,44.465476989746094
37.81000011272695,85.894714,44.11177062988281
37.91000011302509,85.92979,44.26024627685547
38.01000011332323,85.90678,44.409088134765625
38.11000011362137,85.911095,44.41185760498047
38.210000113919506,85.96864,44.24542999267578
38.31000011421766,85.95044,44.25202178955078
38.410000114515796,85.938034,44.267784118652344
38.510000114813934,85.987274,44.588409423828125
38.61000011511207,85.89519,44.00358581542969
38.71000011541021,85.945175,44.41725158691406
38.810000115708355,85.95459,44.20048522949219
38.91000011600649,85.94332,44.36486053466797
39.01000011630464,85.849846,44.44739532470703
39.11000011660278,86.04714,44.09069061279297
39.21000011690092,85.8802,44.30738067626953
39.31000011719906,85.888176,44.127708435058594
39.4100001174972,85.835266,44.564613342285156
39.510000117795336,85.95667,44.32879638671875
39.61000011809348,85.900986,44.85939025878906
39.71000011839162,85.94066,44.68888854980469
39.810000118689764,85.90241,44.46094512939453
39.9100001189879,85.898445,44.27392578125
40.01000011928604,85.89493,44.61339569091797
40.110000119584186,85.917564,44.502037048339844
40.210000119882324,85.95711,44.67981719970703
40.31000012018046,86.02229,44.760894775390625
40.4100001204786,85.861084,44.91633605957031
40.510000120776745,85.920944,44.908226013183594
40.61000012107489,85.92345,44.695518493652344
40.71000012137303,85.921135,44.737152099609375
40.810000121671166,85.809425,44.728240966796875
40.910000121969304,85.85494,44.42034912109375
41.01000012226745,85.841446,44.31190490722656
41.11000012256559,85.93455,44.69187927246094
41.210000122863725,85.86106,45.44556427001953
41.31000012316186,85.974144,44.87910461425781
41.410000123460016,86.07151,44.389427185058594
41.510000123758154,85.96832,44.26642608642578
41.61000012405629,85.935974,44.12086486816406
41.71000012435443,85.94369,44.089332580566406
41.810000124652575,86.020164,44.32762908935547
41.91000012495071,85.86264,44.143211364746094
42.01000012524885,86.002464,44.46430969238281
42.11000012554699,85.99304,44.13189697265625
42.210000125845134,85.93141,44.21601104736328
42.31000012614328,85.90405,43.72735595703125
42.41000012644142,85.88214,44.28807067871094
42.510000126739556,85.92939,44.41236114501953
42.610000127037694,85.970695,44.31495666503906
42.71000012733584,85.89345,43.72828674316406
42.81000012763398,85.873474,43.68733215332031
42.910000127932115,85.954704,44.19561767578125
43.01000012823026,85.91627,43.6893310546875
43.1100001285284,85.88861,43.910118103027344
43.21000012882654,86.06162,43.976539611816406
43.31000012912468,85.89468,43.89605712890625
43.41000012942282,85.91874,44.17720031738281
43.51000012972096,85.85636,44.08692932128906
43.6100001300191,85.894714,44.105308532714844
43.71000013031725,85.934044,44.498870849609375
43.810000130615386,85.845276,44.654808044433594
43.910000130913524,85.95239,44.31708526611328
44.01000013121167,85.92089,44.485389709472656
44.11000013150981,85.885895,44.55975341796875
44.210000131807945,85.84464,44.41844177246094
44.31000013210608,85.901764,44.474876403808594
44.41000013240422,85.867195,44.961334228515625
44.51000013270237,85.938286,44.54705810546875
44.61000013300051,85.91926,44.39965057373047
44.71000013329865,85.98335,44.231781005859375
44.81000013359679,85.92149,44.545677185058594
44.91000013389493,85.905426,44.256591796875
45.01000013419307,85.96908,43.735206604003906
45.11000013449121,85.88651,43.986663818359375
45.21000013478935,85.93022,44.249542236328125
45.31000013508749,85.94086,43.46476745605469
45.41000013538564,85.909386,43.84764862060547
45.510000135683775,85.90044,43.38185119628906
45.61000013598191,85.94591,44.305519104003906
45.71000013628005,85.89479,44.32835388183594
45.810000136578196,85.95146,44.06958770751953
45.910000136876334,85.942245,44.17523956298828
46.01000013717447,86.00412,43.794891357421875
46.11000013747262,85.93488,44.069419860839844
46.21000013777076,85.953995,43.73914337158203
46.3100001380689,85.86227,43.935821533203125
46.41000013836704,85.90943,44.21784973144531
46.51000013866518,85.94149,44.35444641113281
46.610000138963315,85.84504,44.094940185546875
46.71000013926146,85.91007,44.298118591308594
46.8100001395596,86.007835,44.339752197265625
46.91000013985774,85.830894,44.40125274658203
47.01000014015588,85.84967,44.53618621826172
47.11000014045403,85.9503,44.718780517578125
47.210000140752165,85.86962,44.302101135253906
47.3100001410503,85.94896,44.53912353515625
47.41000014134844,85.86839,43.983665466308594
47.51000014164658,85.97108,43.85487365722656
47.61000014194473,85.90453,44.1646728515625
47.71000014224287,85.96088,44.03321075439453
47.81000014254101,85.89423,43.83772277832031
47.910000142839145,85.85193,43.94305419921875
48.01000014313729,85.901146,43.92292022705078
48.11000014343543,85.93561,43.98088836669922
48.210000143733566,85.88454,44.06938171386719
48.310000144031704,85.948715,44.152809143066406
48.41000014432986,85.83129,43.690452575683594
48.510000144627995,85.94711,43.91626739501953
48.61000014492613,85.85113,43.89447021484375
48.71000014522427,85.916046,44.11053466796875
48.81000014552241,85.94932,44.212730407714844
48.910000145820554,85.9504,43.73609161376953
49.01000014611869,85.81916,44.19414520263672
49.11000014641683,85.88161,44.610206604003906
49.210000146714975,85.91081,44.240753173828125
49.31000014701312,85.952934,44.19401550292969
49.41000014731126,85.865524,44.33080291748047
49.5100001476094,85.88803,44.55553436279297
49.610000147907535,85.88094,43.654510498046875
49.71000014820567,85.93533,44.10600280761719
49.81000014850382,85.89982,43.46197509765625
49.910000148801956,85.7928,44.27948760986328
50.0100001491001,85.89462,43.78062438964844
50.11000014939824,85.90479,43.42510223388672
50.210000149696384,85.87794,43.51277160644531
50.31000014999452,85.96783,43.73102569580078
50.41000015029266,85.9597,43.29027557373047
50.5100001505908,85.90215,43.683067321777344
50.61000015088894,85.86159,43.71885681152344
50.71000015118708,85.90121,43.70832061767578
50.81000015148523,85.865585,43.84314727783203
50.910000151783365,85.88093,43.85120391845703
51.0100001520815,85.95955,43.89990234375
51.11000015237965,85.9042,43.97785949707031
51.210000152677786,85.86862,44.021331787109375
51.310000152975924,85.98713,44.66148376464844
51.41000015327406,85.85083,44.6014404296875
51.51000015357221,85.855804,45.12091064453125
51.61000015387035,85.86378,44.832496643066406
51.71000015416849,85.89153,45.162506103515625
51.81000015446663,85.860855,44.959510803222656
51.91000015476477,85.8315,44.552589416503906
52.01000015506291,85.947136,44.368370056152344
52.11000015536105,85.916695,44.64905548095703
52.21000015565919,85.89789,44.636474609375
52.31000015595733,85.81506,44.81208801269531
52.41000015625548,85.88116,44.546058654785156
52.510000156553616,85.85063,44.61585998535156
52.610000156851754,85.864426,45.36487579345703
52.71000015714989,85.93859,44.83893585205078
52.81000015744804,85.87931,45.238868713378906
52.910000157746175,85.956985,45.239295959472656
53.01000015804431,85.89364,44.814483642578125
53.11000015834246,85.92888,44.6627197265625
53.2100001586406,85.904976,43.988739013671875
53.31000015893874,85.867546,44.141273498535156
53.41000015923688,85.858025,44.08032989501953
53.51000015953502,85.86869,44.85235595703125
53.610000159833156,86.01045,44.51935577392578
53.7100001601313,85.894424,44.713897705078125
53.81000016042944,85.960655,44.64039611816406
53.910000160727584,85.909386,44.46696472167969
54.01000016102572,86.005615,44.011009216308594
54.11000016132386,85.91943,44.43689727783203
54.210000161622006,85.94953,44.554771423339844
54.310000161920144,85.951546,44.34333038330078
54.41000016221828,85.85864,44.35371398925781
54.51000016251642,85.85133,44.25885009765625
54.610000162814565,85.982704,44.43342590332031
54.71000016311271,85.913,44.30512237548828
54.81000016341085,85.933945,44.340728759765625
54.910000163708986,85.87201,44.348365783691406
55.01000016400713,85.921684,44.08110046386719
55.11000016430527,85.82206,43.88905334472656
55.21000016460341,85.94713,43.708229064941406
55.310000164901545,85.923164,44.101768493652344
55.41000016519968,85.93488,43.92987060546875
55.510000165497836,85.876595,43.90192413330078
55.610000165795974,85.89047,43.73582458496094
55.71000016609411,85.93003,43.80769348144531
55.81000016639225,85.97252,44.19110107421875
55.910000166690395,85.9174,44.00163269042969
56.01000016698853,85.93195,44.201385498046875
56.11000016728667,85.88024,44.108604431152344
56.210000167584816,85.842514,44.4447021484375
56.310000167882954,85.91979,44.05988311767578
56.4100001681811,85.92913,44.46210479736328
56.51000016847924,85.90597,44.343101501464844
56.610000168777376,85.93991,44.410682678222656
56.710000169075514,85.95295,45.08716583251953
56.81000016937366,86.009705,44.535423278808594
56.9100001696718,85.91266,44.34058380126953
57.01000016996994,85.88349,44.61803436279297
57.11000017026808,85.928505,44.26808166503906
57.210000170566225,85.84788,43.939056396484375
57.31000017086436,85.91135,43.51416015625
57.4100001711625,85.88585,44.20348358154297
57.51000017146064,85.929825,44.13720703125
57.61000017175878,85.95588,44.257102966308594
57.71000017205692,85.86602,43.789329528808594
57.81000017235507,85.92166,44.594261169433594
57.910000172653206,85.84903,43.73316192626953
58.010000172951344,85.86786,44.100196838378906
58.11000017324949,85.86709,44.306739807128906
58.21000017354763,85.91872,43.76567077636719
58.310000173845765,85.89278,43.78570556640625
58.4100001741439,85.95702,43.950103759765625
58.51000017444204,85.90432,43.710975646972656
58.61000017474019,86.012146,43.464752197265625
58.71000017503833,85.89709,43.56556701660156
58.81000017533647,85.93126,43.99821472167969
58.91000017563461,86.00234,44.26475524902344
59.01000017593275,85.97588,43.7191162109375
59.11000017623089,86.02371,43.95774841308594
59.21000017652903,85.92145,43.603492736816406
59.31000017682717,85.94673,43.47819519042969
59.41000017712532,85.958206,43.673072814941406
59.51000017742346,85.901054,44.05638885498047
59.610000177721595,85.96539,44.23931121826172
59.71000017801973,85.88622,43.854705810546875
59.81000017831787,85.87575,43.908966064453125
59.910000178616016,85.88027,43.881431579589844
60.010000178914154,85.95037,43.735687255859375
60.11000017921229,85.885475,44.3631591796875
60.21000017951044,85.86053,44.15680694580078
60.31000017980858,85.92218,43.84757995605469
60.41000018010672,85.904686,43.97362518310547
60.51000018040486,85.893456,43.92272186279297
60.610000180703,85.97696,43.846397399902344
60.710000181001135,85.86058,43.620399475097656
60.81000018129928,85.93266,43.47594451904297
60.910000181597425,85.898895,43.447471618652344
61.01000018189556,85.8949,44.03868865966797
61.1100001821937,85.84969,43.844390869140625
61.21000018249185,85.913155,43.96470642089844
61.310000182789985,85.93722,44.21070098876953
61.41000018308812,85.99822,44.71245574951172
61.51000018338626,85.86991,44.496978759765625
61.6100001836844,85.88535,44.65557098388672
61.71000018398255,85.85783,45.058197021484375
61.81000018428069,85.922844,45.13549041748047
61.91000018457883,85.92485,44.65338134765625
62.010000184876965,85.8967,44.86076354980469
62.11000018517511,85.95597,44.426597595214844
62.21000018547325,85.92216,44.99552917480469
62.310000185771386,85.902336,44.863502502441406
62.410000186069524,85.974754,44.9813232421875
62.51000018636768,85.876205,45.44819641113281
62.610000186665815,85.830444,45.37627410888672
62.71000018696395,85.952934,44.648895263671875
62.81000018726209,85.94662,45.28009796142578
62.91000018756023,86.04126,44.683555603027344
63.010000187858374,85.906906,45.027496337890625
63.11000018815651,85.95317,45.05552673339844
63.21000018845465,86.04938,45.025482177734375
63.310000188752795,85.99856,44.76897430419922
63.41000018905094,85.90024,44.641754150390625
63.51000018934908,85.90487,45.38329315185547
63.61000018964722,85.95788,45.068443298339844
63.710000189945355,85.81765,45.03992462158203
63.81000019024349,85.96393,44.54917907714844
63.91000019054164,85.94906,44.730377197265625
64.01000019083978,85.887054,45.07361602783203
64.11000019113793,85.93472,44.332557678222656
64.21000019143607,85.864235,44.14668273925781
64.3100001917342,85.86661,44.51216125488281
64.41000019203234,85.87215,44.07012939453125
64.51000019233048,86.00874,43.972129821777344
64.61000019262862,85.95341,44.958099365234375
64.71000019292676,85.860275,44.57261657714844
64.81000019322491,85.89546,44.73944854736328
64.91000019352305,85.99516,44.479637145996094
65.01000019382118,85.9335,43.850494384765625
65.11000019411932,85.8767,43.701263427734375
65.21000019441746,85.86485,44.21149444580078
65.3100001947156,85.930145,44.010826110839844
65.41000019501375,85.91124,45.304969787597656
65.51000019531189,85.97335,44.594482421875
65.61000019561003,85.85558,44.412078857421875
65.71000019590817,85.826485,44.058448791503906
65.81000019620632,85.90268,44.07598114013672
65.91000019650446,85.896416,43.71662139892578
66.0100001968026,85.97079,43.55621337890625
66.11000019710073,85.9852,44.46190643310547
66.21000019739887,85.92348,43.83929443359375
66.31000019769701,85.87975,44.024871826171875
66.41000019799515,85.92241,44.338531494140625
66.51000019829328,85.83873,44.32750701904297
66.61000019859142,85.91796,44.37565612792969
66.71000019888957,85.907135,44.56513214111328
66.81000019918773,85.9235,44.08618927001953
66.91000019948586,85.92041,44.18125915527344
67.010000199784,85.90922,44.01548767089844
67.11000020008214,85.88006,44.583641052246094
67.21000020038028,85.85792,43.942474365234375
67.31000020067842,85.83582,44.1400146484375
67.41000020097655,85.84499,44.285400390625
67.51000020127469,85.94909,43.96698760986328
67.61000020157284,85.98211,43.913543701171875
67.71000020187098,85.92216,44.67109680175781
67.81000020216912,86.00057,44.37303161621094
67.91000020246726,85.78697,44.671600341796875
68.0100002027654,85.9209,44.37995910644531
68.11000020306354,85.81842,44.478057861328125
68.21000020336167,85.92654,44.04231262207031
68.31000020365981,85.92859,44.56023406982422
68.41000020395796,85.934395,44.823219299316406
68.51000020425612,85.9162,44.43584442138672
68.61000020455425,85.957306,43.92413330078125
68.71000020485239,85.88579,43.664947509765625
68.81000020515053,85.894196,44.79541778564453
68.91000020544867,85.89897,44.45545196533203
69.0100002057468,85.96618,44.21485137939453
69.11000020604494,85.81645,44.56902313232422
69.21000020634308,85.884705,45.49657440185547
69.31000020664122,85.91617,44.77946472167969
69.41000020693937,85.8883,44.71929931640625
69.51000020723751,86.03593,44.447967529296875
69.61000020753565,85.98546,45.06188201904297
69.71000020783379,85.94505,45.519561767578125
69.81000020813192,85.85648,45.780235290527344
69.91000020843008,85.87407,45.23011016845703
70.01000020872821,85.90014,44.54737854003906
70.11000020902635,85.95143,45.486785888671875
70.2100002093245,85.92383,44.979705810546875
70.31000020962264,85.8955,45.48908996582031
70.41000020992078,85.95578,45.859893798828125
70.51000021021892,85.91684,45.8798828125
70.61000021051706,85.88334,45.948219299316406
70.7100002108152,85.991486,45.618141174316406
70.81000021111333,85.7783,45.211395263671875
70.91000021141147,85.87318,45.166473388671875
71.01000021170961,85.95658,44.75685119628906
71.11000021200776,85.90009,45.89344024658203
71.2100002123059,85.92609,45.335960388183594
71.31000021260404,85.95243,45.360748291015625
71.41000021290218,85.875656,45.82952880859375
71.51000021320033,86.02011,46.060264587402344
71.61000021349847,85.91907,45.696678161621094
71.7100002137966,85.91442,45.434425354003906
71.81000021409474,85.8536,45.29341125488281
71.91000021439288,85.954605,44.799171447753906
72.01000021469103,85.926865,45.05168151855469
72.11000021498917,86.00748,45.06188201904297
72.21000021528731,85.95331,45.53691864013672
72.31000021558545,85.85731,45.145790100097656
72.41000021588358,85.95077,45.64769744873047
72.51000021618172,85.94082,45.2099609375
72.61000021647986,85.95463,45.09759521484375
72.710000216778,86.04741,45.22637176513672
72.81000021707614,85.85507,44.73609924316406
72.91000021737429,85.890785,45.11589813232422
73.01000021767244,85.909805,45.01728820800781
73.11000021797058,85.851006,44.396278381347656
73.21000021826872,85.843575,45.44868469238281
73.31000021856686,85.9227,44.473388671875
73.410000218865,85.934555,44.36188507080078
73.51000021916313,85.969284,44.43865203857422
73.61000021946127,85.85337,44.99090576171875
73.71000021975941,85.91851,44.04298400878906
73.81000022005756,85.851135,44.090171813964844
73.9100002203557,85.843094,44.373268127441406
74.01000022065384,86.014565,44.50318908691406
74.11000022095197,85.94566,43.91887664794922
74.21000022125011,85.842064,44.678062438964844
74.31000022154825,85.855446,44.0579833984375
74.41000022184639,85.78713,44.721397399902344
74.51000022214453,85.91491,45.02637481689453
74.6100002224427,85.85572,44.691307067871094
74.71000022274083,85.91668,44.90209197998047
74.81000022303897,85.88081,44.57490539550781
74.91000022333711,85.92763,44.515342712402344
75.01000022363525,85.94862,44.46234130859375
75.11000022393338,85.81768,44.28861999511719
75.21000022423152,85.91242,44.17805480957031
75.31000022452966,85.8852,44.81446838378906
75.4100002248278,85.94479,44.736480712890625
75.51000022512595,85.93221,45.32221984863281
75.61000022542409,86.00706,44.98388671875
75.71000022572223,85.84567,44.992095947265625
75.81000022602036,85.96271,45.00647735595703
75.9100002263185,85.83718,45.097938537597656
76.01000022661664,85.88097,44.48603820800781
76.11000022691478,86.02167,44.74921417236328
76.21000022721293,85.97112,44.80352783203125
76.31000022751107,85.99462,43.90895080566406
76.41000022780922,85.85923,43.681312561035156
76.51000022810736,85.937965,44.2818603515625
76.6100002284055,85.8546,44.04718780517578
76.71000022870363,85.84885,44.296287536621094
76.81000022900177,85.92363,44.967498779296875
76.91000022929991,85.95243,44.483436584472656
77.01000022959805,85.9496,44.19425964355469
77.11000022989619,85.94789,44.491966247558594
77.21000023019432,85.935394,44.45415496826172
77.31000023049248,85.9546,44.790374755859375
77.41000023079062,85.91987,44.67509460449219
77.51000023108875,85.93842,44.34326171875
77.61000023138689,85.877884,43.83720397949219
77.71000023168504,85.86585,43.689002990722656
77.81000023198318,85.90734,43.29430389404297
77.91000023228132,85.87665,43.779571533203125
78.01000023257946,85.9107,43.37666320800781
78.1100002328776,85.986336,43.99644470214844
78.21000023317575,85.8796,44.19889831542969
78.31000023347389,85.90683,43.963226318359375
78.41000023377202,85.9473,44.557342529296875
78.51000023407016,85.895195,44.292259216308594
78.6100002343683,85.88858,44.13026428222656
78.71000023466644,85.94276,44.34949493408203
78.81000023496458,85.84725,44.548072814941406
78.91000023526271,85.885086,44.58558654785156
79.01000023556085,86.00801,43.710723876953125
79.110000235859,86.00728,44.32770538330078
79.21000023615714,85.931046,44.331756591796875
79.3100002364553,85.94226,43.94983673095703
79.41000023675343,85.960335,44.735450744628906
79.51000023705157,85.82061,44.56816864013672
79.61000023734971,85.970276,43.84697723388672
79.71000023764785,85.84819,43.868896484375
79.81000023794599,85.91993,43.50480651855469
79.91000023824414,85.89044,43.614173889160156
80.01000023854228,85.846725,43.53651428222656
80.11000023884041,85.889244,43.31028747558594
80.21000023913855,85.93058,43.69599151611328
80.31000023943669,85.89584,43.66667175292969
80.41000023973483,85.88703,43.633697509765625
80.51000024003297,85.97669,43.72112274169922
80.6100002403311,86.02737,43.57868194580078
80.71000024062924,85.94738,43.77558898925781
80.8100002409274,85.86625,43.443603515625
80.91000024122555,85.912315,44.19914245605469
81.01000024152368,85.93914,43.80609893798828
81.11000024182182,85.92761,43.495521545410156
81.21000024211996,85.993385,43.291725158691406
81.3100002424181,85.88034,43.47112274169922
81.41000024271624,85.809296,43.10784912109375
81.51000024301437,85.92406,43.25732421875
81.61000024331251,86.007225,43.519195556640625
81.71000024361066,85.86336,43.755126953125
81.8100002439088,85.909676,44.52899169921875
81.91000024420694,85.96632,44.48622131347656
82.01000024450508,85.84392,44.16020965576172
82.11000024480322,85.911,44.07353210449219
82.21000024510136,85.957985,43.92346954345703
82.3100002453995,85.94182,43.90992736816406
82.41000024569765,85.936165,43.80610656738281
82.51000024599578,85.83695,44.043190002441406
82.61000024629394,85.94399,43.580047607421875
82.71000024659207,85.962105,43.70075225830078
82.81000024689021,85.88257,43.62367248535156
82.91000024718835,85.825966,43.42494201660156
83.01000024748649,85.86268,43.22820281982422
83.11000024778463,85.86656,43.039024353027344
83.21000024808276,85.885185,43.28245544433594
83.3100002483809,85.8371,43.41389465332031
83.41000024867904,85.79841,43.51863098144531
83.51000024897719,85.929924,43.872894287109375
83.61000024927533,85.88538,44.14302062988281
83.71000024957347,85.95906,44.146339416503906
83.8100002498716,85.95778,44.12187194824219
83.91000025016974,85.98032,43.9613037109375
84.0100002504679,85.94362,44.30750274658203
84.11000025076603,85.9076,43.921531677246094
84.21000025106417,85.93719,44.19219207763672
84.31000025136233,85.961555,44.77960968017578
84.41000025166046,85.91491,44.38043975830078
84.5100002519586,85.90308,44.36878967285156
84.61000025225674,85.92518,43.82122802734375
84.71000025255488,85.91577,44.33656311035156
84.81000025285302,85.96641,44.48857879638672
84.91000025315115,85.941,44.063758850097656
85.01000025344929,85.965576,43.807212829589844
85.11000025374743,85.93627,43.666358947753906
85.21000025404558,85.95379,43.946044921875
85.31000025434372,85.96993,43.99840545654297
85.41000025464186,85.98288,44.27873229980469
85.51000025494,85.91378,43.70753479003906
85.61000025523815,85.943535,43.37007141113281
85.71000025553629,85.944885,43.91163635253906
85.81000025583442,85.89081,43.25768280029297
85.91000025613256,85.92215,43.39385986328125
86.0100002564307,85.8995,43.900909423828125
86.11000025672885,85.89168,43.607505798339844
86.21000025702699,85.809425,43.70116424560547
86.31000025732513,85.931625,43.70807647705078
86.41000025762327,86.037094,44.155128479003906
86.5100002579214,85.929214,44.27857208251953
86.61000025821954,85.92669,45.037567138671875
86.71000025851768,85.926216,45.49824523925781
86.81000025881582,85.96367,45.32988739013672
86.91000025911396,85.908394,45.280548095703125
87.01000025941211,85.95657,45.3001708984375
87.11000025971026,86.0605,45.51472473144531
87.2100002600084,85.85971,46.073509216308594
87.31000026030654,85.98366,45.89904022216797
87.41000026060468,85.96451,46.037513732910156
87.51000026090281,85.87468,45.88771057128906
87.61000026120095,85.89589,45.21807861328125
87.71000026149909,85.8579,45.66508483886719
87.81000026179723,85.95048,45.217323303222656
87.91000026209538,85.9238,45.13811492919922
88.01000026239352,85.92125,44.64165496826172
88.11000026269166,85.948326,44.50453186035156
88.2100002629898,85.900856,44.53504180908203
88.31000026328793,85.95025,44.14884948730469
88.41000026358607,85.9095,44.41838073730469
88.51000026388421,85.9064,45.167510986328125
88.61000026418235,85.992035,44.744361877441406
88.71000026448051,85.78489,44.44651794433594
88.81000026477865,85.97999,44.51526641845703
88.91000026507679,85.98772,44.41046905517578
89.01000026537493,86.03016,44.7337646484375
89.11000026567307,86.011116,45.07508850097656
89.2100002659712,85.96658,45.12034606933594
89.31000026626934,85.94359,45.0948486328125
89.41000026656748,85.91709,45.0867919921875
89.51000026686562,85.89407,44.86463165283203
89.61000026716377,85.92332,45.103599548339844
89.71000026746191,85.904465,44.404930114746094
89.81000026776005,85.89789,45.02647399902344
89.91000026805818,85.93211,44.125572204589844
90.01000026835632,85.89108,44.73497009277344
90.11000026865446,85.945946,44.194419860839844
90.21000026895261,85.88129,43.99634552001953
90.31000026925075,85.936584,43.959686279296875
90.41000026954889,85.87427,44.45970916748047
90.51000026984704,85.89268,44.204246520996094
90.61000027014518,85.95147,44.53443908691406
90.71000027044332,85.97191,44.45451354980469
90.81000027074145,85.84418,44.410888671875
90.91000027103959,85.89154,44.356712341308594
91.01000027133773,85.94322,44.276206970214844
91.11000027163587,85.82754,44.418113708496094
91.210000271934,85.8694,44.56505584716797
91.31000027223214,85.96302,44.15770721435547
91.4100002725303,85.8648,44.712554931640625
91.51000027282844,85.84655,44.17414855957031
91.61000027312657,85.85227,44.60986328125
91.71000027342471,85.845764,44.73987579345703
91.81000027372286,85.925095,44.95616149902344
91.910000274021,85.87957,44.83000946044922
92.01000027431914,85.91152,44.92610168457031
92.11000027461728,85.90507,45.29254150390625
92.21000027491542,85.873375,44.380462646484375
92.31000027521357,85.9234,44.38965606689453
92.4100002755117,85.914505,44.75542449951172
92.51000027580984,85.85682,44.72704315185547
92.61000027610798,85.951706,44.22228240966797
92.71000027640612,85.951324,44.49591064453125
92.81000027670426,85.91226,44.60075378417969
92.9100002770024,85.89006,44.40924072265625
93.01000027730053,85.835785,45.041664123535156
93.11000027759869,85.92024,44.857078552246094
93.21000027789682,85.85951,44.67339324951172
93.31000027819496,85.89381,44.62480926513672
93.41000027849311,85.87661,44.77861022949219
93.51000027879125,85.77153,45.21258544921875
93.61000027908939,86.01285,44.88688659667969
93.71000027938753,85.931885,44.812339782714844
93.81000027968567,85.962616,45.26298522949219
93.9100002799838,85.957985,45.02825927734375
94.01000028028196,85.927345,44.56329345703125
94.1100002805801,85.97088,44.49799346923828
94.21000028087823,85.889366,44.612152099609375
94.31000028117637,85.96897,45.35387420654297
94.41000028147451,85.90705,45.027427673339844
94.51000028177265,85.944664,45.68669891357422
94.61000028207079,85.85581,46.02935028076172
94.71000028236892,85.90165,45.410194396972656
94.81000028266706,85.908394,46.170387268066406
94.91000028296523,85.990166,45.80339050292969
95.01000028326337,85.97323,45.69580841064453
95.1100002835615,85.90015,46.03019714355469
95.21000028385964,85.85112,45.545204162597656
95.31000028415778,85.99003,45.078407287597656
95.41000028445592,85.84987,45.704193115234375
95.51000028475406,85.91465,45.109901428222656
95.6100002850522,85.99659,45.26233673095703
95.71000028535033,85.94279,45.290550231933594
95.81000028564848,85.89673,45.540122985839844
95.91000028594662,85.86877,45.78057861328125
96.01000028624476,85.81971,45.56657409667969
96.1100002865429,85.97167,45.37068176269531
96.21000028684104,85.88809,46.02415466308594
96.31000028713918,86.00239,46.163063049316406
96.41000028743731,85.94835,45.543983459472656
96.51000028773547,85.84793,45.62378692626953
96.6100002880336,85.882675,44.752967834472656
96.71000028833176,85.92774,45.097755432128906
96.8100002886299,85.9657,44.81322479248047
96.91000028892803,86.01572,44.74681854248047
97.01000028922617,85.95333,45.210044860839844
97.11000028952431,85.981384,44.717735290527344
97.21000028982245,85.8119,44.907508850097656
97.31000029012058,85.954346,44.92951965332031
97.41000029041872,85.87465,45.3291015625
97.51000029071687,85.8532,45.22267150878906
97.61000029101501,85.91514,44.684837341308594
97.71000029131315,85.907005,45.03955078125
97.81000029161129,85.83314,44.647850036621094
97.91000029190943,85.99414,44.320152282714844
98.01000029220756,85.95485,44.905479431152344
98.11000029250572,85.84427,45.32731628417969
98.21000029280385,85.96585,44.280731201171875
98.310000293102,85.96487,44.96876525878906
98.41000029340015,85.867035,44.25340270996094
98.51000029369828,85.91386,44.59930419921875
98.61000029399642,85.882095,45.056251525878906
98.71000029429456,85.8817,44.63014221191406
98.8100002945927,85.91319,45.07664489746094
98.91000029489084,85.93161,45.09513854980469
99.01000029518897,85.98613,45.578086853027344
99.11000029548711,85.98133,45.286865234375
99.21000029578525,85.85152,44.722694396972656
99.3100002960834,85.9348,45.02894592285156
99.41000029638154,85.96819,44.996192932128906
99.51000029667968,85.85694,45.12422180175781
99.61000029697783,85.89036,44.908180236816406
99.71000029727597,85.81702,45.82337951660156
99.8100002975741,85.94242,46.0860595703125
99.91000029787224,85.88755,45.16127014160156
100.01000029817038,85.943985,44.704383850097656
100.11000029846852,85.91146,45.40342712402344
100.21000029876667,85.9132,45.01665496826172
100.31000029906481,85.976494,45.30247497558594
100.41000029936295,85.961395,45.51067352294922
100.51000029966109,85.85546,45.185394287109375
100.61000029995922,85.953354,45.807769775390625
100.71000030025736,85.82193,45.162147521972656
100.8100003005555,85.89105,45.59716796875
100.91000030085364,85.89141,45.25135803222656
101.01000030115178,85.88095,44.490081787109375
101.11000030144993,85.938965,44.95360565185547
101.21000030174808,85.89723,44.25914001464844
101.31000030204622,86.01988,44.45892333984375
101.41000030234436,86.02648,44.39283752441406
101.5100003026425,85.95348,44.718360900878906
101.61000030294063,85.92509,44.64899444580078
101.71000030323877,85.88485,44.617530822753906
101.81000030353691,85.92737,44.52937316894531
101.91000030383506,85.95067,44.794456481933594
102.0100003041332,85.84398,44.61811065673828
102.11000030443134,85.94464,43.955589294433594
102.21000030472948,85.87875,44.22376251220703
102.31000030502761,85.95673,44.78966522216797
102.41000030532575,85.99755,44.51513671875
102.51000030562389,85.99813,44.163475036621094
102.61000030592203,85.94008,44.168701171875
102.71000030622017,85.90252,44.768638610839844
102.81000030651833,85.902725,44.68480682373047
102.91000030681647,86.02876,44.28587341308594
103.01000030711461,85.933784,44.661827087402344
103.11000030741275,85.79135,44.864105224609375
103.21000030771089,85.89347,44.61681365966797
103.31000030800902,85.91464,44.22857666015625
103.41000030830716,85.87883,44.58537292480469
103.5100003086053,85.89195,44.62931823730469
103.61000030890344,85.914734,44.77263641357422
103.71000030920159,85.80649,44.45759582519531
103.81000030949973,85.94823,44.571807861328125
103.91000030979787,85.90606,44.92688751220703
104.010000310096,85.85459,44.9569091796875
104.11000031039414,85.84047,44.901763916015625
104.21000031069228,85.896614,44.942955017089844
104.31000031099043,85.93087,44.795074462890625
104.41000031128857,85.95758,45.39225769042969
104.51000031158671,85.96687,45.12071228027344
104.61000031188486,85.815865,45.19093322753906
104.710000312183,85.97093,45.22589111328125
104.81000031248114,85.895,44.52301788330078
104.91000031277927,85.8888,44.590240478515625
105.01000031307741,85.95601,44.552398681640625
105.11000031337555,85.83252,44.80236053466797
105.21000031367369,85.948654,44.777000427246094
105.31000031397183,85.908295,44.63031005859375
105.41000031426996,85.9308,44.30052947998047
105.51000031456812,85.95908,44.83502197265625
105.61000031486626,85.95747,44.613380432128906
105.7100003151644,85.90597,45.01636505126953
105.81000031546253,86.004036,46.082557678222656
105.91000031576068,85.94944,45.832305908203125
106.01000031605882,85.799355,46.344451904296875
106.11000031635696,85.8769,46.08906555175781
106.2100003166551,85.93889,46.44000244140625
106.31000031695325,85.85434,45.90301513671875
106.41000031725139,85.91755,46.62873077392578
106.51000031754953,85.87973,45.754669189453125
106.61000031784766,85.89875,45.69850158691406
106.7100003181458,85.84815,45.965179443359375
106.81000031844394,85.86468,45.68431091308594
106.91000031874208,85.9007,45.51665496826172
107.01000031904022,85.894196,45.76078796386719
107.11000031933835,85.9807,45.14360046386719
107.2100003196365,85.867645,44.7994384765625
107.31000031993464,85.85724,45.042572021484375
107.4100003202328,85.91787,44.85358428955078
107.51000032053093,85.78911,44.63433837890625
107.61000032082907,85.83035,44.511688232421875
107.71000032112721,85.910835,44.866416931152344
107.81000032142535,85.960945,44.37126159667969
107.91000032172349,85.87973,44.51960754394531
108.01000032202163,85.89941,44.23887634277344
108.11000032231978,85.94758,43.89324188232422
108.21000032261792,85.89131,44.43601989746094
108.31000032291605,85.87939,44.38751220703125
108.41000032321419,85.93082,45.192955017089844
108.51000032351233,85.84887,44.982933044433594
108.61000032381047,85.97111,46.180877685546875
108.7100003241086,85.87838,45.61241912841797
108.81000032440674,85.84105,45.79723358154297
108.91000032470488,85.92479,45.65692901611328
109.01000032500305,86.046524,45.24983215332031
109.11000032530119,85.95462,45.49280548095703
109.21000032559932,85.86714,45.34589385986328
109.31000032589746,85.931854,45.38629150390625
109.4100003261956,85.957985,44.92008972167969
109.51000032649374,85.92402,44.21263122558594
109.61000032679188,85.874916,44.394073486328125
109.71000032709001,85.998344,44.549095153808594
109.81000032738815,85.950676,44.705726623535156
109.9100003276863,85.97039,44.69349670410156
110.01000032798444,85.91353,45.27964782714844
110.11000032828258,85.958145,44.70519256591797
110.21000032858072,85.93865,45.533958435058594
110.31000032887886,85.90982,45.41648864746094
110.410000329177,85.89558,45.35773468017578
110.51000032947513,85.8704,45.18194580078125
110.61000032977329,85.9463,44.88231658935547
110.71000033007144,85.9412,44.30603790283203
110.81000033036958,86.03839,44.41162109375
110.91000033066771,85.896675,44.669036865234375
111.01000033096585,85.995544,44.356475830078125
111.11000033126399,85.92295,45.199432373046875
111.21000033156213,85.91304,45.122718811035156
111.31000033186027,85.87836,44.79741668701172
111.4100003321584,85.93191,44.832305908203125
111.51000033245654,85.98538,44.935935974121094
111.6100003327547,85.90293,44.751953125
111.71000033305283,85.88101,45.056739807128906
111.81000033335097,85.906906,45.13817596435547
111.91000033364911,85.92814,44.951080322265625
112.01000033394725,85.981346,44.679527282714844
112.1100003342454,85.93535,44.49657440185547
112.21000033454354,85.91762,44.596961975097656
112.31000033484167,85.87561,44.34864044189453
112.41000033513981,85.917015,44.66570281982422
112.51000033543797,85.89134,44.066001892089844
112.6100003357361,85.862206,44.18586730957031
112.71000033603424,85.926476,44.172584533691406
112.81000033633238,85.8169,44.63554382324219
112.91000033663052,85.9308,43.950531005859375
113.01000033692866,85.89726,44.206886291503906
113.1100003372268,85.96156,44.20475769042969
113.21000033752493,85.86321,43.90019989013672
113.31000033782307,85.97917,44.14567565917969
113.41000033812122,85.914345,44.02928924560547
113.51000033841936,85.919235,44.3621826171875
113.6100003387175,85.912415,44.657432556152344
113.71000033901565,85.946495,44.78675079345703
113.81000033931379,85.9,44.46907043457031
113.91000033961193,85.913216,44.26136779785156
114.01000033991006,85.967964,44.412139892578125
114.1100003402082,85.93238,44.80962371826172
114.21000034050634,85.90677,44.489646911621094
114.31000034080449,85.90754,44.23960876464844
114.41000034110263,85.922844,44.06892395019531
114.51000034140077,85.828186,44.238014221191406
114.6100003416989,85.8394,44.62537384033203
114.71000034199704,85.980415,44.50538635253906
114.81000034229518,85.93342,44.659828186035156
114.91000034259332,85.98521,44.633338928222656
115.01000034289146,85.94586,44.32124328613281
115.1100003431896,85.94108,44.2972412109375
115.21000034348775,85.895485,44.391319274902344
115.3100003437859,85.940414,44.89952850341797
115.41000034408404,85.95159,44.39344787597656
115.51000034438218,85.95592,44.439422607421875
115.61000034468032,85.94915,44.281455993652344
115.71000034497845,85.93,44.07875061035156
115.81000034527659,85.949265,43.963783264160156
115.91000034557473,85.94411,43.30602264404297
116.01000034587288,85.95678,44.31433868408203
116.11000034617102,85.85662,43.970481872558594
116.21000034646916,85.9116,43.80442810058594
116.3100003467673,85.920525,44.293548583984375
116.41000034706543,85.88535,44.94099426269531
116.51000034736357,85.924126,45.11260986328125
116.61000034766171,85.81848,45.22224426269531
116.71000034795985,85.88096,44.80742645263672
116.810000348258,85.9871,44.99480438232422
116.91000034855615,85.9408,44.932037353515625
117.01000034885429,85.86358,45.01441192626953
117.11000034915243,85.95966,45.274314880371094
117.21000034945057,85.82233,45.13335418701172
117.3100003497487,85.8594,44.81177520751953
117.41000035004684,85.91269,44.94010925292969
117.51000035034498,86.04295,45.33204650878906
117.61000035064312,85.97507,45.074493408203125
117.71000035094126,85.96322,44.61198425292969
117.81000035123941,85.945305,44.659080505371094
117.91000035153755,85.88204,44.81544494628906
118.01000035183569,85.9083,44.66471862792969
118.11000035213382,85.964424,44.76953125
118.21000035243196,85.8338,44.77223205566406
118.3100003527301,85.817505,45.449623107910156
118.41000035302825,85.90346,45.01659393310547
118.51000035332639,85.92791,44.692222595214844
118.61000035362453,85.94044,44.97234344482422
118.71000035392268,85.969574,44.655677795410156
118.81000035422082,85.911934,44.9888916015625
118.91000035451896,85.8271,44.86725616455078
119.0100003548171,85.93561,45.034324645996094
119.11000035511523,85.86202,44.17731475830078
119.21000035541337,86.019936,44.33430480957031
119.31000035571151,85.97902,44.19914245605469
119.41000035600965,85.93339,44.06621551513672
119.51000035630778,85.85599,44.72944641113281
119.61000035660594,85.835785,44.73838806152344
119.71000035690408,85.98443,44.621116638183594
119.81000035720221,85.99258,44.19355010986328
119.91000035750037,85.85091,44.51215362548828
120.0100003577985,85.849365,44.76970672607422
120.11000035809664,85.9064,44.144744873046875
120.21000035839478,85.871574,44.459136962890625
120.31000035869292,85.981895,44.259185791015625
120.41000035899107,85.942566,44.78663635253906
120.51000035928921,85.91347,44.93199157714844
120.61000035958735,85.884636,44.770179748535156
120.71000035988548,85.94724,44.70417022705078
120.81000036018362,85.873375,45.35321807861328
120.91000036048176,85.89548,44.8148193359375
121.0100003607799,85.86718,45.54737854003906
121.11000036107804,85.92941,44.82884216308594
121.21000036137617,85.91582,45.17405700683594
121.31000036167433,85.90046,44.30165100097656
121.41000036197246,85.944046,43.94105529785156
121.51000036227062,85.86243,44.189483642578125
121.61000036256875,85.9189,44.48162841796875
121.7100003628669,85.89331,44.587371826171875
121.81000036316503,85.887924,44.68064880371094
121.91000036346317,85.83815,44.76000213623047
122.0100003637613,85.88223,44.59346008300781
122.11000036405945,85.89283,45.084625244140625
122.2100003643576,85.837585,44.856040954589844
122.31000036465574,85.94465,44.73822784423828
122.41000036495387,85.933395,44.57782745361328
122.51000036525201,85.822914,44.173431396484375
122.61000036555015,85.95303,44.76563262939453
122.71000036584829,85.991516,45.052154541015625
122.81000036614643,85.95048,44.92193603515625
122.91000036644456,85.89995,44.849639892578125
123.0100003667427,85.97995,44.277557373046875
123.11000036704087,85.81032,44.77874755859375
123.210000367339,85.91642,44.70780944824219
123.31000036763714,85.91534,45.021995544433594
123.41000036793528,85.81694,44.567665100097656
123.51000036823342,85.834274,45.11864471435547
123.61000036853156,85.93462,44.379920959472656
123.7100003688297,85.83933,44.89947509765625
123.81000036912783,85.77791,44.581687927246094
123.91000036942597,85.91167,44.30182647705078
124.01000036972412,85.84119,44.648338317871094
124.11000037002226,85.843544,44.42505645751953
124.2100003703204,85.91298,44.546531677246094
124.31000037061854,85.93909,44.33064270019531
124.41000037091668,85.87552,44.62452697753906
124.51000037121482,85.91415,44.60054016113281
124.61000037151297,85.951965,44.517669677734375
124.7100003718111,85.90884,44.96546936035156
124.81000037210926,85.93853,44.7967529296875
124.9100003724074,85.92241,45.08030700683594
125.01000037270553,86.02485,44.070091247558594
125.11000037300367,85.956505,44.45538330078125
125.21000037330181,85.945,44.47607421875
125.31000037359995,85.92563,44.371612548828125
125.41000037389809,85.983864,44.075653076171875
125.51000037419622,85.92953,44.24351501464844
125.61000037449436,85.92449,44.62055969238281
125.71000037479251,85.916794,44.25208282470703
125.81000037509065,85.89501,44.04247283935547
125.91000037538879,85.9485,44.601295471191406
126.01000037568693,85.91102,44.84064483642578
126.11000037598507,85.940155,44.455169677734375
126.21000037628322,85.877846,44.44550323486328
126.31000037658136,85.89921,44.73683166503906
126.4100003768795,85.943474,44.55786895751953
126.51000037717763,85.924995,44.24790954589844
126.61000037747579,85.91695,43.970726013183594
126.71000037777392,85.85988,43.987396240234375
126.81000037807206,85.96481,44.1796875
126.9100003783702,85.983604,43.92207336425781
127.01000037866834,85.837494,43.9215087890625
127.11000037896648,85.885155,44.08848571777344
127.21000037926461,85.90691,44.08952331542969
127.31000037956275,85.975,44.063270568847656
127.41000037986089,85.86289,43.653099060058594
127.51000038015904,85.94722,44.297607421875
127.61000038045718,85.91061,44.30909729003906
127.71000038075532,85.903984,43.618743896484375
127.81000038105347,85.84141,43.39366912841797
127.91000038135161,85.93056,43.843666076660156
128.01000038164975,85.89371,43.335052490234375
128.11000038194788,85.91709,44.166481018066406
128.21000038224602,85.86509,44.53406524658203
128.31000038254416,85.89704,44.72565460205078
128.4100003828423,86.03134,44.199546813964844
128.51000038314044,85.91326,44.856605529785156
128.61000038343857,85.842255,44.62178039550781
128.7100003837367,85.96002,44.22264862060547
128.81000038403488,85.856964,44.23033142089844
128.91000038433302,85.95226,43.69087219238281
129.01000038463116,85.88568,44.25908660888672
129.1100003849293,85.88243,43.98846435546875
129.21000038522743,85.87563,43.87188720703125
129.31000038552557,85.94586,43.73374938964844
129.4100003858237,85.86235,44.122581481933594
129.51000038612185,85.90433,43.90129852294922
129.61000038641998,85.90551,44.322654724121094
129.71000038671815,85.829544,44.33241271972656
129.8100003870163,85.91312,43.936058044433594
129.91000038731443,85.94659,43.520164489746094
130.01000038761256,85.89435,44.146080017089844
130.1100003879107,85.94608,43.775421142578125
130.21000038820884,85.8606,43.616493225097656
130.31000038850698,85.93849,43.9468994140625
130.41000038880512,85.85085,44.0423583984375
130.51000038910325,86.00777,43.57490539550781
130.6100003894014,85.88349,43.991294860839844
130.71000038969953,85.92696,43.729087829589844
130.81000038999767,85.83019,43.78522491455078
130.91000039029583,86.048096,43.822547912597656
131.01000039059397,85.93767,43.84477996826172
131.11000039089208,85.98167,44.237586975097656
131.21000039119022,85.97117,43.950042724609375
131.31000039148836,85.93746,43.93169403076172
131.4100003917865,85.84757,44.202613830566406
131.51000039208466,85.92312,44.27497100830078
131.6100003923828,85.97301,43.993995666503906
131.71000039268097,86.03383,43.820770263671875
131.8100003929791,85.86461,44.123069763183594
131.91000039327724,85.86016,43.91358184814453
132.01000039357538,86.018654,44.77684783935547
132.11000039387352,85.986946,44.308815002441406
132.21000039417166,85.91753,44.49620056152344
132.3100003944698,85.92019,43.856475830078125
132.41000039476793,85.907906,43.90570831298828
132.51000039506607,85.909004,44.27479553222656
132.6100003953642,85.9508,44.449920654296875
132.71000039566235,86.03359,44.13080596923828
132.8100003959605,85.904236,44.304962158203125
132.91000039625862,85.872116,45.034942626953125
133.01000039655676,85.95725,44.15105438232422
133.1100003968549,86.00407,44.559173583984375
133.21000039715307,85.896866,44.70934295654297
133.3100003974512,85.898834,44.239784240722656
133.41000039774934,85.89333,44.308013916015625
133.51000039804748,85.92114,44.63470458984375
133.61000039834562,85.86821,44.445289611816406
133.71000039864376,85.91568,44.20244598388672
133.8100003989419,85.946045,44.38444519042969
133.91000039924003,85.85416,44.02674102783203
134.01000039953817,85.9701,43.800209045410156
134.1100003998363,85.894806,43.792091369628906
134.21000040013445,85.87998,44.12090301513672
134.31000040043259,85.881485,44.317115783691406
134.41000040073072,85.94314,44.70227813720703
134.51000040102886,85.986916,44.967041015625
134.610000401327,85.88037,44.33025360107422
134.71000040162514,85.963005,44.506256103515625
134.8100004019233,85.91919,44.22027587890625
134.91000040222144,85.87378,44.00080108642578
135.0100004025196,85.9682,43.37007141113281
135.11000040281775,86.02453,43.594703674316406
135.21000040311588,86.02339,44.25114440917969
135.31000040341402,85.900894,43.802581787109375
135.41000040371216,85.923744,43.59040832519531
135.5100004040103,85.91265,44.061614990234375
135.61000040430844,85.896286,44.06401062011719
135.71000040460657,85.83794,44.01239013671875
135.8100004049047,85.91347,43.67643737792969
135.91000040520285,85.92011,43.326873779296875
136.010000405501,85.85765,43.65521240234375
136.11000040579913,85.868095,43.62712097167969
136.21000040609727,85.81933,44.01659393310547
136.3100004063954,85.9182,44.35014343261719
136.41000040669354,85.89103,44.31147766113281
136.51000040699168,85.82459,43.951560974121094
136.61000040728982,86.0369,43.86913299560547
136.71000040758798,85.90055,43.54541778564453
136.81000040788612,85.83508,43.91852569580078
136.91000040818426,85.9127,43.234527587890625
137.0100004084824,85.99551,43.859130859375
137.11000040878054,85.93488,43.18998718261719
137.21000040907867,85.93802,42.969947814941406
137.3100004093768,85.944435,43.718505859375
137.41000040967495,86.01088,43.32044982910156
137.5100004099731,85.92391,43.41845703125
137.61000041027123,85.97845,43.91211700439453
137.71000041056936,85.921524,43.60716247558594
137.8100004108675,85.95011,43.749351501464844
137.91000041116567,85.908905,43.85332489013672
138.0100004114638,85.85328,43.35194396972656
138.11000041176194,85.85253,43.66389465332031
138.21000041206008,85.9136,43.43585968017578
138.31000041235822,85.913376,43.44618225097656
138.41000041265636,85.87618,43.70928955078125
138.51000041295453,85.92101,43.56547546386719
138.61000041325266,85.94961,43.35511016845703
138.7100004135508,85.877205,43.215187072753906
138.81000041384894,85.96507,43.41595458984375
138.91000041414708,85.953,43.02748107910156
139.01000041444522,85.96489,43.212005615234375
139.11000041474335,85.991714,43.41864013671875
139.2100004150415,85.93874,43.469482421875
139.31000041533963,85.9812,43.271148681640625
139.41000041563777,85.92995,43.577552795410156
139.5100004159359,85.98089,43.223663330078125
139.61000041623404,85.90306,43.268455505371094
139.71000041653218,85.91499,43.603057861328125
139.81000041683032,85.88384,43.290313720703125
139.91000041712846,85.916275,43.50950622558594
140.0100004174266,85.785286,43.864967346191406
140.11000041772473,85.89028,43.61004638671875
140.21000041802287,85.8475,44.023101806640625
140.31000041832104,85.81582,44.047096252441406
140.41000041861918,85.9376,44.37481689453125
140.51000041891731,85.98682,43.851776123046875
140.61000041921545,85.9946,44.09819793701172
140.7100004195136,85.98392,43.821876525878906
140.81000041981173,85.90109,44.201507568359375
140.91000042010987,85.9807,44.24957275390625
141.010000420408,85.86668,44.153656005859375
141.11000042070617,86.005974,44.52861022949219
141.2100004210043,85.9273,43.997596740722656
141.31000042130245,85.861565,44.126708984375
141.41000042160059,85.92693,43.66038513183594
141.51000042189872,85.889275,43.70733642578125
141.61000042219686,85.9611,44.48432922363281
141.710000422495,85.89698,43.93224334716797
141.81000042279314,85.951126,43.77826690673828
141.91000042309128,85.84195,43.65559387207031
142.01000042338944,85.934166,44.34321594238281
142.11000042368758,85.907486,44.030860900878906
142.21000042398572,85.91578,43.43621826171875
142.31000042428386,86.00151,43.789710998535156
142.410000424582,85.94775,43.42414855957031
142.51000042488013,85.97987,43.6805419921875
142.61000042517827,85.872604,43.98711395263672
142.7100004254764,85.88104,44.566856384277344
142.81000042577455,85.96679,43.679039001464844
142.91000042607268,85.95089,44.223899841308594
143.01000042637082,85.92113,44.430015563964844
143.11000042666896,85.93726,44.43824768066406
143.2100004269671,85.94524,44.80686950683594
143.31000042726524,85.87673,44.129058837890625
143.41000042756338,85.80295,44.01935577392578
143.5100004278615,85.998276,44.41548156738281
143.61000042815965,85.93559,44.61585998535156
143.7100004284578,86.018845,44.3504638671875
143.81000042875596,85.9639,44.54132843017578
143.9100004290541,85.927475,44.38396453857422
144.01000042935223,85.94779,44.52110290527344
144.11000042965037,86.01452,44.846588134765625
144.21000042994854,85.89825,44.38916778564453
144.31000043024667,85.92169,44.844451904296875
144.4100004305448,85.95119,44.85761260986328
144.51000043084295,85.838684,44.40498352050781
144.6100004311411,85.89101,44.30816650390625
144.71000043143923,85.871414,44.14392852783203
144.81000043173736,85.894684,43.88444519042969
144.9100004320355,85.98001,43.97566223144531
145.01000043233364,85.902405,44.929222106933594
145.11000043263178,85.85589,43.552886962890625
145.21000043292992,85.8749,44.47583770751953
145.31000043322805,85.98903,44.72972869873047
145.4100004335262,85.88736,44.015838623046875
145.51000043382436,86.014404,44.007049560546875
145.6100004341225,85.886795,43.844383239746094
145.71000043442064,85.977715,44.12097930908203
145.81000043471877,86.038,44.09754180908203
145.9100004350169,85.872284,43.924041748046875
146.01000043531505,85.89098,43.95673370361328
146.1100004356132,86.01187,44.213958740234375
146.21000043591133,85.881355,44.185325622558594
146.31000043620946,85.963425,44.508399963378906
146.4100004365076,85.8651,44.27556610107422
146.51000043680574,85.86105,43.71205139160156
146.61000043710388,85.87135,43.33052062988281
146.71000043740202,85.89832,43.77678680419922
146.81000043770015,85.94518,43.898101806640625
146.9100004379983,85.943,44.28984832763672
147.01000043829643,85.872116,44.459800720214844
147.11000043859457,85.91635,44.117279052734375
147.2100004388927,85.884926,44.09709930419922
147.3100004391909,85.88065,43.786712646484375
147.41000043948904,85.92311,43.67346954345703
147.51000043978718,85.85893,44.37664031982422
147.61000044008532,85.93776,43.273101806640625
147.71000044038345,85.95463,43.401092529296875
147.8100004406816,85.93633,43.599090576171875
147.91000044097973,85.84432,44.14625549316406
148.01000044127787,85.93124,43.8065185546875
148.110000441576,86.06161,43.43086242675781
148.21000044187414,85.84748,43.7764892578125
148.31000044217228,85.883865,43.737083435058594
148.41000044247042,85.891396,43.77174377441406
148.51000044276856,85.88258,44.61688232421875
148.6100004430667,85.96351,44.22467041015625
148.71000044336483,85.959785,43.92194366455078
148.81000044366297,85.86345,43.73213195800781
148.9100004439611,85.990425,44.09584045410156
149.01000044425925,85.968,43.690818786621094
149.11000044455741,86.06079,44.023460388183594
149.21000044485555,85.92857,43.98015594482422
149.3100004451537,85.894295,44.15187072753906
149.41000044545183,85.86993,43.95323181152344
149.51000044574997,86.02654,43.675376892089844
149.6100004460481,85.988686,43.726234436035156
149.71000044634624,86.07285,44.046531677246094
149.81000044664438,85.871956,43.69743347167969
149.91000044694252,85.89521,43.957435607910156
150.01000044724066,85.954834,43.903465270996094
150.1100004475388,85.929115,43.784324645996094
150.21000044783693,85.871445,44.367042541503906
150.31000044813507,85.89454,44.36713409423828
150.41000044843324,85.85439,44.24855041503906
150.51000044873138,85.86725,44.30458068847656
150.6100004490295,85.93174,44.07951354980469
150.71000044932765,86.035385,43.264007568359375
150.81000044962582,85.87995,44.36663818359375
150.91000044992396,85.83513,44.339988708496094
151.0100004502221,85.86828,44.275390625
151.11000045052023,85.93357,44.557525634765625
151.21000045081837,86.01193,44.719078063964844
151.3100004511165,85.93746,43.977134704589844
151.41000045141465,85.89474,44.17365264892578
151.51000045171278,85.80628,43.88739013671875
151.61000045201092,85.98986,44.44065856933594
151.71000045230906,85.861084,44.36840057373047
151.8100004526072,86.01779,44.855072021484375
151.91000045290534,85.93992,44.65641784667969
152.01000045320347,85.905464,44.457237243652344
152.1100004535016,85.96149,45.060333251953125
152.21000045379975,85.9193,44.69652557373047
152.3100004540979,85.92067,44.74120330810547
152.41000045439603,85.92326,45.026611328125
152.51000045469416,85.99258,44.44696044921875
152.61000045499233,85.98189,44.310386657714844
152.71000045529047,85.94214,44.20698547363281
152.8100004555886,85.9084,44.54730987548828
152.91000045588675,85.87007,44.692176818847656
153.01000045618488,85.85112,44.58892822265625
153.11000045648302,85.82611,44.51374053955078
153.21000045678116,85.90508,45.10212707519531
153.3100004570793,85.93487,45.090911865234375
153.41000045737744,85.935646,44.55812072753906
153.51000045767557,85.883095,44.74940490722656
153.61000045797374,85.7898,44.72053527832031
153.71000045827188,85.89659,44.568572998046875
153.81000045857002,85.92511,44.445709228515625
153.91000045886815,85.90338,44.07902526855469
154.0100004591663,85.95028,43.92547607421875
154.11000045946443,85.99585,44.01850891113281
154.21000045976257,85.95758,44.43385314941406
154.31000046006073,85.91749,44.128211975097656
154.41000046035887,85.976715,44.41460418701172
154.510000460657,85.855675,43.99198913574219
154.61000046095515,85.98583,44.12890625
154.7100004612533,85.90311,44.46887969970703
154.81000046155143,85.84267,43.994842529296875
154.91000046184956,85.81773,43.463951110839844
155.0100004621477,85.890976,44.20032501220703
155.11000046244584,85.99829,44.378074645996094
155.21000046274398,86.001396,44.02937316894531
155.31000046304212,86.00106,43.38250732421875
155.41000046334025,85.89689,43.688636779785156
155.5100004636384,85.960945,44.18614196777344
155.61000046393653,85.85768,44.35529327392578
155.71000046423467,85.89056,43.569068908691406
155.8100004645328,85.88974,43.85609436035156
155.91000046483094,85.91337,44.28289031982422
156.01000046512908,85.85484,43.980682373046875
156.11000046542725,85.781425,43.59626770019531
156.2100004657254,85.86584,44.01875305175781
156.31000046602352,85.85593,44.31031036376953
156.41000046632166,85.82721,44.05442810058594
156.5100004666198,85.9357,44.012306213378906
156.61000046691794,85.968376,44.057212829589844
156.7100004672161,85.92029,44.167076110839844
156.81000046751424,85.968704,44.183677673339844
156.91000046781238,85.90983,43.992103576660156
157.01000046811052,85.95813,44.52555847167969
157.11000046840866,86.02012,44.120086669921875
157.2100004687068,85.93345,43.79585266113281
157.31000046900493,85.93699,44.23588562011719
157.41000046930307,85.91561,44.45172119140625
157.5100004696012,85.911224,43.88911437988281
157.61000046989935,85.92807,44.09620666503906
157.71000047019749,85.98636,43.92998504638672
157.81000047049562,85.97487,43.551055908203125
157.9100004707938,85.892586,43.40062713623047
158.01000047109193,85.87431,43.09040832519531
158.11000047139007,85.91396,43.28235626220703
158.2100004716882,85.84849,43.480995178222656
158.31000047198634,85.94603,43.50584411621094
158.41000047228448,85.90245,44.20783996582031
158.51000047258262,85.976425,43.63124084472656
158.61000047288076,85.96131,44.01457214355469
158.7100004731789,85.94553,43.63301086425781
158.81000047347703,85.96344,44.12340545654297
158.91000047377517,85.921844,44.258888244628906
159.0100004740733,86.06551,44.061424255371094
159.11000047437145,85.92149,43.670166015625
159.21000047466958,85.90673,44.16313934326172
159.31000047496772,86.01019,43.90729522705078
159.41000047526586,85.87509,43.73988342285156
159.510000475564,85.9088,43.782691955566406
159.61000047586214,85.884964,44.06465148925781
159.7100004761603,85.975044,44.02477264404297
159.81000047645847,85.977356,43.797950744628906
159.9100004767566,85.93806,43.87017059326172
160.01000047705475,85.98124,43.5771484375
160.11000047735288,85.90718,43.80964660644531
160.21000047765102,85.964935,43.95735168457031
160.31000047794916,85.841736,44.44425964355469
160.4100004782473,85.95433,44.25953674316406
160.51000047854544,85.89619,44.305519104003906
160.61000047884357,85.938095,44.68389892578125
160.7100004791417,85.94816,44.53596496582031
160.81000047943985,85.91717,43.81359100341797
160.910000479738,85.91919,43.478973388671875
161.01000048003613,85.92275,43.94518280029297
161.11000048033426,85.93561,44.39183807373047
161.2100004806324,86.0294,44.397735595703125
161.31000048093054,85.90473,43.76390075683594
161.4100004812287,85.92569,43.999305725097656
161.51000048152684,85.874725,43.96758270263672
161.61000048182498,85.91056,44.78766632080078
161.71000048212312,85.97395,45.019287109375
161.81000048242126,85.96808,44.39064025878906
161.9100004827194,85.96212,44.04339599609375
162.01000048301754,85.90536,44.44957733154297
162.11000048331567,85.945885,44.07386016845703
162.2100004836138,85.89318,44.164955139160156
162.31000048391195,85.93326,44.38519287109375
162.4100004842101,85.91666,44.79004669189453
162.51000048450823,85.942245,44.56504821777344
162.61000048480636,85.917015,44.54396057128906
162.7100004851045,85.93968,44.478843688964844
162.81000048540264,85.84419,44.83753967285156
162.9100004857008,85.931,44.271942138671875
163.01000048599894,85.89802,44.028343200683594
163.1100004862971,86.006325,43.85877990722656
163.21000048659525,85.88471,43.77964782714844
163.3100004868934,85.890366,43.71886444091797
163.41000048719152,85.83106,43.97117614746094
163.51000048748966,85.89985,43.526405334472656
163.6100004877878,85.95628,43.20381164550781
163.71000048808594,85.86175,43.17454528808594
163.81000048838408,85.83783,43.364906311035156
163.91000048868221,85.90327,43.65599060058594
164.01000048898035,85.91259,43.180809020996094
164.1100004892785,85.79734,43.248321533203125
164.21000048957663,85.92687,43.7454833984375
164.31000048987477,85.944435,43.59882354736328
164.4100004901729,85.97541,43.58287048339844
164.51000049047104,85.82328,42.99108123779297
164.61000049076918,86.02892,43.402076721191406
164.71000049106732,86.03045,43.64527893066406
164.81000049136546,85.89707,43.402252197265625
164.91000049166362,85.95982,43.545021057128906
165.01000049196176,85.907906,43.51036071777344
165.1100004922599,85.888214,43.7144775390625
165.21000049255804,85.98885,43.56797790527344
165.31000049285618,85.91749,43.54631042480469
165.4100004931543,85.93115,43.54634094238281
165.51000049345245,85.959854,43.712615966796875
165.6100004937506,85.87935,43.52508544921875
165.71000049404873,85.96113,43.636695861816406
165.81000049434687,85.85707,43.53425598144531
165.910000494645,85.87584,43.903053283691406
166.01000049494314,85.944855,43.4620361328125
166.1100004952413,85.90739,43.98277282714844
166.21000049553945,85.9137,43.775299072265625
166.31000049583758,85.87477,43.96556091308594
166.41000049613572,85.944565,43.721885681152344
166.51000049643386,85.8898,43.699668884277344
166.610000496732,85.96397,43.756561279296875
166.71000049703017,85.92409,43.16363525390625
166.8100004973283,85.834015,44.09123992919922
166.91000049762644,85.861755,44.086822509765625
167.01000049792458,85.92295,43.747467041015625
167.11000049822272,85.98112,43.446319580078125
167.21000049852086,86.03065,42.938148498535156
167.310000498819,85.92633,43.60240936279297
167.41000049911713,85.986565,43.18739318847656
167.51000049941527,85.86145,43.297630310058594
167.6100004997134,85.91757,43.64634704589844
167.71000050001155,85.90784,43.77021789550781
167.81000050030968,85.93896,43.64219665527344
167.91000050060782,85.95086,43.96092224121094
168.01000050090596,85.986244,43.92912292480469
168.1100005012041,85.89372,43.72160339355469
168.21000050150224,85.88195,43.455604553222656
168.31000050180037,85.89295,43.66154479980469
168.4100005020985,85.93062,43.16527557373047
168.51000050239668,85.88771,43.34900665283203
168.61000050269482,85.92479,43.880714416503906
168.71000050299295,85.89792,44.091468811035156
168.8100005032911,85.91472,43.78288269042969
168.91000050358923,85.92422,44.10704040527344
169.01000050388737,85.94212,44.46327209472656
169.1100005041855,85.925896,43.9974365234375
169.21000050448367,85.89054,43.64283752441406
169.3100005047818,85.861115,43.63665771484375
169.41000050507995,85.89269,43.445526123046875
169.5100005053781,85.97107,43.49791717529297
169.61000050567623,85.98426,43.685386657714844
169.71000050597436,85.87236,43.434104919433594
169.8100005062725,85.91298,43.90814208984375
169.91000050657064,86.00301,44.11064147949219
170.01000050686878,86.01714,44.26951599121094
170.11000050716692,85.96247,44.96173858642578
170.21000050746508,85.90896,43.44062805175781
170.31000050776322,85.89934,44.199241638183594
170.41000050806136,85.94482,43.96064758300781
170.5100005083595,85.97942,43.57312774658203
170.61000050865763,85.94051,43.95677185058594
170.71000050895577,85.89544,43.85371398925781
170.8100005092539,85.85667,43.82232666015625
170.91000050955205,85.89415,43.81372833251953
171.0100005098502,85.85871,44.29466247558594
171.11000051014832,85.84362,44.247528076171875
171.21000051044646,85.9699,44.623680114746094
171.3100005107446,85.90537,44.435279846191406
171.41000051104274,85.8713,43.607208251953125
171.51000051134088,85.7818,43.94676208496094
171.61000051163902,85.888664,43.44365692138672
171.71000051193715,85.88152,43.67790222167969
171.8100005122353,85.88713,43.38285827636719
171.91000051253343,85.92496,43.95582580566406
172.0100005128316,85.91611,43.448204040527344
172.11000051312973,85.867294,43.61682891845703
172.21000051342787,85.97952,43.75860595703125
172.31000051372604,85.98812,44.53985595703125
172.41000051402418,85.95628,44.05268859863281
172.51000051432231,85.86427,43.904502868652344
172.61000051462045,85.90975,43.805572509765625
172.7100005149186,85.92098,43.824737548828125
172.81000051521673,85.91049,43.29765319824219
172.91000051551487,85.99409,44.371116638183594
173.010000515813,85.933205,44.02367401123047
173.11000051611114,85.82694,43.68212127685547
173.21000051640928,85.95146,44.23126220703125
173.31000051670742,85.95118,44.303916931152344
173.41000051700556,85.86297,44.23041534423828
173.5100005173037,85.93625,44.15150451660156
173.61000051760183,85.89145,44.14470672607422
173.7100005179,85.93689,43.80762481689453
173.81000051819814,85.82888,43.87928771972656
173.91000051849628,85.934395,43.58281707763672
174.0100005187944,85.92622,44.004058837890625
174.11000051909255,85.88949,43.94413757324219
174.2100005193907,85.880974,44.17939758300781
174.31000051968883,85.87029,44.41729736328125
174.41000051998697,85.92444,44.37543487548828
174.5100005202851,85.88409,44.326934814453125
174.61000052058324,85.92108,44.434326171875
174.71000052088138,85.902985,43.95831298828125
174.81000052117952,85.934044,44.663490295410156
174.91000052147766,85.93428,43.71314239501953
175.0100005217758,85.90734,44.05089569091797
175.11000052207393,85.89723,44.47444152832031
175.21000052237207,85.91614,44.282737731933594
175.3100005226702,85.854095,44.095375061035156
175.41000052296837,85.85796,44.59376525878906
175.51000052326654,85.936356,44.426544189453125
175.61000052356468,85.89261,44.32220458984375
175.71000052386282,85.89802,43.82849884033203
175.81000052416096,85.83345,43.980491638183594
175.9100005244591,85.90742,44.69334411621094
176.01000052475723,85.91547,44.035484313964844
176.11000052505537,85.906075,43.8209228515625
176.2100005253535,85.89125,44.48394012451172
176.31000052565165,85.96729,44.97814178466797
176.41000052594978,85.937546,44.61589813232422
176.51000052624792,85.945335,44.74772644042969
176.61000052654606,85.906105,44.57331085205078
176.7100005268442,85.870575,44.09020233154297
176.81000052714234,85.94715,44.400611877441406
176.91000052744047,85.89149,44.069129943847656
177.0100005277386,85.89888,44.625335693359375
177.11000052803675,85.926056,45.12622833251953
177.2100005283349,85.92291,45.047943115234375
177.31000052863305,85.97082,44.914337158203125
177.4100005289312,85.881355,44.98274230957031
177.51000052922933,85.81174,44.51758575439453
177.61000052952747,85.83148,44.56932830810547
177.7100005298256,85.87995,45.11174011230469
177.81000053012374,85.98971,44.72084045410156
177.91000053042188,85.948875,44.662376403808594
178.01000053072002,85.99877,44.505043029785156
178.11000053101816,85.952965,44.112327575683594
178.2100005313163,85.97633,43.39435577392578
178.31000053161443,85.973595,44.02336883544922
178.41000053191257,85.9671,44.34479522705078
178.5100005322107,85.93527,44.04533386230469
178.61000053250888,85.87425,44.201393127441406
178.71000053280702,85.93471,43.91077423095703
178.81000053310515,85.90129,44.64111328125
178.9100005334033,85.87459,44.83058166503906
179.01000053370146,85.99217,44.754852294921875
179.1100005339996,85.88074,44.061492919921875
179.21000053429773,85.95561,44.10545349121094
179.31000053459587,86.00362,43.90037536621094
179.410000534894,85.92286,43.63768005371094
179.51000053519215,85.85302,43.763885498046875
179.6100005354903,85.87669,43.60346984863281
179.71000053578842,85.94666,43.92041015625
179.81000053608656,85.896835,43.96013641357422
179.9100005363847,85.85306,43.90247344970703
180.01000053668284,86.083115,43.95933532714844
180.11000053698098,85.94722,44.40898895263672
180.21000053727911,85.951866,43.81651306152344
180.31000053757725,85.89671,44.09748840332031
180.4100005378754,85.85095,44.628501892089844
180.51000053817353,85.93289,44.54881286621094
180.61000053847167,85.96304,43.877708435058594
180.7100005387698,85.86635,44.27958679199219
180.81000053906797,85.90194,44.401702880859375
180.9100005393661,85.94899,43.877647399902344
181.01000053966425,85.86023,44.382110595703125
181.11000053996239,85.86435,45.14881896972656
181.21000054026052,85.87695,45.455787658691406
181.31000054055866,85.92674,45.8104248046875
181.4100005408568,85.953636,45.303802490234375
181.51000054115494,85.907036,44.86485290527344
181.61000054145308,85.9792,45.206695556640625
181.71000054175124,85.876656,45.31878662109375
181.81000054204938,85.918884,45.319793701171875
181.91000054234752,85.957794,44.60393524169922
182.01000054264566,85.861244,44.813140869140625
182.1100005429438,85.92317,45.040008544921875
182.21000054324193,85.9668,45.05517578125
182.31000054354007,85.79408,45.59440612792969
182.4100005438382,85.937325,45.991905212402344
182.51000054413637,85.870026,45.685760498046875
182.6100005444345,85.798744,45.24889373779297
182.71000054473265,85.97985,45.274559020996094
182.8100005450308,85.94272,45.291908264160156
182.91000054532893,85.93208,45.10234069824219
183.01000054562707,85.85926,45.29328918457031
183.1100005459252,85.88334,44.901275634765625
183.21000054622334,85.919846,44.84681701660156
183.31000054652148,85.91713,44.85896301269531
183.41000054681962,85.89941,44.71320343017578
183.51000054711776,85.87346,44.75169372558594
183.6100005474159,85.89422,45.16398620605469
183.71000054771403,85.939,45.111053466796875
183.81000054801217,85.80236,44.324493408203125
183.9100005483103,85.92129,45.00852966308594
184.01000054860845,85.88787,45.066261291503906
184.11000054890658,85.92867,45.05834197998047
184.21000054920472,85.9627,45.23432922363281
184.3100005495029,85.928986,45.249229431152344
184.41000054980103,85.94179,44.4749755859375
184.51000055009916,85.952065,44.65306854248047
184.6100005503973,85.897,44.89591979980469
184.71000055069544,85.92466,45.437110900878906
184.8100005509936,85.83192,44.78202819824219
184.91000055129174,85.92944,45.304786682128906
185.01000055158988,85.92432,44.43220520019531
185.11000055188802,85.89928,44.24290466308594
185.21000055218616,85.98406,44.98524475097656
185.3100005524843,85.90307,44.77183532714844
185.41000055278244,86.00377,44.97972106933594
185.51000055308057,85.92069,45.13362121582031
185.6100005533787,85.92228,44.330352783203125
185.71000055367685,85.90426,44.547210693359375
185.810000553975,85.80938,43.8839111328125
185.91000055427313,85.91294,44.272308349609375
186.01000055457126,85.88401,44.82549285888672
186.11000055486943,85.8932,44.96422576904297
186.21000055516757,85.95507,44.14514923095703
186.3100005554657,85.90593,44.6341552734375
186.41000055576384,86.02161,44.07179260253906
186.51000055606198,85.985146,43.87214660644531
186.61000055636012,85.88184,44.21046447753906
186.71000055665826,85.99011,43.736305236816406
186.8100005569564,85.9605,44.047279357910156
186.91000055725453,85.888725,43.876991271972656
187.01000055755267,86.00649,44.065834045410156
187.1100005578508,85.92049,44.293548583984375
187.21000055814895,85.95636,44.56227111816406
187.3100005584471,85.96048,44.04278564453125
187.41000055874522,85.94709,43.76819610595703
187.51000055904336,85.9167,43.44322967529297
187.6100005593415,85.851845,43.259185791015625
187.71000055963964,85.92203,43.53143310546875
187.8100005599378,85.94979,43.895729064941406
187.91000056023594,85.92611,43.67298126220703
188.0100005605341,85.943275,43.54480743408203
188.11000056083225,85.88498,43.99871063232422
188.21000056113039,85.98469,43.87397766113281
188.31000056142852,85.96982,43.65760803222656
188.41000056172666,86.01468,43.96912384033203
188.5100005620248,85.91803,43.651214599609375
188.61000056232294,85.8924,44.13410186767578
188.71000056262108,85.886116,43.666542053222656
188.8100005629192,85.91444,43.65607452392578
188.91000056321735,85.92798,43.84795379638672
189.0100005635155,85.86295,43.90235137939453
189.11000056381363,85.97877,43.91808319091797
189.21000056411177,85.935074,43.71211242675781
189.3100005644099,85.94808,43.823890686035156
189.41000056470804,85.84954,43.681434631347656
189.51000056500618,85.99196,43.90373229980469
189.61000056530435,85.93323,44.36921691894531
189.71000056560248,85.90451,43.57799530029297
189.81000056590062,85.94715,43.29994201660156
189.91000056619876,85.92872,42.97039794921875
190.0100005664969,85.94541,43.353492736816406
190.11000056679504,86.02771,43.497100830078125
190.21000056709318,85.905914,43.39244842529297
190.3100005673913,85.92992,43.34443664550781
190.41000056768945,85.9425,43.80842590332031
190.5100005679876,85.99666,43.89508056640625
190.61000056828573,85.90065,43.478729248046875
190.71000056858387,85.867744,43.376007080078125
190.810000568882,85.95409,43.269508361816406
190.91000056918014,85.94261,43.370582580566406
191.01000056947828,85.89045,43.503211975097656
191.11000056977645,85.892555,43.99274444580078
191.21000057007458,85.984436,43.850494384765625
191.31000057037275,85.82908,43.79856872558594
191.4100005706709,85.93051,43.310081481933594
191.51000057096903,85.86613,43.66046905517578
191.61000057126716,85.930725,42.966041564941406
191.7100005715653,85.985985,42.954246520996094
191.81000057186344,85.92179,43.332435607910156
191.91000057216158,85.90895,43.29542541503906
192.01000057245972,85.82849,43.297027587890625
192.11000057275785,85.88252,43.641578674316406
192.210000573056,85.94349,43.148765563964844
192.31000057335413,85.882416,42.82000732421875
192.41000057365227,85.79721,43.16032409667969
192.5100005739504,85.90672,42.915367126464844
192.61000057424855,85.89455,42.94630432128906
192.71000057454668,85.9122,42.723724365234375
192.81000057484482,85.95756,43.66236877441406
192.91000057514296,85.89814,43.13402557373047
193.0100005754411,85.92881,43.33329772949219
193.11000057573926,85.918335,43.12788391113281
193.2100005760374,85.906876,43.22691345214844
193.31000057633554,85.84751,43.78229522705078
193.41000057663368,85.88099,43.32635498046875
193.51000057693182,85.937355,43.230262756347656
193.61000057722995,85.93999,43.81830596923828
193.7100005775281,85.92364,43.67311096191406
193.81000057782623,85.88796,43.255828857421875
193.91000057812437,85.82086,43.398109436035156
194.0100005784225,85.87801,43.354209899902344
194.11000057872064,85.82147,43.26106262207031
194.2100005790188,85.93096,43.2437744140625
194.31000057931695,85.92603,43.64148712158203
194.4100005796151,85.94651,44.05181884765625
194.51000057991322,85.803696,43.737281799316406
194.61000058021136,85.93418,44.335670471191406
194.7100005805095,85.96042,44.80921936035156
194.81000058080764,85.96981,44.620704650878906
194.9100005811058,85.86399,44.105255126953125
195.01000058140394,85.919464,44.25428009033203
195.11000058170208,85.92642,44.238624572753906
195.21000058200022,85.95127,43.891624450683594
195.31000058229836,85.95067,44.596405029296875
195.4100005825965,86.00985,44.153053283691406
195.51000058289463,85.877975,44.077720642089844
195.61000058319277,85.91948,43.681968688964844
195.7100005834909,85.861435,44.072166442871094
195.81000058378905,85.79073,44.81968688964844
195.9100005840872,85.98942,44.521240234375
196.01000058438532,85.92807,44.86071014404297
196.11000058468346,85.92219,45.27623748779297
196.2100005849816,85.8768,45.094932556152344
196.31000058527974,85.83616,45.37157440185547
196.41000058557788,85.89128,45.29011535644531
196.510000585876,85.90857,44.55094909667969
196.61000058617418,85.92308,45.011375427246094
196.71000058647232,85.92465,44.69512939453125
196.81000058677046,85.96538,45.105369567871094
196.9100005870686,85.98037,45.146583557128906
197.01000058736673,85.99447,45.22993469238281
197.11000058766487,85.772575,45.00736999511719
197.210000587963,86.01777,44.426414489746094
197.31000058826118,85.920364,44.50537109375
197.4100005885593,85.91942,44.74871826171875
197.51000058885745,85.930336,44.39685821533203
197.6100005891556,85.94476,43.79420471191406
197.71000058945373,85.963806,44.642608642578125
197.81000058975187,85.88027,43.985992431640625
197.91000059005,85.97681,44.2850341796875
198.01000059034814,85.88836,43.74816131591797
198.11000059064628,85.81736,43.6641845703125
198.21000059094442,85.93627,44.002288818359375
198.31000059124256,85.95027,43.68043518066406
198.41000059154072,85.98384,43.955657958984375
198.51000059183886,85.95217,43.787391662597656
198.610000592137,85.883064,44.45753479003906
198.71000059243514,85.90678,43.72765350341797
198.81000059273327,85.88237,44.67344665527344
198.9100005930314,85.90273,44.833282470703125
199.01000059332955,85.9791,44.41679382324219
199.1100005936277,85.957054,45.15025329589844
199.21000059392583,85.95677,44.23301696777344
199.31000059422396,85.93704,44.5887451171875
199.4100005945221,85.94652,44.173927307128906
199.51000059482024,85.96188,44.574127197265625
199.61000059511838,85.98207,44.722007751464844
199.71000059541652,85.95918,45.168357849121094
199.81000059571465,85.91772,44.924560546875
199.9100005960128,85.867035,44.941131591796875
200.01000059631093,85.9582,44.88208770751953
200.11000059660907,85.90953,44.56004333496094
200.21000059690724,85.85679,44.791351318359375
200.31000059720537,85.93048,44.50006866455078
200.4100005975035,85.92072,44.211517333984375
200.51000059780168,85.91689,44.2779541015625
200.61000059809982,85.95773,44.95646667480469
200.71000059839795,85.91167,44.61109161376953
200.8100005986961,86.0536,44.635986328125
200.91000059899423,85.976555,43.93610382080078
201.01000059929237,85.887436,44.39033508300781
201.1100005995905,85.85465,45.42139434814453
201.21000059988864,85.8864,44.10015869140625
201.31000060018678,85.848,44.21478271484375
201.41000060048492,85.9677,44.56884002685547
201.51000060078306,85.97176,44.828712463378906
201.6100006010812,85.93309,45.008934020996094
201.71000060137933,85.92329,44.56531524658203
201.81000060167747,85.97567,45.147552490234375
201.91000060197564,85.86549,44.92012023925781
202.01000060227378,85.944916,45.45063781738281
202.11000060257192,85.949196,44.88062286376953
202.21000060287005,85.93454,44.867156982421875
202.3100006031682,85.938995,45.44024658203125
202.41000060346633,85.88895,44.743438720703125
202.51000060376447,85.87068,44.54456329345703
202.6100006040626,85.97862,44.15971374511719
202.71000060436074,85.92763,43.900909423828125
202.81000060465888,85.87982,44.29668426513672
202.91000060495702,85.91502,44.393310546875
203.01000060525516,85.75654,44.12670135498047
203.1100006055533,85.965576,44.08555603027344
203.21000060585143,85.98142,44.265899658203125
203.31000060614957,86.02004,44.552642822265625
203.4100006064477,85.97773,44.66888427734375
203.51000060674585,85.906624,44.18413543701172
203.61000060704401,85.888504,43.95726013183594
203.71000060734218,85.874405,44.24925994873047
203.81000060764032,85.8936,44.092071533203125
203.91000060793846,85.8888,43.99578857421875
204.0100006082366,85.79758,44.10594177246094
204.11000060853473,85.917595,44.27843475341797
204.21000060883287,85.856415,44.03208923339844
204.310000609131,85.92322,43.959938049316406
204.41000060942915,85.996315,44.291343688964844
204.51000060972729,85.93008,43.55406951904297
204.61000061002542,85.78361,43.86134338378906
204.71000061032356,86.01939,44.0660400390625
204.8100006106217,86.048645,43.528717041015625
204.91000061091984,85.897255,43.945289611816406
205.01000061121798,85.98361,44.42485809326172
205.1100006115161,85.89953,44.61162567138672
205.21000061181425,85.87688,44.07862854003906
205.3100006121124,85.80838,44.87665557861328
205.41000061241056,85.914795,44.903541564941406
205.5100006127087,85.85372,44.688941955566406
205.61000061300683,85.89964,44.192626953125
205.71000061330497,85.91194,44.29412078857422
205.8100006136031,85.91432,44.77105712890625
205.91000061390125,85.921974,45.29393768310547
206.01000061419938,85.9872,44.93663024902344
206.11000061449752,85.90787,44.676795959472656
206.21000061479566,86.06108,45.138526916503906
206.3100006150938,85.93563,45.253639221191406
206.41000061539194,85.91762,44.5440673828125
206.51000061569007,85.89282,43.908592224121094
206.6100006159882,85.90421,44.62079620361328
206.71000061628638,85.91409,45.27513885498047
206.81000061658452,85.85162,45.47705078125
206.91000061688266,85.92794,44.174896240234375
207.0100006171808,85.93409,44.55095672607422
207.11000061747893,85.890656,44.37590026855469
207.2100006177771,86.031654,45.05633544921875
207.31000061807524,85.92957,45.015228271484375
207.41000061837337,85.91563,44.60968017578125
207.5100006186715,85.87277,45.04656219482422
207.61000061896965,85.891624,45.314964294433594
207.7100006192678,85.94487,46.14690399169922
207.81000061956593,85.94869,45.51936340332031
207.91000061986406,86.016304,46.284828186035156
208.0100006201622,85.98392,45.29203796386719
208.11000062046034,85.95336,45.283363342285156
208.21000062075848,85.93702,45.00690460205078
208.31000062105662,85.86626,44.64727020263672
208.41000062135475,85.89709,44.1512451171875
208.5100006216529,85.90846,44.872764587402344
208.61000062195103,85.89824,44.29253387451172
208.71000062224917,85.926025,43.733436584472656
208.8100006225473,85.86018,44.588523864746094
208.91000062284544,85.8766,44.378448486328125
209.0100006231436,85.91047,44.614356994628906
209.11000062344175,85.880905,44.219879150390625
209.2100006237399,85.87408,44.25080108642578
209.31000062403803,86.06664,44.033966064453125
209.41000062433616,85.95711,44.36492919921875
209.5100006246343,85.995735,44.39203643798828
209.61000062493244,85.94017,44.486083984375
209.71000062523058,85.89237,43.74464416503906
209.81000062552874,85.9559,43.54876708984375
209.91000062582688,85.971344,43.24761199951172
210.01000062612502,85.936806,43.759185791015625
210.11000062642316,85.88519,42.62542724609375
210.2100006267213,85.99415,43.830108642578125
210.31000062701943,85.90356,44.464447021484375
210.41000062731757,85.8548,44.24553680419922
210.5100006276157,85.864716,44.20581817626953
210.61000062791385,85.915535,43.630767822265625
210.71000062821201,85.88517,44.012794494628906
210.81000062851015,85.83359,43.616127014160156
210.9100006288083,85.745346,44.050537109375
211.01000062910643,85.91458,44.45948791503906
211.11000062940457,85.95326,44.886260986328125
211.2100006297027,85.9598,44.882843017578125
211.31000063000084,85.93351,44.63965606689453
211.41000063029898,85.89671,44.8232421875
211.51000063059712,85.87942,44.298789978027344
211.61000063089526,85.89223,44.374053955078125
211.7100006311934,85.85441,44.24981689453125
211.81000063149153,85.9551,44.12163543701172
211.91000063178967,85.89136,43.719825744628906
212.0100006320878,85.857834,44.13512420654297
212.11000063238595,85.92911,43.98828887939453
212.21000063268409,85.876625,43.509910583496094
212.31000063298222,85.95631,44.431602478027344
212.41000063328036,85.93754,44.14653015136719
212.51000063357853,85.966156,44.24029541015625
212.61000063387667,85.913055,44.090553283691406
212.7100006341748,85.88271,43.76182556152344
212.81000063447294,85.84166,44.012176513671875
212.91000063477108,85.8666,44.488365173339844
213.01000063506925,85.84369,43.90436553955078
213.11000063536738,85.93911,44.047218322753906
213.21000063566552,86.00336,44.006317138671875
213.31000063596366,85.84819,43.67945861816406
213.4100006362618,85.97228,43.84471130371094
213.51000063655994,85.892654,43.40916442871094
213.61000063685808,85.90823,43.31103515625
213.7100006371562,85.89452,43.06956481933594
213.81000063745435,85.83703,43.10612487792969
213.9100006377525,85.84653,43.0819091796875
214.01000063805063,85.863365,43.19160461425781
214.11000063834877,85.86478,43.58460235595703
214.21000063864693,85.86656,43.46277618408203
214.31000063894507,85.9145,43.23393249511719
214.4100006392432,85.88508,43.37446594238281
214.51000063954135,85.94114,43.455604553222656
214.61000063983948,85.91666,43.517295837402344
214.71000064013762,85.92684,42.892547607421875
214.81000064043576,85.88831,43.01069641113281
214.9100006407339,85.889244,42.87566375732422
215.01000064103204,85.90228,43.40544891357422
215.11000064133017,85.88017,43.57061767578125
215.2100006416283,85.84492,44.076011657714844
215.31000064192645,85.8662,43.385589599609375
215.4100006422246,85.93668,43.79774475097656
215.51000064252273,85.84698,43.709381103515625
215.61000064282086,85.889534,43.130149841308594
215.710000643119,85.91047,43.583152770996094
215.81000064341714,85.907555,43.782806396484375
215.91000064371528,85.88245,43.86925506591797
216.01000064401345,85.94221,43.506080627441406
216.1100006443116,85.89855,43.78839111328125
216.21000064460975,85.90093,43.433258056640625
216.3100006449079,85.94021,44.032989501953125
216.41000064520603,85.913605,44.00556182861328
216.51000064550416,85.95833,43.66612243652344
216.6100006458023,85.98815,44.16192626953125
216.71000064610044,85.90311,44.01594543457031
216.81000064639858,85.909996,44.02173614501953
216.91000064669672,85.78836,44.47357177734375
217.01000064699485,85.93355,44.19099426269531
217.110000647293,85.97382,44.07585144042969
217.21000064759113,85.92692,43.384674072265625
217.31000064788927,85.867195,43.89439392089844
217.4100006481874,85.934105,43.68778991699219
217.51000064848554,85.878944,43.88079071044922
217.61000064878368,85.95164,44.56544494628906
217.71000064908182,85.924164,43.40541076660156
217.81000064938,85.94875,43.693817138671875
217.91000064967812,86.03914,43.449127197265625
218.01000064997626,85.86603,43.54429626464844
218.1100006502744,85.92391,43.65351867675781
218.21000065057254,85.94646,43.318450927734375
218.31000065087068,85.87671,43.99070739746094
218.41000065116882,85.89558,43.93598937988281
218.51000065146695,85.89163,43.46864318847656
218.6100006517651,85.925514,43.6151123046875
218.71000065206323,85.90613,43.717262268066406
218.81000065236137,85.88636,44.14562225341797
218.9100006526595,85.877754,44.283119201660156
219.01000065295764,85.92449,43.51490020751953
219.11000065325578,85.90031,43.40464782714844
219.21000065355395,85.92874,43.05128479003906
219.3100006538521,85.89712,43.08934783935547
219.41000065415022,85.97288,43.371124267578125
219.5100006544484,85.94885,43.187744140625
219.61000065474653,85.929184,43.89134979248047
219.71000065504467,85.92493,44.03788757324219
219.8100006553428,85.9671,43.85321807861328
219.91000065564094,85.98186,44.110687255859375
220.01000065593908,85.82817,43.8489990234375
220.11000065623722,85.86121,43.92906951904297
220.21000065653536,85.876434,44.22984313964844
220.3100006568335,85.913445,44.51832580566406
220.41000065713163,85.92806,44.383338928222656
220.51000065742977,85.93272,43.905921936035156
220.6100006577279,85.9034,44.825775146484375
220.71000065802605,85.91052,44.951759338378906
220.81000065832418,85.92639,45.340606689453125
220.91000065862232,85.852425,45.46565246582031
221.01000065892046,85.80917,45.250572204589844
221.1100006592186,85.874596,45.419334411621094
221.21000065951674,85.934166,45.07573699951172
221.3100006598149,85.885635,45.263954162597656
221.41000066011304,85.91859,44.836883544921875
221.51000066041118,85.95781,44.870452880859375
221.61000066070932,85.98536,45.10057830810547
221.71000066100746,85.86398,45.08366394042969
221.8100006613056,85.98372,44.60087585449219
221.91000066160373,85.95313,44.60490417480469
222.01000066190187,85.92676,44.068946838378906
222.1100006622,85.90442,43.67146301269531
222.21000066249815,85.90409,43.29766845703125
222.3100006627963,85.85693,43.467315673828125
222.41000066309445,85.9139,43.93937683105469
222.5100006633926,85.951904,43.59082794189453
222.61000066369073,85.9664,43.326759338378906
222.71000066398886,85.871925,43.36241912841797
222.810000664287,85.864296,43.52733612060547
222.91000066458514,85.8517,43.33991241455078
223.0100006648833,85.92534,43.350547790527344
223.11000066518145,85.85022,43.29728698730469
223.21000066547958,85.955956,43.802764892578125
223.31000066577772,85.94214,43.548316955566406
223.41000066607586,85.99017,43.46587371826172
223.510000666374,85.940475,43.35131072998047
223.61000066667214,85.99243,43.259490966796875
223.71000066697027,86.00419,43.25074768066406
223.8100006672684,85.94402,43.58641815185547
223.91000066756655,85.870056,42.7862548828125
224.0100006678647,86.009514,43.75183868408203
224.11000066816283,85.94333,43.917449951171875
224.21000066846096,85.92306,43.59947204589844
224.3100006687591,85.87308,43.121315002441406
224.41000066905724,85.88613,43.49571228027344
