Time_ns,Protein_A,ECD_A,GLP1_A
0.010000000029814058,39.088103652859616,38.68961274904594,11.229492148082736
0.11000000032795462,39.201428404307016,38.806043800355276,11.364639730813437
0.2100000006260952,39.05421015169487,38.66037361299023,11.281195241293494
0.3100000009242358,39.223255202859626,38.837511079989085,11.182587964098749
0.41000000122237634,39.0826749864142,38.704118718331586,11.205032215430467
0.5100000015205169,39.2624549459005,38.889128216565354,10.892205536984962
0.6100000018186574,39.27709951820389,38.916302488386144,10.880892027215163
0.7100000021167981,39.2642823118758,38.91425828685417,10.80245995360192
0.8100000024149386,39.31764342196094,38.949603028048884,10.894767557829953
0.9100000027130792,39.32866715042809,38.95132970284086,10.969884366770874
1.0100000030112197,39.22020864531139,38.85650384716769,10.894643474521649
1.1100000033093604,39.11072930573689,38.73128773779454,11.083648046855897
1.210000003607501,39.19757368542881,38.82114242798901,11.044767632539894
1.3100000039056414,39.1205417699303,38.72606714334772,11.312618860429872
1.4100000042037821,39.15968585873635,38.77027504167472,11.20837071665015
1.5100000045019226,39.23567742540239,38.832744183630794,11.27601299905085
1.6100000048000631,39.14625247095539,38.750497513378264,11.281407274732887
1.7100000050982036,39.035006393627626,38.633166379841555,11.160500084386806
1.8100000053963443,38.910139349908675,38.521122181783305,11.266782018276682
1.9100000056944848,39.00537753315571,38.61067016519867,11.060023130003962
2.0100000059926253,39.08711777102167,38.70116135517896,11.24102624393744
2.110000006290766,38.98668580360553,38.605090978714586,11.062474610970046
2.2100000065889067,39.04907899490417,38.66915170979032,11.150017812478486
2.3100000068870474,39.09478342449356,38.73306619460786,11.040249749571302
2.4100000071851877,38.99587069254561,38.63535228428824,11.17997138628633
2.5100000074833284,39.010830483441964,38.6458721906722,10.925152880672314
2.6100000077814687,38.86608631546066,38.490670641786316,11.184331135078498
2.7100000080796094,38.79166810015748,38.42200942058929,11.048437575160584
2.81000000837775,38.95676787728295,38.5802070885599,11.43551652032059
2.9100000086758904,38.97005529459136,38.58913542478094,11.192440211015947
3.010000008974031,39.05586919834167,38.679876751988374,11.145347572594169
3.110000009272172,39.053599069247745,38.6589810687022,11.152466651858031
3.210000009570312,39.06401623938275,38.67098429260014,11.144541139698532
3.3100000098684528,39.04236483069825,38.638549602744625,11.140214050078312
3.410000010166593,39.09874913436286,38.71132949696422,11.253523836047703
3.5100000104647338,39.1641790615603,38.801434280537684,10.654158805940346
3.6100000107628745,39.201210926279096,38.8523278664095,10.721764927222804
3.710000011061015,39.22083883041001,38.85645168408216,10.947390324927133
3.810000011359156,39.157969162306664,38.80120276696338,10.688885094740959
3.9100000116572966,39.14099488553834,38.77692403895844,10.821904984561169
4.010000011955437,39.20118179094382,38.84835816966461,10.717832597999182
4.110000012253577,39.177028843903244,38.81288021805439,10.72705407126218
4.210000012551718,39.2536772840411,38.875967166322894,11.026146423893048
4.310000012849859,39.27864608053963,38.887526192853564,10.928679737581374
4.410000013147999,39.22086239503889,38.819260391163354,11.394032874873217
4.51000001344614,39.09338980776641,38.71035411870779,11.081061369916306
4.610000013744281,39.13688180165123,38.74834548589971,10.79289472386423
4.7100000140424205,39.37763823314758,39.004175788203284,10.770560696513256
4.810000014340561,39.190790653768616,38.80891569459265,11.18040722833479
4.910000014638702,38.98174258055919,38.598228779741156,10.942697639093739
5.010000014936843,39.12125521188281,38.74087414111836,10.881943284232229
5.110000015234983,39.239940588936804,38.86080465374818,10.97005587109957
5.210000015533123,39.02529350298729,38.648062666907286,11.070937907434464
5.310000015831264,39.20077086419515,38.807779961136994,11.324582924313198
5.410000016129405,39.33552617188165,38.95184422379564,11.016630196066647
5.510000016427545,38.92018249123146,38.56103963389227,10.62110010798137
5.610000016725686,38.932508093311135,38.57508532015089,11.00406699752876
5.710000017023827,39.29560802396212,38.93277782938707,10.774505192006883
5.810000017321967,39.22652415947423,38.86204841262232,10.650978016376262
5.910000017620107,39.125634974390955,38.762854260288414,10.704156426691187
6.010000017918248,39.15861872818608,38.779323088407,10.976669178240826
6.110000018216389,39.06925460602989,38.68039437391668,10.906630869028248
6.210000018514529,39.04504267338461,38.6775963942935,10.67619274819832
6.310000018812669,39.364209177020356,38.981229575680686,10.931489393630805
6.41000001911081,39.29105537834372,38.890785364139354,10.772688651186517
6.510000019408951,39.07621756787908,38.68124967792793,11.173749324481538
6.610000019707091,38.98369530845687,38.579276702618436,11.17766113339219
6.710000020005232,39.03730181401888,38.63990362458002,11.027758524054027
6.810000020303372,39.1770379988326,38.7832734715732,11.065627241943504
6.9100000206015135,39.235294414854856,38.82567585330429,10.920402138102371
7.010000020899654,39.09205729563288,38.714839360301944,10.596798492473729
7.110000021197795,39.174252723184026,38.79156109705162,10.840039742122102
7.210000021495936,39.00394162846534,38.61764769948758,10.845884385353079
7.310000021794076,39.24258248549838,38.83985879938414,10.713233377587295
7.410000022092216,39.18247416028903,38.79492734817969,10.879189911132663
7.510000022390357,39.077882618118956,38.68634189822606,10.83995202599431
7.610000022688498,39.05288103793805,38.66157437380118,10.705095993182622
7.710000022986638,39.02704013017971,38.651036161102176,10.839682063326325
7.810000023284779,39.23123883293843,38.82403694494414,11.025167348673191
7.910000023582919,39.07549861689929,38.69175772870359,10.790800456621952
8.01000002388106,39.41770329392555,39.00586531188169,10.961672143464671
8.1100000241792,39.234118091007986,38.8356086609841,10.857404635491706
8.21000002447734,39.16338209824295,38.760483730253554,10.964888071455205
8.310000024775482,39.01321151183363,38.61991773125574,10.74673283535801
8.410000025073622,39.20742984767845,38.8153402915514,10.805724807078102
8.510000025371763,39.02932413844318,38.63391028113726,10.648020426476158
8.610000025669903,38.89321300581572,38.49900510788374,10.912155227409071
8.710000025968045,38.85144449838262,38.44554008469568,10.994687807095087
8.810000026266183,38.75430787756253,38.3508326133802,11.136879409386781
8.910000026564324,38.9220971108191,38.54083672784133,10.860741216932004
9.010000026862466,38.84903749899395,38.464190306507504,10.747603807365541
9.110000027160606,38.85142997581413,38.438313033813984,10.892456495442602
9.210000027458747,38.816789514228994,38.41447930380656,11.13552010229586
9.310000027756887,38.80192705641011,38.40561422930273,10.945171538129518
9.410000028055029,38.871212892843076,38.47237713875226,10.909003287373089
9.510000028353168,38.74508928941402,38.35138241214913,11.168928800594793
9.61000002865131,38.49278713305941,38.09848921403578,10.787199371465476
9.71000002894945,38.68813596175602,38.291396912276234,11.200337055704349
9.810000029247592,38.575195417133344,38.19197630173504,10.953844347891708
9.91000002954573,38.562924560360095,38.176530210748446,10.963076235269739
10.010000029843871,38.48580271207648,38.100889468200286,10.976858457706111
10.110000030142011,38.51062653196805,38.09442866722552,11.490879579498577
10.210000030440153,38.254447623827744,37.84090911328783,11.538210584466933
10.310000030738292,38.29390671996642,37.89110274172914,11.163369916414393
10.410000031036434,38.38174577982615,37.988496386067084,10.966294839812834
10.510000031334574,38.421543750126446,38.02931758767459,10.810366920168482
10.610000031632715,38.36263370739333,37.94715729881419,11.070636162532438
10.710000031930855,38.24591659434996,37.84523307717485,11.328985345418179
10.810000032228997,38.56029098321517,38.14267228130948,11.316970849258965
10.910000032527135,38.4202124931408,38.02397596483745,10.973268589212116
11.010000032825277,38.50850821398485,38.09716304956594,11.065248125269948
11.110000033123416,38.35197133513837,37.93141871884324,11.225736848037265
11.210000033421558,38.3616215831616,37.93554917192798,11.125073625178455
11.310000033719698,38.364391565704636,37.94417478978391,11.183227144546668
11.41000003401784,38.55719835752611,38.14107238337473,11.106608922981607
11.51000003431598,38.600193424032504,38.20216116027317,11.212381011431495
11.61000003461412,38.60329329297323,38.208889394185434,11.236014107860496
11.71000003491226,38.569251975753254,38.16988656904928,11.153800169483532
11.810000035210402,38.3840792326022,37.98369076627179,11.10696678349315
11.910000035508542,38.49326316464252,38.084647464579234,11.236924033325925
12.010000035806682,38.522484838438395,38.111242612517344,11.348780990300769
12.110000036104822,38.752280162172234,38.3637006290066,11.41844968375196
12.210000036402963,38.58732611444229,38.21111347663357,11.375514044565088
12.310000036701103,38.448603529042494,38.065171341677555,11.402208133597629
12.410000036999245,38.481750017500936,38.066114185656915,11.489366894158849
12.510000037297385,38.4163289458062,38.01151288657356,11.494803458097067
12.610000037595526,38.332608490820576,37.94171242161057,11.504803836151378
12.710000037893666,38.270050514804645,37.86897180908014,11.277451282597866
12.810000038191808,38.463546037878,38.07003235591165,11.374395318163797
12.910000038489947,38.63336009583728,38.24281898713767,11.430708944881161
13.010000038788089,38.72083521429288,38.326705757603534,11.357033797605055
13.110000039086227,38.830096268997956,38.430315039907974,11.052818284602928
13.210000039384369,38.78241829024732,38.40981893071138,11.140863736265034
13.31000003968251,38.99372802279718,38.60962080343257,11.236110113552092
13.41000003998065,38.96095488821639,38.58910286592587,10.949233301053134
13.510000040278792,38.9812140097252,38.604824271594765,11.188681917626747
13.610000040576931,39.048201181186286,38.673914748937065,10.825309696823185
13.710000040875073,38.870176038674124,38.485045106073954,10.986298585007251
13.810000041173213,38.75096558359755,38.364988434652815,11.043087582296991
13.910000041471354,38.764434723138386,38.376229112195084,11.114409953244603
14.010000041769494,39.01646592150879,38.63637924106744,11.110385142366109
14.110000042067636,38.913668008771516,38.52819165492074,11.077933287513863
14.210000042365774,38.94329940352357,38.56430907624342,10.824775500065472
14.310000042663916,39.01384215540121,38.641899883240775,10.953358679111604
14.410000042962055,39.082822443449125,38.68472727787894,11.276531254922256
14.510000043260197,38.88704585056225,38.50325549393915,11.245687624436714
14.610000043558337,38.95353742263317,38.567266111885104,11.187750807410378
14.710000043856478,38.91039305422824,38.52434942852806,11.22680482605092
14.810000044154618,38.822117783374175,38.41850581305752,11.286873021671783
14.91000004445276,38.782432649204246,38.3929292893471,11.154722169818053
15.0100000447509,38.63122317890403,38.2420899176881,11.315279555145379
15.110000045049041,38.61479013455157,38.21460059700063,11.359304094172925
15.210000045347181,38.463063275417596,38.066881373123095,11.366178338897752
15.310000045645321,38.79734826124187,38.393940092924616,11.318052524075414
15.41000004594346,38.46742195605649,38.07523342834176,11.449680153619752
15.510000046241602,38.53026853611447,38.13670157677745,11.207095182092395
15.610000046539742,38.558726869056855,38.16830887902515,11.187470273609145
15.710000046837884,38.646035331776,38.25620410933166,11.373158748170026
15.810000047136024,38.619019319204135,38.22821727588256,11.124639811864187
15.910000047434165,38.7265989862702,38.30839287517556,11.439962560320808
16.010000047732305,38.609499188043166,38.20421852387309,11.327000496610546
16.110000048030447,38.689662443130324,38.285414637892615,11.266712763967652
16.210000048328585,38.63967457242135,38.21047728925299,11.385282979515738
16.310000048626726,38.584978350165635,38.16351447277219,11.478789025022678
16.410000048924868,38.4495428932679,38.043314910148325,11.392868037553146
16.510000049223006,38.62803908996569,38.207000208980006,11.201505823424718
16.61000004952115,38.384632851930924,37.97450716143949,11.223554487365412
16.71000004981929,38.3674772191256,37.94176737763931,11.204225491930218
16.81000005011743,38.681669085777294,38.26095689654535,11.174155239759491
16.91000005041557,38.75401903228868,38.34667896428961,11.240627096120484
17.01000005071371,38.547141686187956,38.12742909534441,11.098153727716811
17.110000051011852,38.68419812340595,38.262041047640174,11.171738405098925
17.21000005130999,38.63315068660681,38.21536384918733,11.255334725426126
17.31000005160813,38.62417595451228,38.20237545902364,11.292852076842264
17.410000051906273,38.48898972907246,38.069936447835794,11.388301816415384
17.510000052204415,38.51459611685013,38.095388863290125,11.344121849417697
17.610000052502553,38.52705038778997,38.10496796334554,11.454997053593829
17.710000052800698,38.383399475610524,37.98563094682325,11.103637091546158
17.810000053098836,38.49907181068924,38.09708488715274,10.910973602233438
17.910000053396978,38.570535887133865,38.16415389177027,11.35195729369147
18.010000053695116,38.67981321283858,38.25703190189909,11.210207080727258
18.110000053993257,38.566667652267064,38.16021431044599,11.106413632418848
18.2100000542914,38.484630520733745,38.085923740537474,11.139274651383325
18.310000054589537,38.52585421087558,38.11413337449921,11.362100469507569
18.41000005488768,38.58431957317425,38.16045131162035,11.473899011163098
18.51000005518582,38.659539677947805,38.22925461884327,11.273383019039416
18.61000005548396,38.732822086535236,38.32154935291163,11.624408129973453
18.7100000557821,38.70161231011819,38.290036373982694,11.172183334836541
18.81000005608024,38.50975264293668,38.0856979184802,11.340793248055334
18.910000056378383,38.5467619798995,38.139347715434404,11.270482975266512
19.010000056676525,38.51681581533125,38.096899832904384,11.385839500296287
19.110000056974663,38.5333082733515,38.10969488475986,11.23295357700215
19.2100000572728,38.483968852263786,38.07428305022884,11.26517851189918
19.310000057570946,38.48760684634836,38.06069352280252,11.130546852835309
19.410000057869084,38.639920905464145,38.23626715052607,11.136385840426879
19.510000058167225,38.64751927651964,38.233225044647085,11.067251458036464
19.610000058465364,38.42193692931746,38.0088130891389,11.52444223638817
19.71000005876351,38.61298633450155,38.20116899098301,11.358742556305442
19.810000059061647,38.73033140489127,38.312013477155624,11.276047089972357
19.91000005935979,38.961476542017586,38.53918328071211,11.353355331131517
20.010000059657926,38.95689965257605,38.53561461067699,11.510602056518625
20.11000005995607,38.877604160764534,38.46876274645782,11.253213131184442
20.21000006025421,38.772958246281775,38.35409229080779,11.361937215853462
20.310000060552348,38.70222966440834,38.295955761451964,11.21432142126788
20.41000006085049,38.881999209017025,38.47115647377303,11.406738462087317
20.51000006114863,38.8177700058011,38.396283492978355,11.170667909395409
20.610000061446772,38.827986501041615,38.400506545030346,11.674656593143766
20.71000006174491,38.83439244074641,38.420965065048414,11.498694400662055
20.810000062043052,38.60635987979396,38.20477482516039,11.457056712257355
20.910000062341194,38.51530906647409,38.119794933052134,11.238841442387818
21.010000062639335,38.58878232643789,38.17010347175864,11.27407180378707
21.110000062937473,38.496581925285355,38.09516725222253,11.118082946292303
21.210000063235615,38.59114805363444,38.20220451695665,11.085194728714526
21.310000063533757,38.550732137544074,38.15084280486304,11.28017100269206
21.410000063831895,38.647247632289286,38.23088913471514,11.592224139286545
21.510000064130036,38.734521879692394,38.33265390364848,11.287798477902088
21.610000064428174,38.780187859905254,38.3648329775743,11.341320237327773
21.71000006472632,38.725249155351364,38.30854838467917,11.501835648227287
21.810000065024457,38.80633943033564,38.41535879831882,11.417038330316188
21.9100000653226,38.631551706992475,38.222201721522296,11.593387359890192
22.01000006562074,38.907159178504976,38.495341694466916,11.33440724689849
22.110000065918882,38.76999320044589,38.35949938491756,11.401255481679646
22.21000006621702,38.93292457228844,38.526100400932,11.162144886780329
22.310000066515162,38.71277905552545,38.30357959599414,11.257675456476896
22.410000066813303,38.71608688938311,38.31047345393342,11.500926466981099
22.51000006711144,38.76118466141338,38.350820305951984,11.717607420917949
22.610000067409583,38.54872277896404,38.15063128517419,11.410901709054407
22.71000006770772,38.73617522703865,38.316683109985966,11.31306152890024
22.810000068005866,38.41612385532593,38.00008746446533,11.381184112365245
22.910000068304004,38.80478330840545,38.36596336514393,11.157406350673664
23.010000068602146,38.664235613146964,38.232063487808944,11.040939643758609
23.110000068900284,38.79040387190974,38.34104870139283,11.00450235222274
23.21000006919843,38.84492200939903,38.423140952215874,10.933659461979383
23.310000069496567,38.795680826302174,38.3649473143596,10.957882557300437
23.41000006979471,38.558340349439774,38.1284062909165,10.960661832013084
23.510000070092847,38.813664018745385,38.39628591132042,10.882186797810105
23.61000007039099,38.81391358202194,38.37296141780886,11.079657617039308
23.71000007068913,38.9547744117807,38.54105862508455,11.006286489157565
23.810000070987268,38.868054734751645,38.44017017648569,10.980334484938657
23.91000007128541,38.73306704107354,38.32861572485943,10.754019627658124
24.01000007158355,38.83990950148203,38.44099231574167,10.771859488213343
24.110000071881693,38.831932310574246,38.44022755221279,10.921822560713267
24.21000007217983,38.72047652414229,38.33802262661759,10.770299162953098
24.310000072477973,38.77595621148069,38.40199467330302,10.71673787507619
24.410000072776114,38.79262249152612,38.41922521219627,11.015361572498664
24.510000073074256,38.84450598857782,38.461433574888986,10.816763687442975
24.610000073372394,39.03828980672655,38.65489450000169,10.91743355791977
24.710000073670532,38.825093213059226,38.44418328764528,10.470346110509473
24.810000073968677,38.890416551345666,38.490825865693374,10.853024550313066
24.910000074266815,38.918984958293656,38.546044455605156,10.749176984962508
25.010000074564957,38.8740539569159,38.496213158727,10.946652938364672
25.110000074863095,38.90540273905226,38.511415695341796,10.447402099728631
25.21000007516124,38.86692762777025,38.48649503851119,10.713780372689476
25.310000075459378,38.71351530055067,38.33231880776322,10.880821341183113
25.41000007575752,38.835670354286364,38.456987267943795,10.728422404015012
25.510000076055658,38.66526166622763,38.278874217575655,10.671559862516316
25.610000076353803,38.71629644049279,38.350566968328074,10.585155962735234
25.71000007665194,38.69480895159776,38.308332297178396,10.568934654942225
25.81000007695008,38.882429009777915,38.50389855500225,10.820152120126073
25.91000007724822,38.88390997828107,38.51123966188154,11.0337159756816
26.010000077546362,38.79103162225068,38.42119974381986,11.082381829754652
26.110000077844504,38.789224810408214,38.42016558191488,10.79492010664827
26.21000007814264,38.83333157470672,38.45425007596597,11.085345676383959
26.310000078440787,38.78147833396102,38.410001748982225,11.001737597109397
26.410000078738925,38.854897645427656,38.48153874745015,10.957460653205118
26.510000079037066,38.79696321909311,38.42685229527954,11.018158165626904
26.610000079335205,38.84636568063212,38.4778951375574,10.835923134988425
26.71000007963335,38.83416893664353,38.45805834471443,11.168028442129533
26.810000079931488,38.859027192868034,38.468382134440745,11.187484101979571
26.910000080229626,38.70243479004739,38.34452681024033,10.995095365810931
27.010000080527767,38.68399580426829,38.30544782670859,10.957388546268621
27.11000008082591,38.77678036967519,38.42862136578394,10.803662561124257
27.21000008112405,38.72595481799199,38.35387836406017,10.846583015985994
27.31000008142219,38.72598597225123,38.377426140967174,10.740168978450068
27.41000008172033,38.83268039527141,38.47298030123598,10.923067679047755
27.510000082018472,38.688167520067836,38.31931467210112,11.036152366088048
27.610000082316613,38.796278273069284,38.41975063165397,11.33360553837824
27.71000008261475,38.56406453951614,38.19889201407922,11.324073553002284
27.81000008291289,38.481005301768576,38.12252693254908,10.91691092825932
27.910000083211035,38.46922371784456,38.09789107259244,11.376481997923067
28.010000083509173,38.664038671920146,38.296826706333675,11.14578703999476
28.110000083807314,38.75833556814316,38.38807492722184,11.266802797207909
28.210000084105452,38.763955660797784,38.401907112808345,11.211343693871846
28.310000084403597,38.87891550106072,38.50138769664993,11.29037334097516
28.410000084701736,38.793684881749876,38.39758476323188,11.41578746843733
28.510000084999877,38.77885113830497,38.378722415902764,11.417897881648596
28.610000085298015,38.903039901301625,38.50906115761253,11.41531236023975
28.71000008559616,38.837487477071896,38.4397665564153,11.29856523510648
28.8100000858943,38.975758109726804,38.576706054901386,11.212430828380937
28.910000086192436,39.10125355067439,38.70921171629829,11.20783899957345
29.010000086490578,39.023192306771136,38.628482847257416,11.385648012853668
29.11000008678872,38.97742514402058,38.58516695163253,11.1636502467801
29.21000008708686,39.04589985853641,38.65853534879017,11.172024524629892
29.310000087385,39.03114238404646,38.6456499026029,11.322095641510705
29.41000008768314,39.060208365643,38.67426838824693,11.172292728453694
29.510000087981282,39.12970656245043,38.74889555383318,11.338919350464815
29.610000088279424,39.158850509160565,38.792354209511636,10.951918778278554
29.710000088577562,39.140953936315974,38.77165554215846,11.291689441253986
29.810000088875704,39.057713866592735,38.68356146964968,11.072233685206385
29.910000089173845,38.9203763234661,38.52928506681701,11.013795374465714
30.010000089471983,38.93407991076262,38.55929406558799,10.88756582929538
30.110000089770125,39.028912553430196,38.66840564113315,10.70798933905032
30.210000090068263,39.240521494381895,38.86969722577411,10.895882718329416
30.310000090366408,39.23047238436652,38.86356661687656,11.151374676802478
30.410000090664546,39.10636488755382,38.75694963766415,11.046498078448208
30.510000090962688,39.19472027887181,38.83464503186932,11.08873729225634
30.61000009126083,39.10540165183216,38.75828365342761,10.82307334493315
30.71000009155897,39.10579825813631,38.7754837495878,10.438792561771502
30.81000009185711,39.147006797719285,38.81102743138555,10.488524005185068
30.91000009215525,39.29796839218011,38.95318201751302,10.713060034202373
31.010000092453392,39.18263158266091,38.82365927802941,10.858652232381804
31.11000009275153,39.234908742342725,38.87389857794835,11.018930360000466
31.210000093049672,39.05099041677195,38.68413924292445,10.743176870277892
31.31000009334781,39.31622986735064,38.967693275910776,10.766297193468075
31.410000093645955,39.39342817283086,39.03226313995048,10.972429207630215
31.510000093944093,39.36862184856801,39.00931227079129,10.696423020334143
31.610000094242235,39.39134565615014,39.00888415509682,10.75644120776583
31.710000094540373,39.2939568299868,38.93429542915265,10.694342534426694
31.810000094838518,39.373825125663124,38.99529553662385,10.66983573560723
31.910000095136656,39.21338300360514,38.86413267259065,10.53049843713901
32.0100000954348,39.17974942394584,38.83521165141917,10.669046495074841
32.110000095732936,39.20590979595663,38.84161407460874,10.623297494288007
32.21000009603108,39.08141939538251,38.69696606581254,10.98678846350718
32.31000009632922,39.06312436837129,38.70061738820231,10.877942959928093
32.41000009662736,39.10176673176472,38.72534862824969,10.912223614206765
32.510000096925495,38.96412757967932,38.60936161480958,10.665355006345113
32.61000009722364,38.98526703472508,38.64645434613611,10.792677767150163
32.71000009752178,39.05651031244739,38.69415260352449,10.785220283050936
32.81000009781992,39.08279230684184,38.71516293973508,10.527389242060652
32.91000009811806,39.437323317420194,39.084435126587245,10.740460188376652
33.01000009841621,39.17737808562016,38.81547252027931,10.663589079631159
33.110000098714345,39.104320454402,38.73228317036863,10.903076140679318
33.21000009901248,39.259599082607025,38.88860783020427,10.707152968971114
33.31000009931062,38.97537108742986,38.61443533042855,10.924760576544394
33.41000009960876,38.950081474676026,38.59941282080538,10.68211680933522
33.510000099906904,38.86863723023538,38.50807989214682,10.943371721720302
33.61000010020505,39.02572703866771,38.64416902576716,10.843125240688288
33.71000010050319,39.09783508035889,38.71725819087617,10.930350672250498
33.810000100801325,39.13383041220553,38.76544822053853,11.001729297920306
33.91000010109947,39.13997036415241,38.75494362174797,10.93854847610607
34.01000010139761,39.148983589370026,38.771850553227914,11.109191246561474
34.110000101695746,39.19574214801752,38.82211701882751,11.028831853652271
34.210000101993884,39.19777946721096,38.81604730006405,11.265345430019853
34.31000010229202,39.339149822187046,38.95910144970365,11.144892838545797
34.410000102590175,39.23688355286115,38.86065756601537,11.252827247825005
34.51000010288831,39.32868900727662,38.9603834063,11.130464675137066
34.61000010318645,39.313161232798066,38.927157194072116,11.123480686599184
34.71000010348459,39.62814523247298,39.218708861220506,11.630961890558192
34.810000103782734,39.46564022758229,39.063313948393485,11.32841521240289
34.91000010408087,39.235742222484035,38.84782057902737,11.213934832700142
35.01000010437901,39.31547881253348,38.929644302505295,11.062092373697208
35.110000104677155,39.34615446631882,38.947086741723524,11.177707640964561
35.2100001049753,39.21642865149591,38.81344921355842,11.384204026596016
35.31000010527344,39.30041314923084,38.9014206441136,11.020337460155936
35.41000010557158,39.45089756529164,39.063905188496165,11.289137766348574
35.510000105869715,39.45488660645524,39.0467170423498,11.231633597916092
35.61000010616785,39.48646973051953,39.085816119016414,11.323286773368261
35.710000106466,39.60315526094094,39.219991701566606,11.13902872159455
35.810000106764136,39.22760550221512,38.83441403464948,11.113886387447836
35.91000010706228,39.11272827813907,38.731420266613355,11.183486322305331
36.01000010736042,39.29024311043305,38.9090145029293,11.205943402816082
36.110000107658564,39.27663154621259,38.88102392304033,11.209081383904193
36.2100001079567,39.29544551827594,38.902141627692075,11.235774389793436
36.31000010825484,39.27431941756654,38.89442020668044,11.173705990212083
36.41000010855298,39.41055932167702,39.02973668955815,11.253270637763265
36.510000108851116,39.571273158804914,39.19806186444608,11.222475973548264
36.61000010914926,39.65958718532474,39.26416357611068,11.2487447627697
36.71000010944741,39.77231283241906,39.392412494023574,11.122471721404626
36.810000109745545,39.535092705208655,39.166256345497295,11.174125907320178
36.91000011004368,39.64442611547026,39.2726470582182,10.898161384181398
37.01000011034183,39.63632084527014,39.2590297474834,11.02354880567822
37.110000110639966,39.44372356528577,39.073105034193624,11.087050959495961
37.210000110938104,39.554715612140896,39.17074655131482,11.468619393898633
37.31000011123624,39.56548873522437,39.186384082928015,11.01248127047995
37.41000011153439,39.52788110994138,39.15114302245978,11.301682412052875
37.51000011183253,39.44624304595846,39.078064598179566,11.083224971916067
37.61000011213067,39.43022596497693,39.057102425089326,11.167896097329926
37.71000011242881,39.50792363983568,39.1325396913773,11.12190388575135
37.81000011272695,39.53815615522133,39.15889243891427,10.978104787429423
37.91000011302509,39.56819657059354,39.18220566571128,11.252119698014372
38.01000011332323,39.495460356589,39.12128869224662,11.231389580492742
38.11000011362137,39.52414758805875,39.12123122326479,11.283324166141828
38.210000113919506,39.605714254089186,39.20121803740121,11.294395699983468
38.31000011421766,39.436588308876495,39.041367492615265,11.379916932514869
38.410000114515796,39.20453576499692,38.83668942360156,11.20930829728744
38.510000114813934,39.36238676339312,38.98571073401196,11.56637084039378
38.61000011511207,39.351610250724335,38.96164973372189,11.693105688207412
38.71000011541021,39.34061748667207,38.960071082494764,11.603210369421737
38.810000115708355,39.47335470986654,39.09487819728423,11.265464761883452
38.91000011600649,39.32837387161983,38.95546942299943,11.22913556574601
39.01000011630464,39.21772109534118,38.83300186892182,11.579808834738605
39.11000011660278,39.277805299232874,38.888389363569296,11.491604652745838
39.21000011690092,39.2205560061646,38.83173388336712,11.408095276383278
39.31000011719906,39.505345433333005,39.11321364863389,11.174772302962603
39.4100001174972,39.3329469399287,38.94108512071999,11.348173016225148
39.510000117795336,39.391705392078464,38.998348188978746,11.464609785653193
39.61000011809348,39.338858710903125,38.94060588982736,11.28199377404722
39.71000011839162,39.17654981513377,38.77863527751027,11.451466394705951
39.810000118689764,39.31262150573976,38.90647936506728,11.25721059451469
39.9100001189879,39.33013656177752,38.937885485346605,11.040401999713684
40.01000011928604,39.17998223370783,38.784640935605815,11.319937224451053
40.110000119584186,39.31581807698026,38.92278887059658,11.54009210431917
40.210000119882324,39.13494998508825,38.72207302768511,11.29302777027378
40.31000012018046,39.302648540624574,38.89485029388927,11.145530700550959
40.4100001204786,39.04792940619509,38.635038277883886,11.21695397657868
40.510000120776745,39.146579721278044,38.74089706416644,11.528989813714084
40.61000012107489,39.01523522048195,38.59381166307207,11.286121362636512
40.71000012137303,38.95810990862956,38.55202596558292,11.33123472120317
40.810000121671166,39.18387513884329,38.788333876187366,11.262011319543241
40.910000121969304,39.117068383793274,38.71461487916438,11.197515956668864
41.01000012226745,39.30045289640685,38.89717571482297,11.381021087757142
41.11000012256559,39.39685247579325,38.99484669421953,11.161458340846291
41.210000122863725,39.31033616643494,38.88499414262346,11.220390423646686
41.31000012316186,39.287702284155074,38.871894871229074,11.346065205297053
41.410000123460016,39.23297856118557,38.81986824821207,11.288308958529207
41.510000123758154,39.141566520275,38.73431160434656,11.212654379786118
41.61000012405629,39.04495030700906,38.654000436128555,11.090947181609206
41.71000012435443,38.96140226976811,38.559347283807476,11.266354737826324
41.810000124652575,39.21258335138529,38.80707085489181,11.289729116819473
41.91000012495071,39.1219746450181,38.725686348051525,11.392447036146223
42.01000012524885,39.32352222164835,38.91035427391479,11.12534116918009
42.11000012554699,39.29994688330661,38.89091932394303,11.022032671472338
42.210000125845134,39.21673286042149,38.826827370924576,11.133511768866573
42.31000012614328,39.18735949960766,38.78068324567338,11.23651631938589
42.41000012644142,39.16180240502289,38.753184722127266,11.035082351993841
42.510000126739556,39.21031202333109,38.8019212143593,11.205845678061456
42.610000127037694,39.24723477271716,38.84770887774422,11.10397387572672
42.71000012733584,39.31333328542666,38.90471118749993,11.202797643208752
42.81000012763398,39.06809756388459,38.666322929797786,10.992745189283182
42.910000127932115,39.21488365212514,38.791266281346886,11.157502718926533
43.01000012823026,39.20121898810124,38.78284331899719,11.25893036220537
43.1100001285284,39.23493498997676,38.83038521471535,11.31284999283239
43.21000012882654,39.27080532935468,38.874105293371514,11.053518247766501
43.31000012912468,39.22937271542781,38.83546835569821,11.173917738507756
43.41000012942282,39.21636468118699,38.82376967011598,11.243930503780039
43.51000012972096,39.28701943286607,38.88562995761484,11.153319200362741
43.6100001300191,39.326637723574144,38.92128104769326,11.138446642659115
43.71000013031725,39.110456814224605,38.70668328958748,11.319042399390751
43.810000130615386,39.22035211183735,38.81798701695621,11.227455083285086
43.910000130913524,39.265953670667464,38.860097355674746,11.393135343855707
44.01000013121167,39.154561712283545,38.748859819460456,11.039521941260878
44.11000013150981,39.22677689549804,38.8296086464728,10.869042059172244
44.210000131807945,39.229054597937306,38.845367577193855,11.190750573721413
44.31000013210608,39.14028462637391,38.74528317348113,11.118656815216065
44.41000013240422,39.21604799292709,38.82913307924597,11.333310761540341
44.51000013270237,39.10780270197508,38.721356825038384,11.29644222159567
44.61000013300051,39.07840617101558,38.69360735563802,11.020523659988852
44.71000013329865,39.15484242459113,38.75238524868188,11.274764932884022
44.81000013359679,38.986647135791486,38.599836822130555,11.128668118763365
44.91000013389493,38.88838898966222,38.495120447093086,11.204078937113955
45.01000013419307,38.91979694060062,38.50815494577533,11.385320356580415
45.11000013449121,39.00517891072346,38.60700076768488,11.299032941104782
45.21000013478935,39.03685326572768,38.65930118268187,11.149511988111414
45.31000013508749,38.984662922419616,38.59777974098059,11.09532151435617
45.41000013538564,38.99184550817247,38.61005926156887,10.93147454852011
45.510000135683775,39.06747189377746,38.67365137966985,11.323120101287602
45.61000013598191,39.06467611083895,38.66766091765554,11.278866841391382
45.71000013628005,38.98125855410528,38.584835447957126,11.36482210208955
45.810000136578196,38.66426522872331,38.27240091429992,11.34198104828121
45.910000136876334,38.78155181113596,38.38077750784376,11.35025988618624
46.01000013717447,38.993949212035396,38.57926517037066,11.47007457117977
46.11000013747262,38.93756413452459,38.525627294291176,11.641621058391008
46.21000013777076,38.65874044939394,38.274002151555926,11.109841287881254
46.3100001380689,38.87601896477167,38.48258124823649,11.329407592675492
46.41000013836704,38.8313056073085,38.44417988327205,11.299706894235502
46.51000013866518,38.61937922887769,38.22701317990292,11.048226694955869
46.610000138963315,38.729228477587796,38.338406626345225,11.040685902968205
46.71000013926146,38.95587669697104,38.53940373818395,11.65663056126218
46.8100001395596,38.80174381145678,38.39258921971881,11.309047747656118
46.91000013985774,38.94895221926313,38.55153743348474,11.34574214662197
47.01000014015588,39.07072447070748,38.657252588333016,11.070119504786176
47.11000014045403,38.91518009093216,38.52770490524487,11.233180736464023
47.210000140752165,38.761567769169524,38.35856253462414,11.113705400391867
47.3100001410503,38.84314934872667,38.43394265545894,11.480614241811864
47.41000014134844,39.0746962920786,38.669156672367635,11.132319382081898
47.51000014164658,39.03142359691036,38.63013739237823,11.376351869174494
47.61000014194473,38.98672413154228,38.59916551614745,11.030964948131162
47.71000014224287,38.96801671706073,38.56401913433921,11.424281747339679
47.81000014254101,39.10331570290536,38.710205234443315,11.121615376358811
47.910000142839145,39.17792694291385,38.78590729904503,11.116878187239791
48.01000014313729,39.353479341194905,38.94223150318826,11.418864857010421
48.11000014343543,39.17423313308105,38.76497171790921,11.412282431440925
48.210000143733566,39.07961139752542,38.679165876285445,11.274844345284437
48.310000144031704,39.04496739694171,38.644338079669126,11.24638621805425
48.41000014432986,38.92630675393113,38.525959247736424,11.33304823406211
48.510000144627995,38.87697532153075,38.467006039382646,11.201773260306274
48.61000014492613,38.7950648679518,38.403119226639255,11.236079118151116
48.71000014522427,39.01905446711151,38.6123903469526,11.573730197933727
48.81000014552241,39.078229170526605,38.68835448126763,11.257394852224955
48.910000145820554,39.138664192365525,38.75655330168795,11.315774752802277
49.01000014611869,39.05107907455461,38.6591437210554,11.297847182698897
49.11000014641683,39.044267489735404,38.66894535338466,11.112535912825695
49.210000146714975,38.96709130225287,38.563115192697005,11.30790104754495
49.31000014701312,39.02260683841094,38.62858518772394,11.469720483381106
49.41000014731126,38.83740707415999,38.439554874250234,11.143640646230136
49.5100001476094,39.01084115189891,38.617033258399495,11.259062437696691
49.610000147907535,38.8113721620285,38.420980979617084,11.377194979014162
49.71000014820567,38.89566292834403,38.49859264693392,11.286886809458435
49.81000014850382,38.94969937829055,38.55089271040335,11.314630938940626
49.910000148801956,38.88750589425889,38.48374689455335,11.368733460927219
50.0100001491001,38.92633048533563,38.53178537631517,11.152407474976123
50.11000014939824,38.88155760590433,38.48559114513712,11.102507638273307
50.210000149696384,38.987646254606844,38.58982746937603,10.975360709876755
50.31000014999452,38.86330845377008,38.46538648047245,11.195708045795257
50.41000015029266,38.96387260366669,38.5655736207142,11.28786279361119
50.5100001505908,39.05974684400069,38.656544051337775,11.007388899804608
50.61000015088894,38.99984957220008,38.595402576671795,11.333529262452442
50.71000015118708,39.186139319273146,38.76649019462548,11.486430201753413
50.81000015148523,39.27968091345639,38.8879649256298,11.096651662127314
50.910000151783365,39.44795864526506,39.06514595220192,11.026539021871844
51.0100001520815,39.42008731871022,39.018842797792445,11.174312866744781
51.11000015237965,39.35458054842165,38.99507330784258,10.941753514967674
51.210000152677786,39.40769588200828,39.02896406168875,10.809419798446722
51.310000152975924,39.284772590028176,38.905590080872265,10.905808152565161
51.41000015327406,39.19016576646093,38.81667508344412,11.106139115404643
51.51000015357221,39.291104626206284,38.907814600162645,10.990394416002795
51.61000015387035,39.093515741770815,38.7136216691772,10.929216625795549
51.71000015416849,39.31300359916235,38.93076062515645,10.89413014278659
51.81000015446663,39.25281707945419,38.88502464373641,11.071871786666547
51.91000015476477,39.382075338018026,38.99229296818091,10.93091042219617
52.01000015506291,39.20761789295155,38.84992932830594,11.06714818219693
52.11000015536105,39.41556004618325,39.038122696035714,11.109255239537376
52.21000015565919,39.20920794157495,38.847064598276546,10.859782872811408
52.31000015595733,39.26148567354441,38.871396443080066,11.080322414358877
52.41000015625548,39.345875268851564,38.94108471408425,11.04200825257089
52.510000156553616,39.249550845550665,38.83801382184657,11.15213683747185
52.610000156851754,39.30100686342352,38.88886236562291,11.266987926845035
52.71000015714989,39.16439824428102,38.746103536914895,11.139980674015918
52.81000015744804,39.254604637254765,38.83477322300615,11.06797485451395
52.910000157746175,39.256536965730405,38.86843984216271,11.177435607215152
53.01000015804431,39.416385824171776,39.02932055858242,10.861396993965975
53.11000015834246,39.13091834963942,38.73479346298612,10.770853873106148
53.2100001586406,39.186247468446304,38.79574999606389,10.844492878344273
53.31000015893874,39.29730259991103,38.875499935774506,10.884306095281913
53.41000015923688,38.99207592399445,38.591551492143196,10.773538440124458
53.51000015953502,39.07449980399579,38.67970346973109,11.048452807317558
53.610000159833156,39.2512575530445,38.844313697949566,11.354249759265722
53.7100001601313,39.146771536679886,38.75080260135079,10.837828490382496
53.81000016042944,39.05497289415033,38.64588486763877,11.139696729243758
53.910000160727584,39.14085768813911,38.75051820893463,10.926277906907158
54.01000016102572,39.00973227707864,38.616034627910494,11.013544884346045
54.11000016132386,38.92071210613836,38.549564255909026,10.695905293119193
54.210000161622006,39.14030238351748,38.77331202078382,10.780731189692569
54.310000161920144,38.97773997761734,38.6338298305735,10.795244315356689
54.41000016221828,39.02177798388229,38.648945493117665,11.09274890483863
54.51000016251642,39.14211543161909,38.75095489571908,11.145304669069132
54.610000162814565,39.009713548070806,38.63319156210273,11.325798123500174
54.71000016311271,38.91242363386757,38.55412242447379,10.940153563363095
54.81000016341085,39.214572464215195,38.82999713476966,11.06934191626954
54.910000163708986,39.11044751959308,38.74132611506756,10.750274714762398
55.01000016400713,38.98523232379928,38.61895983446694,10.933256996429423
55.11000016430527,38.99777581278317,38.5999761357416,11.317699465849932
55.21000016460341,38.94525426253217,38.559056598585975,11.19016211973978
55.310000164901545,38.958609106763205,38.573050124447086,11.300545832961914
55.41000016519968,38.85632041378273,38.4490710695191,11.248469666518796
55.510000165497836,39.02051609121771,38.62643676356851,11.399710833940762
55.610000165795974,38.95501016201985,38.555567640044025,11.1556480412617
55.71000016609411,39.1426865884797,38.74608053148046,11.198879783776812
55.81000016639225,38.975034952117454,38.583150631884806,11.28212802846091
55.910000166690395,39.098020757860546,38.70756227878659,11.182843154652062
56.01000016698853,39.15210277529156,38.74213531841606,11.182747888171999
56.11000016728667,38.85437622171528,38.448021338134865,11.197744123067155
56.210000167584816,38.87372431376694,38.462947805890494,11.261994336314192
56.310000167882954,38.771169328040216,38.370182856376054,11.319864038731874
56.4100001681811,38.85807444558743,38.461751301822176,11.19076684462914
56.51000016847924,38.88805006761127,38.509061197226515,11.233283827122841
56.610000168777376,38.96336082752087,38.57194826683656,11.192081604275357
56.710000169075514,38.846474966437825,38.45368722527461,11.416291831353002
56.81000016937366,39.021319647713,38.64313511160608,11.121850563120777
56.9100001696718,38.87591383074136,38.480729485409064,11.360376039088722
57.01000016996994,38.89872706852777,38.50227975603096,11.314942157683346
57.11000017026808,38.99641679476753,38.59596857029689,11.491386345161942
57.210000170566225,38.965479602811044,38.57341236402006,11.367364948792979
57.31000017086436,39.053644046035984,38.65487135188595,11.1754235035203
57.4100001711625,39.053821735869946,38.65772680424108,11.145525099049017
57.51000017146064,39.09339289211096,38.694301026319835,11.302436630874816
57.61000017175878,39.17285093409034,38.766941348211596,11.424959405819017
57.71000017205692,39.18717668726874,38.77540645573912,11.282560004813279
57.81000017235507,39.101541550287294,38.69808621444956,11.269781932178065
57.910000172653206,39.04683192817806,38.64214661169949,11.125385843515888
58.010000172951344,38.904259989817334,38.50677219311684,11.177523329016953
58.11000017324949,39.04694935248974,38.6560940103016,11.107323875150259
58.21000017354763,39.09503011339108,38.69592348949772,10.934837358448565
58.310000173845765,39.27040841793151,38.86419067691221,11.47405049499067
58.4100001741439,39.321756698824046,38.913293818456445,11.305441763130323
58.51000017444204,39.20060349252392,38.80090180556188,11.367742793895241
58.61000017474019,39.13224147921532,38.71595160323457,11.207323280976539
58.71000017503833,39.097849679569244,38.695571184276204,11.098132209095743
58.81000017533647,39.22070726163713,38.810287753270096,11.494454187295695
58.91000017563461,39.101561115811144,38.67480891555744,11.451939758366542
59.01000017593275,39.077677173882144,38.66154741258768,11.404858467067205
59.11000017623089,39.220214672493675,38.798646139480965,11.354721956338825
59.21000017652903,39.18377161241546,38.76376669037977,11.402466872085917
59.31000017682717,39.09813248354273,38.68677254629811,11.168433912649487
59.41000017712532,39.31777907722189,38.89999719438431,11.272046921021113
59.51000017742346,39.163161334477984,38.75947504393018,11.28115253573945
59.610000177721595,39.152321875688756,38.74409645017662,11.248675593157719
59.71000017801973,39.09623530831626,38.691141767654734,11.451299424913303
59.81000017831787,39.19387887212957,38.777000742744356,11.20330145633851
59.910000178616016,39.18150624506725,38.76096321799006,11.469471265590157
60.010000178914154,39.08626996654543,38.66554764904926,11.316556642440016
60.11000017921229,39.196679342957694,38.7890560666768,11.26203271639439
60.21000017951044,39.213742870027126,38.78955257462718,11.404139514381047
60.31000017980858,39.21655201972009,38.79677646000116,11.444103567133862
60.41000018010672,39.232407357951175,38.805654554022865,11.212200528011756
60.51000018040486,39.18947766339385,38.78042454208679,11.3318722897325
60.610000180703,39.161183728643024,38.74454574560953,11.46331173744046
60.710000181001135,39.13635809391576,38.699520617639884,11.363867396792086
60.81000018129928,39.21223950956343,38.774328062626836,11.69494933901119
60.910000181597425,39.01743238129228,38.58661801041311,11.337879279669565
61.01000018189556,39.01552162372165,38.59426684896682,11.421362441406592
61.1100001821937,39.10551989403229,38.66925706015541,11.67392396270582
61.21000018249185,39.001339570091794,38.58028841229495,11.558457522640278
61.310000182789985,39.23531736405304,38.808847076493926,11.47109290222238
61.41000018308812,39.201331811726924,38.76550634893222,11.544308913337076
61.51000018338626,39.06186393759242,38.64118656073182,11.24727282936929
61.6100001836844,39.068805570782246,38.632673944953936,11.497604412361875
61.71000018398255,39.08545068275653,38.65415644043964,11.46006522754885
61.81000018428069,39.05529704383736,38.62321131139739,11.719692339972923
61.91000018457883,38.868947203727544,38.43627630322011,11.666705198413888
62.010000184876965,38.79624323555699,38.366148763549205,11.637634624147656
62.11000018517511,38.92632245890514,38.48119162281475,11.755106698603905
62.21000018547325,38.84423190271213,38.4189795673837,11.079658287297681
62.310000185771386,38.951034644484736,38.51271283551775,11.357208140937658
62.410000186069524,39.04347394518321,38.640046560307326,11.206544333360956
62.51000018636768,38.87954685955621,38.45423804757032,11.551483732618143
62.610000186665815,38.799971207953845,38.37673013721627,11.181795771223685
62.71000018696395,38.85706768388915,38.42767636734306,11.494029843786926
62.81000018726209,38.9344191724449,38.52129533438691,11.435885317728927
62.91000018756023,38.90338830785513,38.49016549431921,11.30413990146012
63.010000187858374,38.88283451479462,38.46305095911463,11.32188447361241
63.11000018815651,38.99490590729298,38.59336742318778,11.26284850800161
63.21000018845465,38.88550160679205,38.477384959484894,11.359655012421328
63.310000188752795,38.73412981926506,38.322051871841424,11.43185832449046
63.41000018905094,38.725940376803614,38.31587632207702,11.33326616141207
63.51000018934908,38.49553177362778,38.05672923138317,11.279539753110162
63.61000018964722,38.8360497954622,38.39675517116851,11.455106754326676
63.710000189945355,38.821691348650305,38.392208943629676,11.665118617462465
63.81000019024349,38.853403403343606,38.44445778748295,11.353292331080233
63.91000019054164,38.903008865695845,38.48555965502142,11.199426017913385
64.01000019083978,39.080222918143264,38.67422947153336,11.278509053644834
64.11000019113793,39.04433528850451,38.63894884115075,11.107527161180755
64.21000019143607,38.98907299461693,38.57472775418438,11.240483336245628
64.3100001917342,39.0870823831493,38.67897671034218,11.19832277353333
64.41000019203234,39.035239562252016,38.63324284390016,11.184292943256121
64.51000019233048,39.06419592957744,38.63892731116201,11.52685296103025
64.61000019262862,39.16237246532005,38.739948014123556,11.370429792583748
64.71000019292676,39.089381217461835,38.6810091693768,11.240784455162157
64.81000019322491,39.141134520398886,38.722739472446484,11.412563763796548
64.91000019352305,39.149170054202514,38.72655950731123,11.254194159924193
65.01000019382118,39.1758845544446,38.74318925325022,11.364327475967775
65.11000019411932,39.189429057046986,38.76804803729312,11.522483985388446
65.21000019441746,39.172240440297315,38.74578887983727,11.193936224524341
65.3100001947156,39.16825456683182,38.74994977648146,11.317971973325468
65.41000019501375,38.93058329361944,38.5235338329977,11.364581690887599
65.51000019531189,38.96593552654568,38.54101347095496,11.331253310386375
65.61000019561003,38.8936670713382,38.46941759176527,11.397372061372856
65.71000019590817,38.88016477537683,38.44495980057258,11.375280787213999
65.81000019620632,39.10614612983567,38.69223397749082,11.239423185585556
65.91000019650446,39.18749542840566,38.78102683366146,11.234940031857981
66.0100001968026,39.41776837636854,38.99121140765359,11.262631351505847
66.11000019710073,39.33958095488771,38.93972408913585,10.96492811614872
66.21000019739887,39.383565933012015,38.96869881451751,11.279199968008648
66.31000019769701,39.39270579870569,38.98375155126618,11.292791810567872
66.41000019799515,39.49254215423408,39.07879022422932,11.147408217657823
66.51000019829328,39.56922995314138,39.15453931128613,11.244671322089486
66.61000019859142,39.485903514079766,39.07949931736921,11.383913256975744
66.71000019888957,39.48397397220615,39.063972936428776,11.207852003691437
66.81000019918773,39.57661071715156,39.149505977348575,11.191560809223821
66.91000019948586,39.64536140998555,39.233636843006515,11.15633837786292
67.010000199784,39.57091160280007,39.15916676866866,11.09921313493054
67.11000020008214,39.51260216353555,39.096342445572866,11.17708634985222
67.21000020038028,39.620336662571994,39.20619117970525,11.215689921519177
67.31000020067842,39.507328981386614,39.099453552612026,11.178397302287866
67.41000020097655,39.48106942049454,39.060989487624624,11.227651059588675
67.51000020127469,39.65652609770093,39.245855866109274,11.184145361269339
67.61000020157284,39.75134036148622,39.34908386177216,11.086724880849431
67.71000020187098,39.494968292376456,39.09673061182884,11.206490372197372
67.81000020216912,39.58655837929838,39.17119475295858,11.43270438549614
67.91000020246726,39.59490335237085,39.19734619092817,11.262063569328378
68.0100002027654,39.433706880111544,39.023748560491114,11.281724807329786
68.11000020306354,39.469268092262666,39.07718102819393,11.097018760950409
68.21000020336167,39.46794845554583,39.07012769174762,11.403735783696884
68.31000020365981,39.57269653875292,39.197631941957866,11.032786677303354
68.41000020395796,39.370254038954315,38.98758783734463,11.125319864364245
68.51000020425612,39.63267705382273,39.23350969895484,11.403231865526417
68.61000020455425,39.60008336504444,39.21754828976323,11.181533972187388
68.71000020485239,39.84355252626392,39.459084947845426,11.178307287493778
68.81000020515053,39.737539332295306,39.34762068654977,11.275189357179798
68.91000020544867,39.74405504823742,39.365998134432466,11.055034742268397
69.0100002057468,39.74140139459974,39.34397676156041,11.290509519069701
69.11000020604494,39.62551390428787,39.221627293972226,11.22688327511092
69.21000020634308,39.796573444736936,39.39241492490048,11.365129848522251
69.31000020664122,39.78391940014859,39.40721921845648,10.945552614910733
69.41000020693937,39.76854559983105,39.36932543970227,11.433856034487873
69.51000020723751,39.92883040079505,39.532022819411694,11.215256559709616
69.61000020753565,39.766227160180584,39.356267069003785,11.352521545261826
69.71000020783379,39.58218505757026,39.19563589755512,11.08879619402012
69.81000020813192,39.73269364324901,39.33301338359567,11.271713117321948
69.91000020843008,39.59812824108488,39.22375279843186,11.058310340358679
70.01000020872821,39.845051064295035,39.48386562387614,11.111409753994517
70.11000020902635,39.97019877425664,39.588088843348324,10.92258710306739
70.2100002093245,40.014850941942285,39.6088846521832,11.241080278575076
70.31000020962264,39.86157265682826,39.45240246808533,11.208683837168088
70.41000020992078,39.82414208189258,39.42024081292463,11.21649818542341
70.51000021021892,39.95413497135926,39.54745515095935,11.26595096631553
70.61000021051706,39.93099952171318,39.5099951027566,11.28665458771772
70.7100002108152,39.86496855177226,39.44930815522399,11.139378910608992
70.81000021111333,39.77506085947608,39.35080877374483,11.21976732821603
70.91000021141147,39.89849749631066,39.47083255399438,11.296303140471634
71.01000021170961,40.03299007449497,39.613417417935615,11.523667043915752
71.11000021200776,39.92425974498576,39.47706683527366,11.564538063461857
71.2100002123059,39.82432506099579,39.382973466885026,11.5684234565291
71.31000021260404,39.84614628655136,39.391106459778236,11.55241694892923
71.41000021290218,39.820888491012894,39.36114832919765,11.541142261217527
71.51000021320033,39.64675169015952,39.206580976413456,11.402297966804513
71.61000021349847,39.668446177366555,39.217996226403926,11.550158175891298
71.7100002137966,39.772978764824,39.328101018628,11.250456020352527
71.81000021409474,39.65401055579292,39.21381137840848,11.154754032862447
71.91000021439288,39.77117009095752,39.32424884521474,11.398082186907214
72.01000021469103,39.74635407893695,39.303204248578076,11.55337031357983
72.11000021498917,39.77182190281466,39.31971653197954,11.495029206092703
72.21000021528731,39.62925868316531,39.18062798654744,11.680400495252153
72.31000021558545,39.623763294849475,39.160390015541545,11.200980239731857
72.41000021588358,39.77169126331852,39.30601843757534,11.541967638543863
72.51000021618172,39.67104845185724,39.22670049377126,11.341387911711866
72.61000021647986,39.61266755422311,39.17104161122366,11.193777664622246
72.710000216778,39.53231112268363,39.06728312386014,11.386894057443802
72.81000021707614,39.305477754482666,38.86387463959014,11.409090672676653
72.91000021737429,39.33564909858259,38.88600646793657,11.268219351827968
73.01000021767244,39.69642431536345,39.23468420128914,11.35353024629235
73.11000021797058,39.71560157553306,39.279434151524725,11.221235129704613
73.21000021826872,39.60215922000656,39.17625866781444,11.047879040940797
73.31000021856686,39.81309809950525,39.38118648238705,11.19319884607631
73.410000218865,39.56255284164514,39.12217995166568,11.398622303608658
73.51000021916313,39.72496612907085,39.29085645204079,11.311954513525926
73.61000021946127,39.53907852445223,39.09909362658965,11.33066418924266
73.71000021975941,39.44972117483616,39.010593905914064,11.245787378849737
73.81000022005756,39.460189914213686,39.018243718336045,11.37686632877143
73.9100002203557,39.47413547300377,39.03920340699572,11.247003163529167
74.01000022065384,39.6533656692791,39.23274215358375,11.241075757621816
74.11000022095197,39.73193150919085,39.31089930912908,11.266032555680912
74.21000022125011,39.65571718886636,39.2326104454549,11.074227728505981
74.31000022154825,39.61415531102056,39.19207520067146,11.062162682054455
74.41000022184639,39.58598247657042,39.14775617902279,11.377913930237082
74.51000022214453,39.66680394202778,39.23034642650575,11.350346823499933
74.6100002224427,39.60915710171644,39.191221746221494,11.16712725639935
74.71000022274083,39.66209403444506,39.22740096622998,11.241007445920015
74.81000022303897,39.636890161345534,39.211129437522175,10.994846886906695
74.91000022333711,39.65365419951892,39.220032993546425,11.368481082956864
75.01000022363525,39.68444907672074,39.23700625461547,11.348713867921395
75.11000022393338,39.47628907303899,39.04620958765167,11.27337968011292
75.21000022423152,39.710441940669284,39.2721997534492,11.473057567088615
75.31000022452966,39.61027031173869,39.18660460473731,11.132757333824435
75.4100002248278,39.85755034213939,39.407968049525905,11.32009045792576
75.51000022512595,39.74187718306615,39.30189681888225,11.182335704150942
75.61000022542409,39.87834285817675,39.44142557797968,11.34494392987145
75.71000022572223,39.87444992541454,39.45654332896493,11.253241856278304
75.81000022602036,39.750774208776214,39.328609403164045,11.180145382976225
75.9100002263185,39.86792788604539,39.450538653935155,11.380425820926801
76.01000022661664,39.911163428983116,39.48877250526526,11.370361837853267
76.11000022691478,39.95054176951504,39.515804864578016,11.258123984819068
76.21000022721293,40.04218986568425,39.58801154635488,11.387132830703303
76.31000022751107,40.119554087858056,39.68520292410685,11.211255510899841
76.41000022780922,40.05689863666476,39.63896369282955,11.426583209630918
76.51000022810736,39.88403202492393,39.46833341477793,11.34773409818187
76.6100002284055,39.697018390562675,39.29723611334932,11.458579097732082
76.71000022870363,39.71742377983352,39.30088207313662,11.208504843433834
76.81000022900177,39.687560551134695,39.27093059120623,11.181430410670298
76.91000022929991,39.767322372809474,39.33350935251172,11.390263238950716
77.01000022959805,39.59695687023306,39.16488413250067,11.407046457768288
77.11000022989619,39.50760529583154,39.1018605205381,11.495663068918486
77.21000023019432,39.59610826611855,39.177204733221046,11.622853309211933
77.31000023049248,39.61242021155497,39.21325436883333,11.604801921006981
77.41000023079062,39.74572182550574,39.317704815158656,11.431534243913209
77.51000023108875,39.90719270334533,39.45584329652905,11.35257502667982
77.61000023138689,39.78125249273226,39.33367486206509,11.34614927916204
77.71000023168504,39.74749351948456,39.292990097644584,11.257075554703526
77.81000023198318,39.858344510050635,39.43272452540094,11.127000411890329
77.91000023228132,39.82775683512169,39.394175729470795,11.219412302633286
78.01000023257946,39.940504571237256,39.504997979196375,11.311017250928044
78.1100002328776,39.886296384268505,39.45318144034993,11.361830768718423
78.21000023317575,39.87041802473728,39.43345858609873,11.355405558448101
78.31000023347389,39.93153336414659,39.50082127419097,11.25560746533009
78.41000023377202,39.78969449183464,39.36378106658444,11.324902529498507
78.51000023407016,39.95184629042307,39.53915397264996,11.114797281794543
78.6100002343683,39.90263213824582,39.49072061662879,11.080152304627488
78.71000023466644,39.87834576800387,39.45156625565187,11.317140487304934
78.81000023496458,39.81321305845933,39.386053095047274,11.209403484170624
78.91000023526271,39.690728580427866,39.275272619758944,11.244652874202938
79.01000023556085,39.85497804613977,39.4321496735325,11.330332584562106
79.110000235859,39.94765632503007,39.50534402389964,11.2850047860024
79.21000023615714,39.5191755566654,39.11065747761534,11.061399517935397
79.3100002364553,39.80682198980492,39.39453238552352,11.374590461134135
79.41000023675343,39.89927042723865,39.46933776928319,11.267476261341752
79.51000023705157,39.700422156272914,39.26731133045286,11.266141271292355
79.61000023734971,39.40575796742742,38.99850274076221,11.10016399552882
79.71000023764785,39.37235628451231,38.972325476935836,11.271685101546709
79.81000023794599,39.43130827501894,39.039646957575876,11.00737463055663
79.91000023824414,39.44269810050845,39.052916700825506,10.58393734961382
80.01000023854228,39.473755568159625,39.085044531210166,10.685077871570913
80.11000023884041,39.416287327323865,39.02563916966654,10.921473895462736
80.21000023913855,39.53377678300475,39.14989906965569,10.787056398634038
80.31000023943669,39.399548713700106,39.01934408989421,10.66058787643079
80.41000023973483,39.421783107627654,39.01435244026983,11.424550591722333
80.51000024003297,39.439825040199366,39.00943908111429,11.217085382437068
80.6100002403311,39.46680699120521,39.050371786708254,10.87822989249209
80.71000024062924,39.329851687801906,38.94537415484934,10.900402113455389
80.8100002409274,39.44326957018965,39.058546835228455,10.963262966552907
80.91000024122555,39.35812246139167,38.94571290173623,11.073420873073966
81.01000024152368,39.450899107870896,39.03609549184776,11.427319380325105
81.11000024182182,39.42013562838761,38.99450869996449,11.347972097941375
81.21000024211996,39.41916732883003,39.002168744882205,11.324520420548193
81.3100002424181,39.43187234920877,39.01629674258013,11.219448380003293
81.41000024271624,39.37170684850393,38.96608810623565,11.236896803676673
81.51000024301437,39.174575998164094,38.74790300001413,11.201333390869642
81.61000024331251,39.2721793777062,38.84284958051002,11.165054649899472
81.71000024361066,39.26628169989358,38.83850548086798,11.258151376050932
81.8100002439088,39.26828303508086,38.84262797983371,11.315730758374865
81.91000024420694,39.30375124902462,38.87712063253205,11.389705998803208
82.01000024450508,39.14753453341946,38.73136767997135,11.401918284468666
82.11000024480322,39.077273692944644,38.67120907880477,11.212157960099137
82.21000024510136,39.153657634249825,38.73179922857319,11.58014365097565
82.3100002453995,39.16713188855212,38.75469575189938,11.32234654655954
82.41000024569765,39.35440630498221,38.95439574785081,11.231445214279837
82.51000024599578,39.378490106436466,38.96275017038626,11.496066079817286
82.61000024629394,39.49540631778768,39.07587891821762,11.31138151093117
82.71000024659207,39.34731098818616,38.93713117759433,11.054436912694085
82.81000024689021,39.35316088693765,38.9392769987723,11.325770121037886
82.91000024718835,39.20231471025569,38.79377967453758,11.349513757035705
83.01000024748649,39.304107514561615,38.88289136095724,11.292287988586146
83.11000024778463,39.302376532653795,38.912020078711265,11.166024776990986
83.21000024808276,39.45896282050131,39.042603273043504,11.351037719732346
83.3100002483809,39.32169272514881,38.90038439782254,11.262952183665327
83.41000024867904,39.18213342344657,38.77621457316565,11.135646845565475
83.51000024897719,39.043287599347785,38.62426608630233,11.371510973554507
83.61000024927533,39.08080997157384,38.65572411673833,11.357819811739558
83.71000024957347,39.22785785002708,38.800280735156456,11.126434726740722
83.8100002498716,39.368162227197004,38.945603717208726,11.19601122252579
83.91000025016974,39.379724889340835,38.96401443964315,11.267374609665717
84.0100002504679,39.45813161590442,39.05312087266569,11.131452489083536
84.11000025076603,39.49324547946301,39.09292169528496,11.22512908178941
84.21000025106417,39.280736822049036,38.86348970961205,11.145075514085338
84.31000025136233,39.282796974571504,38.86105176975274,11.225365358207018
84.41000025166046,39.333185769782716,38.91759909236771,11.153784946335623
84.5100002519586,39.323956078259855,38.91670253673249,11.170566934855671
84.61000025225674,39.28561045725128,38.8629368000513,11.177191725631449
84.71000025255488,39.40792312225023,39.005036697035706,11.329086203945534
84.81000025285302,39.35002697628834,38.960487984946404,11.190694436319985
84.91000025315115,39.27576255163235,38.895360501314066,10.983823685023786
85.01000025344929,39.20556448769547,38.7951538307854,11.23455362262538
85.11000025374743,39.02590503680884,38.616433860196615,11.495548268826369
85.21000025404558,39.25797602895292,38.847574603569846,11.485127584850169
85.31000025434372,39.20138931207729,38.79099794704387,11.419085392910832
85.41000025464186,39.0576298613146,38.64753285102214,11.33914753405133
85.51000025494,39.073748706374985,38.68281892116005,11.227616939988247
85.61000025523815,39.00060758403945,38.60081983271967,11.173187785032479
85.71000025553629,39.02478557501528,38.64675133387464,11.297737801458494
85.81000025583442,39.14386464463782,38.740233757016924,11.463864127893165
85.91000025613256,39.0869522223421,38.69211591651108,11.372617259643127
86.0100002564307,39.072547515156764,38.66391476563577,11.427596954849054
86.11000025672885,38.96858085739489,38.57229593441127,11.284453119799842
86.21000025702699,39.02923430376059,38.62734466173906,11.367911005287867
86.31000025732513,39.17031835149818,38.7622912173693,11.548539917203117
86.41000025762327,39.24242836092971,38.85308410931301,11.220000435360559
86.5100002579214,39.24942763316047,38.864326243762406,11.048597511708836
86.61000025821954,39.36603926030923,38.97945889901567,11.321942504400774
86.71000025851768,39.14527416849424,38.781013365886075,11.036527032269916
86.81000025881582,39.26147930232547,38.85565460612244,11.157712331118972
86.91000025911396,39.233657244652846,38.83501356695236,11.328698694912532
87.01000025941211,39.27219029950296,38.872839144687546,11.150724831299373
87.11000025971026,39.41073252447543,39.01543431629007,11.372625053671362
87.2100002600084,39.48594278921301,39.09695329308902,11.26081146787415
87.31000026030654,39.61496231184207,39.207769040487136,11.363214779470548
87.41000026060468,39.2953026196687,38.92401186557305,11.261606990046744
87.51000026090281,39.28183063150623,38.91803084226483,11.112717173785628
87.61000026120095,39.3144692000347,38.945007951357475,11.010259444480075
87.71000026149909,39.37614082160968,39.00138144697208,10.948512806795454
87.81000026179723,39.37543638883349,39.00020348872179,11.06108522588995
87.91000026209538,39.29019132218849,38.91099543711836,11.01470147946029
88.01000026239352,39.47264828351139,39.09981636332069,11.108288412672927
88.11000026269166,39.38166138196076,39.001965217943734,11.098350832489626
88.2100002629898,39.310474022533036,38.922643458269825,11.208261909353157
88.31000026328793,39.427068752302034,39.028897889608174,11.4065838575752
88.41000026358607,39.33077960889491,38.94314314211308,11.105597012701345
88.51000026388421,39.46219436854507,39.0800107188286,11.058289401469647
88.61000026418235,39.30569790838066,38.919989257051675,11.316793896825821
88.71000026448051,39.28871708911819,38.89221039694869,11.070133791738137
88.81000026477865,39.09501430631227,38.71624955112978,11.010827435235583
88.91000026507679,39.273700152485425,38.89642764260979,10.938383292394164
89.01000026537493,39.31387308128921,38.93166781473367,11.024022281960868
89.11000026567307,39.20361889338663,38.81964533447828,11.233146388718044
89.2100002659712,39.26752568110901,38.86656218410333,11.084218416856356
89.31000026626934,39.281458349446474,38.89690339352878,11.09683964380229
89.41000026656748,39.27186942269059,38.88285884018296,11.31200445894185
89.51000026686562,39.40348214708547,39.01523753750289,11.188571455042434
89.61000026716377,39.32400364704939,38.92394466709149,11.21960580108992
89.71000026746191,39.10962240469704,38.71661920615405,11.311077242349775
89.81000026776005,38.975695364936776,38.57327772948561,11.469007420890193
89.91000026805818,38.997790319306674,38.5976655747912,11.165586890953689
90.01000026835632,39.06343924862736,38.665622262304424,11.311594340053265
90.11000026865446,38.96131453740092,38.559891167292484,11.370431401161827
90.21000026895261,38.79542970321809,38.419829789805306,11.090146978783828
90.31000026925075,38.90466251857845,38.509033832508216,11.481151621310673
90.41000026954889,39.06972101694472,38.67507259302629,11.283125746427682
90.51000026984704,39.09621194107728,38.71215443863338,11.082092164125184
90.61000027014518,39.07975907645969,38.692012336095985,11.299101388208495
90.71000027044332,39.23126884995325,38.85289690563627,11.226100199612192
90.81000027074145,39.10194003768705,38.72104945410984,11.17370260217291
90.91000027103959,38.81195611460856,38.4372755179964,11.254721565160139
91.01000027133773,39.0160536727943,38.62794413833,11.219634194929942
91.11000027163587,38.92716035538911,38.54120122270723,11.120772436157718
91.210000271934,39.02788855714579,38.64224735483824,11.08461941575407
91.31000027223214,39.00889408967768,38.59113422162713,11.510643105531615
91.4100002725303,38.84419181475893,38.44583139925248,11.089346209302338
91.51000027282844,39.14875970808479,38.735661310919554,11.341106686609532
91.61000027312657,38.86745978851505,38.47336529248583,11.213650962067668
91.71000027342471,38.81975849451822,38.43214325182486,11.06760711552842
91.81000027372286,38.917884631592,38.53162316006623,11.176941653091303
91.910000274021,39.00733767212714,38.616688511761,11.3252382211125
92.01000027431914,39.01251239163956,38.61008578389957,11.362395563516483
92.11000027461728,38.881328176736744,38.48328243442068,11.331159190944875
92.21000027491542,38.77465177366435,38.37871758197601,11.189680103572705
92.31000027521357,38.7288762222309,38.33715449380321,11.182568440989094
92.4100002755117,38.580747891476214,38.172698439313635,11.364914433171151
92.51000027580984,38.70061796749449,38.304284404765106,11.398249471015697
92.61000027610798,38.81123161324969,38.396147823112265,11.398406937203678
92.71000027640612,38.903455080893195,38.493111610549704,11.45116557454
92.81000027670426,38.840878338623995,38.43473480383888,11.642297992456799
92.9100002770024,38.901228743186124,38.51295779625839,11.416279484499462
93.01000027730053,38.90633765807838,38.521302040015364,11.191586075700377
93.11000027759869,38.92926234985601,38.52201230454951,11.507535862680864
93.21000027789682,39.05296555555339,38.66063310804751,11.162290164729379
93.31000027819496,39.10864508044369,38.72098534453707,11.101780479161183
93.41000027849311,38.959589352141585,38.56214921852335,11.202493319380284
93.51000027879125,38.922561562471905,38.532830704291,11.15122921624619
93.61000027908939,38.93461692913244,38.5499382846758,11.177349410237333
93.71000027938753,39.06470627301081,38.66223618005223,11.286900395581757
93.81000027968567,38.986789613165904,38.60615722255157,11.073039926181885
93.9100002799838,38.92400443037677,38.52808913689574,11.41368499074562
94.01000028028196,38.93664705049513,38.55334932772195,11.449106993338052
94.1100002805801,38.89048433875369,38.49932373204451,11.36595902220789
94.21000028087823,38.881803086828285,38.507658992495315,11.301909852293269
94.31000028117637,38.91571119434864,38.54149456856375,11.195096566245061
94.41000028147451,38.93318145617714,38.56190717874769,10.842307454288397
94.51000028177265,38.92261412570932,38.555448185785316,11.235007319864815
94.61000028207079,39.03878453259645,38.674108888163516,11.14370565819381
94.71000028236892,39.10985019394051,38.74632361646119,10.922293583033944
94.81000028266706,39.15167635313631,38.77711866046217,11.04430631869419
94.91000028296523,39.11230850369308,38.73102131643857,11.190691420025201
95.01000028326337,39.15565960659846,38.81470275100086,10.64493215359028
95.1100002835615,39.19203791300679,38.82351997703405,10.76997111993315
95.21000028385964,39.26272454426619,38.89898938118635,10.696684592038572
95.31000028415778,39.1299339333212,38.761071115235865,11.016622005880372
95.41000028445592,39.08080436989525,38.71416613218193,10.807351860883388
95.51000028475406,39.14037642830848,38.77908376445339,10.639512851120502
95.6100002850522,39.27887779314795,38.877861054291806,10.942388794665463
95.71000028535033,39.0500532232898,38.68831594502285,10.604816061970194
95.81000028564848,39.1801172606714,38.833977884905494,10.694517291203766
95.91000028594662,39.10304748884562,38.74975900301447,10.802670754353983
96.01000028624476,39.04143312029057,38.683983930853856,10.734294029818237
96.1100002865429,39.16913213362995,38.81095297595042,10.69752119797186
96.21000028684104,39.09326630990306,38.731360445821714,10.750536305775713
96.31000028713918,39.120063082899264,38.75298184154526,10.789138942628746
96.41000028743731,39.0571860375681,38.68708265658942,10.93723423848887
96.51000028773547,39.03443239688738,38.66049157417153,11.048951319960624
96.6100002880336,39.1496391677129,38.77107464851885,11.00857057134294
96.71000028833176,39.23574004990222,38.870269614945464,10.898826366876165
96.8100002886299,39.325053012073454,38.96165359354423,10.938120590760603
96.91000028892803,39.172653009033354,38.80666562284091,10.83831125578717
97.01000028922617,39.0543263902133,38.68459885037365,10.848106303596623
97.11000028952431,39.12719085645518,38.752959592680455,11.049763137295384
97.21000028982245,38.9730588980676,38.598011832113414,11.222854552747071
97.31000029012058,39.01830683188754,38.64760805141819,11.081469752445763
97.41000029041872,39.11936400458024,38.760339104385714,11.069313408864296
97.51000029071687,39.20216544878808,38.8359070314867,11.177826114488166
97.61000029101501,39.206170823390494,38.843165590711784,10.906078363833323
97.71000029131315,39.03870187740968,38.68822144363605,10.870654346955243
97.81000029161129,39.13287121637895,38.77902779026741,10.880203541971905
97.91000029190943,39.025515500230426,38.649569419354016,11.083791628148916
98.01000029220756,39.08620949658263,38.70847030295679,11.152824266642916
98.11000029250572,38.997605841576366,38.63072716111388,10.980625758621407
98.21000029280385,39.04138515189593,38.68501521309434,10.91661658167917
98.310000293102,38.943619335141825,38.573846859778975,10.960374369512978
98.41000029340015,38.844714798692195,38.47941951856582,10.908246372532366
98.51000029369828,38.92966229911038,38.55439967266219,10.906904000415878
98.61000029399642,38.811184683955446,38.43653153327015,10.87199862698342
98.71000029429456,38.71557912685255,38.34194773749442,11.09345032198782
98.8100002945927,38.705448539473345,38.32982578549125,11.051202875401765
98.91000029489084,38.8045078773279,38.4300801026351,10.907967797785933
99.01000029518897,38.8021692313611,38.452652878542295,10.780156047806056
99.11000029548711,38.94729557546504,38.580581933625524,11.017021371715638
99.21000029578525,38.71991156498357,38.356131573870826,11.069960713222297
99.3100002960834,38.934849125649265,38.55433173378782,10.755833341711925
99.41000029638154,38.83054341959688,38.44534383250484,10.845811279002072
99.51000029667968,38.861848143802604,38.49168188935743,10.731382883678023
99.61000029697783,38.92447109838743,38.545955511318425,10.954737802748642
99.71000029727597,38.81981248676886,38.45373183446474,10.674698463654561
99.8100002975741,39.01154164326902,38.65655043645388,10.839789461676412
99.91000029787224,38.84704018643245,38.48972863216061,10.717345710534795
100.01000029817038,38.80138184479737,38.44465658556299,10.90703638647668
100.11000029846852,39.1943211521395,38.82593227725293,10.845590417100889
100.21000029876667,39.046658199649,38.68688808253338,10.800219534431436
100.31000029906481,39.27178481675088,38.9158618555529,10.806292170509275
100.41000029936295,39.163459859615514,38.81405721251005,10.643446727740857
100.51000029966109,39.19913949272663,38.83327248818745,10.85894885638954
100.61000029995922,39.01404084245088,38.647993165611766,10.883001865516688
100.71000030025736,39.009238597046924,38.64192659637402,11.232945707117363
100.8100003005555,39.076149109509856,38.69370457459487,11.12393601570367
100.91000030085364,39.018591899954956,38.64658568784535,11.08863672030437
101.01000030115178,38.9757847151542,38.59688899599836,10.974096932730763
101.11000030144993,38.883897187854096,38.498112854293446,11.001639734771828
101.21000030174808,38.724991168165104,38.34502517581274,11.06141020913996
101.31000030204622,38.76737890937063,38.38818456710766,11.092674523777964
101.41000030234436,39.07019172242649,38.67219176257725,11.355054070470832
101.5100003026425,38.93295312299153,38.55092987516952,11.05711264269231
101.61000030294063,38.65261832653965,38.2811445365557,10.936639613969774
101.71000030323877,38.795895232368466,38.43185236294888,11.135211500564916
101.81000030353691,38.82096898304738,38.45378748879419,10.968308568100532
101.91000030383506,38.91150914147958,38.53176136711328,11.117321343427742
102.0100003041332,38.800716765299114,38.424630189618696,11.088914044689599
102.11000030443134,38.9058231919654,38.5190603823828,11.29921210788739
102.21000030472948,38.82933660490859,38.44143444643236,11.555570509742585
102.31000030502761,38.83371321517296,38.43492531535639,11.214161010992592
102.41000030532575,38.823863569177355,38.4383539676315,11.385961814069097
102.51000030562389,38.60661346081034,38.225201757491995,11.24656620319649
102.61000030592203,38.89004050221638,38.48575006527165,11.642475420210308
102.71000030622017,38.677044507149134,38.293097909116,11.371916748471206
102.81000030651833,38.86259797630234,38.470663344160634,11.450328874876977
102.91000030681647,38.73662597925179,38.34732906175355,11.446431586203067
103.01000030711461,38.73354692470493,38.3616623940237,11.362586288262602
103.11000030741275,38.805297545461535,38.4223246950815,11.488658461805553
103.21000030771089,38.76018107662417,38.368540052397144,11.453586576004241
103.31000030800902,38.801602267591925,38.408406495598726,11.339890679624787
103.41000030830716,38.99099948251618,38.60694928608976,11.176245164704142
103.5100003086053,38.940266644752036,38.55367380897925,11.320902095708677
103.61000030890344,38.97148616313633,38.574243194518694,11.362674206911189
103.71000030920159,38.75632972851438,38.376917795444896,11.365125316432183
103.81000030949973,38.805161876170146,38.41790677487737,11.225340268557362
103.91000030979787,38.66337522834886,38.2797539659538,11.268053846188284
104.010000310096,38.82634524750399,38.45166260298451,11.323588029648153
104.11000031039414,38.70136389449973,38.34710674138349,10.960274172679151
104.21000031069228,38.695842278103775,38.34130135027147,10.87506532805051
104.31000031099043,38.97647892251194,38.597289903830784,11.14126015083601
104.41000031128857,38.814391102985404,38.442536769150685,11.218427276708528
104.51000031158671,38.88852562250287,38.505638944346394,11.151447738328775
104.61000031188486,38.83355960117332,38.43979005169016,11.220652331118345
104.710000312183,38.91896640758034,38.53376764770868,11.1250341186667
104.81000031248114,39.0804119035074,38.6931690203768,11.149589272547857
104.91000031277927,38.876746339793755,38.48657135070566,11.25694823469957
105.01000031307741,39.001174206561885,38.61001916642761,10.99578269700661
105.11000031337555,39.006256645961074,38.611600873531884,11.253326364036935
105.21000031367369,39.08134106952165,38.682133776880505,11.3313038912308
105.31000031397183,39.03751004178479,38.65322312874173,11.090068760360221
105.41000031426996,38.92309777748256,38.53419112872729,11.09193751673797
105.51000031456812,38.99507359475841,38.60082922461025,11.033219589411646
105.61000031486626,38.886735136032385,38.50173283287391,11.033869873260063
105.7100003151644,39.022721309604414,38.63501328618479,11.058900680986936
105.81000031546253,38.96307984541311,38.56155725064351,11.108776771381862
105.91000031576068,38.904985322598435,38.50909092500641,11.295765626137031
106.01000031605882,38.76291812772588,38.38090017494398,10.965568634344564
106.11000031635696,38.83223464981038,38.44457273161281,11.222623541758077
106.2100003166551,38.75670990630215,38.386990723477105,10.980878001417526
106.31000031695325,38.833420781688226,38.452361995287845,11.23775845097872
106.41000031725139,38.96282749294458,38.579991091259124,11.196431030849517
106.51000031754953,38.96238297368975,38.58909856663914,11.100466586472592
106.61000031784766,38.7944635501133,38.41895778675669,11.158196144303304
106.7100003181458,38.8670082052271,38.48515835663987,11.165185029281762
106.81000031844394,38.87373287744386,38.499448703601935,11.036275401400449
106.91000031874208,38.86689572601036,38.49810066342937,11.08790070066138
107.01000031904022,38.9505540355168,38.571877149477295,11.058815248334758
107.11000031933835,38.92432590989038,38.55602114848937,11.049693210122555
107.2100003196365,38.904063971653386,38.53502783437937,11.152991976519322
107.31000031993464,38.832783985390634,38.43437158368177,11.159767945912115
107.4100003202328,38.93410036082208,38.55998480367104,11.203929855883352
107.51000032053093,38.75998701583495,38.38118100084067,11.11161436442895
107.61000032082907,38.773308560780606,38.37306012916084,11.302128269073801
107.71000032112721,38.759162256198316,38.36475529466625,11.304068398939021
107.81000032142535,38.66270549257552,38.27189551310398,11.328962488996602
107.91000032172349,38.632197182849666,38.233639631671046,11.702076437140667
108.01000032202163,38.84595347175591,38.451683510367204,11.29081639818926
108.11000032231978,38.8353688316082,38.476762408169364,11.167618012700583
108.21000032261792,38.790941545899116,38.410974399572325,11.254739151689918
108.31000032291605,38.79553416470326,38.430867144704834,11.102174191183916
108.41000032321419,38.67501277736187,38.31975441919179,11.038632522101707
108.51000032351233,38.84170700621725,38.477602541542204,11.006636404745477
108.61000032381047,38.63198532391103,38.253568244591484,11.16151812374781
108.7100003241086,38.87459107991926,38.503361376043095,11.196774831425301
108.81000032440674,38.815465465933954,38.454563324262665,11.117268441466505
108.91000032470488,38.94206160149988,38.569304390592364,11.324469387568824
109.01000032500305,38.820498161098335,38.434062983608406,11.219243542861868
109.11000032530119,38.89863655137573,38.51909690638449,11.171624721437087
109.21000032559932,39.04320783880331,38.648760031626814,11.202080579920182
109.31000032589746,38.91842373986589,38.52557948824694,11.187049521634131
109.4100003261956,38.795254348655654,38.422200780719336,11.16816454623737
109.51000032649374,38.68414377973618,38.297137098625505,11.191245685516094
109.61000032679188,38.66666487423116,38.28804377661328,11.002130188056693
109.71000032709001,38.61969581217927,38.249051311192744,11.283225913575432
109.81000032738815,38.632386015063766,38.25594208702636,11.374928850071731
109.9100003276863,38.84150714707719,38.4605340536996,10.978802791541563
110.01000032798444,38.799203969439525,38.44904896584555,11.10803383976441
110.11000032828258,39.09778516335293,38.72381810617686,11.023010034841937
110.21000032858072,38.83929986753433,38.472761733188605,10.965950337839942
110.31000032887886,38.870339998266715,38.49292345489025,11.03266620403835
110.410000329177,38.82264770220879,38.43817453607404,11.306247324112677
110.51000032947513,38.712644626724526,38.344538938767194,11.24915607790019
110.61000032977329,38.6304188855798,38.28230604166041,11.181462051284038
110.71000033007144,38.740088731761475,38.37321358111904,11.24386718282745
110.81000033036958,38.926815022830795,38.561302420118444,11.352798307441237
110.91000033066771,39.0800849824349,38.71061475018885,11.146416382451863
111.01000033096585,39.07444710407334,38.69314097764925,11.087524165222682
111.11000033126399,39.01001262484804,38.6138630488997,11.288606357820875
111.21000033156213,38.77949563528588,38.3824681728627,11.219374746898449
111.31000033186027,38.750045372002376,38.36978201733317,11.10445740572902
111.4100003321584,38.73258104563587,38.355619444340896,11.289533371123524
111.51000033245654,38.791312133416746,38.42479672211485,11.153389575384926
111.6100003327547,38.774232118293824,38.40362707654253,11.198319855823863
111.71000033305283,38.67659530034737,38.30411019366385,11.167658277354484
111.81000033335097,38.8212008441161,38.44415020380028,11.283033151297865
111.91000033364911,38.885538239222456,38.51660222580761,11.159325304578552
112.01000033394725,38.910310984733734,38.53970766258436,11.153685993079948
112.1100003342454,38.84596371481322,38.46799981665807,11.248440851043044
112.21000033454354,38.63196279694023,38.238733673325896,11.270049157676699
112.31000033484167,38.74609282825281,38.37442189723579,11.179670666684528
112.41000033513981,38.84079078843434,38.47679832256931,10.97072361019156
112.51000033543797,38.86126264462734,38.495337360212154,11.06256615538034
112.6100003357361,38.913221797281736,38.5554517379194,10.83667346298812
112.71000033603424,38.97223179337527,38.60933670138772,11.033467259977302
112.81000033633238,38.95534921897205,38.58282742371581,11.247395001071526
112.91000033663052,39.016820464476574,38.64852061868092,11.295071960964236
113.01000033692866,39.08172266010917,38.71141694757616,11.18843047330401
113.1100003372268,39.088549660072665,38.737960777887125,10.84087375160474
113.21000033752493,39.06265222956356,38.702248398539325,11.047025744180365
113.31000033782307,39.10969083088217,38.756100702862625,11.141754627197315
113.41000033812122,39.068707574596814,38.70642244316352,11.062482610035552
113.51000033841936,39.02910878543688,38.673202730015554,10.993431181989862
113.6100003387175,39.07001270848637,38.71137928396932,11.125773285981888
113.71000033901565,39.19397132783183,38.83190741806752,11.09958452345667
113.81000033931379,39.24081692384348,38.86634654420035,11.024569485559315
113.91000033961193,39.26564611922015,38.9045911485239,10.941959059482665
114.01000033991006,39.27263701150354,38.91343909760677,11.016218660330646
114.1100003402082,39.28321012960615,38.93812001091806,10.928128946098992
114.21000034050634,39.27665898481164,38.93338478534411,10.993571197026439
114.31000034080449,39.046500958818534,38.708136371104025,10.923050166225297
114.41000034110263,39.11501923784713,38.7633478862059,11.090033966511683
114.51000034140077,39.06047573183718,38.70236992425497,11.097800890502572
114.6100003416989,38.9572357322808,38.6068678224143,11.120800358416735
114.71000034199704,38.90696768352141,38.556000848365045,10.99945422135876
114.81000034229518,39.01128913932379,38.66922109286565,11.044736036619788
114.91000034259332,38.96113247438162,38.58504601779044,11.15000386426451
115.01000034289146,38.991587500113845,38.64296044185047,11.046196830613129
115.1100003431896,38.946038582373845,38.58674447795404,11.08435600616139
115.21000034348775,38.99078950527221,38.62533575162794,11.112581080781109
115.3100003437859,38.93122633749683,38.572459941679085,10.921721427023956
115.41000034408404,38.90673614527311,38.56695202245987,11.048922587193324
115.51000034438218,39.05874397720823,38.713559674370686,11.109897966264542
115.61000034468032,39.10907703725258,38.747083168541806,11.10552629005268
115.71000034497845,39.088897466851314,38.73969171358426,11.090745658690594
115.81000034527659,38.9971025280265,38.629071119437356,11.07400188356584
115.91000034557473,39.0052156929259,38.644089419772435,11.019722122886584
116.01000034587288,38.99764177382576,38.644974681977295,11.063035470641138
116.11000034617102,38.781653021065495,38.41130416030589,11.029411848448467
116.21000034646916,39.027278588149954,38.660069310716736,10.933219229883427
116.3100003467673,38.99222626530144,38.64155554415826,11.028876389784255
116.41000034706543,39.15032526305232,38.78561426491138,10.831424089472504
116.51000034736357,38.92419668647219,38.57479543852348,10.81754216481487
116.61000034766171,39.0967883552951,38.74960778983748,10.81602693958183
116.71000034795985,39.09262197790156,38.74297452970378,10.603358716755924
116.810000348258,39.07825457172496,38.72663909175531,10.927266619250572
116.91000034855615,39.13855497318616,38.76449293857543,11.069724173677256
117.01000034885429,38.97547577478419,38.629365631237064,10.867041299131971
117.11000034915243,38.96055970124001,38.60152408639326,11.189227878229325
117.21000034945057,38.77557118082207,38.40304577202942,11.138054313786709
117.3100003497487,38.779397846895755,38.42013798049739,11.150161886208034
117.41000035004684,38.83085740316799,38.45140233524372,11.218905385064655
117.51000035034498,38.83345169732553,38.457194374470845,11.36768043943131
117.61000035064312,38.97584428758081,38.611982652282315,11.124223284873196
117.71000035094126,38.86077591023801,38.503932371222376,11.204672090849588
117.81000035123941,38.76696718557296,38.40357890010577,11.235211935667238
117.91000035153755,38.744086003990866,38.375262051923414,11.095612951582826
118.01000035183569,38.820333994802326,38.45956469784569,11.009456838229601
118.11000035213382,38.78285675902574,38.421527539437925,11.046547566240045
118.21000035243196,38.75942102969361,38.412475889557086,10.956164185639588
118.3100003527301,38.752854912808196,38.39877981540383,10.910417116495918
118.41000035302825,38.78391784397599,38.43162938716092,10.904327008126952
118.51000035332639,38.65949212684407,38.30774172570635,10.88779698258594
118.61000035362453,38.87476698758944,38.52805789724365,10.942370632155574
118.71000035392268,38.89478104007011,38.53782558142392,11.046064767645047
118.81000035422082,38.84185252316973,38.484994157017525,11.009049785941071
118.91000035451896,39.103653266716094,38.74235320295812,11.148487972549738
119.0100003548171,38.8650456501332,38.50277593758273,11.00513721024776
119.11000035511523,39.04390720425718,38.686280151070555,10.925164718454509
119.21000035541337,39.18846532379274,38.8318914180065,10.87345034001746
119.31000035571151,39.07290194362513,38.724034597669565,10.789341481602573
119.41000035600965,39.173751671219236,38.813902425095584,10.83331117316437
119.51000035630778,39.022358835831824,38.674542782179714,10.940721027341645
119.61000035660594,39.08267235429474,38.72733924831761,10.98314220499371
119.71000035690408,39.154895874815544,38.782327539352735,11.057440063974235
119.81000035720221,39.41841262530521,39.037513761259845,11.114529663283674
119.91000035750037,39.310062327125586,38.9510981836595,10.831069804498823
120.0100003577985,39.241895699422784,38.881045031174516,10.906785649313237
120.11000035809664,39.19102261868642,38.83589392906344,10.82096183223346
120.21000035839478,39.2302514792568,38.86528845303734,10.741541959814672
120.31000035869292,39.311270434009614,38.94092778933765,11.125987343294645
120.41000035899107,39.185538341978976,38.824563087647576,10.979741501006824
120.51000035928921,39.146161821011304,38.786769159047886,10.839549457371511
120.61000035958735,39.3087997958808,38.952877535451876,10.992584764585796
120.71000035988548,39.250362680187486,38.90887625145584,10.729660105805943
120.81000036018362,39.228588227746506,38.8616319872974,11.052974854357906
120.91000036048176,39.16491332740141,38.783318419406605,11.328298534605215
121.0100003607799,39.02805275295345,38.64553572323208,11.441963855057722
121.11000036107804,39.00579094616762,38.63280402562535,11.323261386159617
121.21000036137617,39.1453192747451,38.75081086055993,11.266201929498044
121.31000036167433,39.122024046417714,38.74441765111117,11.056873769745064
121.41000036197246,38.96131226592786,38.576377839657894,11.13339323712005
121.51000036227062,38.94491745818398,38.55600464503076,11.225450278649008
121.61000036256875,38.90902285899908,38.53081309191049,11.162898982668212
121.7100003628669,39.02435381961852,38.64932704656518,11.084791145263466
121.81000036316503,39.1799777801021,38.79429420927782,11.09501753522289
121.91000036346317,39.03460307509317,38.661476825063744,11.030933133600742
122.0100003637613,38.98803098619502,38.60913022282292,11.141201735512412
122.11000036405945,38.90971648816426,38.52796302430076,11.208335075511252
122.2100003643576,38.927000438135465,38.549229834355764,11.163236808432128
122.31000036465574,39.13855597389028,38.76092748623028,11.295179386157749
122.41000036495387,39.02443092243107,38.647023842055525,11.155654113836377
122.51000036525201,39.25553973068227,38.87311729054203,10.93864650663289
122.61000036555015,39.140286752206116,38.75906542337052,11.103381915922343
122.71000036584829,39.21849041996143,38.85393857829863,10.773920822885541
122.81000036614643,38.938059296456245,38.562630491442604,10.99698212986993
122.91000036644456,39.074810022192516,38.68345423433602,10.987214564195575
123.0100003667427,39.00625641261858,38.6321027129482,10.993303446257464
123.11000036704087,38.96620404301399,38.5884420747682,11.173373857035394
123.210000367339,38.938129166175976,38.55235358254026,10.931857307978861
123.31000036763714,39.132918990666546,38.75362914956051,11.137470589907478
123.41000036793528,39.008862641339725,38.623967003686175,11.0195006151487
123.51000036823342,38.928966582167966,38.56048802637592,10.921548025245729
123.61000036853156,39.054995830013404,38.66856491963181,11.310332729231504
123.7100003688297,39.116110620554515,38.75059288268884,11.082835636000338
123.81000036912783,39.08224916403678,38.70886146952096,11.067816405944686
123.91000036942597,39.2429203332088,38.870572326354555,11.07894944329008
124.01000036972412,39.249174079405826,38.88229351615427,10.925454772127877
124.11000037002226,39.183208435783335,38.813831938974346,10.980619065767705
124.2100003703204,39.33038164754056,38.94854828032789,10.977719930488353
124.31000037061854,39.39790925334134,39.00543268785019,11.07176507451676
124.41000037091668,39.401300473305355,39.019100251366964,11.187746129761369
124.51000037121482,39.201953271795915,38.81657079615102,11.019858678148925
124.61000037151297,39.16626674458959,38.79034769108787,11.184456875907031
124.7100003718111,39.286983880326225,38.90357586482302,11.136144090393575
124.81000037210926,39.133253835794186,38.760098887615804,11.021688899591712
124.9100003724074,39.09175567608867,38.71637668799636,11.24212985593852
125.01000037270553,39.028027128200634,38.644850874432564,11.075831920129152
125.11000037300367,39.1054228747952,38.72946489039006,11.036005636075942
125.21000037330181,39.196324523864035,38.80745693837997,11.50729897540186
125.31000037359995,39.275059212018256,38.88743139520239,10.982762924574988
125.41000037389809,39.2165416779843,38.84145960098523,10.946815205128614
125.51000037419622,39.17844590501005,38.79407192668205,11.213254028554624
125.61000037449436,39.25101810682963,38.88107513465403,11.05115968369745
125.71000037479251,39.330238144188264,38.95321909102524,11.209698021974553
125.81000037509065,39.34815189296967,38.97090893920255,11.035259483230952
125.91000037538879,39.01704716171295,38.640619793854086,11.206340633758371
126.01000037568693,39.07603241081107,38.68412585732163,11.22058711560386
126.11000037598507,39.11484646178358,38.74662530032402,11.23170491883203
126.21000037628322,38.927918263061756,38.55151924348102,10.88192536516408
126.31000037658136,39.00674128121243,38.624938981322664,11.2310956249527
126.4100003768795,38.95950204975254,38.57391150086307,11.136181909945309
126.51000037717763,39.145845181656355,38.76133190115843,11.28144078677413
126.61000037747579,39.03670295702468,38.6670166647769,10.81358723561934
126.71000037777392,39.05699279822127,38.68892227789619,10.8009595637117
126.81000037807206,39.11921005543255,38.75275343242794,11.095767425132744
126.9100003783702,39.1558422329769,38.780339665655596,11.027574712629233
127.01000037866834,38.70174276517332,38.332376965903755,11.179669467678673
127.11000037896648,38.966687522506206,38.59300318297929,10.864751958735187
127.21000037926461,39.01105550604707,38.64458719787704,11.062968962078964
127.31000037956275,38.93824928551181,38.56995045095591,10.968110535189544
127.41000037986089,39.00115012693975,38.639959238540435,10.805642667314412
127.51000038015904,38.883836824277324,38.52057237159491,11.05866742678992
127.61000038045718,38.92828759564585,38.558142170352596,11.068648144002937
127.71000038075532,38.83803054761024,38.47174192681253,11.040170300397552
127.81000038105347,38.98660346011619,38.624157999753116,11.069704617487695
127.91000038135161,38.71490306944844,38.35099258406528,10.890916093458962
128.01000038164975,38.65739431988136,38.27476327893607,11.0980087672618
128.11000038194788,38.954168118772685,38.574735843882806,11.086993193359058
128.21000038224602,38.91709064132374,38.548304963860154,11.067577801663216
128.31000038254416,38.76003585863587,38.3808709387637,10.986049651214694
128.4100003828423,38.867462640044124,38.48701403983208,10.947087283426198
128.51000038314044,39.04064472888222,38.667400894759176,10.936978401296633
128.61000038343857,38.967795961379394,38.595949249027726,10.863324764537431
128.7100003837367,38.93205840397456,38.57428162717344,10.83088048120187
128.81000038403488,38.769972027928475,38.39621221748394,11.04951399633096
128.91000038433302,38.97645803582726,38.610931816582344,10.944157284141447
129.01000038463116,38.94057805236855,38.580257563445066,10.778335616010114
129.1100003849293,38.91102502804794,38.54397279409103,10.923811345162619
129.21000038522743,39.050947260775764,38.673855792026636,10.837112453115003
129.31000038552557,38.90717789643351,38.53806535227509,11.010349142686898
129.4100003858237,38.92538200031769,38.567026429707006,10.97929873344723
129.51000038612185,38.93263126836869,38.578919468534494,11.060783086457583
129.61000038641998,39.18847214917235,38.82050812467383,10.979078543738988
129.71000038671815,38.99430585572218,38.61892018311092,11.05619245018271
129.8100003870163,38.9584027123137,38.58231143310729,10.871941866614627
129.91000038731443,38.96732099322351,38.61139580273113,10.8180648519962
130.01000038761256,38.88318047555117,38.52674462622413,10.87793930345319
130.1100003879107,39.032743914920204,38.66659649885005,11.12857642928818
130.21000038820884,39.034919175052806,38.668015675384105,11.010750766940546
130.31000038850698,39.05374744065121,38.70264845205475,10.97728828837254
130.41000038880512,38.87738735543261,38.53043195602881,11.091237652589506
130.51000038910325,38.99703538740552,38.638675959171884,11.037636712034619
130.6100003894014,39.064238766547355,38.698524378064896,11.121541943260121
130.71000038969953,38.83500971016991,38.48301580831078,10.906398992145299
130.81000038999767,38.80376175352229,38.45233903183277,10.87705274103583
130.91000039029583,39.12937234973289,38.768178725520485,11.103567435408273
131.01000039059397,39.08404313731889,38.732262534142485,11.07026701905685
131.11000039089208,39.05361593507585,38.70613392367958,10.927990799423483
131.21000039119022,39.00010879302227,38.6446312362253,10.999483073447776
131.31000039148836,39.05120232545423,38.684659827538134,10.78821970705414
131.4100003917865,38.932932645630615,38.56136056755033,11.109880166662826
131.51000039208466,39.06747977911929,38.68895148854329,11.275823681566639
131.6100003923828,38.972476485291494,38.59347583840861,11.225986265068173
131.71000039268097,39.092386810900976,38.712770632564364,11.004323590885985
131.8100003929791,38.89042127205386,38.520549355746475,11.124132759134058
131.91000039327724,38.922548016584734,38.54789245630841,10.912225927506464
132.01000039357538,38.88898639997854,38.514165388707326,11.049138968862934
132.11000039387352,38.95750947975792,38.589870848105456,10.923396090293158
132.21000039417166,38.993952828244545,38.61997284074572,10.736537771157138
132.3100003944698,38.94581453542116,38.57807324561853,10.808181106628778
132.41000039476793,38.940248815173355,38.56979858720136,10.810706923989859
132.51000039506607,38.97881655757548,38.583718469476075,10.98487366652505
132.6100003953642,38.799853886840694,38.43123191469628,10.971966929780564
132.71000039566235,38.767368077641656,38.38617938897019,10.79391553331299
132.8100003959605,38.77558962344844,38.37357909017443,10.910922360081686
132.91000039625862,38.73873246051063,38.34171602965188,11.11182551262211
133.01000039655676,38.88152634853501,38.487641117807925,11.090953866662497
133.1100003968549,38.76762709493382,38.35936427982094,11.018821589862473
133.21000039715307,38.88194589092165,38.49013282249124,10.819065183652743
133.3100003974512,38.7324468136102,38.35004952090182,10.784758559111607
133.41000039774934,38.78243193100738,38.406148631836984,10.851923249737945
133.51000039804748,38.84389128029445,38.46411804017052,10.828173628528901
133.61000039834562,38.80123971121864,38.42845955160751,10.975314888362748
133.71000039864376,38.69689940661964,38.32336552985919,10.555695788651477
133.8100003989419,38.75167392086615,38.369624675905655,10.890563350832442
133.91000039924003,38.794572762679884,38.40757119247728,11.00001755063702
134.01000039953817,38.83392830498511,38.453455891174784,10.970075806090033
134.1100003998363,38.756437603860135,38.38317774780195,10.952064227373816
134.21000040013445,38.7328943511452,38.349931553819744,11.041049303458237
134.31000040043259,38.71128530016247,38.33015683280294,10.994207176836913
134.41000040073072,38.72073702136857,38.3391566074008,11.127671300788077
134.51000040102886,38.778202285130384,38.40567602419983,10.909593688000323
134.610000401327,38.69294560618895,38.322807076921336,10.778031537240292
134.71000040162514,39.00914192402356,38.637851310930536,10.689337099046412
134.8100004019233,38.7336293449762,38.34434348613982,10.967117674425857
134.91000040222144,38.735069579842154,38.35447485062348,10.97541231900806
135.0100004025196,38.98115367202947,38.599061875437634,10.681740204967056
135.11000040281775,39.14369888824201,38.76657952513662,10.700254470527963
135.21000040311588,38.964144358959025,38.579169899413834,10.853926698220967
135.31000040341402,38.72080573885405,38.33026339566009,10.919134259161693
135.41000040371216,38.87530826410099,38.46254571902105,11.24628278349458
135.5100004040103,38.821374240905755,38.42445081208754,11.031825506642654
135.61000040430844,38.70716029614644,38.31404676551075,11.111846232940094
135.71000040460657,38.81550820044597,38.41714317668866,10.818003121242397
135.8100004049047,38.74736979764524,38.35346730996069,10.742795411335655
135.91000040520285,38.71162236285311,38.323451986140945,10.850993228752625
136.010000405501,38.71229323226614,38.31835780345932,10.807076354023337
136.11000040579913,38.71932828076577,38.318904404788036,10.9366077640281
136.21000040609727,38.701885449843054,38.328866946970706,10.724477408460862
136.3100004063954,38.61799173353322,38.24288153846943,10.82931396058438
136.41000040669354,38.80469963651828,38.42450933886849,10.572724567025542
136.51000040699168,38.68595505328329,38.308764927200045,10.51947261667143
136.61000040728982,38.62242435515874,38.252060519716785,10.836043478039374
136.71000040758798,38.61086607394212,38.22258872780505,10.729624472356162
136.81000040788612,38.61361112872245,38.21818961941556,11.121526653561073
136.91000040818426,38.81450577530041,38.41440863733533,11.012191876019688
137.0100004084824,38.79098823340756,38.40633987598929,10.872990371937961
137.11000040878054,38.808718032963334,38.41016727376237,10.83076546053496
137.21000040907867,38.81389192532084,38.42933891538618,10.813205145242978
137.3100004093768,38.83878692596355,38.47084517869805,10.853092347640391
137.41000040967495,38.81570357681834,38.44225703487519,10.642603213148265
137.5100004099731,38.966847297424586,38.57355671768257,10.724726987579121
137.61000041027123,38.88457063810159,38.49881328962495,10.95140278401131
137.71000041056936,38.87094224754326,38.48281367460741,10.736146759338755
137.8100004108675,38.78482998759941,38.412760533364875,10.643004981530568
137.91000041116567,38.79463920327935,38.4009880315588,11.233067719725963
138.0100004114638,38.870658618555964,38.47649817037467,11.073500540822296
138.11000041176194,38.69387570195674,38.31264099457398,10.777023734763823
138.21000041206008,38.649087950431735,38.26551177695646,10.930653329251488
138.31000041235822,38.64969502330474,38.263201772460214,10.752456468009436
138.41000041265636,38.67307300916207,38.29216408490206,10.987973117801792
138.51000041295453,38.63111985648192,38.24534779578771,11.039939196236112
138.61000041325266,38.594065360938124,38.199211311891816,11.178378837336787
138.7100004135508,38.5109620497089,38.11997649078095,11.136416944346415
138.81000041384894,38.63964879483475,38.24907723765571,11.059703727559311
138.91000041414708,38.44149888270663,38.063989935194755,10.839867927218307
139.01000041444522,38.60300018026534,38.20436995121446,11.01129977381856
139.11000041474335,38.636137959483605,38.25065907263302,10.846481483014195
139.2100004150415,38.56373922845755,38.18401365454393,10.867671413552921
139.31000041533963,38.59767976170555,38.18680185405737,11.042383508177021
139.41000041563777,38.45655732822207,38.059130856527794,11.10176260712708
139.5100004159359,38.57181993793188,38.15826991711888,11.238181047351004
139.61000041623404,38.527900173914134,38.13435996255871,10.992507308401084
139.71000041653218,38.46037535504684,38.081948887722874,10.953296207206371
139.81000041683032,38.314022131750335,37.922536382416055,11.026299372586154
139.91000041712846,38.42967337411059,38.03692814140864,10.803871513226602
140.0100004174266,38.2854898598314,37.90810231120931,10.847739160471868
140.11000041772473,38.45526780245659,38.062278060479535,11.040194633996363
140.21000041802287,38.249050369258455,37.86302486550465,10.832633507923322
140.31000041832104,38.309128773693935,37.91011011295166,11.100851652376726
140.41000041861918,38.370090679689504,37.963642700778145,11.04611130092823
140.51000041891731,38.513366246888374,38.11846545629389,10.757815898894611
140.61000041921545,38.36683157230024,37.98178917337366,10.789742337576493
140.7100004195136,38.330950256111365,37.935312210713086,10.5767380614531
140.81000041981173,38.37148959485606,37.977931927965756,10.565091081955677
140.91000042010987,38.497692705231046,38.08402336213811,10.82832041287198
141.010000420408,38.37704467985541,37.97425442706926,10.681054514659467
141.11000042070617,38.22722043402031,37.822980952646304,10.529156638681894
141.2100004210043,38.32313975270346,37.90794586069432,11.06041726156373
141.31000042130245,38.5294328469876,38.107467415586086,10.967517294623098
141.41000042160059,38.47277164624713,38.05465952598958,10.927428602633002
141.51000042189872,38.608340858295094,38.20417566643144,10.968366830311554
141.61000042219686,38.502195768182666,38.09432526473427,10.913617961808145
141.710000422495,38.439681542077736,38.03718562585758,10.694756626395742
141.81000042279314,38.47814690383939,38.08173874826068,10.415306841557678
141.91000042309128,38.53295092486587,38.11301229591098,10.78107978747352
142.01000042338944,38.58985864503342,38.184070419132006,10.710315728112803
142.11000042368758,38.5607233557845,38.13299189083459,11.022569352046535
142.21000042398572,38.50575875160893,38.10301485004849,10.900306603530943
142.31000042428386,38.39747536875045,38.01720550331092,10.732983499048133
142.410000424582,38.511894667150834,38.11474724943756,10.807937321085397
142.51000042488013,38.56855120381449,38.193521815941786,10.402166802742585
142.61000042517827,38.56367888614639,38.161584501262226,10.560241795228027
142.7100004254764,38.52842895708467,38.11708337281135,10.797889434799124
142.81000042577455,38.56195081451615,38.17099231169453,10.578062227333463
142.91000042607268,38.59038764163536,38.18624003809093,10.754582952618414
143.01000042637082,38.56315999109186,38.13225919887323,11.067338017572826
143.11000042666896,38.44566559760019,38.01254639557929,11.061541562542914
143.2100004269671,38.39299564059357,37.956451577858026,11.018167795114305
143.31000042726524,38.40974919881457,37.97840940519022,10.86750286139888
143.41000042756338,38.56429064870613,38.155197644701154,10.827864956059035
143.5100004278615,38.49836270925045,38.076783161166574,11.021379829473634
143.61000042815965,38.53142273509977,38.10506270105309,11.158080557452259
143.7100004284578,38.56610696425777,38.12059913394655,11.241610099018137
143.81000042875596,38.44798747389986,38.01147514777306,11.137400469651718
143.9100004290541,38.475042974067485,38.05716715808215,10.976260711331573
144.01000042935223,38.43623570160917,38.04713682484139,10.617433499081688
144.11000042965037,38.66566021816897,38.24499005925526,10.796400335292484
144.21000042994854,38.471751856288414,38.0616228672451,10.6398018045437
144.31000043024667,38.46237246728885,38.05224379508679,10.704414018906437
144.4100004305448,38.27318061458886,37.86478662619466,10.825624608291836
144.51000043084295,38.52891317022331,38.13501806230514,10.68621052420591
144.6100004311411,38.39258094826809,37.99046200945851,10.759683591001103
144.71000043143923,38.403610467259234,38.007548826710114,10.845493603332198
144.81000043173736,38.52757724239593,38.13353980788117,10.730839985706023
144.9100004320355,38.297784292387554,37.88959526141907,10.810558220517978
145.01000043233364,38.24215270906486,37.853473449864,10.56549917160419
145.11000043263178,38.346276664814944,37.95940033882319,10.6437416992111
145.21000043292992,38.42477762925039,38.02275861328303,10.876401744286966
145.31000043322805,38.56027412319385,38.188551176981065,10.664773015415365
145.4100004335262,38.53233356480017,38.13079620069776,10.883195719205586
145.51000043382436,38.37350271186281,37.985658913452056,10.828096472646742
145.6100004341225,38.49197288563297,38.09952513431271,10.561541571391285
145.71000043442064,38.35865680890075,37.95720612335307,10.720269269066636
145.81000043471877,38.407866180844124,38.02084572985687,10.850876586443375
145.9100004350169,38.24693374126765,37.843028929168455,10.871497868483553
146.01000043531505,38.347718315340074,37.941855260779725,10.855200801177311
146.1100004356132,38.44993877264154,38.04620549304232,10.73085233786279
146.21000043591133,38.64171230638067,38.236928585405316,10.739365358920885
146.31000043620946,38.669760327507255,38.27935414068515,10.803864263321413
146.4100004365076,38.637001102090515,38.23483704589921,10.813048388521871
146.51000043680574,38.48006503081509,38.07752193032705,10.745445042890324
146.61000043710388,38.58308022358977,38.1840774729263,10.675879929882374
146.71000043740202,38.4925572515687,38.099944484044,10.786613731382566
146.81000043770015,38.48674579206697,38.096341676351976,10.711038254586986
146.9100004379983,38.541745732759985,38.1713563287319,10.867930800477122
147.01000043829643,38.6760005241095,38.275469121043805,10.835572146042509
147.11000043859457,38.608682434244855,38.21316628648767,10.728274029658166
147.2100004388927,38.62438289110726,38.23025720329033,10.668141680584236
147.3100004391909,38.66143574637629,38.27039899158635,10.72455478123217
147.41000043948904,38.765623040291224,38.37394298555242,10.46875218402652
147.51000043978718,38.793521682733925,38.403138422537744,10.66426506372389
147.61000044008532,38.79897043488676,38.412159283737026,10.794960662797795
147.71000044038345,38.71687016931426,38.317353231676265,10.462487234840816
147.8100004406816,38.65946492403167,38.25621252824611,11.036001459581943
147.91000044097973,38.59692833924966,38.17873823368166,10.980864680290283
148.01000044127787,38.63855640315504,38.24552558073006,10.725182610374937
148.110000441576,38.71794842480606,38.31557991480787,10.612873659025352
148.21000044187414,38.69485820511736,38.308485388134955,10.619534577790654
148.31000044217228,38.789937892870185,38.38544258025876,10.870461951007487
148.41000044247042,38.66100186167877,38.25189126091406,11.109556114437977
148.51000044276856,38.57614817175318,38.173442275087965,10.634086189734342
148.6100004430667,38.566998370715964,38.16378401778417,10.682955748751578
148.71000044336483,38.74445802564944,38.342647775207375,10.882823036794564
148.81000044366297,38.66850426242011,38.24077917925028,11.21629850413042
148.9100004439611,38.74969839485804,38.3364700559558,10.944317061728267
149.01000044425925,38.826062786125775,38.40752451914565,11.220415457575783
149.11000044455741,38.640797984399306,38.22643318626209,11.038242801459846
149.21000044485555,38.811645264676805,38.391915656429674,10.605049049656717
149.3100004451537,38.81167505152584,38.404748348733065,10.678519211391347
149.41000044545183,38.81806607342684,38.41986975691259,10.702795806261513
149.51000044574997,38.868818770140656,38.44679970575179,10.631981568460125
149.6100004460481,38.83116592133532,38.407004309445284,10.462786926530853
149.71000044634624,38.638898635366125,38.21757179437917,10.724731170994517
149.81000044664438,38.50751466760267,38.097412263072925,10.752080872165463
149.91000044694252,38.73234307918473,38.34109141675195,10.3150559138653
150.01000044724066,38.96204450762399,38.533705573605864,10.621801048820942
150.1100004475388,38.85433238164519,38.4327066911789,10.99286310913033
150.21000044783693,38.72792213946349,38.30455298067682,10.86836915898707
150.31000044813507,38.748730320882046,38.33130101688557,10.980135699479955
150.41000044843324,38.68660260161336,38.30367979528795,10.611514111987075
150.51000044873138,38.70813318950958,38.30546980749056,10.830035592151953
150.6100004490295,38.687131718930274,38.2870719067927,10.694155197175574
150.71000044932765,38.79200995027718,38.39476246059914,10.805347181951404
150.81000044962582,38.743805921373955,38.35841191617867,10.667547772421882
150.91000044992396,38.85623557124971,38.45185210697545,10.78426283578543
151.0100004502221,38.808465464830235,38.40603050646851,10.82978632236605
151.11000045052023,38.990292373264275,38.603423217704695,10.741499820337266
151.21000045081837,38.91080343547927,38.53948610515328,10.451679588554635
151.3100004511165,38.91641186117248,38.54118603656366,10.673563394959288
151.41000045141465,38.867490158080436,38.46683902763146,10.770207049433424
151.51000045171278,38.744355610874784,38.34472565941923,10.825705775661591
151.61000045201092,38.99932389838622,38.59111107096876,10.494575814558498
151.71000045230906,39.010243155515944,38.63846274943477,10.377150066380917
151.8100004526072,39.01816239344066,38.61965777868417,10.524171535095771
151.91000045290534,38.96619615764953,38.56508692918204,10.705269073240443
152.01000045320347,38.92096883987005,38.52272157512883,10.419413106628097
152.1100004535016,38.91973181862304,38.51112493032887,10.579071090620735
152.21000045379975,39.00028010588355,38.58296762149627,10.704448162297137
152.3100004540979,38.699429969650986,38.289278204531236,10.717220088767622
152.41000045439603,38.59231936226358,38.18439813246542,10.833495278659466
152.51000045469416,38.79737414731978,38.372077198198355,10.92623548474163
152.61000045499233,38.6345139240566,38.1951113855465,10.742106971842116
152.71000045529047,38.58791755068321,38.169490462748286,10.464169738964154
152.8100004555886,38.94489409750034,38.538416970873335,10.529161045688113
152.91000045588675,38.79936746492493,38.39891241940162,10.478025230576055
153.01000045618488,38.58318841202637,38.18014458468667,10.750665701690583
153.11000045648302,38.45907827573045,38.038084785580054,10.834105462197387
153.21000045678116,38.68951140138848,38.27177219789216,10.750126210207243
153.3100004570793,38.716686379833966,38.29589000199031,10.803875573845032
153.41000045737744,38.6234187053027,38.197320675806495,10.816342428556895
153.51000045767557,38.29678135926291,37.88840138535912,10.62307209336845
153.61000045797374,38.253085887776884,37.84991855043622,10.59457908403546
153.71000045827188,38.3932541853062,37.980428433020215,10.860154003072745
153.81000045857002,38.22181736879628,37.79233377279232,11.02760911147288
153.91000045886815,38.3712195354998,37.93394435928297,10.980933249842478
154.0100004591663,38.39513574944293,37.964119905973526,11.088673994726538
154.11000045946443,38.528531828947095,38.088137455187834,11.133951381925929
154.21000045976257,38.33764775701497,37.9257603694309,10.893455090928148
154.31000046006073,38.39807488063426,37.99055875778486,10.83420979911543
154.41000046035887,38.561761796550726,38.13364097315687,10.851092555050046
154.510000460657,38.82393867301674,38.40194725863947,11.0570726113236
154.61000046095515,38.97580401840992,38.54606122674744,10.696797093661036
154.7100004612533,38.80154419067896,38.38272176961433,10.843300564873736
154.81000046155143,39.04777623255195,38.6145086306806,10.913462072887953
154.91000046184956,38.60856059948568,38.1938759682269,10.764708414212576
155.0100004621477,38.69524665596606,38.27652392897911,10.673469211589163
155.11000046244584,38.74135744847205,38.32747278464266,10.500015365222785
155.21000046274398,38.68694270414188,38.270143941172385,10.825360172095763
155.31000046304212,38.90977939021199,38.490396563403394,10.629795190248533
155.41000046334025,38.798879674596634,38.384576091530455,10.695978000955094
155.5100004636384,38.680406325626,38.26882039206192,10.659093642595566
155.61000046393653,38.70617472445775,38.296425082993366,10.558689135908923
155.71000046423467,38.727686973242854,38.30488872907768,10.88589437499259
155.8100004645328,38.79656787565604,38.38412017920956,10.913090402583592
155.91000046483094,38.785840938985565,38.37714570487669,10.577266760450371
156.01000046512908,38.33603903929898,37.94547003010429,10.534375436011542
156.11000046542725,38.51072487611849,38.12176388163475,10.789285728834416
156.2100004657254,38.37272757031581,37.97009817329559,10.837535469345184
156.31000046602352,38.23234843440562,37.854528437288,10.680355696132406
156.41000046632166,38.356487639243916,37.9700839192345,10.701990686397364
156.5100004666198,38.28635567406055,37.916079298605325,10.73588783768253
156.61000046691794,38.212838564455275,37.80684027230185,10.973341256297356
156.7100004672161,38.17068156162022,37.77299405416168,10.697212731431636
156.81000046751424,38.17523745091149,37.785948526747156,10.948138476343102
156.91000046781238,38.199897114473366,37.80569272077679,10.78401308737235
157.01000046811052,38.23739633211132,37.84838859931483,10.87198930677033
157.11000046840866,38.32419565153078,37.92508477518144,11.050141473861567
157.2100004687068,38.20194200288792,37.81383096894088,10.822328473792407
157.31000046900493,38.363066041954255,37.97051221078913,10.77685035959276
157.41000046930307,38.436504754782064,38.06146544769002,10.65814263860704
157.5100004696012,38.497457139444926,38.13284222041902,10.591515143027936
157.61000046989935,38.51622960307856,38.143358641991526,10.630540926978302
157.71000047019749,38.433197601066084,38.061139772078455,10.74806921155979
157.81000047049562,38.30127926835509,37.9172926417282,11.026763966274379
157.9100004707938,38.35052743409969,37.972809312181234,10.854007543693848
158.01000047109193,38.39499871381387,38.03833749168313,10.77285118238163
158.11000047139007,38.49968442020865,38.13543229635024,10.415669566122249
158.2100004716882,38.63598601056827,38.25514211731464,10.558893545038522
158.31000047198634,38.40174834351609,38.02996313894014,10.7772549954248
158.41000047228448,38.444895420971434,38.04144352969304,10.81593692966996
158.51000047258262,38.205083414611984,37.80515920884276,10.521605236919656
158.61000047288076,38.23203968208859,37.82955871789192,10.4552128118498
158.7100004731789,38.046267588360635,37.65534432614459,10.624560972735434
158.81000047347703,38.19524922907973,37.78876713168046,10.770560988474184
158.91000047377517,38.25643808965688,37.8422889627992,10.92238969256306
159.0100004740733,38.37555654286263,37.97409584092334,10.721852377174656
159.11000047437145,38.410346009763636,38.01673762081954,10.651031642491358
159.21000047466958,38.257169480414355,37.874501561866026,10.86834942016065
159.31000047496772,38.37405997449625,37.98841994339685,10.534159302159553
159.41000047526586,38.40799611091591,38.014300100706016,10.764977912268437
159.510000475564,38.44235083100087,38.059868762499555,10.348037002658105
159.61000047586214,38.503081893739775,38.12715715952925,10.607362442229288
159.7100004761603,38.53646041182732,38.14914339140463,10.60009973102901
159.81000047645847,38.432324102142715,38.04355720477364,10.823047573690019
159.9100004767566,38.404006723921164,38.01671427489891,10.811614899074605
160.01000047705475,38.518028544146865,38.12491752841084,10.593612184208725
160.11000047735288,38.40562799187983,38.00468094665226,10.454663835417698
160.21000047765102,38.52462873405877,38.12229840849211,10.80399832893356
160.31000047794916,38.40079605239642,37.99421339275217,10.829897461645826
160.4100004782473,38.53893855445758,38.16275659005466,10.608442812828889
160.51000047854544,38.50029667966994,38.10940652962334,11.00272524257962
160.61000047884357,38.47520557258584,38.085778729385034,10.840060189735835
160.7100004791417,38.29288752916431,37.89201281907083,11.100738976336672
160.81000047943985,38.32845076110202,37.95732639597784,10.873822825671452
160.910000479738,38.19896321190875,37.809984992776755,10.986294204402816
161.01000048003613,38.236977638176334,37.84723844390376,11.032335672333769
161.11000048033426,38.263961373802,37.86812921422706,11.053261146842642
161.2100004806324,38.2310823666495,37.84133918932059,10.941826777902175
161.31000048093054,38.25888592279295,37.85384347855384,11.113717514147801
161.4100004812287,38.22581365881546,37.83727087921785,10.96921407101655
161.51000048152684,38.13447747411283,37.74171935902458,11.09024566101187
161.61000048182498,38.37965324719036,37.993721375721336,11.070411327603873
161.71000048212312,38.20052180245554,37.79269079809054,11.278248184231321
161.81000048242126,38.34260531875055,37.931255397319546,10.965248552861453
161.9100004827194,38.165441385895825,37.765969429753675,11.107599290101184
162.01000048301754,38.29139084796417,37.88644537718605,11.145666268992038
162.11000048331567,38.35983387740707,37.939043543594096,11.367732192072024
162.2100004836138,38.25970828123273,37.84709096819632,11.174680668935089
162.31000048391195,38.377051575325275,37.956370006340414,11.281905733638837
162.4100004842101,38.33435118269482,37.93511899396145,11.172038057460927
162.51000048450823,38.25861963378905,37.843569623005024,11.408877478125543
162.61000048480636,38.355583295718596,37.94634291393544,11.499911737827738
162.7100004851045,38.222187871662875,37.81146636655217,11.669589807052876
162.81000048540264,38.23294670494242,37.818834568228205,11.565302323777846
162.9100004857008,38.30129643856161,37.90533440566128,11.7009110764307
163.01000048599894,38.3048662200551,37.922526385360584,10.780265860625082
163.1100004862971,38.45104927112376,38.06825150288975,10.716013298845713
163.21000048659525,38.35259932424643,37.940537735381334,11.18101830629649
163.3100004868934,38.511757992611734,38.113480761034296,11.166164886481374
163.41000048719152,38.54844262007587,38.14430188098391,10.94203479848351
163.51000048748966,38.59161310036785,38.204339487614796,11.297071007879577
163.6100004877878,38.447780652395714,38.06261231994038,10.950532260104982
163.71000048808594,38.433327680174216,38.038356014212376,11.103362315554818
163.81000048838408,38.52108789851365,38.12162158680057,10.883400059859989
163.91000048868221,38.45473314543921,38.054976528041934,10.748733488555564
164.01000048898035,38.59238338301539,38.174854555237914,10.983924419492025
164.1100004892785,38.41728163746541,38.01751545578019,10.880694828756624
164.21000048957663,38.53953409895399,38.13204902598872,10.962558440501983
164.31000048987477,38.57242633435541,38.173412428808135,10.695018578839507
164.4100004901729,38.57241157463639,38.18450966941579,10.792427595613983
164.51000049047104,38.722349214086734,38.3277269697012,10.56632734973633
164.61000049076918,38.48810239935637,38.10360686526351,10.672692045787905
164.71000049106732,38.42180081430849,38.03196185123196,10.869474984598261
164.81000049136546,38.39793504535707,38.01393594078656,10.811908563678415
164.91000049166362,38.62691049946427,38.24905286469868,10.537889824807257
165.01000049196176,38.46282080901524,38.08777578245289,10.521998819965102
165.1100004922599,38.40575915740284,38.045587493966586,10.675440634978871
165.21000049255804,38.4297120978904,38.05526035760468,10.749581380116519
165.31000049285618,38.58329109509792,38.209743414142196,10.789018474367303
165.4100004931543,38.678975523962,38.31315675735969,10.660170939892256
165.51000049345245,38.535834973195755,38.150192111736054,10.952236876443823
165.6100004937506,38.4515956149277,38.081215619101755,10.531277033850937
165.71000049404873,38.42898131436709,38.04996810220939,10.937839386985246
165.81000049434687,38.42512489991828,38.04809946965601,10.943267335863146
165.910000494645,38.34899978118457,37.97426179726525,10.659562925262753
166.01000049494314,38.25700357156437,37.90791136771274,10.5780030288024
166.1100004952413,38.28291303023986,37.91811441379516,10.913986562666825
166.21000049553945,38.39728782091793,38.02240323975454,10.814547387868009
166.31000049583758,38.489790438745885,38.117271797113496,10.917257840574115
166.41000049613572,38.26271080509107,37.91098338445934,10.570021656764325
166.51000049643386,38.25703216022507,37.89798456840348,10.806176536132366
166.610000496732,38.257774697774636,37.8884372470352,10.785399782290888
166.71000049703017,38.23279320876121,37.868663332163386,10.743683535744488
166.8100004973283,38.1963032896685,37.83147203391146,10.9052451546846
166.91000049762644,38.24173603489748,37.87666834143254,10.93240509681513
167.01000049792458,38.38472157494615,38.0169095754587,10.96417034911889
167.11000049822272,38.479306479811136,38.131878601287845,10.665365986872596
167.21000049852086,38.420763979446576,38.04903990563824,10.969925713307065
167.310000498819,38.42151293099285,38.06347534390917,10.912492349468964
167.41000049911713,38.416781517544024,38.06439778187024,10.786322311208796
167.51000049941527,38.507396768165805,38.14243932217262,10.68391347956163
167.6100004997134,38.42577359176958,38.05781344688308,11.063533622970931
167.71000050001155,38.469080121327195,38.10190635861098,10.911156638456234
167.81000050030968,38.45968159032643,38.08487472285626,11.094711925785974
167.91000050060782,38.508572655825304,38.14315830737326,10.899708770784681
168.01000050090596,38.380415080104505,37.9984026640908,10.879490439229428
168.1100005012041,38.31323430055885,37.94350591561884,10.90451684625025
168.21000050150224,38.320366305486125,37.93420719226805,10.923101429861322
168.31000050180037,38.467986517323865,38.09179224187121,10.866423893957814
168.4100005020985,38.55195370557698,38.18107990093707,10.611989404118352
168.51000050239668,38.47413171710343,38.10636399276872,10.71107737704765
168.61000050269482,38.512322381019366,38.132226606226915,11.122653392957906
168.71000050299295,38.597709756612105,38.218369265510525,11.068402998451816
168.8100005032911,38.47907751292428,38.115014056638174,10.984854273891782
168.91000050358923,38.33216044728235,37.957520500588345,11.033101055743787
169.01000050388737,38.395290765977954,38.01085417243083,11.118787774228705
169.1100005041855,38.457936111916815,38.082961901039546,11.100498988362617
169.21000050448367,38.43148081054454,38.06980711928395,11.190185870602724
169.3100005047818,38.40332648743975,38.04681350948344,10.98553040669917
169.41000050507995,38.28755754344146,37.92267361598199,10.963920386083965
169.5100005053781,38.262305624147515,37.90120684136654,10.668379368542055
169.61000050567623,38.34507333147303,37.96942833411321,11.070439380570614
169.71000050597436,38.3214523508295,37.94896201173844,10.893245804847597
169.8100005062725,38.3958312629872,38.0113133579529,10.900201972800648
169.91000050657064,38.415796278455176,38.042064869421694,11.134923417699714
170.01000050686878,38.28032270047875,37.90468239282819,11.146252662973838
170.11000050716692,38.24471956770942,37.85662863408063,11.008851327417126
170.21000050746508,38.2203913938992,37.833334666775215,11.020828683440413
170.31000050776322,38.281270376645466,37.905614290091464,10.877866256608659
170.41000050806136,38.10430567460622,37.7363244243318,10.655661398767295
170.5100005083595,38.288057372460706,37.9073252120584,10.802730302469325
170.61000050865763,38.33035486599481,37.959497835307,10.646763361720055
170.71000050895577,38.28207113521878,37.915461655608965,10.615606176464446
170.8100005092539,38.14493452250471,37.76012662587853,10.95223029686045
170.91000050955205,38.28340457774517,37.904197670288625,10.798834157115989
171.0100005098502,38.262422815171156,37.876520014178176,11.099826651371945
171.11000051014832,38.405452464824684,38.026748761762086,10.818368493137976
171.21000051044646,38.552068716111236,38.1944771340946,10.628031773915168
171.3100005107446,38.43662294854772,38.06556146521299,10.849936615056777
171.41000051104274,38.48225609208313,38.10921817977564,10.858194048045593
171.51000051134088,38.429150968603906,38.0729841624192,10.711914218509689
171.61000051163902,38.37574598055368,38.02333549098053,10.722242671977567
171.71000051193715,38.59157014294384,38.232556370095885,10.761458637158817
171.8100005122353,38.79059208531678,38.43859124853408,10.639183216485982
171.91000051253343,38.65346322261057,38.30940301855862,10.575868884189523
172.0100005128316,38.69592950018072,38.32647622843809,10.598116080833233
172.11000051312973,38.64928745214556,38.30300487274948,10.568796456503653
172.21000051342787,38.67723300557794,38.30089859510347,10.864835426349021
172.31000051372604,38.77541045373733,38.40367456068229,10.763353889119344
172.41000051402418,38.809664169494596,38.43789463874275,10.63339442824199
172.51000051432231,38.77292850658181,38.413134055548,10.463564849483976
172.61000051462045,38.651875806990034,38.295648124231846,10.67232990481767
172.7100005149186,38.64506545125255,38.29980495943605,10.374992246364284
172.81000051521673,38.49112610149579,38.13854593491088,10.600870824635175
172.91000051551487,38.54321695882124,38.19674432721126,10.495341846176869
173.010000515813,38.62183798407458,38.25136961596203,10.877536468530625
173.11000051611114,38.707825072376814,38.33970642897865,10.708862950017128
173.21000051640928,38.83607431714427,38.48997947070577,10.405871808468097
173.31000051670742,38.75461305300895,38.40145760928683,11.034954120670163
173.41000051700556,38.593941429556,38.24703137930286,10.736068318420408
173.5100005173037,38.788506139098025,38.44005686567582,10.48518420839313
173.61000051760183,38.69219010425713,38.34065550020845,10.704989144290096
173.7100005179,38.72369326860927,38.3895413199607,10.629458234929228
173.81000051819814,38.801778169212604,38.45982373019923,10.513867834003092
173.91000051849628,38.64856640595818,38.30932274201667,10.659087379021267
174.0100005187944,38.66740796571036,38.33498274081756,10.527508733187794
174.11000051909255,38.58323045672974,38.22361026622627,10.85093008794626
174.2100005193907,38.72992530573679,38.363949819587305,10.70874726108483
174.31000051968883,38.69679728091684,38.33982424914198,10.807812320316806
174.41000051998697,38.65507661358816,38.30281667842842,10.531482732176768
174.5100005202851,38.75635281274702,38.40506970011102,10.615992859414266
174.61000052058324,38.671114365743804,38.32456843947939,10.475561997004654
174.71000052088138,38.73009743058193,38.37424270566556,10.657074325359984
174.81000052117952,38.81131546872674,38.46032725702241,10.599022218096687
174.91000052147766,38.813803897412434,38.44116717703191,10.65439603479569
175.0100005217758,38.50711970883298,38.15446066255374,10.433190931421684
175.11000052207393,38.48167688660508,38.12044039613069,10.610592467324542
175.21000052237207,38.557173171098604,38.19693829603874,10.487493571605341
175.3100005226702,38.64488467111218,38.29102844307412,10.680505637466135
175.41000052296837,38.8408128981015,38.479217212076335,10.7909343877263
175.51000052326654,38.69633082096911,38.363220002164795,10.553861205185186
175.61000052356468,38.61714405796933,38.26622288460018,10.799300573393255
175.71000052386282,38.608727882510465,38.251900335664544,10.574907759956927
175.81000052416096,38.743772170771905,38.39714846096513,10.548655848475164
175.9100005244591,38.68667451498058,38.32579284025319,10.565608345294077
176.01000052475723,38.61839149916359,38.26703416850649,10.727273871543952
176.11000052505537,38.610909481765546,38.25329023885113,10.508711568144152
176.2100005253535,38.70158807237363,38.346093505428165,10.554004194025941
176.31000052565165,38.70835124314793,38.352718335129204,10.899629622847252
176.41000052594978,38.7904205226308,38.42310241072382,10.799579178148718
176.51000052624792,38.643232332998714,38.275113644787524,10.710101538944617
176.61000052654606,38.724306021990664,38.354268636479226,10.640867829511755
176.7100005268442,38.721932743913456,38.367453940045436,10.84783018313324
176.81000052714234,38.53334361899555,38.17978852403093,10.64566815896907
176.91000052744047,38.42737316606841,38.07459218191782,10.644697292136497
177.0100005277386,38.63925418401968,38.26922370644551,10.79626889728762
177.11000052803675,38.595788878053455,38.23400106682483,10.601993641216984
177.2100005283349,38.66566683438948,38.312072840689964,10.718410107216746
177.31000052863305,38.65730894819983,38.30734348347666,10.637595780448079
177.4100005289312,38.66846728448844,38.31476391409568,10.716882084689777
177.51000052922933,38.510654330546934,38.151951078266926,10.622999657237886
177.61000052952747,38.60384773825291,38.22960356373592,10.547987898628888
177.7100005298256,38.81902167394396,38.43140312581823,10.729432326768112
177.81000053012374,38.72411439296787,38.34361321317237,10.535635862130333
177.91000053042188,38.77727354650915,38.410561914194204,10.67826919252044
178.01000053072002,38.89950976097972,38.53072370454783,10.686904663865358
178.11000053101816,38.65552098144031,38.30434860399008,10.454611517296986
178.2100005313163,38.83191064150272,38.471020513589615,10.609640232976364
178.31000053161443,38.96534880187689,38.61337878884072,10.485755963600507
178.41000053191257,38.886218356712554,38.5424690235272,10.21407293188045
178.5100005322107,39.014562397659596,38.66858460107513,10.438585755300524
178.61000053250888,39.02684033748302,38.66543142144712,10.46354473137168
178.71000053280702,38.76772701106749,38.41051255263914,10.542892008119173
178.81000053310515,38.705478929474154,38.347855478656406,10.351344120330605
178.9100005334033,38.85347775917003,38.51967144278348,10.522147630138614
179.01000053370146,38.74731237646518,38.40397721905822,10.454118501385933
179.1100005339996,38.881585514400285,38.523600328371316,10.916040316762588
179.21000053429773,38.88320151196027,38.54573062091615,10.474207219289367
179.31000053459587,39.040759649445945,38.68895316615136,10.933590615120524
179.410000534894,38.89793919520858,38.54496219625779,10.962523213452505
179.51000053519215,38.611786458202545,38.26076013018876,10.625217784465725
179.6100005354903,38.733571094447434,38.39239047065724,10.747364931454785
179.71000053578842,38.81132262148725,38.46814808421051,10.488929617213628
179.81000053608656,38.73156836245762,38.396266023575016,10.532906549462911
179.9100005363847,38.651219648829894,38.31787249692529,10.444522132168082
180.01000053668284,38.652797144148636,38.309186745933175,10.759278982567483
180.11000053698098,38.881216567754805,38.51471757439405,10.840004341482679
180.21000053727911,38.82759851625572,38.451445733486196,10.884613355530506
180.31000053757725,38.75337198087384,38.377265294119375,10.834084743622482
180.4100005378754,38.66606599110832,38.28355064400272,10.790533069461365
180.51000053817353,38.60306167414525,38.24874881829854,10.548752734894997
180.61000053847167,38.51391987018185,38.147956244999754,10.809524882165299
180.7100005387698,38.429379113062325,38.07933611179829,10.907992228841668
180.81000053906797,38.28407254299725,37.92520778926057,11.108487294886073
180.9100005393661,38.41119714163031,38.049559818370355,10.701037298941097
181.01000053966425,38.559914338110076,38.205538846108816,10.854029382258691
181.11000053996239,38.6256267015494,38.26864107599423,10.942352255401676
181.21000054026052,38.70417232830433,38.35729846718665,10.826608944248488
181.31000054055866,38.601242329227134,38.25436424790335,10.901472893780209
181.4100005408568,38.53621259907697,38.191403639078096,10.925696591193724
181.51000054115494,38.61905179865398,38.25561756841185,11.158097970561093
181.61000054145308,38.52801307415573,38.16148179544165,11.287849828055721
181.71000054175124,38.54837542858235,38.197209450825675,10.897327798964264
181.81000054204938,38.54261742393123,38.16793025374861,11.23340272956073
181.91000054234752,38.591137986633164,38.23204090331734,10.848342906413038
182.01000054264566,38.488003035136934,38.12239708662611,11.158215316176273
182.1100005429438,38.624309872262266,38.27164408075,10.931730554426052
182.21000054324193,38.49912963762599,38.13548738756571,10.96307020710836
182.31000054354007,38.44820504630232,38.09152267634316,10.930056516347642
182.4100005438382,38.51221586333429,38.147598361638266,11.1110160493733
182.51000054413637,38.53056632871941,38.181713041168415,10.647484744698884
182.6100005444345,38.50167979336774,38.16280494699794,10.604678272402936
182.71000054473265,38.420201507110136,38.08583288540438,10.689155054226351
182.8100005450308,38.649474161329515,38.31253736832727,10.730531722927882
182.91000054532893,38.6730048753345,38.33452125008609,10.626897826140896
183.01000054562707,38.789333253134934,38.424143366019,10.801952673883898
183.1100005459252,38.823348781296914,38.46534450589881,10.839746015278543
183.21000054622334,38.59773379384065,38.234488522173706,10.862237466066636
183.31000054652148,38.57502986206925,38.21648915791236,10.587139504516072
183.41000054681962,38.64505549946476,38.289109452303364,10.626161448556594
183.51000054711776,38.59275218548801,38.24336648986915,10.813864371662213
183.6100005474159,38.66357778053857,38.32534261427283,10.474537020035545
183.71000054771403,38.68812110380633,38.33864334990199,10.586916036792793
183.81000054801217,38.563487540671744,38.22240671332129,10.491669133298672
183.9100005483103,38.56346587244343,38.21522772618226,10.529091618800646
184.01000054860845,38.6853555023573,38.31486714331952,10.970854803119174
184.11000054890658,38.62834245648022,38.282499202173895,10.572585555564412
184.21000054920472,38.719744412391584,38.36760872004399,10.729515916983077
184.3100005495029,38.72345237071584,38.377057668998106,10.327545081790756
184.41000054980103,38.914209225883695,38.54558509703566,10.564986232470426
184.51000055009916,38.727290123862595,38.380693806734016,10.439128521130016
184.6100005503973,38.66118113178425,38.31131387194163,10.805744371402072
184.71000055069544,38.869123286678594,38.523336266305186,10.510001649087597
184.8100005509936,38.896706179237256,38.53853116537313,10.500508365792431
184.91000055129174,38.73699054632644,38.38552328366866,10.433126569822123
185.01000055158988,38.73180676385527,38.35936424687644,10.882905607523105
185.11000055188802,38.793898979779726,38.40580495069988,10.521808395478544
185.21000055218616,38.56443540616791,38.189743983088874,11.04745395425616
185.3100005524843,38.53408754850588,38.16436867941352,10.654889728735538
185.41000055278244,38.63149498496736,38.261628816432754,10.623144147318486
185.51000055308057,38.71299629433527,38.354577722534515,10.725774840614038
185.6100005533787,38.52475734179857,38.16038467331631,10.87679209308731
185.71000055367685,38.558731536591644,38.19293871565663,10.823084101534151
185.810000553975,38.689633314222,38.32143229178101,10.729882379844444
185.91000055427313,38.79134958446213,38.41393624934369,10.84309001153308
186.01000055457126,38.75592809524217,38.39049523018655,10.700319773816425
186.11000055486943,38.81719967332279,38.45327543411536,10.590608813520928
186.21000055516757,38.79462215079284,38.42874553814799,10.660005035706122
186.3100005554657,38.87005908449749,38.50421405048575,11.021945915277227
186.41000055576384,38.77120564407395,38.410875751056665,10.545527375842868
186.51000055606198,38.95688857032443,38.606063631998545,10.479216269855472
186.61000055636012,39.072637035936395,38.711085368663724,10.560122483577937
186.71000055665826,38.77129080689812,38.40723087988837,10.54403574127653
186.8100005569564,38.83475734264156,38.48034305247007,10.527401968184268
186.91000055725453,38.98566612456585,38.61987670295029,10.691888692749648
187.01000055755267,39.04674609130799,38.6735130523347,11.033901808280962
187.1100005578508,38.79708331797751,38.43552246756527,10.705454147429803
187.21000055814895,38.66301309517467,38.30544105857464,10.649596681952822
187.3100005584471,38.71790600287435,38.37826581412521,10.406378273425712
187.41000055874522,38.86091787288921,38.50608898486788,10.64241550723734
187.51000055904336,38.89899214850348,38.54649914964365,10.549758198922405
187.6100005593415,38.75196186523506,38.40153656757536,10.59505052347073
187.71000055963964,38.82164907624479,38.45939918951753,10.685916323864738
187.8100005599378,38.769107561303336,38.41459374250542,10.60047445208753
187.91000056023594,38.73351702535508,38.37039552224865,10.465163808269637
188.0100005605341,38.68129726771993,38.31752692525266,10.65948895490418
188.11000056083225,38.737903353528424,38.3787606186426,10.532553709035493
188.21000056113039,38.88795044467407,38.53493014726759,10.42312759767759
188.31000056142852,38.988872807718415,38.61885490858517,10.698500151969498
188.41000056172666,38.76053384005057,38.39039654524664,10.789273592688879
188.5100005620248,38.81816012990524,38.46036802744782,10.625255337821764
188.61000056232294,38.836067774370896,38.48965108490555,10.541839151591454
188.71000056262108,38.957468930028185,38.60282637428083,10.59929412163807
188.8100005629192,39.044870567357286,38.68974142071909,10.368259432460015
188.91000056321735,38.87413338387358,38.53318641222416,10.325487538948616
189.0100005635155,38.9059066235823,38.55323131781065,10.536941710213124
189.11000056381363,38.93281003743476,38.57170994382192,10.628513957316548
189.21000056411177,39.0718884060695,38.70460371548433,10.703564335004863
189.3100005644099,38.86070571141725,38.51863574882892,10.352994643925888
189.41000056470804,38.76198187636161,38.41476660503701,10.674467811615543
189.51000056500618,38.8533450494946,38.49528651680656,10.62209060635484
189.61000056530435,38.785557097451914,38.42668731065537,10.854456821726679
189.71000056560248,38.78282031509214,38.4197657359512,10.757178831300408
189.81000056590062,38.79508171680048,38.43188971628139,10.881920439609557
189.91000056619876,38.732659921364764,38.377012268310956,10.544471125015924
190.0100005664969,38.85068844035278,38.48169499409866,10.691238969276023
190.11000056679504,38.77877955137218,38.41508763520705,10.61267043831923
190.21000056709318,38.87148356608504,38.51710708436037,10.631744019029187
190.3100005673913,38.77294570239875,38.4282678953016,10.521319333295073
190.41000056768945,38.634757963163736,38.287959613571736,10.572478670110161
190.5100005679876,38.60258562931752,38.23304709417632,10.721836699887575
190.61000056828573,38.79860179568013,38.41153241477874,10.558212426310016
190.71000056858387,38.70111178109787,38.31876091292248,10.862662409828353
190.810000568882,38.637815172442636,38.270897266969286,10.437497782307702
190.91000056918014,38.56948179582416,38.210126885306515,10.390995910125032
191.01000056947828,38.451151590982455,38.0926727657524,10.42519633347553
191.11000056977645,38.64274620826177,38.29987567407008,10.458859876042307
191.21000057007458,38.65901205828553,38.30849484560524,10.449656478543508
191.31000057037275,38.623773620190356,38.26290376503666,10.536600888002116
191.4100005706709,38.623453144416295,38.28019280812267,10.520764276000788
191.51000057096903,38.66321890514356,38.30185855168578,10.694639560024921
191.61000057126716,38.787722413775725,38.42548993529308,10.7108420266084
191.7100005715653,38.68465735522444,38.33868800367036,10.465340626730978
191.81000057186344,38.846645745537906,38.50083553925268,10.459586074979452
191.91000057216158,38.69192005635183,38.34058195240474,10.63016833610367
192.01000057245972,38.67789910885805,38.322987150218324,10.666452438780757
192.11000057275785,38.6832215020643,38.3377708230427,10.579474255687494
192.210000573056,38.759943058348966,38.39574634169797,10.760408493369598
192.31000057335413,38.753095994752044,38.39963348413094,10.60662000494556
192.41000057365227,38.68414159893714,38.331523522401945,10.590832593733413
192.5100005739504,38.6549467600521,38.309759712363096,10.319196518840968
192.61000057424855,38.59226125900472,38.26083461073569,10.426737056816297
192.71000057454668,38.63039840228545,38.29021028835369,10.506788698703577
192.81000057484482,38.57093438780761,38.22272459292001,10.601621852385193
192.91000057514296,38.7000612538099,38.346886279801396,10.598379776398355
193.0100005754411,38.547156108162206,38.19821857144321,10.62314098703522
193.11000057573926,38.50950324269437,38.159998299217364,10.723844059497504
193.2100005760374,38.73235540269791,38.38600123162403,10.681659701980413
193.31000057633554,38.68477783835387,38.34480267710744,10.742549618153882
193.41000057663368,38.724392508629705,38.39337980043675,10.486423697857735
193.51000057693182,38.94203513582347,38.58694592130342,10.868278914798735
193.61000057722995,38.67801662465908,38.33632043252991,10.714522502116282
193.7100005775281,38.57863854769349,38.23252886971196,10.798608730210125
193.81000057782623,38.69411615774022,38.3491078258233,10.675172222048975
193.91000057812437,38.817837999704714,38.47617899035346,10.708730711335543
194.0100005784225,38.78731116854926,38.44702262197083,10.548622757624285
194.11000057872064,38.63867381373523,38.28365497219326,10.674346164508739
194.2100005790188,38.77365077355711,38.43251411487373,10.630721602155942
194.31000057931695,38.74918105709001,38.38870472822119,10.83417515075521
194.4100005796151,38.578735219255144,38.228184586726755,10.646540244167783
194.51000057991322,38.60062375834436,38.254286439941936,10.644286444191005
194.61000058021136,38.49610955166822,38.16133834547716,10.560655970222777
194.7100005805095,38.62235510572089,38.2832937251865,10.722491726648054
194.81000058080764,38.605818630470196,38.27164280581071,10.569166020909934
194.9100005811058,38.77281099637619,38.443815880699304,10.419041546867458
195.01000058140394,38.65425361276397,38.31787623005147,10.418245989379328
195.11000058170208,38.62708228146293,38.29941046679935,10.527392862425808
195.21000058200022,38.56079718644723,38.22334874783394,10.40006847074615
195.31000058229836,38.43571916278041,38.104524303770305,10.438514166744561
195.4100005825965,38.59642298791886,38.27207791829339,10.34405400002772
195.51000058289463,38.683679789196525,38.346062088023,10.489639839144758
195.61000058319277,38.50557970501764,38.164085049202214,10.629708094547224
195.7100005834909,38.50260195297,38.15762825579549,10.713481276492816
195.81000058378905,38.50203749718386,38.169482633516324,10.439812503344509
195.9100005840872,38.468530537842916,38.12096939790654,10.653888422809567
196.01000058438532,38.452290896998626,38.117712056187116,10.57842748254695
196.11000058468346,38.31744632546953,37.97676122108166,10.708697511324553
196.2100005849816,38.20106227906176,37.868265815196004,10.72978552089254
196.31000058527974,38.2800740508445,37.93641909680715,10.549323768365891
196.41000058557788,38.367523417131665,38.027813555152406,10.631669572537746
196.510000585876,38.36951062489667,38.02982170999843,10.606798026606297
196.61000058617418,38.446654166905006,38.08145356383841,10.946408883179668
196.71000058647232,38.39771674076931,38.05984710072996,10.614536087375459
196.81000058677046,38.55421791179382,38.21433833897287,10.67294644473247
196.9100005870686,38.46741230676767,38.12324991460995,10.799848349361532
197.01000058736673,38.49978379308779,38.15741988138667,10.804206123897075
197.11000058766487,38.29064339362876,37.955188227904394,10.707995380627379
197.210000587963,38.378247024174904,38.037985528297256,10.654882046911297
197.31000058826118,38.26035707621742,37.91131611348063,10.82310742674412
197.4100005885593,38.26579900055663,37.9239050202613,10.726412631643477
197.51000058885745,38.19400074079166,37.87111464760499,10.656432454226236
197.6100005891556,38.230155499508086,37.895644444860245,10.600449347151944
197.71000058945373,38.33177594199028,37.98726357443631,10.542196676535049
197.81000058975187,38.27040714998049,37.93560929676523,10.562828759354076
197.91000059005,38.422107127933195,38.08340746591333,10.835622570298236
198.01000059034814,38.270998433655464,37.940891757579884,10.680526915054859
198.11000059064628,38.36624688210846,38.03321390713585,10.567896356269788
198.21000059094442,38.313176379862895,37.9731658564537,10.782256723820328
198.31000059124256,38.492760393814784,38.13760723288347,10.78098589931898
198.41000059154072,38.47308346980139,38.11993561813304,10.989777175950282
198.51000059183886,38.441227669053376,38.09055805673161,11.181616504623364
198.610000592137,38.35017133036251,37.99892728902353,10.976878192234803
198.71000059243514,38.2725795583544,37.921785045781085,10.836307077510154
198.81000059273327,38.480605223276875,38.12886912017102,10.89159494640291
198.9100005930314,38.415361293677506,38.06626393276386,10.949764495750742
199.01000059332955,38.44952804802868,38.09531899235457,11.019285558267194
199.1100005936277,38.46544789768964,38.13992452509131,10.570151322995066
199.21000059392583,38.525402287992044,38.196141733175395,10.668469767718648
199.31000059422396,38.511826655127955,38.17346050393664,10.755238554303746
199.4100005945221,38.52693616899,38.18705957784742,10.80200926226091
199.51000059482024,38.52717572371315,38.1741509541698,10.789043987266178
199.61000059511838,38.538817541715616,38.18213432311778,10.837810439550196
199.71000059541652,38.45025611955281,38.10940903465695,10.656537587055213
199.81000059571465,38.492591344465616,38.14955386553535,10.7292857681742
199.9100005960128,38.56782122560293,38.22811388911592,10.659758263065498
200.01000059631093,38.54952308311902,38.212422177240235,10.809440879714563
200.11000059660907,38.550154394830464,38.20008374094013,10.65646983222731
200.21000059690724,38.46622833924072,38.12148468687005,10.725255033811278
200.31000059720537,38.491958413615905,38.147872207570316,10.618227965516477
200.4100005975035,38.60677453982902,38.25516620795162,10.726619468544385
200.51000059780168,38.57944496965875,38.242787049933526,10.769069079558935
200.61000059809982,38.34885635518422,37.991198295252204,10.795324072467343
200.71000059839795,38.31344568096428,37.97367500177152,10.846899677544513
200.8100005986961,38.51014787981035,38.16566353411856,11.053419085422755
200.91000059899423,38.54984875121185,38.20236073763685,10.874351492332107
201.01000059929237,38.49789781037569,38.14581937676277,10.857478346623523
201.1100005995905,38.564053130682765,38.23061101061656,10.91115593010871
201.21000059988864,38.572932149729645,38.230306848402215,10.867022541752153
201.31000060018678,38.628185597323196,38.28735483403362,10.933872542279078
201.41000060048492,38.653461120787256,38.304490937435396,10.945121208874827
201.51000060078306,38.700909598892295,38.36294282062338,10.788227712507881
201.6100006010812,38.7695513394961,38.4276802229032,10.749726369945925
201.71000060137933,38.75054662590671,38.40475447962704,10.92589757395672
201.81000060167747,38.84266137661797,38.500193213190016,11.040630842441123
201.91000060197564,38.655146480529126,38.314559338805616,10.943158735934079
202.01000060227378,38.768269777448154,38.42984213016789,10.869070542236154
202.11000060257192,38.67320687319702,38.34490095246509,10.704676698267907
202.21000060287005,38.62049852128074,38.27625691620756,10.994779294751877
202.3100006031682,38.777419599138774,38.435654223584415,10.886804958618132
202.41000060346633,38.60844424440537,38.266159958934786,10.894514495497361
202.51000060376447,38.481504839057656,38.13708196656751,10.757227867089922
202.6100006040626,38.536384622720036,38.20732771593618,10.841109073613902
202.71000060436074,38.54196969102234,38.20374108494061,10.849180553468049
202.81000060465888,38.63181081462559,38.290141194580954,11.113905433421357
202.91000060495702,38.6291510273385,38.28867125090145,11.16973111972634
203.01000060525516,38.600373564561046,38.255245331240516,11.121261051258662
203.1100006055533,38.485894218469156,38.12569913824762,11.330362648313605
203.21000060585143,38.60873241240761,38.25993585142679,11.038052943073282
203.31000060614957,38.5931083879277,38.25003617975711,11.149970837085148
203.4100006064477,38.702966700414855,38.35599546097869,11.18290543419317
203.51000060674585,38.71826559153016,38.38053422473938,11.120486114262249
203.61000060704401,38.79311470274706,38.43796459242769,10.957156860876212
203.71000060734218,38.775747365408655,38.43216053765807,11.240428056052068
203.81000060764032,38.722291066353904,38.379430510740484,11.221298032645347
203.91000060793846,38.79365351955805,38.45334369411171,11.145082415548998
204.0100006082366,38.62089647157981,38.276718841967444,11.011908185828553
204.11000060853473,38.63268819030956,38.27618730787221,11.290977189085822
204.21000060883287,38.67136714437327,38.32949661344148,11.019382160223843
204.310000609131,38.621369802494016,38.284843082869706,10.884847282432164
204.41000060942915,38.65133831629248,38.31289749105843,11.036544836749304
204.51000060972729,38.68786345404137,38.34679026137394,11.029083937086122
204.61000061002542,38.66464188732399,38.32273545148916,10.974282893473232
204.71000061032356,38.71108424940435,38.378227009768416,11.135295903903355
204.8100006106217,38.780154020579246,38.449970035550855,11.029339670847447
204.91000061091984,38.76012066370121,38.42918730862586,11.036584208656867
205.01000061121798,38.78093255396586,38.4497858017582,11.044461333401216
205.1100006115161,38.968385998088685,38.627996047766146,11.016602530278238
205.21000061181425,38.70281002694874,38.36110365009286,11.225501414535318
205.3100006121124,38.813185033755474,38.47668741035334,11.046599471418865
205.41000061241056,38.72756068254882,38.40547465561004,10.710065737683774
205.5100006127087,38.67820001596207,38.34810186679321,10.803787666860096
205.61000061300683,38.7372211212354,38.407233206463545,10.804524419104224
205.71000061330497,38.683621312717584,38.37131830321505,10.689289687982022
205.8100006136031,38.66938248993123,38.347152046719266,10.641213817173199
205.91000061390125,38.75591044684399,38.417439250007725,10.860837506014539
206.01000061419938,38.677348830052225,38.35315909590495,10.909203187486394
206.11000061449752,38.64482979051346,38.308930520986486,11.067802913219586
206.21000061479566,38.74576072257591,38.412382599278644,10.790411406879288
206.3100006150938,38.74144531024581,38.39821400755951,11.039436868591821
206.41000061539194,38.754374214864654,38.418125263748884,11.010455826544277
206.51000061569007,38.5898074596914,38.26959266273451,11.023539902548398
206.6100006159882,38.60862890821243,38.27099393942189,11.03357249880016
206.71000061628638,38.847527192574496,38.51314693081317,10.978303018978684
206.81000061658452,38.61857430830395,38.27849227401944,10.79194360969408
206.91000061688266,38.49649080233281,38.16169681350573,10.899842910784129
207.0100006171808,38.59632694593203,38.26804377944933,10.918559544203173
207.11000061747893,38.626406044929524,38.28399007723108,11.108023512322372
207.2100006177771,38.649341617179694,38.30683187233151,10.962608293754897
207.31000061807524,38.65240217254536,38.30839129399663,11.039006533904496
207.41000061837337,38.627035677454835,38.28004351309927,11.174554211771897
207.5100006186715,38.58822559794603,38.243087851336,11.16142968059111
207.61000061896965,38.57836611101091,38.23398230565159,11.132481586437583
207.7100006192678,38.563179015948506,38.230396312447475,11.201784164616518
207.81000061956593,38.45150198458495,38.113361951415506,11.210408327783233
207.91000061986406,38.58164684579016,38.24927672103131,11.205387547671611
208.0100006201622,38.726011401325074,38.385026449306324,11.043899353029278
208.11000062046034,38.47818227323188,38.13954158750507,10.915944669190102
208.21000062075848,38.73067628060107,38.39377175528282,11.227073648048163
208.31000062105662,38.556600626532706,38.217547270143015,10.798388317213217
208.41000062135475,38.577331103642365,38.24587338734748,10.908250368128455
208.5100006216529,38.57576680668214,38.23436771061828,11.025402667807315
208.61000062195103,38.567376390166444,38.22380076988085,11.083898612352433
208.71000062224917,38.54013335579291,38.19500665700702,11.322675205997674
208.8100006225473,38.64546061042099,38.297070571801946,11.131198578743277
208.91000062284544,38.59324443139272,38.24398792229425,11.130266382080329
209.0100006231436,38.54569978805836,38.20512495763627,10.834611303687746
209.11000062344175,38.525341679977544,38.186007238669525,11.09457703413192
209.2100006237399,38.55288329006572,38.21516578690428,11.087770565357117
209.31000062403803,38.6249060667767,38.27642181087838,11.031267941595296
209.41000062433616,38.66743353142959,38.31683976916049,10.989508537595247
209.5100006246343,38.6521409473466,38.30611527243108,10.963575366830124
209.61000062493244,38.7947526513645,38.45941793559663,11.000829196981089
209.71000062523058,38.84447721255463,38.523825483263444,10.652919543645744
209.81000062552874,38.91176111208198,38.58969771909563,10.652632608729437
209.91000062582688,38.867637039240044,38.536841206699656,10.872338612507198
210.01000062612502,38.702027912366844,38.36547020694978,11.022240519343947
210.11000062642316,38.832412328873545,38.501943256200065,10.938434216848162
210.2100006267213,38.67599278676378,38.33555321858824,10.897039009877744
210.31000062701943,38.74426115133355,38.39588593448311,11.114930959230467
210.41000062731757,38.898528695665824,38.55774962646039,10.831546036013451
210.5100006276157,38.88074523978912,38.535023251458625,10.801726224837216
210.61000062791385,38.80383536699505,38.47630956652524,10.51407582347504
210.71000062821201,38.67280152881503,38.34165695973133,10.691595604328006
210.81000062851015,38.87109475858781,38.526331412230924,10.960199688464794
210.9100006288083,38.63766353603444,38.29562864414113,11.137784540787793
211.01000062910643,38.8378873287188,38.50436929491236,10.653446999812655
211.11000062940457,38.68267182882648,38.329608356755976,11.230522224784615
211.2100006297027,38.55370938895073,38.22235074384558,11.047549442841584
211.31000063000084,38.599601909998064,38.25166706443296,10.92261393465241
211.41000063029898,38.60872557911792,38.26685324388393,11.331535082158327
211.51000063059712,38.59498386513229,38.23668873980079,11.189048759009943
211.61000063089526,38.435938089367404,38.0803515161382,11.159784600506788
211.7100006311934,38.520792829814795,38.16759380931146,11.188403731282595
211.81000063149153,38.42347457431894,38.07948715616071,11.38145893078524
211.91000063178967,38.4556430562032,38.11836827731229,11.12539367057343
212.0100006320878,38.695195432677586,38.35706792163222,11.013567159548808
212.11000063238595,38.61227274531077,38.27333790408754,11.146064667377926
212.21000063268409,38.48900596215548,38.158311544636376,10.98929798621577
212.31000063298222,38.479865420585334,38.15315925094284,10.72339810385054
212.41000063328036,38.51110397502577,38.16113746839787,10.969849189756747
212.51000063357853,38.42760495777796,38.080157120241154,10.905636189232798
212.61000063387667,38.623071668794424,38.29057088571199,10.708813828122683
212.7100006341748,38.59756430748022,38.273120879821555,10.648841222575134
212.81000063447294,38.65478185910991,38.32698247607459,10.960058720725607
212.91000063477108,38.560597680208865,38.22735380108547,10.989464110873476
213.01000063506925,38.50833756128048,38.19419665230897,10.869587477908938
213.11000063536738,38.70030429375224,38.36656955729156,11.130382049513905
213.21000063566552,38.843512536437224,38.50900694967251,11.085984619644954
213.31000063596366,38.69069509225426,38.36659371376776,10.933728188830935
213.4100006362618,38.669132326396266,38.33442461321264,10.877352567927998
213.51000063655994,38.43420998262222,38.09741171668168,11.094349293607069
213.61000063685808,38.36628379479605,38.03102748638949,11.089302208647714
213.7100006371562,38.440520188370016,38.09824454966773,11.277362291341873
213.81000063745435,38.47597151573721,38.12837024536094,11.15025355819859
213.9100006377525,38.598729877720345,38.256372345679246,10.95287794389702
214.01000063805063,38.465026532302446,38.12801437021299,10.690543734955584
214.11000063834877,38.54170160253554,38.216146815867624,10.868604956703212
214.21000063864693,38.38022883981743,38.05930482743952,10.771265009480864
214.31000063894507,38.56723765803342,38.22131344298128,11.002447239081697
214.4100006392432,38.397701907891516,38.06737557831081,10.917692611203037
214.51000063954135,38.507297857299534,38.17408372475988,10.840862760006424
214.61000063983948,38.644359003700416,38.299646172993235,11.044801048544548
214.71000064013762,38.7193627164463,38.40000942718602,10.802110793035748
214.81000064043576,38.682982769038944,38.34461653166482,10.63042550425447
214.9100006407339,38.75987970736979,38.42749384812056,10.790064297604586
215.01000064103204,38.595941342493745,38.2612677837085,10.802728180480687
215.11000064133017,38.64875502754555,38.31893821722866,10.868351209247022
215.2100006416283,38.68839146413611,38.35473373264675,11.057756470914269
215.31000064192645,38.71016847200717,38.38892869768324,10.563683644105858
215.4100006422246,38.81779700665257,38.485011374782594,10.711227274206726
215.51000064252273,38.66824077169737,38.34342193839692,10.75599146738515
215.61000064282086,38.67901630471934,38.35006350653315,10.605291406911283
215.710000643119,38.5432402271722,38.22560177599242,10.780850125749453
215.81000064341714,38.54841134884438,38.22928140114638,10.661748145944108
215.91000064371528,38.69502131665355,38.37900076538674,10.80209165116931
216.01000064401345,38.716730536831726,38.39914997610607,10.443727226668802
216.1100006443116,38.729749872669124,38.42042789927717,10.500203532575883
216.21000064460975,38.698484621641924,38.39198589809234,10.708725871356556
216.3100006449079,38.89515488089064,38.56838854588716,10.965308479696729
216.41000064520603,38.7980401286519,38.48662175268543,10.730280285281914
216.51000064550416,38.932397735457236,38.61647975448431,10.622482671079519
216.6100006458023,38.93983498587244,38.62148763403158,10.631738327270801
216.71000064610044,38.70959925012778,38.3848041673736,10.796594547145833
216.81000064639858,38.8296765783204,38.49783681200484,10.811041451067485
216.91000064669672,38.96972210525885,38.641386656942394,10.74111907110213
217.01000064699485,38.80660176717503,38.47679293298171,10.65757204541159
217.110000647293,38.7699879312447,38.45872706231174,10.611970341828965
217.21000064759113,38.821545907857534,38.50102537222927,10.768330238822532
217.31000064788927,38.92262373602457,38.59783400169424,10.827122496557699
217.4100006481874,38.911984126824386,38.59459519671246,10.75577406975995
217.51000064848554,39.022598852088784,38.698410987094,10.678317069978874
217.61000064878368,39.068631855720135,38.759045639603286,10.432552464490367
217.71000064908182,39.06266997149573,38.7387409116614,10.682302432155092
217.81000064938,38.865231706075825,38.53886487152956,10.909494266039703
217.91000064967812,38.725769964676346,38.40982706810351,10.630269923232316
218.01000064997626,38.83240394373264,38.510641662296386,10.66373428715918
218.1100006502744,38.93588178092894,38.600322599990434,10.782581185030157
218.21000065057254,38.8779953303382,38.55484165431115,10.646108204442582
218.31000065087068,38.8577817252522,38.51773841690344,10.98758678800702
218.41000065116882,38.8309735934821,38.51406165946743,10.74515742548339
218.51000065146695,38.950411205843274,38.627772857719876,10.670763048321527
218.6100006517651,38.83998507275866,38.515737521902494,10.700918384590992
218.71000065206323,38.874980931613145,38.54657799900227,10.621161069426995
218.81000065236137,38.810948117014405,38.49255939354641,10.682604327485677
218.9100006526595,38.94220584554301,38.62149951308211,10.771409609196546
219.01000065295764,39.02813903179647,38.70400564220696,10.49852494496788
219.11000065325578,39.00598475324154,38.65249971402865,10.907905266054296
219.21000065355395,38.746257866864504,38.41589171952195,10.658824960347637
219.3100006538521,38.59232848008804,38.26492184139227,10.974363030553919
219.41000065415022,38.90254918572792,38.57182206030803,10.883375307330317
219.5100006544484,38.8716727959012,38.539112288439654,10.775433142244509
219.61000065474653,38.79352068394668,38.46277576193386,10.790971228065146
219.71000065504467,38.730295718444495,38.403555405103646,10.86742835666968
219.8100006553428,38.84701195045452,38.523239001352785,10.895114235558108
219.91000065564094,38.89314163212879,38.56354472041923,10.962851901099404
220.01000065593908,38.79225469601104,38.461767515164134,10.989537692674917
220.11000065623722,38.65136504255504,38.2970515575794,11.25507488142716
220.21000065653536,38.86695211368546,38.53846065733161,10.954938066165553
220.3100006568335,38.89369840918391,38.574030987399595,10.763362088786536
220.41000065713163,38.81145049942927,38.492658767974476,10.92689405204237
220.51000065742977,38.69174483610888,38.35957885734811,11.047359736280223
220.6100006577279,38.67492160359698,38.340352471736075,10.78010195579557
220.71000065802605,38.67020677278786,38.33324858561128,10.790670311463431
220.81000065832418,38.68892569442613,38.35414505506238,11.101314161523998
220.91000065862232,38.54103701049475,38.21025263369305,11.05937920281649
221.01000065892046,38.55601420560781,38.217587807520026,10.98286533765247
221.1100006592186,38.56452571099321,38.23713393376764,10.805028982149445
221.21000065951674,38.612455388725145,38.29605037102078,10.7535025520852
221.3100006598149,38.56952883404001,38.24112782590985,10.972551434684398
221.41000066011304,38.402209443316664,38.08821564015888,10.999701808983968
221.51000066041118,38.57762624704352,38.248784449615584,11.182936302261393
221.61000066070932,38.77209253424662,38.44389132697812,11.040053844053917
221.71000066100746,38.669752259914496,38.333918948145175,11.06519860321693
221.8100006613056,38.57658298644215,38.24435134115033,10.857423238793196
221.91000066160373,38.54960511779771,38.23260052392431,10.811657696951276
222.01000066190187,38.6156827795767,38.292903684130934,10.8365273041329
222.1100006622,38.796137053007115,38.46647565306839,10.963584740322776
222.21000066249815,38.69796257303283,38.3809082025866,10.847337403493116
222.3100006627963,38.73195926570833,38.407166515326566,10.84227542572785
222.41000066309445,38.65064371306721,38.32634745529824,11.059788074154834
222.5100006633926,38.61152679331092,38.29216717082567,10.764400925191584
222.61000066369073,38.45870330611985,38.146403577238075,10.551661431516573
222.71000066398886,38.53793409627773,38.233001644866896,10.70000421309848
222.810000664287,38.57302849341563,38.24485442183286,10.736955146523798
222.91000066458514,38.540106389609946,38.212638484892004,10.693447131376347
223.0100006648833,38.595598533840274,38.29011277989996,10.378988451766963
223.11000066518145,38.559407279291925,38.242670876947635,10.496454643503665
223.21000066547958,38.732988302600404,38.41080873123236,10.497761428654956
223.31000066577772,38.59949370795713,38.290102241625675,10.630180248512607
223.41000066607586,38.715134068199724,38.385062973365706,10.829676050346642
223.510000666374,38.650795449204026,38.31680071892619,10.826624801337111
223.61000066667214,38.701941171777115,38.36687617636817,11.077609390592093
223.71000066697027,38.66670196815789,38.3245671179241,10.943802247050158
223.8100006672684,38.72222241065282,38.37915594420234,10.820338208154816
223.91000066756655,38.70912602766684,38.37501466941215,10.830945848848376
224.0100006678647,38.65503875235696,38.31134198374642,10.825666489613477
224.11000066816283,38.68719117410432,38.36192040127969,10.609660547897034
224.21000066846096,38.65909655789546,38.32727587649094,10.719949369473094
224.3100006687591,38.47483662899007,38.14966177489627,10.8713782031825
224.41000066905724,38.61869785196302,38.29540652331123,10.717692218373344
