Time_ns,Protein_CA_A,ECD_CA_A,GLP1_CA_A,LNK_Heavy_A
0.010000000029814058,1.5985021098901982e-07,1.8079337004248298e-07,0.0,0.0
0.11000000032795462,1.0984730789702832,1.0950530468355553,1.0097708332259179,1.7161230279604422
0.2100000006260952,1.3751474784564697,1.3795886162904671,0.8063115881139966,2.380676678660909
0.3100000009242358,1.4834238256657841,1.4750421488733039,0.9493840588641856,2.911709057700891
0.41000000122237634,1.7190954459554493,1.6978469483505303,1.3386248516657424,2.776528135974854
0.5100000015205169,1.8017403446339926,1.7833933797014554,1.341671248105382,2.5049213201045952
0.6100000018186574,1.8427369155842312,1.8196729128907874,1.5170806351943862,3.0696310102745232
0.7100000021167981,1.9059900989028105,1.8866697750620915,1.2995467349861598,2.2475612053368996
0.8100000024149386,1.913532659349493,1.8980185791715558,1.4871883293274606,2.866492761679447
0.9100000027130792,1.656993712215181,1.6505827556866752,1.0346110630446244,2.407557500505504
1.0100000030112197,1.851838947177705,1.8401379816832284,1.2100084706671212,2.854901317652147
1.1100000033093604,1.7867998961217482,1.7878410518272034,0.8740050080429327,2.7928282323934632
1.210000003607501,1.76517649630743,1.7563566249701599,1.207217149088279,2.7935643337730607
1.3100000039056414,1.9566673722623236,1.9550715381317072,0.9489879996504681,3.025148906272967
1.4100000042037821,1.8218779706922816,1.8203056765212704,1.0041223266183659,4.0210692267180095
1.5100000045019226,1.9375479059405705,1.9443344638032265,0.9495068366765818,4.038962080645537
1.6100000048000631,1.941937834648788,1.9408039730131248,1.0866785409523307,3.831843377645088
1.7100000050982036,2.0379928371343974,2.047297416118731,1.0768586893424843,3.565442290146942
1.8100000053963443,2.0059973558205746,2.0134017347798663,0.9322087662211795,4.8991962337658155
1.9100000056944848,1.9883162905786487,1.9961851347394581,0.9900035149492983,4.500576561600977
2.0100000059926253,2.1660307597210067,2.1503670623829048,1.121966360096755,4.372163052262199
2.110000006290766,2.102547082636032,2.0910259830513422,1.4470688150971285,4.22153842496535
2.2100000065889067,1.9266940864325468,1.919097432595045,1.2224880835683727,4.355792145218617
2.3100000068870474,2.2384069212404762,2.209422118194186,1.1166308937861915,3.583226164170173
2.4100000071851877,2.1621291105128617,2.150666179587887,1.340493097671169,4.3183364260330555
2.5100000074833284,2.325970564987199,2.3193255173154785,1.5680669584456712,2.8034099820469818
2.6100000077814687,2.360594834312286,2.3686664184403066,1.1851545252485662,2.9546910689543195
2.7100000080796094,2.196276076169799,2.184619456222018,1.2508021571637284,4.414744613229728
2.81000000837775,2.294134725602401,2.2868433023273202,1.4271978183935061,3.5704982731591093
2.9100000086758904,2.188893084309989,2.193457736774153,1.0375528928221784,4.433911430591233
3.010000008974031,2.338599981401215,2.344212496102481,1.1243117066698585,4.2159061927273624
3.110000009272172,2.5862904130776863,2.590645555431922,1.5946873813536815,4.301287732681467
3.210000009570312,2.608936700721421,2.6195195129251103,1.3172748709021753,4.104293131658888
3.3100000098684528,2.7438890027803393,2.7537798463773457,1.6318809858366254,3.7011174280114782
3.410000010166593,2.5683746123091757,2.568733231712201,1.5265925556678932,4.057864923927555
3.5100000104647338,2.759144874598179,2.7568870263796397,1.6865077706154241,4.022523755519799
3.6100000107628745,2.7027225993481223,2.694989815118457,1.5219841302474126,3.642389710441884
3.710000011061015,2.683752670932943,2.669022376168331,1.8996752062569955,3.5594949920157912
3.810000011359156,2.482759046654574,2.443352289994119,2.214403299610887,4.780328434052666
3.9100000116572966,2.3287764532406707,2.3033086458364473,1.7058781652858368,4.162564117002334
4.010000011955437,2.534923468692193,2.5073780278741915,1.8183355325784065,3.36781494060523
4.110000012253577,2.541847498842841,2.518821921351395,1.9272591995081645,4.2853854988041995
4.210000012551718,2.429294460647632,2.4302534861053977,1.3806392340246612,3.8075507057110283
4.310000012849859,2.278024693244166,2.2814804557527544,1.4506673048756706,4.5744654494288906
4.410000013147999,2.53789400291079,2.5493122151284373,1.2870360475120102,4.389139185352894
4.51000001344614,2.56844804849263,2.56880324350129,1.4469076312047209,3.8364142011259417
4.610000013744281,2.45323325163952,2.440613313168504,1.7293079032604757,3.5825860655202186
4.7100000140424205,2.570502397868356,2.5766564286899363,1.6719929555654354,3.7904499729831262
4.810000014340561,2.828484958662618,2.838318729389137,1.3203417521899166,4.295490400460236
4.910000014638702,2.624376641667135,2.633688655504499,1.5188949812250125,3.2359979674147903
5.010000014936843,2.593672618031397,2.5923019915726466,1.522023044000836,2.957614400952048
5.110000015234983,2.4505387285595877,2.432908280360019,1.6926089274337963,2.1396170307250424
5.210000015533123,2.4194521153510675,2.3909004370842286,1.462091159129507,1.9136363226830573
5.310000015831264,2.7739999914223485,2.7526115745924895,1.8021543551219268,2.43079587931838
5.410000016129405,2.404902087311264,2.4016450247131638,1.5405948109455632,3.294055678951686
5.510000016427545,2.4781419861877487,2.4664828902000306,1.7980095232952427,2.755221271673885
5.610000016725686,2.305816488452429,2.2711261742692717,1.8196732505156497,3.832494973194792
5.710000017023827,2.4792858835043816,2.4683837780168343,1.9030050673314094,2.7407834900881647
5.810000017321967,2.499632179127661,2.488086584296391,1.853554269787136,2.9520126928103783
5.910000017620107,2.6147774730498923,2.6121909380250803,1.9151414469593069,3.062145843361366
6.010000017918248,2.682525917200768,2.675285792316771,1.874837897636671,3.513362060997808
6.110000018216389,2.6972802388849164,2.6887898005375,1.7979296704608254,3.660295012578776
6.210000018514529,2.7257377057675334,2.7015542142709124,2.098747326258709,3.6303079080529463
6.310000018812669,2.9414739945465436,2.9408601736380793,1.4675900255155454,3.340901521833161
6.41000001911081,2.7664072305701,2.75174753200535,1.806196449793025,3.82761689711855
6.510000019408951,2.636108365815793,2.6121987191821554,1.8827155997748133,3.9299970409842793
6.610000019707091,2.545246093665225,2.549288326234141,1.7203635646078774,4.360295972721163
6.710000020005232,2.566426013815957,2.5658255628838638,1.5125951767525345,4.215284565879534
6.810000020303372,2.560735333280619,2.5488180494305404,1.6811752165597291,3.8496157851889476
6.9100000206015135,2.568965789016333,2.5648252503494704,1.6911414142567076,4.6573230432781365
7.010000020899654,2.4453298455070214,2.4487929473573593,1.4979530118962525,4.751108838829171
7.110000021197795,2.7329804401905613,2.7376501856895334,1.8988078168814675,3.557691965231331
7.210000021495936,2.736552252241353,2.7396130913642454,1.4655348515739457,3.55374307589595
7.310000021794076,2.72992127950722,2.735773680385269,1.8731591148133688,4.112266249800999
7.410000022092216,2.828377203987449,2.8275858211893086,1.6029683941360773,2.948720100495329
7.510000022390357,2.7066378624541496,2.7005847841235733,1.7409013224765757,3.0036979219254643
7.610000022688498,2.9181463719902836,2.9203542582263973,1.9118911241592298,3.854525378333139
7.710000022986638,3.140362576742745,3.1454401922860393,1.7115870759545297,3.9143186282265074
7.810000023284779,3.1910013831678725,3.2159191772676503,1.3350026871008316,2.8567098339763772
7.910000023582919,3.1615014545618068,3.1743536517406787,1.917233621876102,4.020181484291782
8.01000002388106,3.1881700289009642,3.2046877781420124,1.6362372087511339,4.633633344772404
8.1100000241792,3.199319261472183,3.206377241079544,2.008459608813997,4.106599268507015
8.21000002447734,3.183242223921237,3.200438118070794,1.5731288032789787,4.330299886259986
8.310000024775482,3.5367050111929936,3.5519242897284795,1.7060985786531253,4.311068096448783
8.410000025073622,3.611617844781616,3.616202375839604,1.7750087927318814,4.718233969482611
8.510000025371763,3.384877019101166,3.394553127519587,1.9192153106710448,5.487764943332154
8.610000025669903,3.425024480216085,3.4300441299821682,1.6756320446236872,5.189192780042285
8.710000025968045,3.5175483595570096,3.5235660139186273,1.5406917729955738,5.258039406581043
8.810000026266183,3.3209602226250974,3.326936695622065,1.4644661853812055,5.2546702163186225
8.910000026564324,3.2255534010776525,3.219336728919391,1.7417082254440788,5.196916948418306
9.010000026862466,3.4135231316980876,3.423193776465125,1.447855358507165,3.564554011044027
9.110000027160606,3.71248391084462,3.711813727804106,1.445381497311786,3.928287359195342
9.210000027458747,3.5962289166970214,3.5910338890117846,1.1811006075039263,5.33389264329909
9.310000027756887,3.305389632502652,3.2867984575042546,1.3224874760205747,5.796961563291595
9.410000028055029,3.3246967990217184,3.290757624004253,1.3956464252561704,4.0150282130409725
9.510000028353168,3.2599120442953526,3.2370162371711504,1.1854108269100854,4.9975736901112455
9.61000002865131,3.513713170292656,3.495198910276109,1.3908204582174148,4.48769404475831
9.71000002894945,3.388669721324533,3.3535784100293355,1.3386673457781801,3.211189577625172
9.810000029247592,3.220098626975148,3.194717237804973,1.0375722392168363,3.6716466337682485
9.91000002954573,3.19732343627608,3.1789409826276755,1.3256392481658363,3.888959860043231
10.010000029843871,3.1296846360106785,3.1152303126608154,1.323644333628251,3.4680144084169107
10.110000030142011,3.1976525222920835,3.181438488338881,1.104941784074366,2.872301754945797
10.210000030440153,3.3739436811440457,3.3334817128373184,1.2892065535248047,2.8045261103139145
10.310000030738292,3.3459159349724925,3.330135984621994,1.419952199214041,2.946084710407595
10.410000031036434,3.293085277514405,3.2894696046828495,1.3416490457519128,3.604099769941183
10.510000031334574,3.3498614651363243,3.355834014228307,1.229708978798623,3.110495901521333
10.610000031632715,3.5063190816148753,3.5097341510540256,1.3696019395666292,3.5496614780184608
10.710000031930855,3.51278284212701,3.512940140012475,1.219573311433965,2.6165409630432896
10.810000032228997,3.4607810756363007,3.467134943668604,1.2593191571034783,3.2664108291869223
10.910000032527135,3.353642608665331,3.3639752480717564,1.2765644641624374,3.3988959823917084
11.010000032825277,3.462692056077142,3.475063951506403,1.293982444572411,3.2655923934684266
11.110000033123416,3.6896774065882876,3.703117872520974,1.463398837132194,3.5611776012128544
11.210000033421558,3.61867133092551,3.624782748271917,1.5055425722214433,3.502015150319608
11.310000033719698,3.9767265270329486,3.992060451972825,1.414449937588441,3.1849462965140627
11.41000003401784,3.6780515012681056,3.6914486468646093,1.515308357023702,3.035704495620312
11.51000003431598,3.637320014966289,3.650942990237968,1.0713268135061655,3.0545257028666475
11.61000003461412,3.5905312968349277,3.6086276065269076,1.3777109928576923,3.5423452166469365
11.71000003491226,3.3521694480980835,3.3645760068707475,1.2247566615204046,3.2425882672313375
11.810000035210402,3.6247256593780923,3.648916683448147,1.1666308433266939,3.7169451753712424
11.910000035508542,3.724602434843831,3.7344647197735683,1.4409700605656526,2.8813717043329796
12.010000035806682,3.722279933192435,3.726749412316562,1.5438498899156836,3.628568997918269
12.110000036104822,3.5208150414609047,3.5307346890789746,1.174056967087311,4.004322979216725
12.210000036402963,3.501162418466299,3.5025475323141544,1.2454115949860731,3.889145841244898
12.310000036701103,3.4241983756484973,3.428374493135067,1.1492970406133678,4.278383559814961
12.410000036999245,3.4849385581125074,3.488451812077439,1.358044864645603,4.576496144347494
12.510000037297385,3.5111834307639387,3.5240123061532467,1.2940375952154939,4.0894774148346436
12.610000037595526,3.6647856268976904,3.675143479905288,1.134850010990978,4.072203201279637
12.710000037893666,3.5447483989135287,3.5589767277727637,1.2256602043431089,4.747291548742618
12.810000038191808,3.3684952006629274,3.3864492765464838,1.1663112944908887,3.2721259167643257
12.910000038489947,3.2606303902359866,3.274518904916249,1.2417978937429934,3.4663412429559575
13.010000038788089,3.230528464725586,3.2411781154269823,1.103843359631401,3.463514443553256
13.110000039086227,3.2916969945697683,3.30826221960258,1.3468538462964197,4.037716819175085
13.210000039384369,3.3166678782168746,3.3269379525715777,1.2313497185586917,4.105922996097429
13.31000003968251,3.487326028895784,3.506593791825227,1.2323124121760327,4.195845267898222
13.41000003998065,3.2170916716918883,3.231126871227586,1.247878112860699,4.199061593283337
13.510000040278792,3.2311540675485912,3.2400003659214427,1.2042274032750273,3.9515904518533196
13.610000040576931,3.2471145718954224,3.2466677872838656,2.048364113332935,4.002506886777075
13.710000040875073,3.355835715726837,3.3649102292559996,1.665268261822967,3.850817769054923
13.810000041173213,3.318528624225647,3.325030086462777,1.5994401906693174,4.274866848113526
13.910000041471354,3.5910864701353944,3.60883292160614,1.4295759013867102,3.3319289825848775
14.010000041769494,3.4126347353117126,3.4233659480918517,1.3897710619457033,3.6243327423158216
14.110000042067636,3.32862259365396,3.3460108932635184,1.3022175056942673,3.9237236651751504
14.210000042365774,3.257177908072744,3.26122239154847,1.713548772622781,3.2012830634712963
14.310000042663916,3.2991877566079943,3.3149634828396164,1.4462171192780042,3.2992632335810432
14.410000042962055,3.344681966067683,3.365267312268877,1.236060399822573,3.895873234640048
14.510000043260197,3.363591087072813,3.3734154123307647,1.6034667588372347,3.631773650409484
14.610000043558337,3.2912344179288193,3.3089023884922586,1.2910880997339924,4.146625720186842
14.710000043856478,3.3367175121417927,3.3554165772472477,1.4022823311276835,3.9953427226537936
14.810000044154618,3.555664777545656,3.5816503255571015,1.2694167844962052,3.7777752520942522
14.91000004445276,3.570117670538145,3.5887318937640322,1.1853569499170953,4.428217711864272
15.0100000447509,3.5793432947045183,3.598679030471302,0.9737426371388083,4.151223526221793
15.110000045049041,3.6144403962391047,3.6374561052043672,1.1347029565466198,4.014133336084831
15.210000045347181,3.8673739175916464,3.8917449816465117,0.9992790182026113,4.24714907093595
15.310000045645321,3.807471285600829,3.830059468450869,1.4487018436975756,4.076152139630926
15.41000004594346,3.9060156440685674,3.9311433687683968,1.093224758773908,4.251180629543938
15.510000046241602,3.90382612939069,3.929753604809316,1.0784023140090442,4.334148261344951
15.610000046539742,3.848395297223498,3.8744374322398083,1.148648157985718,3.793615612976266
15.710000046837884,3.594640524413149,3.612715298794887,1.2647282954279206,4.161848219034317
15.810000047136024,3.959186258386143,3.9857129035505072,1.1901871975260918,3.6656960511693826
15.910000047434165,4.04853042173632,4.077022935778175,1.153820865771811,3.0598299283644392
16.010000047732305,3.821675773328293,3.8534126424299373,1.0475432423810174,3.63011748323094
16.110000048030447,3.7002550279081516,3.7271719776330294,1.065737525012508,4.279353522584268
16.210000048328585,3.952073990973095,3.977633504807842,1.2920192063852138,2.6306480171843742
16.310000048626726,3.9619414558050807,3.989071163564123,1.0542437846924662,3.4798077341641758
16.410000048924868,4.254553115995882,4.281682807381868,1.0364974301901297,3.0577684037384136
16.510000049223006,3.806568449210492,3.8316429891778427,1.3232479266653467,2.8554921436613374
16.61000004952115,3.899702511226253,3.925478961550591,1.0452667277827823,2.9370172462924478
16.71000004981929,4.011105744157005,4.0375996802806835,1.3835186450107413,2.853492941326261
16.81000005011743,4.046649355261765,4.077362239738891,1.305604291151171,2.9661345261466425
16.91000005041557,3.6810844114710037,3.7087371326384573,1.3904622130060915,2.685965369545607
17.01000005071371,3.623292970148221,3.651354161125619,1.2353559807815355,2.107733848494329
17.110000051011852,3.4733928212891465,3.4982565182503222,1.367128362195789,2.3709493625878597
17.21000005130999,3.591090809681929,3.611262455617568,1.2900356017824524,3.208263221452733
17.31000005160813,3.6064669734312593,3.6295571859807945,1.1629905700421312,3.378682896607987
17.410000051906273,3.538254289849255,3.556926867902956,1.1569604218845524,4.627683600596625
17.510000052204415,3.737036206523225,3.76565627163623,1.1138435152093535,3.773114585934363
17.610000052502553,3.7953879769450087,3.8178459775061904,1.3556416985123372,4.69156841105336
17.710000052800698,3.80529191637042,3.825116793348261,1.1271393845923465,2.5586725508134527
17.810000053098836,3.824016553570147,3.8495238645240524,1.2447530034521797,2.4168982750337813
17.910000053396978,3.7205835130917166,3.747286257554456,1.2406350446419356,2.512527089740182
18.010000053695116,3.6801933341875532,3.7060116256519366,1.2119433936861643,2.622626032975413
18.110000053993257,3.7179051331645665,3.742639223227602,1.2214811027155836,3.528615208231851
18.2100000542914,3.771809427935442,3.8033753606353846,1.026020468620055,3.3141361930318185
18.310000054589537,3.840575230648233,3.866275761113549,1.1050600927098404,2.8248871471870696
18.41000005488768,3.791417382348712,3.8190370309572508,1.3866910725749875,2.8401720185189423
18.51000005518582,3.8798456943051445,3.910991226257754,1.1328583985774558,3.983449281150899
18.61000005548396,3.6360484786603475,3.655894098103255,1.18516050963362,3.4306459622495744
18.7100000557821,3.7010100543266424,3.7193268711358263,1.213523479789468,2.910587582655539
18.81000005608024,3.8499252122066303,3.876996452762731,1.4629540304182087,2.586594583209842
18.910000056378383,3.9658847779541797,3.985882048364981,1.125242734188727,3.005221208588522
19.010000056676525,4.046692755335578,4.067101236795414,1.3210617524477055,3.284726308430379
19.110000056974663,4.069796412747197,4.0999919703145835,1.2472046328544646,2.2368898953380114
19.2100000572728,4.11054656729081,4.139493587277404,1.198177655011129,2.7164717747456892
19.310000057570946,4.298732876681357,4.324889195928447,1.2552000213988552,3.0327159939712196
19.410000057869084,4.237473043337962,4.261260184349956,1.3700133338009557,2.5286944637454503
19.510000058167225,4.265326756563158,4.29833683755677,1.4979831348254957,2.626695905655735
19.610000058465364,4.340066848329647,4.365100801732895,1.235126689495973,3.733962455772947
19.71000005876351,4.283034788018346,4.313266725020655,1.2564456440386853,4.1786402804243705
19.810000059061647,4.3233137273718025,4.35641494164979,1.4271242238979738,4.656599191166203
19.91000005935979,4.234948461796128,4.2691273985119125,1.196350474990015,3.584494003250794
20.010000059657926,4.404204011483177,4.436118428318918,1.0470968125064677,5.90815462152473
20.11000005995607,4.470485799058828,4.49699210533886,0.9327768693347771,5.709909993862938
20.21000006025421,4.633613855394848,4.663196420340151,1.1953770910118293,5.095688634690415
20.310000060552348,4.517651750172607,4.543110874236403,1.1800693557819457,4.828448759174312
20.41000006085049,4.676998062468712,4.709375196882234,0.7950355897767971,5.044488286983514
20.51000006114863,4.719732891910776,4.742564929982148,1.2181535821823501,4.480211097229637
20.610000061446772,4.710927569153216,4.727416678271047,1.5374591806750442,4.674775558645124
20.71000006174491,4.861628273314524,4.902262337521666,1.1383148817026763,4.289070516056667
20.810000062043052,4.779730210951112,4.813437175982585,1.1667758237299337,5.146943243908396
20.910000062341194,4.615858110074765,4.650454751529661,1.4005069577625326,4.989765469781481
21.010000062639335,4.615433032184621,4.657745138002754,1.0842139982328958,5.6258971807354845
21.110000062937473,4.699375520785375,4.739883842073174,1.20837844476525,4.207266282061369
21.210000063235615,4.354036129826958,4.390910522696094,1.128122115564869,3.1838145688755324
21.310000063533757,4.420692303917487,4.4586092147841,1.20800458262799,3.2544884399850273
21.410000063831895,4.415093806107054,4.452480358613873,1.3630601252866943,3.3606413659782337
21.510000064130036,4.39615746447641,4.427131562119818,1.0607659747765952,2.8271101049558487
21.610000064428174,4.487202636803868,4.526351632106543,1.0265308182413915,2.5737697657584695
21.71000006472632,4.332483322481978,4.3680373844941816,1.3455492835100225,3.0796737587399536
21.810000065024457,4.1853022191789355,4.215759563096919,1.0179823249541602,3.4073224959630966
21.9100000653226,4.186713990300766,4.2127171467521505,1.3502938513518863,3.569098108014037
22.01000006562074,4.119336915115923,4.156812712724844,1.0205843839415174,3.552085166540998
22.110000065918882,4.271117577830037,4.307822553644103,0.78193197562015,3.4999098380301685
22.21000006621702,4.183470154315179,4.219028215682773,1.0459820638025714,4.173849777476913
22.310000066515162,4.268857723360191,4.295839313903794,1.1555243005801756,4.256967906856845
22.410000066813303,4.3781440817039625,4.402411234806698,1.1243840550961555,6.367340444247182
22.51000006711144,4.188015361210996,4.21611985922842,1.4407199023174992,4.8493425053535155
22.610000067409583,4.357720120484609,4.378020364213041,1.057072127868692,5.578556125895667
22.71000006770772,4.47865875393104,4.507026968293444,0.9544051851098636,5.073755267150829
22.810000068005866,4.803943327920158,4.81810990178578,1.1664402962649234,5.336803748044462
22.910000068304004,4.67256980324861,4.692409521990568,1.236991303476027,5.372976229288097
23.010000068602146,4.898007601935034,4.925498604648316,1.243351132697529,5.075112575907463
23.110000068900284,4.867757059078837,4.893219093756191,1.2164951257100123,4.8469657288467
23.21000006919843,4.665914339356721,4.686876055888264,1.1334490556457748,5.367076615636296
23.310000069496567,4.763574443794465,4.786237793995658,1.2819213958609712,5.637536192403972
23.41000006979471,4.6020149701010675,4.623803531346676,1.3175745529337406,4.6316526248778915
23.510000070092847,4.503157729286805,4.541105379361619,1.0901006498769634,4.564678436037867
23.61000007039099,4.7055919715592935,4.745698217509984,1.1390249692069367,3.840524494234557
23.71000007068913,4.6171276456551835,4.660776462343771,1.0058933406024237,3.6301173492181573
23.810000070987268,4.6200245298541605,4.662760792906819,0.8793896862927183,3.82733765632408
23.91000007128541,4.454997660416238,4.477260814781713,1.2771766343998876,5.05097455740654
24.01000007158355,4.553362033867014,4.579796708755894,1.2511430069331588,5.390085990391762
24.110000071881693,4.489484433034514,4.516887243731682,1.22737204440064,4.351985838713772
24.21000007217983,4.493625124605341,4.521396681747198,1.2515008345103686,4.379870843190863
24.310000072477973,4.390768293701422,4.42074528339864,1.3381815382034539,5.001375810355627
24.410000072776114,4.541943105515285,4.563445515621675,1.2838042346169902,4.672255768915978
24.510000073074256,4.304604122036104,4.323077141459345,1.2383573581268195,5.244433861860794
24.610000073372394,4.430660700444458,4.452532880030621,1.2629870581577294,5.221188743134551
24.710000073670532,4.637151060289846,4.662746718698253,1.7762811847850446,5.087155089014474
24.810000073968677,4.592541871126395,4.628147447201451,1.273386235597306,4.681203545894463
24.910000074266815,4.50645603640954,4.519156006366276,1.6501803084835833,4.502825828920543
25.010000074564957,4.743185942180082,4.748067913397769,1.5554964412602106,3.979637806253158
25.110000074863095,4.724672918167298,4.7395142125472685,1.7883301886530394,3.652006074742175
25.21000007516124,4.62680135574251,4.640013630275652,1.6161290831951909,4.996118465183878
25.310000075459378,4.691167685892179,4.707710796637979,1.4774387633569137,5.137665790144341
25.41000007575752,4.650018184434259,4.663213338102494,1.4869463144112913,5.67754069248625
25.510000076055658,4.847050336757597,4.865257040906001,1.7280428501828728,4.395507230906648
25.610000076353803,4.601764935313784,4.61639883250183,1.7952772481955013,3.5547439244281698
25.71000007665194,4.572431628252583,4.596666183195426,1.5640993361678825,3.5082541192506937
25.81000007695008,4.672544728521332,4.679206264499384,1.6243972709764836,3.51618057767198
25.91000007724822,4.586985217092691,4.59748432411298,1.506622957882099,3.380197576961953
26.010000077546362,4.613183028952479,4.623329385264988,1.656322305898172,2.7637263087139132
26.110000077844504,4.47890489486568,4.489229022603708,1.5540733536372493,2.79346437103181
26.21000007814264,4.509226355623519,4.524712051630965,1.2978733342050328,5.595365470691422
26.310000078440787,4.489554772859796,4.515711755800858,1.496069093213094,5.203001575499082
26.410000078738925,4.41657677692442,4.4376427345676985,1.3274535303436052,3.8708546315351238
26.510000079037066,4.681392552444198,4.6947660847121,1.3683541286473853,3.3865855068110196
26.610000079335205,4.6387055359007014,4.6503894116700195,1.3654472128041626,3.960402602185874
26.71000007963335,4.461180616422139,4.4771284662763815,1.5749443061884394,4.324115725194248
26.810000079931488,4.286773813150438,4.302702479673688,1.0642493558858666,4.396598303391801
26.910000080229626,4.468996318565129,4.481529372583136,1.3676460995172026,5.065150069501092
27.010000080527767,4.542970820214465,4.55241246807627,1.4808333988017894,4.5446866909251025
27.11000008082591,4.40634726979745,4.400781949371686,1.5156228553738211,4.6649247595166425
27.21000008112405,4.294893469452127,4.291387973536161,1.4407283624689522,4.580761960596319
27.31000008142219,4.246843650555836,4.238393396118288,1.6043959925154574,6.02568496893125
27.41000008172033,4.253784799379068,4.258943685428399,1.6488646054734892,5.407101270825769
27.510000082018472,4.261284836805945,4.267608071708258,1.4394660422004906,5.50872627594618
27.610000082316613,4.216245866847727,4.231855448716103,1.2457801719392232,5.5633632189130795
27.71000008261475,4.499871083347471,4.498837284597279,1.5069631964165862,5.681623492316431
27.81000008291289,4.549751484814091,4.547296253408913,1.2802342758124834,5.637100382661459
27.910000083211035,4.477056056088241,4.476072233651488,1.2976622274841616,5.300310072444683
28.010000083509173,4.34649271841697,4.340729256012135,1.3948156658074244,5.425191435331604
28.110000083807314,4.450043219212027,4.450770173135208,1.4668074401256275,4.7982892035212314
28.210000084105452,4.687338793148336,4.701054685199247,1.1487856443076667,5.6101609994477055
28.310000084403597,4.388145432617398,4.412992129086381,1.3182013738921727,5.431658220139588
28.410000084701736,4.3527652816840074,4.362059703615853,1.456082147995064,5.334973845315561
28.510000084999877,4.340412198899952,4.353633589837098,1.425519070822898,5.131569370338008
28.610000085298015,4.364729713553822,4.371707195781176,1.4174803599676495,5.610205991517376
28.71000008559616,4.073721046666869,4.083670423313623,1.3215274848521066,5.574569726641252
28.8100000858943,4.058845330857698,4.073604514293588,1.4051090821599659,5.636820026520827
28.910000086192436,4.103706750948779,4.125650739460321,1.4388274673288153,5.872918228319017
29.010000086490578,4.353366639628237,4.384025338096313,1.4141047777823792,5.433650091457043
29.11000008678872,4.325248016114771,4.340355886560458,1.4362661347415042,5.700175698799595
29.21000008708686,4.196322117411857,4.20558800884812,1.6561908422535676,5.465181659872167
29.310000087385,4.214906858788793,4.225353793389825,1.7049150111008524,5.9058549433676415
29.41000008768314,4.348369406386942,4.359639061356293,1.5885723322739222,5.885586058263924
29.510000087981282,4.558823170220383,4.565726794851387,1.6232891983958533,5.563454801202524
29.610000088279424,4.5105590909344055,4.526269212358791,1.7302339461316845,6.193983850013272
29.710000088577562,4.534639548916006,4.542779240776044,1.316844715337234,5.529048884165676
29.810000088875704,4.55724734866985,4.563145629777077,1.6212936282929022,5.564732067178165
29.910000089173845,4.67171008959872,4.683927780728894,1.8291553958035482,6.004576506403279
30.010000089471983,4.8721196752517155,4.883586980063268,1.801838912596235,5.099034237755077
30.110000089770125,4.556876542669229,4.55944150281644,1.8001344353075572,5.713103907000274
30.210000090068263,4.700003154176233,4.700149185268998,1.9054186586508453,5.837014681180459
30.310000090366408,4.749290495698844,4.74695192624669,1.7569977447125522,6.138532679418424
30.410000090664546,4.848485746274039,4.836184526864787,1.726579407016116,5.437846905004879
30.510000090962688,4.7756211164729745,4.775432301612527,1.7043864185488253,5.5516351361485246
30.61000009126083,4.61028761508607,4.594204150635033,1.8984655277819227,5.474338304218467
30.71000009155897,4.686568570127786,4.66815017187136,1.9976259852068623,5.814283132745672
30.81000009185711,4.867600493706193,4.831407519016742,1.8886963648949038,6.354485141005291
30.91000009215525,4.675760470904772,4.647324171638396,1.7987390033213386,5.926453581241206
31.010000092453392,4.745839512574981,4.738176647700076,1.6426089154218404,6.317587847983709
31.11000009275153,4.794562927015671,4.783464206751658,1.4745305508482869,5.759429947936841
31.210000093049672,4.559376996742798,4.549364150369339,1.4994864335048221,6.053814214382734
31.31000009334781,4.479566784846813,4.46042119649245,1.621024281986566,5.154520753588168
31.410000093645955,4.63565157343297,4.63584062822387,1.2885178688113719,5.153442637409257
31.510000093944093,4.348045043979483,4.343163382424265,1.5585612353452567,5.638991894596584
31.610000094242235,4.48430399176878,4.484148296969625,1.6569960893448628,5.723604582945259
31.710000094540373,4.575152684050558,4.578986967930676,1.5803020095997924,5.723633401059458
31.810000094838518,4.503577269519085,4.50586392755271,1.5888917836732912,5.928289972024299
31.910000095136656,4.799445363193699,4.788018585300768,1.9980852631631463,6.0453229795310905
32.0100000954348,4.779553861466963,4.751655350870865,1.7354544361204025,6.1827697738305725
32.110000095732936,4.454795627464598,4.4505765416647565,2.1720843413190094,5.679728347243018
32.21000009603108,4.482549426292443,4.476545345592802,1.2591717146323487,5.711018920141095
32.31000009632922,4.414043627788938,4.412539760511228,1.3265012965827145,6.186388972897096
32.41000009662736,4.3896106427692345,4.391129340521741,1.2619893151524748,5.266381909477789
32.510000096925495,4.193918370320426,4.181277857105862,1.6648138342538896,5.902112470460631
32.61000009722364,4.4082108383628125,4.365702767610372,1.7235381135687433,5.27816048819666
32.71000009752178,4.464947808140331,4.458026531916715,1.295370178675907,4.897595492166916
32.81000009781992,4.541841804724146,4.5317758802942345,1.7150428235826398,5.489848761613386
32.91000009811806,4.483834800211141,4.470958654973946,1.243400517737957,5.712705180509953
33.01000009841621,4.263141106528206,4.2670871628983935,1.4091067641529509,5.361887435848322
33.110000098714345,4.534416430739148,4.542457712974966,1.30384894063299,5.311170088505085
33.21000009901248,4.592476924481567,4.604424609050071,1.3332500138598193,5.308901125514662
33.31000009931062,4.598138296998578,4.616689378678983,1.5841471576403545,5.435515004967949
33.41000009960876,4.224962136858868,4.230230356990533,1.294909195551058,5.5790853350988465
33.510000099906904,4.460610586221129,4.473612123231858,1.2030044719917627,5.867617964077795
33.61000010020505,4.532487422124264,4.556058657306352,1.309332630622789,5.075727226942613
33.71000010050319,4.368985512138313,4.404206909592829,1.0096015185880858,5.569067665626596
33.810000100801325,4.230633673111706,4.256984638782748,1.3312513848352847,5.84247423576328
33.91000010109947,4.554389896374422,4.5739406096534685,1.0512578614046466,5.0925217052772584
34.01000010139761,4.362716750209606,4.387720211226487,0.839520599908124,5.2800848237113085
34.110000101695746,4.572849040288904,4.598584773709273,1.1000151132038007,5.133828325251795
34.210000101993884,4.331190700112824,4.35221078607348,1.0986810274107548,4.929982277878812
34.31000010229202,4.200071222332171,4.226330146005457,1.105969468206151,5.3246113636780015
34.410000102590175,4.169570305771568,4.1804522227670535,1.3062504051491743,6.000921673810756
34.51000010288831,4.070407850566364,4.08444964333001,1.511198616476379,5.377822008907681
34.61000010318645,4.115724751137292,4.141443393033677,1.256429680158036,6.029625176859934
34.71000010348459,4.351777512789968,4.370818641943873,1.2148053080474772,5.193714157300133
34.810000103782734,4.160037489163226,4.183077020077276,1.303644334449147,4.750263500373639
34.91000010408087,4.245879313791387,4.265791353702502,1.01564047432443,4.437844251048269
35.01000010437901,4.209199875083942,4.22986655793699,1.3931914769606875,4.029221747040285
35.110000104677155,4.276813231877592,4.291241345535035,1.1969872488167346,3.8450073755658627
35.2100001049753,4.480662091278994,4.503049502877802,1.3678064535414023,4.356982810931371
35.31000010527344,4.433651568827504,4.456938056950663,1.466193368988804,3.63444428517957
35.41000010557158,4.390330539467204,4.425988391729233,1.126705021276112,4.023139799911448
35.510000105869715,4.330092339087122,4.363674056158236,1.3701208216509768,3.59165611687029
35.61000010616785,4.469347033629714,4.506774920259353,1.3634710284424638,3.142061669319755
35.710000106466,4.684080936283353,4.7158505857563675,1.4055522779555307,2.7818914027236796
35.810000106764136,4.500820175160163,4.532265396168101,1.3857249925262374,3.2500637890088813
35.91000010706228,4.16597302246308,4.184389627104152,1.187186427385459,2.957841207544215
36.01000010736042,4.3930116106918415,4.418033646443907,1.1959624284912165,3.4163339663474717
36.110000107658564,4.2648285323177735,4.284740551482086,1.0972435518467438,3.21682278796528
36.2100001079567,4.332920571516649,4.359647803728882,1.3597089071458746,3.0943326938586275
36.31000010825484,4.3975131479240765,4.422238195575918,1.6053936032252398,2.957990127318404
36.41000010855298,4.459185996371316,4.485247046481718,1.3951170082007984,3.2700155973868577
36.510000108851116,4.666092544054058,4.6850768822623134,1.2532833816851783,3.5293382986041975
36.61000010914926,4.654777192656538,4.680760047865932,1.382823196229162,3.6158976807650314
36.71000010944741,4.633493522503155,4.657113236850028,1.508386925080919,3.461388162045806
36.810000109745545,4.71917916384361,4.727084075889721,1.1880273509693,3.1088111458091627
36.91000011004368,4.658705150574147,4.696417227578302,1.1494597271472513,3.40539963753707
37.01000011034183,4.702882503239643,4.743384858449871,1.203189436863916,3.7752966076918177
37.110000110639966,4.482585719439038,4.515456137186592,1.238527229518978,3.4093228261792317
37.210000110938104,4.855164701727711,4.877963555385917,1.3111095240708088,3.5597860375383057
37.31000011123624,4.480889655847949,4.500531315957533,1.2584229871985622,3.3474782237533938
37.41000011153439,4.622493329304567,4.642591951531206,1.3964772858633812,4.7535616103596166
37.51000011183253,4.472093143488225,4.495042943452257,1.0950337030600077,3.9091661856968583
37.61000011213067,4.589546058476955,4.6192255095119235,1.2347259887130826,3.55876278411386
37.71000011242881,4.556291945925796,4.582449217660504,1.3269934879428158,4.013770809922183
37.81000011272695,4.461893078063789,4.4870874430174945,1.2843207754903276,2.376260816058529
37.91000011302509,4.608110636765824,4.634890389056751,1.288464253039724,2.9766232504001735
38.01000011332323,4.473916260250324,4.501659423348865,1.0939339356055833,2.8647989192487295
38.11000011362137,4.404865721005286,4.422240947996011,1.3561348111611085,3.130412850495632
38.210000113919506,4.405604485654765,4.436758485564623,1.5041410128025388,3.496827547396224
38.31000011421766,4.4914212316490225,4.507492878811638,1.3904980733040169,2.9532772703074626
38.410000114515796,4.616919655887882,4.616458907431574,1.570865677712926,3.2061729273170188
38.510000114813934,4.685813772806848,4.677380067415169,1.3313409935135019,3.386919419757538
38.61000011511207,4.574273271364238,4.571624881378672,1.7141501890508732,3.917142304253688
38.71000011541021,4.68999744036964,4.690398801625296,1.426320582064843,2.8726173295104807
38.810000115708355,4.724154865054511,4.735955331742494,1.3024556836845569,2.6027816187605395
38.91000011600649,4.6814939189872975,4.685352169505666,1.4493370032698367,2.6913348891028726
39.01000011630464,4.481661390024134,4.501653381072702,1.4610812166371132,3.544178957924257
39.11000011660278,4.576121549013516,4.59667260510496,1.4152437869855425,3.1166356802769393
39.21000011690092,4.892237599469012,4.9165498548994515,1.404489553157708,3.231126838714758
39.31000011719906,4.622781638440977,4.6376705172752,1.471414192386302,4.173290962294056
39.4100001174972,4.630184147465417,4.639021541537386,1.6967265863715593,4.093987881557487
39.510000117795336,4.62306511959891,4.643945235422167,1.513387776111853,4.755483829529341
39.61000011809348,4.5274431887668625,4.554406969713319,1.6562585156080163,4.962127902286266
39.71000011839162,4.600737382355806,4.629633895223569,1.610320107086977,4.438297089582143
39.810000118689764,4.589396546959469,4.616887925756576,1.3986480231489264,4.811352022886314
39.9100001189879,4.513500991061329,4.533879701500735,1.476145201285748,4.929125960975852
40.01000011928604,4.591108402384881,4.616206243826186,1.2843130839755394,4.509800148012381
40.110000119584186,4.691668304405094,4.7213536342062365,1.4833428816989602,4.136550374454332
40.210000119882324,4.640033741523968,4.667100274862076,1.4652932239003762,3.2643420899039723
40.31000012018046,4.5843669440148815,4.613683831664691,1.6999888853839826,3.565103849486136
40.4100001204786,4.58983210276247,4.610148894183027,1.3870685876044473,3.346635736935411
40.510000120776745,4.631527813828308,4.660250961529672,1.6149716955311295,4.300686986212371
40.61000012107489,4.708759175763934,4.734064905856415,1.552394889030311,3.5700021853224517
40.71000012137303,4.725669734873061,4.752891816944531,1.3696868478725965,3.382335332465972
40.810000121671166,4.562352444313056,4.584857220363115,1.5570911309752522,3.985392558130456
40.910000121969304,4.481584329089617,4.506930275174802,1.6218438699042714,4.035818168910165
41.01000012226745,4.610365629346007,4.627816731907691,2.0407817258754157,4.2639865479563595
41.11000012256559,4.508360470482602,4.540773777069744,1.5421098357871084,5.658439628504342
41.210000122863725,4.631662749401227,4.661115414627238,1.7018741681653597,4.7392163280862825
41.31000012316186,4.550025402113173,4.5894698263369325,1.3496112057979215,3.102152055741777
41.410000123460016,4.515218711874627,4.548139339705202,1.439853156717748,4.485682837459586
41.510000123758154,4.533605458378076,4.569984125569305,1.7872811092002432,3.110535571366782
41.61000012405629,4.768417717051883,4.798351322601987,1.8028853319242175,4.178710430305084
41.71000012435443,4.951561743375671,4.991783873647245,1.6297649552945919,2.3683148975010315
41.810000124652575,4.7056119115304,4.738244369255618,1.5920078284307395,2.7874922005295035
41.91000012495071,4.644415466943097,4.676512972262355,1.6432564108982604,3.317170001956024
42.01000012524885,4.645156978753114,4.679630685946128,1.5286673884322104,3.063115008010392
42.11000012554699,4.488713220423285,4.523176980780073,1.5462647485471375,2.6698978628295302
42.210000125845134,4.548272880720524,4.581955124032058,1.9216427812872474,2.960869501475724
42.31000012614328,4.392584288025166,4.424941540772757,1.734151190167033,3.7097248593904006
42.41000012644142,4.724329267327163,4.76250519464019,1.660291132757501,4.772431984471967
42.510000126739556,4.634990728732808,4.670774532890084,1.690416970091469,5.107279410262881
42.610000127037694,4.454002286822842,4.484966157052524,1.65767597918139,5.918679302932562
42.71000012733584,4.566549770173483,4.596896655333174,1.5490919784358523,4.874314088840433
42.81000012763398,4.614484167348203,4.645668925417635,1.7200499904082707,4.698991819113474
42.910000127932115,4.450371968052461,4.484607176632034,1.7332238897163883,4.905029551740165
43.01000012823026,4.559589874199178,4.600415971151032,1.4775393483541166,5.372970062152995
43.1100001285284,4.5044884889507335,4.541896227250273,1.573398535261151,2.576270390185536
43.21000012882654,4.341492003229593,4.3737423743019335,1.6380083287851248,3.940894509646787
43.31000012912468,4.39725762275757,4.428909690358452,1.6331470990477341,3.701264154679045
43.41000012942282,4.372253139987773,4.403918807138136,1.6086857166615292,3.857228585564216
43.51000012972096,4.503564929222902,4.539119717315201,1.70621850294922,3.2146610094972714
43.6100001300191,4.5040415406391086,4.537980942523648,1.9059310018573634,4.212769346966917
43.71000013031725,4.409118262826775,4.439705440071461,1.7250761890125432,4.660891776204788
43.810000130615386,4.380203059803091,4.407244377380204,1.9209230384677445,5.133047093465435
43.910000130913524,4.15261698014713,4.188896691787579,1.5548546269102184,3.724658044740273
44.01000013121167,4.350777614539164,4.3883148976071285,1.7710856270948763,3.9725263728970233
44.11000013150981,4.481189686622665,4.5168603132570775,2.2229457938832735,4.717834600259699
44.210000131807945,4.465074562448422,4.500076457390734,1.7795280242848974,5.105178521502351
44.31000013210608,4.598784027493039,4.63333741729058,1.8425347964329215,5.026978901668685
44.41000013240422,4.579535631284687,4.619566741753393,1.7794494042357791,4.726371756022786
44.51000013270237,4.567822078861342,4.607782406778193,1.4086709384590776,4.452192346669027
44.61000013300051,4.4696199273441986,4.500442497145526,1.4712750704391377,4.963847861997754
44.71000013329865,4.360568932311017,4.395914370741611,1.3013853592315219,4.584493828892517
44.81000013359679,4.420513684443505,4.444057539145971,1.3803432798930775,4.180412101222936
44.91000013389493,4.571733671374711,4.584046205776544,1.6886955408287256,3.226970055246806
45.01000013419307,4.470311448411462,4.490714903484744,1.5950105504601872,4.103041791164621
45.11000013449121,4.502333730684453,4.532360204912629,1.3306190859645999,4.005633824685367
45.21000013478935,4.742084954968985,4.770579143287775,1.4923052518570068,4.17560694104621
45.31000013508749,4.880020817290954,4.9097763434486845,1.2228397796256771,5.15587865104014
45.41000013538564,4.642157469853241,4.672408969585506,1.166552038842527,5.548551063761102
45.510000135683775,4.526217902196355,4.5658508837953855,1.1375793555605518,5.702551024639821
45.61000013598191,4.5073285823444795,4.5416819030616065,1.1729156327937669,5.201720605519317
45.71000013628005,4.133376563661045,4.15741796500972,1.2777955738650066,5.802576075290123
45.810000136578196,4.4091715846287665,4.434720213670055,1.0990343219916257,4.750080849546965
45.910000136876334,4.403374066554587,4.426585504343715,1.3471640851408468,4.429179409221677
46.01000013717447,4.245575811449098,4.2726480492951895,1.4383103345458506,4.023290532286574
46.11000013747262,4.162302647408043,4.185049613265534,1.246478856761425,3.775290452587659
46.21000013777076,4.225953802419966,4.238466928596077,1.3491702164321575,3.811924920580369
46.3100001380689,4.32142983210568,4.346223547171082,1.3390213196718979,4.24851527628219
46.41000013836704,4.364118097808877,4.387751150849944,1.4028723288021705,4.903011492529971
46.51000013866518,4.509937193981572,4.537084836239274,1.298314260124633,4.657017111415534
46.610000138963315,4.4239456903865895,4.456927068088331,1.1574419275643884,4.816676946977334
46.71000013926146,4.537777156500223,4.572094167196687,1.2822777797369527,3.719129697454755
46.8100001395596,4.568163654404185,4.602499394762019,1.204745029071709,3.6592404690851135
46.91000013985774,4.452847982643712,4.488689195208241,1.1679955757517655,3.3020823818970535
47.01000014015588,4.249582828121025,4.283826734109138,1.3670434582305806,3.6839191112089886
47.11000014045403,4.290561109026187,4.3229996627039755,1.0839208270602334,4.672346386071751
47.210000140752165,4.570185233208425,4.607932764575164,1.0665315663317723,4.293843148791357
47.3100001410503,4.462026277439915,4.497393224774379,1.1802685490146676,2.810848807691354
47.41000014134844,4.533158740592608,4.563759244302939,1.2252050298140427,2.638491384696252
47.51000014164658,4.270922052249318,4.309517520927643,1.1448980675697014,3.635767104205566
47.61000014194473,4.454442929830475,4.492759822331894,0.9316588740307972,3.9240895731512975
47.71000014224287,4.403421076874386,4.440511547604362,0.8376227886972677,4.246153836676772
47.81000014254101,4.368813144605802,4.408018830391314,0.9873108391649768,4.179271688212686
47.910000142839145,4.37838025184479,4.41788923230397,1.0216922077392931,3.7181128584749668
48.01000014313729,4.230995381644679,4.262612343065479,1.1651333478676793,4.331011924836343
48.11000014343543,4.205650323521908,4.2400591813770685,1.2021630952267832,4.462879125326153
48.210000143733566,4.275590413666549,4.3079387318784175,1.1484976913869542,5.128828008711719
48.310000144031704,4.22556770285055,4.2614549665220816,0.9497227838045649,4.168302874219086
48.41000014432986,4.477268643731485,4.513090084308746,1.1568853009075284,5.29046649379501
48.510000144627995,4.411886037796263,4.451434759952736,1.1117555268151684,5.182608114364243
48.61000014492613,4.550738918683215,4.589274156830207,0.9874567531947327,5.185425742275538
48.71000014522427,4.256721637888007,4.2960671630978515,1.1944988759509372,5.464286244477462
48.81000014552241,4.325066942662774,4.3596868163740155,1.1093454029804781,5.399834782186749
48.910000145820554,4.453071617403544,4.491021485651786,1.069120790398379,4.856092216853776
49.01000014611869,4.515937840786669,4.55203172409319,1.2392726533554972,6.154188385436773
49.11000014641683,4.491945044921448,4.524744976073769,1.151411392948109,4.749286955841802
49.210000146714975,4.497178161917922,4.532861886654558,0.9921182881198455,4.854317052702517
49.31000014701312,4.776519652287739,4.816316994249682,1.283647499507354,4.961939187052863
49.41000014731126,4.651164644806349,4.68802959880861,1.3156276369162303,4.542872855043241
49.5100001476094,4.654124348455896,4.693965748929263,1.0336998820702952,5.320852101746736
49.610000147907535,4.553726934881356,4.585931727881531,1.124247265990341,5.185535679039977
49.71000014820567,4.5223777590880445,4.561478687452867,0.9455156945290232,4.888469101370879
49.81000014850382,4.350135976855672,4.382535647445058,1.0920776416434688,4.6595847985187335
49.910000148801956,4.4032714210767345,4.440928798737198,1.1966345343885272,3.955510971269836
50.0100001491001,4.449289022569496,4.484592497191585,0.9923494987632002,3.9754353234373148
50.11000014939824,4.433130808386805,4.4695094901009735,1.4130747815419378,4.7609037239067735
50.210000149696384,4.459050004249639,4.498819094220945,1.2308298585182786,4.524354252434513
50.31000014999452,4.368524554518457,4.408886596718906,0.978847236782317,4.5215503270242055
50.41000015029266,4.449061599382806,4.491359273393364,1.0092812537764018,4.271844180915231
50.5100001505908,4.266369297109481,4.305003820405534,1.0282434971156496,4.615419027817777
50.61000015088894,4.253469542015039,4.294809149022274,1.012946780717784,4.326506905970695
50.71000015118708,4.281707807961357,4.323636871152411,1.0262574112043454,4.935420912846882
50.81000015148523,4.123285478199695,4.157770602303363,1.0486093382238524,5.254575820376477
50.910000151783365,4.28798904849279,4.325517981324018,1.1731109566886453,4.283123171888587
51.0100001520815,4.23700172551813,4.271201115730509,1.0946279505822105,4.66811573241045
51.11000015237965,4.08891860438089,4.119999676354992,1.1949948254387222,3.9837259057394565
51.210000152677786,4.294107559245417,4.320093857616819,1.598714733010357,4.353635616271997
51.310000152975924,4.2335068591345815,4.258211741623141,1.4904203833811285,5.066444954618608
51.41000015327406,4.184481038384435,4.214960507949324,1.2072495889931993,4.640770102290868
51.51000015357221,4.262567248107608,4.288182539953054,1.2525727971943736,5.367404485727201
51.61000015387035,4.140354931517092,4.16440911432405,1.3153251270873412,4.645942220111942
51.71000015416849,4.066126164874915,4.090242279697207,1.3197713927110546,4.319231352058264
51.81000015446663,4.1537960002009005,4.181728985145029,1.0296170166815886,4.147926058732807
51.91000015476477,3.973436501724163,3.994859145744868,1.378685566182268,4.82717502897605
52.01000015506291,4.122907863308939,4.142870920741299,1.4203827481576734,4.249316383685166
52.11000015536105,4.241819428256886,4.269705910213339,1.3915964797878881,4.359255486574682
52.21000015565919,4.200603218655307,4.221555446071223,1.4889072498890081,4.414457181733564
52.31000015595733,4.143157175359367,4.158356408361126,1.21910331075297,5.017239246142389
52.41000015625548,4.106031900837053,4.1184798595787,1.4731161246838784,6.170088163391021
52.510000156553616,4.138136480093961,4.162683581958178,1.3963736897312717,6.251515122473673
52.610000156851754,4.017951972598659,4.042339976843517,1.160775443021808,5.3536386971858665
52.71000015714989,4.053647219473847,4.075706505900757,1.378381587294341,5.148989988303502
52.81000015744804,3.97721451457779,4.000193894896234,1.2320457985432478,4.539469911600225
52.910000157746175,4.2413824094238315,4.26402045853052,1.3438343737343899,4.877065724054017
53.01000015804431,4.259058690901239,4.29428279999276,1.3508167130769155,4.750998946461376
53.11000015834246,4.099292345818892,4.119646218643727,1.5595958239379117,4.480309379736264
53.2100001586406,4.290930087793796,4.313755111839138,1.4281126248529892,4.536639442085339
53.31000015893874,4.2294653546907535,4.249972746285948,1.6277378567407375,5.18904539056017
53.41000015923688,4.0880142373593635,4.110409668268799,1.3763848486103942,3.8923641282546946
53.51000015953502,4.04332504525538,4.068656787261019,1.1501784746801007,4.794417523919727
53.610000159833156,4.0517451770800665,4.081443004094483,0.9894905746198273,4.427771177062463
53.7100001601313,4.174004865499744,4.197344013943646,1.3025033422440233,5.515003095445335
53.81000016042944,4.049091267666802,4.075788608089877,1.0295519648308076,4.808972842105619
53.910000160727584,4.148175220206497,4.174734822633693,1.2842718339530625,4.887250142410129
54.01000016102572,4.192731021594355,4.214315450007745,1.3179493309578931,4.869732874282905
54.11000016132386,4.4187995683300345,4.441769082301324,1.5275394176807133,4.819833188335806
54.210000161622006,4.336984549064388,4.3625932571687285,1.6114822851575217,4.743421228867513
54.310000161920144,4.35218057878581,4.375027215685017,1.523942444836802,4.315710325059138
54.41000016221828,4.381611712147961,4.410274670797418,1.139475704027251,4.361498010400297
54.51000016251642,4.703198656474335,4.729729184346099,1.3365326634564811,5.202575404428013
54.610000162814565,4.428667870805635,4.459858861482947,1.0820501830714198,4.439061886616727
54.71000016311271,4.444605735008815,4.468650523511002,1.2187249517824614,4.245720197242974
54.81000016341085,4.490041016550705,4.523649476922218,1.2029260245366475,4.454198439486644
54.910000163708986,4.572424444417885,4.603997169014237,1.7194858145160972,3.8293778183532297
55.01000016400713,4.441823814893243,4.473544212244083,1.479775980444522,3.9166907797437855
55.11000016430527,4.388862737605679,4.413213707387392,1.3553671995662224,4.270172844332337
55.21000016460341,4.402641474199124,4.421424380869614,1.4362966516153606,4.189732040994704
55.310000164901545,4.217143331722743,4.234632910191702,1.2570394542146648,4.458800764073933
55.41000016519968,4.2598620266135,4.283172290161765,1.0314151815999486,5.817294382240784
55.510000165497836,4.390324162916321,4.419655370310707,1.0588939605888215,4.355518035006557
55.610000165795974,4.18837488972152,4.210403579587375,1.437712260045803,4.4428276844925065
55.71000016609411,4.151604068900671,4.180486783164684,1.258206728267678,4.234138257402606
55.81000016639225,4.154539438632196,4.183744593725012,1.34750007122294,4.968257882708497
55.910000166690395,4.182533487054153,4.210715099989257,0.9864773213201542,4.051766267844023
56.01000016698853,4.163973175365579,4.191574539540722,1.1337844231616196,4.718161948695171
56.11000016728667,4.273237259204887,4.292047003571668,1.3032371371703466,3.9001174022804372
56.210000167584816,4.261661827280729,4.289225514471759,1.176028070037575,3.9202777226312273
56.310000167882954,4.146782964678781,4.173499745062102,1.1364145026013386,4.422200097005092
56.4100001681811,4.194851978925481,4.219848185265604,1.0106648018951898,4.222066596182632
56.51000016847924,4.127278905235661,4.142562181801947,1.2340497341140801,3.8784454346479995
56.610000168777376,4.105373496687974,4.115432398126195,1.5488063882687673,4.7441093615887295
56.710000169075514,4.351263705018109,4.368062914620824,1.4726291678104302,4.555332079036397
56.81000016937366,4.424786850088008,4.448496665151625,1.290638743755326,4.686188187365012
56.9100001696718,4.33759068497519,4.364897687114602,1.123057280876448,3.934769637096291
57.01000016996994,4.440314390726819,4.471473686750988,1.1444542680477967,4.257339613737039
57.11000017026808,4.232395774691309,4.264199064257347,0.9967482206451801,4.3925511717194095
57.210000170566225,4.282832171286277,4.301813649502146,1.1563071541459493,4.106606405544429
57.31000017086436,4.269302432019939,4.295886733541751,1.4525255988886805,4.51743092392578
57.4100001711625,4.321206867290983,4.348150075704818,1.436856669182389,4.481635893121757
57.51000017146064,4.371213215171584,4.400048796453532,1.4284033518201673,4.485657085760804
57.61000017175878,4.4477044510094395,4.477062131887511,1.3135473822778825,3.855317841470313
57.71000017205692,4.301770786432809,4.331449575565835,1.2641598928504647,4.112149716702118
57.81000017235507,4.320707528363885,4.350889210546549,1.235376273622736,4.306491090815971
57.910000172653206,4.396287001046996,4.422574512059993,1.427166528240601,4.328980796481881
58.010000172951344,4.453089884492426,4.484833055462233,1.3281555515345875,4.390193717307329
58.11000017324949,4.506069876530092,4.539794842043111,1.112800513983244,4.711401667947762
58.21000017354763,4.307531681151929,4.333748637892633,1.270573560084717,4.31415650410621
58.310000173845765,4.293434885672252,4.324273021430283,1.2206936144274911,4.785260282771795
58.4100001741439,4.348077159710319,4.384488407636787,1.1844925122208985,4.929937944312995
58.51000017444204,4.368619149723461,4.400296228285714,1.2976174945369272,5.317793880629238
58.61000017474019,4.388555798087167,4.42185658165021,1.2927368595233668,5.3529109187665
58.71000017503833,4.425773275443349,4.457490032557551,0.9714010730198805,5.06032262264584
58.81000017533647,4.525097746430598,4.562499407740547,1.104308522589939,4.6949061413475
58.91000017563461,4.7561982366156705,4.790329939785346,1.130369982243642,4.85897124354993
59.01000017593275,4.571362240306508,4.607017029252065,1.0002169781568002,5.226863383887342
59.11000017623089,4.474182054352435,4.508777346566694,1.1366198898546236,5.104458012316459
59.21000017652903,4.498294046434125,4.53172667625726,1.1376249424622071,4.507028079825702
59.31000017682717,4.476546463521647,4.506177350263545,1.1608733896407981,5.11281948453955
59.41000017712532,4.540896102662752,4.568855055672383,1.1252481883365972,5.0166244960653685
59.51000017742346,4.335641696380657,4.365612736073535,1.1433672451484518,5.890978525134759
59.610000177721595,4.421015702094166,4.451138008777118,1.3284341914353903,5.134117780882334
59.71000017801973,4.449975922219788,4.484082140437322,1.1612378036940543,4.2889261584842195
59.81000017831787,4.4556384149236195,4.490842259718951,1.2493540188253505,4.912715596857387
59.910000178616016,4.341776837949955,4.370864334510343,1.057700822265292,4.914846697924759
60.010000178914154,4.46232692229003,4.491306008832823,1.104588673364887,5.047748947396501
60.11000017921229,4.276166249074709,4.30715760219284,1.1911187241405843,4.994342550654575
60.21000017951044,4.388052037615258,4.419785972983206,1.3041548895268245,5.036192334819149
60.31000017980858,4.316618869697024,4.34384759592744,1.3152506303933356,5.333803439774497
60.41000018010672,4.238659263896626,4.263703762406568,1.2892032933008002,4.930559102740629
60.51000018040486,4.400462121213535,4.424475589332545,1.4227353086933856,4.812216541449795
60.610000180703,4.4435641979089695,4.47663939278412,1.2950232830525827,5.386359918506331
60.710000181001135,4.478735955344615,4.508836650774367,1.1001574401144771,4.7016775537890325
60.81000018129928,4.535338059581737,4.563271090580756,1.1811001050539096,5.753244440500491
60.910000181597425,4.646288086276648,4.679168402721995,1.0653002308988437,4.533712740633264
61.01000018189556,4.583587755659601,4.615583479530666,1.2062594766227244,4.389641209993037
61.1100001821937,4.606898078764601,4.634303647396308,1.2347411733139797,4.543586322549934
61.21000018249185,4.580099010339123,4.610490647636715,1.1115996317216859,5.037089128940344
61.310000182789985,4.582680245889144,4.617545805584198,1.192545454943516,5.525885767109464
61.41000018308812,4.510913647621624,4.539873819921495,1.207859329530208,5.270642539107107
61.51000018338626,4.640259366536905,4.67558314571781,1.0477960688597567,5.063608193508927
61.6100001836844,4.691411706178791,4.718727192523725,1.1770503260775296,5.006998497645656
61.71000018398255,4.821636991091959,4.85448168540071,1.1584092026294361,5.5148296700489965
61.81000018428069,4.825730857062971,4.858155160260059,1.0334937399202277,5.435261335618036
61.91000018457883,4.768125356315003,4.799107454605943,1.262791528488574,5.253614606119052
62.010000184876965,4.791240957868245,4.816704428457001,1.1550452174209738,5.339849111671394
62.11000018517511,4.9166957661487,4.934551994807664,1.3429310129653806,5.584309341111952
62.21000018547325,5.053631242348246,5.088119456622793,1.2798311473103259,4.936063628942179
62.310000185771386,4.909010897059477,4.938337695040594,1.0112742083622825,4.972756323833844
62.410000186069524,4.800198326283244,4.829879458113318,0.9654499655450958,5.171754304414623
62.51000018636768,4.829326207762899,4.859371081290764,0.9351429515834508,5.057816302697842
62.610000186665815,4.777279006027439,4.805282920394319,1.1104853827377312,5.0014005080235036
62.71000018696395,4.868765296023146,4.895184523187403,1.210727704560111,4.160440201243813
62.81000018726209,4.829152360093061,4.854369639181587,1.0947613591203509,4.910968977053277
62.91000018756023,4.705585363940853,4.727583366919673,1.1776029847678233,4.540768617847204
63.010000187858374,4.768146417915245,4.791117953330242,1.1486580117925318,4.587292478417277
63.11000018815651,4.661232474393278,4.6884274364458705,1.1913892644185093,4.006922186247484
63.21000018845465,4.740745895653488,4.771832451630614,1.0311548629229135,4.68261475502463
63.310000188752795,4.84761294469412,4.880348827271996,1.0721415232101486,4.445226959115047
63.41000018905094,4.9383770910280385,4.965147415375389,1.210517263471614,5.1637174482279375
63.51000018934908,5.182798377089715,5.213182514346968,1.2608295552698994,4.576371613057554
63.61000018964722,4.960367391458271,4.9823072026942485,1.1233235276479014,4.442653848233388
63.710000189945355,4.748749041177202,4.770552172966473,1.1950994902169765,4.892189192886917
63.81000019024349,4.63285833968819,4.649768881582423,1.362592957017818,4.908575848717731
63.91000019054164,4.680759962767523,4.705964951432861,1.0339180688947993,4.659416922458152
64.01000019083978,4.536340945264635,4.557998264277907,1.0576989558854766,4.983102247856293
64.11000019113793,4.567032004153169,4.588906109248752,1.1600401549090493,5.568154582567571
64.21000019143607,4.496338054146383,4.523869772020826,1.0719989279492994,4.892876836181918
64.3100001917342,4.565094604950065,4.58933029003203,0.9719293823652984,5.035954078402602
64.41000019203234,4.639349678846361,4.658779581179388,1.2700645870107614,4.299105545528891
64.51000019233048,4.6291986165252315,4.650485781567379,1.1333257779411379,4.9666879866843425
64.61000019262862,4.8052540198233515,4.826735428796981,1.3441021712545749,4.81012906713804
64.71000019292676,4.986085527205635,5.012474638414322,1.2891138922959358,4.6419410087401305
64.81000019322491,4.739630634152854,4.766652991421062,1.185905572592129,4.336172203582091
64.91000019352305,4.557427069700473,4.577590169663441,1.2890089352857494,4.590218167228659
65.01000019382118,4.5821734686718125,4.610393783032671,1.1070778328525346,4.405607224401308
65.11000019411932,4.644631348598825,4.669233010050142,1.3705183379820134,4.446430082548908
65.21000019441746,4.608493832470461,4.630772523632613,1.419161704322241,5.149679179785554
65.3100001947156,4.723225113999711,4.750539521071638,0.9783341519140283,3.9574024501241465
65.41000019501375,4.755797591124816,4.773322298526032,1.2052254021178337,4.158024268947211
65.51000019531189,4.732912403306356,4.752352012839887,1.1709511747418675,3.862299606966251
65.61000019561003,4.689259261537326,4.71139091737716,1.3164343765234918,4.562252945369644
65.71000019590817,4.761476255601256,4.7818612976597406,1.2274551427837908,4.151447587790866
65.81000019620632,4.566570410294091,4.587424636800284,1.3832990440973592,4.380142519427897
65.91000019650446,4.540043861808382,4.555763410532988,1.310176800412295,5.063229948912092
66.0100001968026,4.532329842519149,4.5533465409300415,1.0345916411641076,4.458443833373817
66.11000019710073,4.641610965752603,4.663274574573865,1.5034815076121326,4.55567912509286
66.21000019739887,4.566490362213315,4.58148637106227,1.413788672904405,4.478731941401513
66.31000019769701,4.538263038404515,4.556283501353401,1.252672586006567,4.6915191526644
66.41000019799515,4.47535872260049,4.503499061737632,1.0976508006329972,4.520883603595788
66.51000019829328,4.605225989804462,4.635759513377696,1.379719672967804,4.3631730560572315
66.61000019859142,4.433318821050522,4.459229164603554,1.0797731317608261,4.19605111250037
66.71000019888957,4.652950341986376,4.684155307523439,1.2444283268251095,4.142210241330546
66.81000019918773,4.548900051406235,4.566796517689083,1.6746154205798272,4.241175720805653
66.91000019948586,4.701702053731286,4.728412451424677,1.3577140435224675,5.381547900519798
67.010000199784,4.686510367886147,4.709266011549681,1.3770711787929504,5.287168749729656
67.11000020008214,4.8327187445612125,4.8514725577591,1.4333036166008737,4.467417043456381
67.21000020038028,4.767876330217606,4.785481054770795,1.2067667256948464,4.535112685994815
67.31000020067842,4.687405050086811,4.704690511045291,1.2488645058589956,4.947577907701864
67.41000020097655,4.674676866367546,4.6954425212872835,1.2399457242885878,4.637472906919415
67.51000020127469,4.39959752863907,4.422721485433309,1.34609605878881,5.1836946324500754
67.61000020157284,4.497365908508962,4.527141818061355,1.1552356362988916,4.509134955618247
67.71000020187098,4.474824001914031,4.501053987875145,1.2094439916135071,4.042618842073858
67.81000020216912,4.581520381598259,4.600444192964899,1.243690029898123,4.408412602237517
67.91000020246726,4.499114781585041,4.518343002404913,1.2294783549497503,4.114761167738918
68.0100002027654,4.457605372160154,4.47987592732192,1.276238470394508,4.173009511701995
68.11000020306354,4.668293441847656,4.697428736501341,1.365779399230312,3.6245767719128374
68.21000020336167,4.944305031574585,4.974135946413411,1.2739938210021717,4.7514534293886905
68.31000020365981,4.874529698697803,4.8968982805547645,1.3111331188209094,3.921206792672921
68.41000020395796,4.802252972911871,4.821838623685457,1.5370448575709923,3.6173407321076767
68.51000020425612,4.559172053485077,4.588299667402867,1.2597165361725542,4.153739954404027
68.61000020455425,4.813795213990642,4.848797779608058,1.2529186152137861,4.0742657785357625
68.71000020485239,4.72264085347805,4.751642048268301,1.7129557947629723,3.572743602782326
68.81000020515053,4.717338847093309,4.747916931451804,1.285740668329001,4.0968706942508355
68.91000020544867,5.081793250963514,5.108844156868602,1.451036043481511,3.828272470080336
69.0100002057468,4.839663227117436,4.866905001094162,1.4027322192471174,4.408988887359463
69.11000020604494,4.630173321162197,4.656245463625605,1.5918560328589044,4.371131125260217
69.21000020634308,4.733617696671369,4.766419681273314,1.5596030773745082,4.488202390356563
69.31000020664122,4.996185873111292,5.029794214720856,1.4450222712846366,4.400455002913964
69.41000020693937,4.935445401165624,4.977683599393845,1.2157582175542112,5.325164593661696
69.51000020723751,4.906574464021508,4.9282570141238855,1.5778825504403147,4.755226231610336
69.61000020753565,4.7916164225441,4.821987673364796,1.4184487796889498,3.4415102776744972
69.71000020783379,4.844885610879867,4.8674369286641515,1.436695551465927,4.023000894727426
69.81000020813192,4.7666192564130965,4.796486958798639,1.1953340281161913,4.397944304669442
69.91000020843008,4.758842895219791,4.764827627751852,1.3420916527765063,4.64712630661835
70.01000020872821,4.857877857754803,4.873596412075429,1.443730013805753,4.559730181291365
70.11000020902635,4.954466017123491,4.9771453730254365,1.586875319417078,3.5422821204460218
70.2100002093245,4.906776703093173,4.933752863645234,1.254017198554368,3.355539848297355
70.31000020962264,4.760062837373211,4.786544649367334,1.3920138565436329,3.5050030893267414
70.41000020992078,4.667978788690556,4.693552856488092,1.3002690560665577,4.160345834947717
70.51000021021892,4.817417511481715,4.847980942536141,1.1227792086479476,3.7690320387995917
70.61000021051706,4.842194681586313,4.867689206733497,1.2290949077356335,3.631517908436605
70.7100002108152,4.953482917741101,4.978501478165169,1.2604513126467394,3.806628127556539
70.81000021111333,4.834952843563828,4.858936964815393,1.3303632722708558,3.397468235236273
70.91000021141147,4.721305366672843,4.7473467567284935,1.0842607311778814,3.5387846640880105
71.01000021170961,4.875295897880943,4.9106046775228975,1.0551201341504024,3.720984271746303
71.11000021200776,4.792881135306845,4.80121587490909,1.5465365385403997,3.990953037960121
71.2100002123059,4.691049111325384,4.698272205677626,1.430845319142208,3.585795586601768
71.31000021260404,4.570102702063921,4.5785534036965485,1.2296001271120254,3.494353730419395
71.41000021290218,4.711254329459449,4.722399776262931,1.344457209769507,3.4432015734421824
71.51000021320033,4.6385449833167405,4.655362776692498,1.369969876488601,3.7236760065244168
71.61000021349847,4.732410234072882,4.741715746472591,1.6142728597049958,4.662179209686003
71.7100002137966,4.773039339149201,4.789293418090302,1.339415168193251,5.2170863026413175
71.81000021409474,4.762182345311659,4.769158642471125,1.5324548625936394,5.167854684654217
71.91000021439288,4.8350284814280595,4.848089460103114,1.4539698212793004,4.496756978025127
72.01000021469103,4.7102861008907695,4.729305373929599,1.3768480396857568,4.849125343090545
72.11000021498917,4.699771910896594,4.713671926544035,1.3122035302415076,5.062097627852898
72.21000021528731,4.816694187981009,4.825643305170791,1.377065382065924,5.571606621385713
72.31000021558545,4.792241361807006,4.8106201598748415,1.311682055192835,4.454919478737732
72.41000021588358,4.671833480790934,4.687408578787894,1.2549831261733289,3.8892446981812827
72.51000021618172,4.511842959874504,4.532874951854023,1.1671740815765261,3.8864138456886126
72.61000021647986,4.616252345390453,4.640245883478514,1.2450747309634946,4.341609527714132
72.710000216778,4.541423307102196,4.547655154743404,1.620369672727358,4.94781133779959
72.81000021707614,4.597461406717749,4.617205748528975,1.563305530748211,4.31970667904847
72.91000021737429,4.5764392511652865,4.595434869185775,1.5480364333606473,4.470074705739978
73.01000021767244,4.634293867716901,4.637434204862589,1.8699063685395854,5.071136536037738
73.11000021797058,4.64782403608693,4.673487756799778,1.191057645156957,4.769850365084055
73.21000021826872,4.618486325145434,4.64340153696769,1.275418879234684,5.003645193649328
73.31000021856686,4.423642946373723,4.44491582323038,1.4130711434071768,4.145733283193275
73.410000218865,4.508423808542165,4.530526879874142,1.1702958502585634,4.567747528668756
73.51000021916313,4.481203187557529,4.505082407883057,1.2241057567504674,5.567489152285257
73.61000021946127,4.440741973487605,4.471229304200587,1.1771222615219499,5.974757066734083
73.71000021975941,4.369248366402349,4.3854627539391595,1.4662374713643718,4.919528521836154
73.81000022005756,4.566755912937225,4.5890312270415174,1.0726126242091958,6.050153052577663
73.9100002203557,4.583120490318725,4.607630249803965,1.064920797239329,5.287048398517083
74.01000022065384,4.440823803883495,4.461241081987382,1.1627967401179231,5.108416359624525
74.11000022095197,4.567549757322044,4.598346964109955,1.0443688989396414,4.575652694309671
74.21000022125011,4.439599665550416,4.471182042519293,1.0910555950446912,5.24275051048534
74.31000022154825,4.488535670903514,4.516916013593501,1.1363556455220454,4.9856400697982
74.41000022184639,4.588587347678055,4.609085881526545,1.1940535439758682,4.614253436744883
74.51000022214453,4.542878069272733,4.559647977706384,1.2873473246957623,5.818784930243602
74.6100002224427,4.523867432434073,4.555850377811298,1.087604000912616,5.0321147767520955
74.71000022274083,4.590481983116048,4.609225795527932,1.4592434255190454,4.840443265206867
74.81000022303897,4.6151706201861895,4.643212084102027,1.1220616336693245,5.36070535274054
74.91000022333711,4.5164299087265976,4.545205097672046,1.359787966407744,5.8136924099672
75.01000022363525,4.767644479299892,4.787387294644561,1.5680723650770492,5.817095336323695
75.11000022393338,4.557637513747827,4.583707398366289,1.5120590952138409,6.498780619303234
75.21000022423152,4.629951831543273,4.650918643403167,1.4091618831470607,5.794238002113166
75.31000022452966,4.609479469592379,4.635106922041858,1.35456194667195,5.320680800590094
75.4100002248278,4.701211064140455,4.718940108377867,1.1933233489505501,5.924085251957819
75.51000022512595,4.499516148310248,4.526980084398579,1.0131108290514765,5.225906950742425
75.61000022542409,4.517443729176485,4.545577290159024,1.1594403170587124,5.824969565605526
75.71000022572223,4.5542605647056575,4.577853699394077,1.2569427882998574,6.127417193200986
75.81000022602036,4.573135846256703,4.596408838833931,1.2880259142402821,5.481131907713651
75.9100002263185,4.708248109353398,4.733946373659971,1.286167539026763,5.013586670453538
76.01000022661664,4.804985501491249,4.834117779812241,1.322730559906401,4.891467283519273
76.11000022691478,4.896431733897427,4.926199815909522,1.340599672132671,5.158203260091929
76.21000022721293,5.039721974202353,5.062103303351985,1.3951750906504587,5.305857788585942
76.31000022751107,5.163187862332292,5.194406326390211,1.3083467021376178,4.733876955862536
76.41000022780922,5.210781564008282,5.240192385473847,1.4702215147945412,4.413041932397319
76.51000022810736,5.339005790652179,5.378524804510443,1.163300306881894,3.9210030171363432
76.6100002284055,5.374578461027336,5.420371822322076,1.2799772263894251,5.391547367731992
76.71000022870363,5.12057663233998,5.159292701045998,1.2068220932130624,4.87625431322804
76.81000022900177,5.1143428105515785,5.1552970259044235,1.2076274173541113,4.702959490756589
76.91000022929991,5.208472757182735,5.24437172785491,1.3023018787473961,5.103630356746771
77.01000022959805,5.186833566569348,5.2222340728718715,1.3099562478784055,5.128363021238657
77.11000022989619,5.241615029489139,5.281332302751247,1.0799096386250568,5.024197803769622
77.21000023019432,5.0708326318691865,5.110426396783898,1.3016311289649727,4.1827767704206416
77.31000023049248,4.967513095721849,5.006594921884424,1.0795049779296666,4.298622376718138
77.41000023079062,4.892044469919197,4.923856758325014,1.187484315386657,3.813319724215065
77.51000023108875,4.9440280036188415,4.960800533369875,1.608413109715714,4.510003266094155
77.61000023138689,4.864995352871125,4.877645121572447,1.5543122589624727,4.046945155044568
77.71000023168504,4.976594809691071,4.992541864685511,1.4637951033386218,3.834032089603324
77.81000023198318,5.024743528966306,5.052439258617253,1.3995355110876677,4.3195420742297745
77.91000023228132,4.867482634813744,4.893746993858608,1.2275290590694938,4.084048175632062
78.01000023257946,4.837802950228603,4.86922322501089,1.3020095013469448,4.286635530248719
78.1100002328776,4.674398256400295,4.697632490166751,1.2833824148672213,4.144401530602631
78.21000023317575,4.788688507829066,4.819158107077406,1.2068483208710068,4.332603696616151
78.31000023347389,4.895810159980764,4.921402248728619,1.2975056572638586,4.738685281181858
78.41000023377202,4.939380902817278,4.97461023282377,1.2374450663972238,4.149270515331566
78.51000023407016,4.822206973365721,4.852925091990786,1.4517372383884353,4.570312853814395
78.6100002343683,4.776795924240928,4.800740612788924,1.3518493711919517,4.124800729335979
78.71000023466644,4.782051558836584,4.7987682710452155,1.625685139531847,4.394018716535881
78.81000023496458,4.637472508969439,4.659283931293645,1.4511739195184057,3.9084350614302608
78.91000023526271,4.809503787508756,4.825211186342015,1.3573958512455362,4.69615894943384
79.01000023556085,4.807576026740418,4.833795743439115,1.253979949474406,4.424234552402567
79.110000235859,4.837664849140028,4.862252331833672,1.110867044103692,3.884569132019287
79.21000023615714,4.8820948419090495,4.905621885395897,1.3060638622479843,4.537923164556638
79.3100002364553,5.068139232627156,5.092550711114398,1.3536254236217509,4.474796375994384
79.41000023675343,4.8649654372869255,4.894508317218604,1.1044281989066578,3.6946956183945785
79.51000023705157,5.08457612470066,5.117359813888614,1.1803090965591423,4.019545323268297
79.61000023734971,5.051126166478156,5.081656256410052,1.158775048708122,3.6283126235363197
79.71000023764785,5.267979163079338,5.302051260018879,1.2378195776642296,4.46091681633857
79.81000023794599,5.171845693382906,5.206625239805339,1.4803506451101949,4.296436332959948
79.91000023824414,5.055340310036876,5.080444847619434,1.9422175858799549,4.762951605077819
80.01000023854228,4.9583107414221566,4.989571012329278,1.725110540218434,4.27352801810891
80.11000023884041,4.869083901686917,4.901247269866091,1.396353364294442,4.459139200318861
80.21000023913855,5.040604214795093,5.078139333380159,1.3555985808786184,3.1918098980838043
80.31000023943669,5.02220200793903,5.058225447045317,1.6015272082421326,3.6342574655101836
80.41000023973483,5.043610325580125,5.084046510674204,0.9612586502374316,3.3450061019090516
80.51000024003297,4.945124224377124,4.98011221549228,1.2004310876525877,3.21195156929953
80.6100002403311,4.663488117507456,4.69681192828405,1.4881820570164104,3.6476347438374446
80.71000024062924,4.875305051219513,4.910736839270803,1.4370804043387713,3.060035423905583
80.8100002409274,4.883281384544322,4.91649131638411,1.7066100534007291,3.4247911765858663
80.91000024122555,4.868069943956431,4.904465313414086,1.1425411678168922,4.4685495716488335
81.01000024152368,4.749121645719333,4.7751831434646554,1.2091206495176947,3.86042734841981
81.11000024182182,4.8195159023127605,4.846266379775749,1.096042976178075,3.9364362538062765
81.21000024211996,4.604877923947629,4.634522171938772,1.270374815846637,4.3907317154854155
81.3100002424181,4.950774603165993,4.983820329831928,1.1122837221495516,4.357903328018675
81.41000024271624,4.740082576454539,4.773430894720815,1.093214432197427,4.446510647320967
81.51000024301437,4.7430910006818525,4.774622464877329,1.1011385460283605,4.784170142280944
81.61000024331251,4.801761496625014,4.839840885988745,1.10257485972732,3.9884172738074692
81.71000024361066,5.022133902710741,5.060923165035155,0.9352369513467574,3.900924101568603
81.8100002439088,4.871975733965557,4.9023671522127765,1.1759322060630564,3.5732948928337107
81.91000024420694,4.798591367935141,4.8319288983971385,0.9895953480583094,4.370353045234439
82.01000024450508,5.0858523969553575,5.12585460003853,1.075525232524553,4.322913569853652
82.11000024480322,5.345617840430279,5.3829877973295766,1.290509774647004,4.290262536495454
82.21000024510136,5.204308547048008,5.2305798286529335,1.05513635937655,4.245557025984805
82.3100002453995,5.3191326658614555,5.354890212575265,1.255628756166002,4.13408959777748
82.41000024569765,5.055448596477936,5.083058629101258,1.1199087582087197,4.485580428255286
82.51000024599578,5.1740248497791885,5.215309654303513,1.1459916131277306,5.046598639115281
82.61000024629394,4.993388741309768,5.027080066149096,1.1605646513452337,4.595985059127568
82.71000024659207,5.036742844715366,5.071960655014511,1.4120304762138602,3.811355041084388
82.81000024689021,5.045564959635069,5.080229672572817,1.088122189685178,4.090697798985215
82.91000024718835,5.0163216647217626,5.049901710645891,1.2334429070580202,4.030857371604597
83.01000024748649,5.000600242626029,5.021253774038956,1.1266689759121458,4.320680394253866
83.11000024778463,4.900301446077242,4.924858238684608,1.1651037592525724,3.9703916790966303
83.21000024808276,4.836808695909014,4.8715386635457865,1.2335591500972005,4.170807926464094
83.3100002483809,4.793454014286224,4.8239298407192575,1.3370172947475332,4.36657996941806
83.41000024867904,4.895250848539525,4.925739046236477,1.0903262101062865,4.080404383410348
83.51000024897719,4.980915411624333,5.0060279156209635,1.151914884282038,4.030017331111727
83.61000024927533,4.85877485570755,4.879655452337439,1.3261514228694136,4.357895903955823
83.71000024957347,4.798481522758524,4.8232205977359355,1.3675544863980509,4.362080066949149
83.8100002498716,4.930483371941542,4.963499923255763,1.2191170616775746,4.266715150857007
83.91000025016974,5.037678289955833,5.076667171511789,1.0706298362600073,4.038428363519558
84.0100002504679,5.052504585886599,5.0783390236070725,1.4469306699930717,4.3050296197772715
84.11000025076603,4.834028298271702,4.865208267566417,1.2033860659586484,3.896942430086876
84.21000025106417,4.765456443933724,4.796775094114716,1.273854000169255,4.07027593906827
84.31000025136233,4.7237518558757134,4.753148932515924,1.360239356441263,4.0922807900654306
84.41000025166046,4.736076303513637,4.760198778963168,1.2522854270267543,4.788431341086256
84.5100002519586,4.676152480920134,4.710560066719297,1.2116194653071781,3.65542361523035
84.61000025225674,4.8400289723048475,4.858999945185436,1.3728377494426378,4.349763465180697
84.71000025255488,4.856897515030664,4.887960232762172,1.2697171613485887,4.41261585500998
84.81000025285302,4.972891604473739,5.000289163513239,1.173813058397251,4.057124799709123
84.91000025315115,4.86582786028008,4.895014960070241,1.1440019953585228,3.3736526166543643
85.01000025344929,4.665735813842659,4.7014301988738465,1.304438054062552,3.041934288356133
85.11000025374743,4.739546041155267,4.770766088817277,1.2568759981275408,3.661653170676397
85.21000025404558,4.653444884592001,4.675010531960029,1.2877056260844337,3.6718157900984636
85.31000025434372,4.7014212933232535,4.720242698478328,1.2172036038619622,3.6487271036243345
85.41000025464186,4.7549312129100185,4.7825948831146885,1.275831592923022,3.630515541921503
85.51000025494,4.687439541531648,4.709724686967486,1.2985088276528407,3.957682660580674
85.61000025523815,4.7575921857267645,4.784324128017975,1.2625837605621706,3.6431607891214703
85.71000025553629,4.561116428811007,4.58700930625829,1.102354319755103,2.978857455049976
85.81000025583442,4.724648008811324,4.75612564583249,1.28932197991645,3.3429118820034853
85.91000025613256,4.654375031881035,4.678384805980064,1.2850453402737267,4.50477951881852
86.0100002564307,4.6572470612029075,4.675634863455028,1.4246480895675564,3.9905334278230726
86.11000025672885,4.6036563603488965,4.631152744009055,1.2852192838746466,5.302735289398838
86.21000025702699,4.766309749159636,4.789660036832377,1.3167401348936751,4.071415637186745
86.31000025732513,4.859757461895986,4.881620018513783,1.419454570780866,4.28893215869921
86.41000025762327,4.842679503718028,4.874331982054491,1.3778343852486943,4.2955680713739754
86.5100002579214,4.88881096260705,4.916526454202374,1.2956129380755819,2.8935950966466253
86.61000025821954,5.023679319267417,5.0486602504264395,1.3364004029788152,3.733711442888218
86.71000025851768,5.011028495229589,5.040397792258271,1.3849505774424613,4.567497084615274
86.81000025881582,4.906068821414945,4.932333912506028,1.5269579114670102,3.4859095110160583
86.91000025911396,4.986058311565984,5.018668615039822,1.0808640763844675,3.180642375496993
87.01000025941211,4.842350597067833,4.869541409488572,1.4135213882408466,3.151385140862623
87.11000025971026,4.824792625663335,4.859695869511798,1.012061128648305,3.268936654585492
87.2100002600084,4.89434261356335,4.925738998728551,1.3252599926624926,3.230179025844132
87.31000026030654,4.89961351305452,4.929157641704739,1.4949531408160142,3.6751086343636583
87.41000026060468,4.97409060097157,5.006661006508461,1.3143682795219909,4.9593420500183205
87.51000026090281,4.795959982999132,4.8172098675004955,1.6537869678487414,3.3450462389922286
87.61000026120095,4.907195206479589,4.932979869347021,1.5136995500340111,4.796819751473932
87.71000026149909,4.850936817144076,4.882906473243814,1.3547617559744023,4.8638724024551925
87.81000026179723,4.738540375080621,4.773465268172907,1.3568553018777196,5.260153377720996
87.91000026209538,4.924499723970461,4.95455551306677,1.566191122564449,5.249713924402088
88.01000026239352,4.807411729273059,4.844803103790976,1.4042728237025095,4.755254976388441
88.11000026269166,4.7348156860662085,4.767932153073699,1.449346176390217,4.873847911999607
88.2100002629898,4.619516705645089,4.650450078304452,1.3184596104276123,4.612550036385589
88.31000026328793,4.65713440603266,4.682916077058742,1.3407652361638318,4.125048361857208
88.41000026358607,4.687884574173397,4.7204465541200005,1.2525621901838804,4.1557132746962315
88.51000026388421,4.7847098680386475,4.814656442133159,1.428279778875462,4.108185266103463
88.61000026418235,4.69081328083151,4.715378225547512,1.3057893329502,3.242656071876577
88.71000026448051,4.633085463633682,4.6588558373672075,1.3003286440569488,3.956508027333756
88.81000026477865,4.6721006674138525,4.6890155926452115,1.402122995102948,4.77651732079463
88.91000026507679,4.659675220316303,4.685330397980227,1.2182713821666225,4.504727842792391
89.01000026537493,4.6854593476527215,4.714521423784919,1.5676662848737661,5.509046825067733
89.11000026567307,4.70688506688544,4.73426163867506,1.205950254050038,5.542752642139732
89.2100002659712,4.749686401071855,4.782023527815537,1.279788921655894,5.996962958742486
89.31000026626934,4.800440565702846,4.835328137198459,1.1595634362508367,5.475019873116802
89.41000026656748,4.811037758072688,4.841225486319863,1.1969712334934919,4.351035036712633
89.51000026686562,4.676980167583048,4.702927747666662,1.4118180917179006,4.860061712468675
89.61000026716377,4.610191516724816,4.639396722118956,1.2435216755535512,4.850532481796606
89.71000026746191,4.717823715273045,4.7468786334911925,1.2213336571853077,3.938185658180469
89.81000026776005,4.9053650209375235,4.932430177115538,1.314551322892243,3.791451330160463
89.91000026805818,4.850954766606476,4.8868804858007024,1.248336417728654,3.9863221236753352
90.01000026835632,4.717374224763743,4.749182739559044,1.3388495533427747,4.078134757092761
90.11000026865446,4.8477630369554126,4.881990247991533,1.2429530263672373,3.8077641357469636
90.21000026895261,5.13591098522919,5.167688051694766,1.0814284584632636,2.5242580816049425
90.31000026925075,4.9393429650711305,4.97341279479041,1.0627284248690245,4.27445570856583
90.41000026954889,4.971639656060611,5.000608291014262,1.4988398319424072,4.0942942641719045
90.51000026984704,4.7411675612298385,4.768822082165419,1.4802786985337295,4.944755192195728
90.61000027014518,4.879404471399084,4.913257176706232,1.1848080731641668,3.4482009078526157
90.71000027044332,4.7598313967487496,4.783420767906976,1.1043472040434907,2.491692657570177
90.81000027074145,4.722887043941781,4.755187915818793,1.180892473781421,3.969497822153695
90.91000027103959,4.766555439835288,4.782670291950385,1.2758915610360018,2.8446374172568025
91.01000027133773,4.752730270612493,4.774568785708464,1.3031741888635016,2.728229393350878
91.11000027163587,4.83474127071799,4.859742819251018,1.4801720333494863,3.0573055771243394
91.210000271934,4.703028488667659,4.722310435010643,1.2539736849083816,3.23990685123645
91.31000027223214,4.8433997818944405,4.862138860249379,1.314006705822405,3.962503776255152
91.4100002725303,4.576277967031191,4.595846655922461,1.194904640678623,2.9589283066886582
91.51000027282844,4.459430288580882,4.481761888669002,1.1897246832203217,3.1741741816251667
91.61000027312657,4.519938573604274,4.545309115741131,1.2331539648043834,3.3126589217210243
91.71000027342471,4.556074531668938,4.579726046519371,1.0778250554695614,3.1963634046761733
91.81000027372286,4.55321455151298,4.5650502457568125,1.5117883604347007,3.5624516905566157
91.910000274021,4.640186600403437,4.6579651994172195,1.1242133077983991,2.6627709320629123
92.01000027431914,4.61795101613571,4.633977216269787,1.3359955594928927,2.7734289442350395
92.11000027461728,4.743714847901132,4.755899697611623,1.2510726501740332,2.733827010677709
92.21000027491542,4.700163276107385,4.713737175275888,1.2711911036367394,3.144885146294225
92.31000027521357,4.633647406876756,4.645922212718887,1.2400107636154274,3.3080029718995325
92.4100002755117,4.941122321753971,4.958792308078853,1.2800305519192698,3.558608237497671
92.51000027580984,4.867699184378967,4.887906679882991,1.12236481084912,3.308253709174848
92.61000027610798,4.851959543382728,4.869410364226861,1.1836382290838308,2.789422230485719
92.71000027640612,4.971504525211507,4.982937534579248,1.3380746422894823,3.964614596400366
92.81000027670426,4.915559208445814,4.931567550249132,1.2115610024425962,4.530521624181609
92.9100002770024,5.0003580253999855,5.017019766192896,0.9725897083743831,4.445358082209234
93.01000027730053,5.162208133694259,5.185748199676036,1.1885567641444732,5.404060239682047
93.11000027759869,5.0879187348665145,5.110121538649292,1.4811640977765395,5.1871824031678955
93.21000027789682,4.870196553590975,4.89705599204814,1.2853313075689725,4.193404218649212
93.31000027819496,4.944925226347488,4.968287117435315,1.2978159627792998,5.580387827499046
93.41000027849311,5.026699989905837,5.0529134031431795,1.1724985180503025,3.455612170841753
93.51000027879125,4.951087323131285,4.971451791128089,1.387827391170057,4.52787187046606
93.61000027908939,4.938789507007256,4.959524309515947,1.1007648867412643,3.8004227727924342
93.71000027938753,4.739015207149276,4.760495065555832,1.1822767395767708,4.070594601981319
93.81000027968567,4.503727853106139,4.521347603927933,1.3941247541261175,3.011642609825675
93.9100002799838,4.555688531531266,4.57771492049476,1.209689196690222,4.394663103754861
94.01000028028196,4.445090927641054,4.4608392679095505,1.1504364861371537,2.3189451475394365
94.1100002805801,4.517863945117006,4.541786450621253,1.0982714696893834,2.8144908191566222
94.21000028087823,4.73190793856368,4.741753338773485,1.1544618296840825,2.2691600626805783
94.31000028117637,4.728032926286219,4.751064100931562,1.2728858816185817,3.569139903912433
94.41000028147451,4.687530872932909,4.711015772193471,1.2805837175327184,4.964443788293983
94.51000028177265,4.541201386443187,4.565729710339157,1.209433919881845,3.1361101215164267
94.61000028207079,4.717048201491462,4.718800596659369,1.4729313081036939,2.307363942254693
94.71000028236892,4.814711012715953,4.831130346886618,1.5134511993123643,2.8233122596954785
94.81000028266706,4.760019972162053,4.788489754545166,1.297810330938575,3.5848293313648587
94.91000028296523,4.732863158496545,4.751974451509838,1.3016440515491383,2.311347951866528
95.01000028326337,4.897567626276619,4.904640967950615,1.7279848075878388,2.8898230983445785
95.1100002835615,4.698271477024924,4.722607669052629,1.5869577832992077,4.172463046782478
95.21000028385964,4.80928341428952,4.832963459797373,1.6278208574392965,3.836423440049999
95.31000028415778,4.75443225032929,4.7809991652485335,1.4958955789612063,3.731604567537608
95.41000028445592,4.657709470306614,4.6836272428252546,1.495551775115075,3.1196078282391824
95.51000028475406,4.7126399871692515,4.732528363075912,1.7549168961979182,3.245323817966121
95.6100002850522,4.635891552737863,4.666155457578626,1.57363202855143,3.9554530255775195
95.71000028535033,4.7164636661404185,4.736795128588266,1.7253090663653485,4.382160532540223
95.81000028564848,4.879257109628847,4.893640591949561,1.9466781431353637,3.979607335583067
95.91000028594662,4.788018643666533,4.804530952043573,1.4691766007545615,3.5417320492859425
96.01000028624476,4.720335959710989,4.741621640072854,1.592624623296505,4.34580817509384
96.1100002865429,4.648459239275509,4.6640057480746995,1.6978429532988737,3.9845379424159284
96.21000028684104,4.7119084803560725,4.72815898421839,1.606416404254404,4.024406860749895
96.31000028713918,4.834329450583496,4.862752201142791,1.5522779141385725,2.998805214422479
96.41000028743731,4.792670702502643,4.817903858588141,1.365127194853422,3.8131608619180772
96.51000028773547,4.74394912146187,4.776784291951731,1.1618557729688566,4.853340238063324
96.6100002880336,4.618519418635936,4.649050722043365,1.2754148731900246,5.113509767368009
96.71000028833176,4.694503633244543,4.719124197578203,1.5749999138172588,4.862614896020025
96.8100002886299,4.883495546868651,4.917936730321086,1.5054929595614774,5.025709406451801
96.91000028892803,4.742044894070999,4.772028744879422,1.5148077976482779,4.323679968107331
97.01000028922617,4.716211441580146,4.752628745167336,1.3077472832407167,4.339462436323287
97.11000028952431,4.799296138287743,4.836023303266655,1.3989094951534202,4.155092776470493
97.21000028982245,4.737867706876153,4.771493100849367,1.2641655092792699,4.808902813462331
97.31000029012058,4.66371899249017,4.696469160976818,1.3549180330554051,5.808210212127029
97.41000029041872,4.7661814430540215,4.791343446133787,1.3897628203004517,5.051732632514161
97.51000029071687,4.889368504427878,4.922272826729092,1.4097925518096939,4.602262054988263
97.61000029101501,4.924824980180073,4.958489396633335,1.4059512599479396,5.522734864789158
97.71000029131315,4.830723760535568,4.8518762288586945,1.526408746036485,5.58372371414165
97.81000029161129,4.983046075395799,5.008125692158805,1.52300542377035,5.001606429354574
97.91000029190943,5.018313812205522,5.046634786077948,1.3683271448586176,4.883683351457509
98.01000029220756,4.816139478135495,4.850699812643458,1.1301571859375714,4.253726125190359
98.11000029250572,4.874476566046568,4.909160783873545,1.4002506593772346,3.536711749328987
98.21000029280385,4.92034060849078,4.948378248922212,1.555283348552112,4.46731043905118
98.310000293102,5.012904105025556,5.0427787944359865,1.717355672712485,5.671577888136225
98.41000029340015,4.9455006279481974,4.9746598843674406,1.6551048086634976,3.0924508873570034
98.51000029369828,4.98236740219464,5.014735694802275,1.4332720741767722,3.1171105341024643
98.61000029399642,4.922084596961736,4.953808533626664,1.4785568335112995,3.5674632276990113
98.71000029429456,4.866341796801461,4.89317777346279,1.169684915393671,3.3621043298186954
98.8100002945927,4.9712267902999425,4.989195834083045,1.4432052682357164,3.1256561111694
98.91000029489084,4.938527127366245,4.963787370370219,1.5461321857952082,4.055541428565571
99.01000029518897,4.922110675291639,4.940108814182447,1.6347111447063298,4.712590850151128
99.11000029548711,4.664563737516699,4.688009251431856,1.4714250211870163,4.446145275224943
99.21000029578525,4.662777473539243,4.683518473435396,1.3953057789836556,5.102313898916843
99.3100002960834,4.802886023947552,4.829826985924721,1.7461661115298133,5.871029254091274
99.41000029638154,4.742774145567675,4.770266505458676,1.5038965174215175,4.855104581222644
99.51000029667968,4.598419061262729,4.6114949842681945,1.7298448668151578,5.0314682192630835
99.61000029697783,4.574691119122139,4.596285766648116,1.3869618819754372,4.609263708421059
99.71000029727597,4.464857599362107,4.483658813123887,1.6712071178141072,3.9112570848438546
99.8100002975741,4.475903815465882,4.495030523250852,1.7241695535294472,4.43289622961416
99.91000029787224,4.490678152113285,4.510496086646581,1.4656737588234807,4.7732983417466075
100.01000029817038,4.310107340285971,4.327014358052651,1.3225025198133697,6.303210929506118
100.11000029846852,4.489128421834633,4.514038498013654,1.34943437912136,5.2818525284772315
100.21000029876667,4.3212947030370366,4.338733216558842,1.44519054236652,4.615854653527121
100.31000029906481,4.542986131545385,4.560181426723422,1.5811230124375018,5.107555230872565
100.41000029936295,4.4660594759632755,4.481621453823998,1.6032745324477289,5.025549594294009
100.51000029966109,4.5676415750287775,4.59050467234489,1.3170457259564676,4.913936041046882
100.61000029995922,4.644337560422458,4.672492295897887,1.2881004894060821,4.22604140621757
100.71000030025736,4.4595320857213085,4.486259460064301,1.2021618396896416,4.7054556075547245
100.8100003005555,4.391970555161443,4.421674060354702,1.0952064490639148,5.743740951977808
100.91000030085364,4.46421460757426,4.487091438768236,1.1591563548563433,5.926485627482477
101.01000030115178,4.571072567515881,4.588668862082789,1.4160329539256615,3.963660156215315
101.11000030144993,4.702845047382573,4.730857258394209,1.1752066358653475,3.168508401002709
101.21000030174808,4.851352943176508,4.881634735029293,1.20734719408892,3.422736628708943
101.31000030204622,4.682109346526176,4.7013803180144675,1.294506691564024,4.488620218438566
101.41000030234436,4.617255283572652,4.644614772466369,0.9929468485132807,3.7028499173237788
101.5100003026425,4.571720959626739,4.5948753648156195,1.3108779901233276,3.830743491718548
101.61000030294063,4.533886195221572,4.554806730437122,1.2191717933191941,3.3794395790506826
101.71000030323877,4.35555641341807,4.364167447052186,1.3385627480614797,4.860758784141101
101.81000030353691,4.523000016303912,4.541821318097245,1.2925278188835398,4.749940599981227
101.91000030383506,4.442613518666793,4.4570000000446806,1.2145493866870976,4.52469117621557
102.0100003041332,4.4767949931045825,4.4999207224463635,1.2383735563913878,4.574177739260459
102.11000030443134,4.488961948794348,4.515317820109958,1.2525793376337053,3.9062832546630926
102.21000030472948,4.449504053520003,4.4717150533903,1.1560526506929778,3.5850980267620876
102.31000030502761,4.548254604592682,4.566594235803418,1.2901801788657485,3.7484064046248706
102.41000030532575,4.4708051098119315,4.490764943887809,1.0929660281998475,3.8895843157938983
102.51000030562389,4.6892148224892996,4.6939761759959335,1.2498712466967072,4.407601135229314
102.61000030592203,4.5549166649215165,4.56241531504729,1.2532733180164575,3.513542539478424
102.71000030622017,4.639550623565296,4.65241323786591,1.0892924191405844,4.19441566537137
102.81000030651833,4.615465431450853,4.63523923400123,1.0701206733810864,6.110091198093253
102.91000030681647,4.50926115179849,4.521965482098672,1.3207423562723182,4.809597170147008
103.01000030711461,4.349833352536448,4.358684581323729,1.339143436799185,4.668933398149849
103.11000030741275,4.466331410374915,4.481978279948682,1.1482167159975147,4.7892018569711725
103.21000030771089,4.425410289394005,4.4451655588048125,1.202226762923138,4.755502453270052
103.31000030800902,4.630529539847332,4.655365176940013,1.1620391126015037,6.214615866529455
103.41000030830716,4.615754214273099,4.6345459775229525,1.2158940221529977,4.832675226991561
103.5100003086053,4.646027835142171,4.672053596889579,1.050276472491997,5.462719735867981
103.61000030890344,4.806855228820742,4.836859213021401,1.1790392251004331,5.3164572158744745
103.71000030920159,4.560692782201415,4.587107992223862,1.0659974509041692,5.62474336937712
103.81000030949973,4.715664992926036,4.737752578208856,1.2709330213748986,5.777503058508401
103.91000030979787,4.737741514853161,4.7598252661331655,1.138985702082745,5.162074929717327
104.010000310096,4.731142646751915,4.749990264461784,1.149487989711301,5.300070702780264
104.11000031039414,4.607477992184084,4.61844289957977,1.2309719231929985,4.783611925366059
104.21000031069228,4.564046316787847,4.578497132531262,1.5030831573865155,3.3996593709734335
104.31000031099043,4.57997853846601,4.603006765547474,1.4068543746591893,3.83981052918383
104.41000031128857,4.766900402568979,4.791186043203687,1.2883389616414072,4.490620720399758
104.51000031158671,4.676822145108366,4.702757424397233,1.2131486758171717,4.446717341094103
104.61000031188486,4.730219342508108,4.76042125621726,1.311890979665957,4.834676781704283
104.710000312183,4.710439713014769,4.7444448976785685,1.3072712470978638,4.260818790376555
104.81000031248114,4.57943668732078,4.614467595723793,1.1007087229513086,4.353364894952468
104.91000031277927,4.599502427388019,4.6279181234326545,1.1979730589671935,5.149113395313245
105.01000031307741,4.6030030823592405,4.637509916376689,1.4129224114179968,5.76189869376558
105.11000031337555,4.491269422728284,4.5219048203639565,1.2762784232962339,5.54231327922142
105.21000031367369,4.52647225332264,4.556276159822824,1.3534791054327762,4.508688115028157
105.31000031397183,4.489537080375511,4.52746643803906,1.180180579399449,5.454757547840322
105.41000031426996,4.500362437215572,4.5333771637107905,1.2305975994765588,6.343184562033377
105.51000031456812,4.542163777329611,4.578025459797038,1.2876428600615681,5.465173846372413
105.61000031486626,4.642712381525004,4.671487523734508,1.3151734253406122,5.311961530717909
105.7100003151644,4.574542924054237,4.611890586986048,1.1504275851208723,5.077448491919646
105.81000031546253,4.609702004068437,4.648367682333013,1.257833814413814,5.337629211753661
105.91000031576068,4.656836917471509,4.689859893395762,1.3164365930328368,6.097813000700797
106.01000031605882,4.686676506598335,4.723157060739415,1.221851082634533,5.610930665923252
106.11000031635696,4.7786693062170364,4.812491250791147,1.2461680570770988,5.521519408869183
106.2100003166551,4.614630514418696,4.644924510562043,1.2979433242910443,4.982559072059805
106.31000031695325,4.691276076448991,4.726793323774312,1.2172035629521794,5.25940298597081
106.41000031725139,4.637088450857141,4.671280265024195,1.3032777670493803,4.312981759230957
106.51000031754953,4.578126863302277,4.608941841798705,1.325850107128609,3.922424426525423
106.61000031784766,4.5496204769806985,4.584982070201144,1.3552298862007754,4.169682738848589
106.7100003181458,4.625303869662807,4.662090090686306,1.151416110331086,4.896968585102792
106.81000031844394,4.6046272182905055,4.639818621274416,1.176269616031785,4.021327362398412
106.91000031874208,4.667037401664912,4.699641687259627,1.3078391691822289,4.9360522111364995
107.01000031904022,4.5936198854604156,4.628121720047292,1.2574277991255902,4.750771051033829
107.11000031933835,4.599742614888726,4.6247862372754325,1.3452636728494087,4.33347768301871
107.2100003196365,4.712187400089802,4.738064985541214,1.3504699688021375,4.832173035067131
107.31000031993464,4.573042986952392,4.605963297115369,1.220216612033837,4.81152269567399
107.4100003202328,4.41605545571002,4.4337100211716285,1.2760638187377256,4.471895458870658
107.51000032053093,4.447250806085487,4.4693817366352855,1.2970476272162652,3.6984152467063063
107.61000032082907,4.425482075134982,4.456819656510777,1.2025773065687302,3.569715116634412
107.71000032112721,4.380867617522196,4.406823262009116,1.2406690617986402,3.8513445407592957
107.81000032142535,4.5263633130464935,4.549130011280035,1.2531250190322993,4.5648046765404535
107.91000032172349,4.490016749830868,4.516365200384956,1.1166549884304433,3.8907418167866115
108.01000032202163,4.400901599898306,4.425114490006885,1.1887351111857765,4.145750305780333
108.11000032231978,4.469492801086881,4.488044970036423,1.1835048860307176,4.387094649524044
108.21000032261792,4.428195989992295,4.451151410743534,1.264350941784946,4.836422954747747
108.31000032291605,4.3513647949680765,4.370087069205935,1.4630998519260465,4.358007029852109
108.41000032321419,4.514667249478608,4.532147406000119,1.366197948494769,5.686571419383659
108.51000032351233,4.4563127771144435,4.48377706057956,1.37623508260231,4.6522992413639574
108.61000032381047,4.466550614539767,4.490600913313003,1.1925609958265173,4.4123705498980845
108.7100003241086,4.5204733332916405,4.552564680992942,1.0663052363996386,4.362568199699561
108.81000032440674,4.532795285451611,4.556691422474825,1.326695562004529,4.915218291486055
108.91000032470488,4.43313164296113,4.456030216487806,1.4996456121653143,4.883333833368515
109.01000032500305,4.436433944731918,4.470159979498369,1.3265812025982877,4.764045810869472
109.11000032530119,4.429032988336652,4.458881908269392,1.2878535894898073,4.661633470572024
109.21000032559932,4.606088653467265,4.6411905640872995,1.31236278719181,4.2590351435967815
109.31000032589746,4.482704566662209,4.513049961163534,1.15195015090089,4.148893340242436
109.4100003261956,4.663381206506781,4.691584633964098,1.189288526753104,5.127731876808076
109.51000032649374,4.64350647218316,4.6721314169276935,1.1235848235883115,4.938241629432118
109.61000032679188,4.640001517846528,4.66557672906397,1.0967379692964547,4.558109160684309
109.71000032709001,4.559468975749108,4.5754710830573,1.3244941993998705,4.656206326886727
109.81000032738815,4.619768097716431,4.647596474064719,1.0920800164551043,5.215471028324968
109.9100003276863,4.536978719281864,4.559687584497511,1.2332832417666797,5.491971153211072
110.01000032798444,4.570297157311761,4.590593923626147,1.230532124045446,5.7528796298731555
110.11000032828258,4.570470986537731,4.605083689076184,1.1763205500358207,3.4323250714768814
110.21000032858072,4.508117164362447,4.538268898654908,1.3555616757834803,4.884273880961391
110.31000032887886,4.572586575522582,4.6019590888477415,1.3365844630439918,4.413925224496202
110.410000329177,4.4924479938804955,4.516984668243027,1.2739282596878267,4.732572179663065
110.51000032947513,4.70292862674743,4.725804698263996,1.3272809279991036,6.476513606568555
110.61000032977329,4.597604450604893,4.6179121259304585,1.2690363304668777,5.438944239056832
110.71000033007144,4.589480427549535,4.615528039818006,1.3529254367230998,5.312979319495224
110.81000033036958,4.525831673363271,4.55274389554418,1.2244005435054355,4.81193858812082
110.91000033066771,4.490757537496455,4.51481184986954,1.3155873213764597,4.407015102947069
111.01000033096585,4.520466162657435,4.550218314097939,1.3830520538259055,2.8496168608983026
111.11000033126399,4.516847927919989,4.542960657649443,1.1874961138416407,3.136593244042731
111.21000033156213,4.552159246535665,4.567162693201339,1.2801480141150312,3.1758468227678573
111.31000033186027,4.659056644372342,4.675652563935641,1.2905913604364876,3.44226169441433
111.4100003321584,4.705419308370025,4.730690002811758,1.0484077723818626,3.137539675149718
111.51000033245654,4.645371377084564,4.6666448251941715,1.1675409162767427,3.682088390661206
111.6100003327547,4.570543028557167,4.5853686086407635,1.2217586138074004,3.2054067595075346
111.71000033305283,4.564996729410248,4.579048033434132,1.2754198572297066,4.568622146081947
111.81000033335097,4.558426759374875,4.575789035744869,1.2546589254092093,2.9799518135035066
111.91000033364911,4.479560434054896,4.500747908948909,1.0702907614668422,3.777087764948656
112.01000033394725,4.422738649902359,4.449966654599746,1.120108312361064,3.7705654884522377
112.1100003342454,4.466606653800131,4.49075071313497,1.1696815785950483,3.727444915466725
112.21000033454354,4.667645842206698,4.690200876742244,1.1200179657812253,4.908662505634844
112.31000033484167,4.590090666038724,4.617097530139337,1.0854958774604968,5.305201469787004
112.41000033513981,4.576051087980906,4.5885842127666585,1.3219545465506164,5.304566163627675
112.51000033543797,4.6327956562125525,4.648265039377761,1.2531490139239145,3.5194886221800483
112.6100003357361,4.523020388749556,4.536833373369182,1.370991153670113,3.750762180266813
112.71000033603424,4.53019929056718,4.544971701527497,1.3418574809858463,4.461748218502549
112.81000033633238,4.510076056640976,4.533206261516487,1.3521360297956486,4.445734739616183
112.91000033663052,4.5042667182893465,4.529137183864988,1.108345928365963,4.226808585548473
113.01000033692866,4.530710769188623,4.560664484909419,1.2968914649309105,5.23616198341857
113.1100003372268,4.652000929778572,4.674135127010293,1.3773779333861453,4.697280867137907
113.21000033752493,4.506057230643704,4.5269853761409,1.474834059710259,4.525789018183482
113.31000033782307,4.4139021160636815,4.44064911997113,1.46349202352563,5.156880286491258
113.41000033812122,4.545934277465858,4.573147054686884,1.3677201529019654,4.451984084846703
113.51000033841936,4.383093534898564,4.402267266235642,1.3934646376154518,4.917165015674011
113.6100003387175,4.257487791967831,4.273494487984162,1.438095454528889,4.565451886122464
113.71000033901565,4.361909847555567,4.373604804316404,1.5495527450864075,3.710714881677103
113.81000033931379,4.478781651720765,4.5008275298882765,1.2770581543142112,3.2967163462861464
113.91000033961193,4.554611404179755,4.574689219658647,1.4891131372951996,4.037986967873905
114.01000033991006,4.5180588967874735,4.533035008246369,1.4555113363582348,3.906303684309032
114.1100003402082,4.451729127882546,4.461707640050181,1.7019005080740743,4.156919328210246
114.21000034050634,4.408936773918586,4.418639691566739,1.5203650744914112,4.1652236962261275
114.31000034080449,4.417760413419393,4.425178118657239,1.377833036339492,6.486989457081989
114.41000034110263,4.38047044605427,4.399926820002206,1.3118252952567182,5.365620593867855
114.51000034140077,4.41233798679477,4.431124473570568,1.4970414473378248,4.568803585687988
114.6100003416989,4.307926938201333,4.319743659014998,1.528343902259988,4.70529896428005
114.71000034199704,4.413202821233509,4.428809960028941,1.4931648107627051,3.4135299887014896
114.81000034229518,4.420881375661285,4.440248363448783,1.42521721593258,3.690426666597722
114.91000034259332,4.350826111346183,4.37322197724385,1.226324231566976,4.486197695035775
115.01000034289146,4.5164508797973,4.533761605387045,1.2191304237803198,4.324593561537839
115.1100003431896,4.452831384965883,4.4797294844008455,1.2900117114423606,4.906921911461542
115.21000034348775,4.493193566776555,4.512859157813682,1.3606126634564206,4.688203480988021
115.3100003437859,4.36186218841253,4.3788430895622925,1.3745151711655488,4.696382812666331
115.41000034408404,4.388954454794531,4.4071535202860295,1.2372841075855874,4.9660628811978
115.51000034438218,4.372561679996965,4.38529898076452,1.3908338283614081,4.866966558246537
115.61000034468032,4.2640186432147615,4.28624311642729,1.2817370893847073,4.377034255685319
115.71000034497845,4.465822208964163,4.4738277931888275,1.308670210299754,5.272759707810899
115.81000034527659,4.416342534510819,4.4353858029518145,1.2634638682213069,4.985824271778215
115.91000034557473,4.51597623981996,4.540402410571831,1.3461920746684208,3.601639930809432
116.01000034587288,4.392002027458997,4.413522355643089,1.5092822984248746,4.352695029414446
116.11000034617102,4.381117426425477,4.398905557042,1.4095302101266427,5.289600763276936
116.21000034646916,4.256473523129759,4.277277448955713,1.465265374553336,5.223064638817481
116.3100003467673,4.293215951991268,4.297686050806451,1.6407524865975147,4.7011903528709365
116.41000034706543,4.29976667000142,4.314813071443169,1.6638093312592657,4.89524333943096
116.51000034736357,4.409790605674492,4.41786455109276,1.6025942259503616,4.702845127087954
116.61000034766171,4.337422288806586,4.3485355254759535,1.3929763115074443,5.250995477166677
116.71000034795985,4.4779654454018925,4.494292701639768,1.7542757092863366,4.763607634169684
116.810000348258,4.426570838750409,4.441225052711595,1.6884701668323683,5.9624257956548945
116.91000034855615,4.474279536988856,4.497037846237023,1.447214629676411,4.91482512435543
117.01000034885429,4.391495082810965,4.403289955396187,1.7045718974338526,3.0409110468031293
117.11000034915243,4.449121358418249,4.463660211454191,1.2507281585465988,2.9675539069724874
117.21000034945057,4.518520731701471,4.5401520884117925,1.309937865006184,3.6403393770993224
117.3100003497487,4.441368899376572,4.45654098165518,1.5305964316281055,2.8981395890702695
117.41000035004684,4.353353177958575,4.37429652554355,1.3891697337450515,3.5448499685714694
117.51000035034498,4.3686738885022,4.387298405125686,1.164397213125331,4.238403768639255
117.61000035064312,4.451497198537087,4.462121213262339,1.2258920309961165,3.881527516076502
117.71000035094126,4.486504568134561,4.497999040939664,1.566174817010841,3.6225533181962586
117.81000035123941,4.497979358279547,4.513897037161279,1.4992168265756558,3.164771802579665
117.91000035153755,4.681680516328601,4.7033885902923025,1.373210341711251,3.6191886684437136
118.01000035183569,4.591120952033029,4.605912457411924,1.561892127065132,4.2613179750455386
118.11000035213382,4.5620755506613175,4.57383926694081,1.4097773870001202,5.010450826513883
118.21000035243196,4.540302474561974,4.546629597504935,1.5679486761796826,5.480255650666475
118.3100003527301,4.555662700820925,4.564981192691524,1.5960487276073168,5.279364413545914
118.41000035302825,4.588435053026912,4.5949783614700905,1.3514113923433289,5.692156504628341
118.51000035332639,4.560261752033147,4.574987823793779,1.4500064716616274,5.360677993405321
118.61000035362453,4.560318035571154,4.570133614765605,1.5158703851506714,5.516343562811065
118.71000035392268,4.619537821690571,4.634794007767619,1.5610324689336412,4.314595401583351
118.81000035422082,4.649982326734797,4.667771582029475,1.3786209547412283,4.942506059361052
118.91000035451896,4.59730255257289,4.61732911915563,1.436185660179449,4.619635884798513
119.0100003548171,4.662645916855158,4.68075740716391,1.407615347599275,4.368966550171161
119.11000035511523,4.760137278394578,4.773255250295464,1.539078683161278,4.667669115241374
119.21000035541337,4.7400017567570725,4.757078329818137,1.403848030725885,4.365323280430597
119.31000035571151,4.724521675553903,4.734804699663742,1.8852394902206684,3.9826673725896606
119.41000035600965,4.5302252225495225,4.543562485860655,1.723815667293472,4.585587692825708
119.51000035630778,4.633088991794637,4.637326016924082,1.5057993069799687,3.9142507494278234
119.61000035660594,4.583787193496478,4.601434723115519,1.5116261966932412,4.071092947236858
119.71000035690408,4.570271850817881,4.593251084425689,1.3401723056530688,3.9205357063923527
119.81000035720221,4.6354190460467315,4.652283349498638,1.4076591897768125,4.362278194224294
119.91000035750037,4.693506162003814,4.703521286322723,1.8008048227765758,3.931145436026273
120.0100003577985,4.508258981055507,4.523846913665791,1.5922639468350066,3.011605447771316
120.11000035809664,4.576875610860299,4.5932440145759434,1.7830725301699124,3.7323900797835887
120.21000035839478,4.488831659536503,4.506687916456906,1.6921041143181363,4.396081788594028
120.31000035869292,4.5210517236821826,4.542818094853108,1.453114636046359,4.028835103515281
120.41000035899107,4.542653325583902,4.558878686980387,1.6913612155862512,4.254852694406771
120.51000035928921,4.6386988113901015,4.665882994592749,1.4733879521739046,4.175196354420847
120.61000035958735,4.598186886857143,4.61932761301485,1.4008795082576617,3.7420472934468756
120.71000035988548,4.580081467798374,4.5953455817809115,1.8537878133275347,4.228383805698513
120.81000036018362,4.454028934795329,4.479531781751537,1.4585519548477914,4.502873879442007
120.91000036048176,4.5246987043064095,4.553901401638606,1.2994581018669464,3.8877966793882286
121.0100003607799,4.60375699137558,4.635159513779346,1.2299081220580592,4.276575004347902
121.11000036107804,4.51375640116363,4.538294071175881,1.3490769647428396,4.617545362032222
121.21000036137617,4.507511606337473,4.530878460206453,1.3046539267514548,5.7745566271473185
121.31000036167433,4.441016340273883,4.463655564956227,1.4193568138608885,4.9661965477924275
121.41000036197246,4.46555154940481,4.489965384560367,1.1604051713026384,5.037160098886191
121.51000036227062,4.495534523551948,4.510994350924628,1.3393364545835396,4.631990474698698
121.61000036256875,4.629994879510467,4.639803166351019,1.3255384550764302,4.8841057829040535
121.7100003628669,4.469001368748375,4.487963975273499,1.5508341552380145,5.730531867021088
121.81000036316503,4.60223537369923,4.620339282236412,1.4091382019471579,5.5972079394412875
121.91000036346317,4.651146906063553,4.655764333616632,1.692519309662177,5.694853289303035
122.0100003637613,4.534787594952182,4.553334828993789,1.3190947801813042,5.679860645597851
122.11000036405945,4.509979989364472,4.526815416935367,1.377960525936411,5.087515773002189
122.2100003643576,4.548785873480959,4.56979333648069,1.2579493782786668,5.233967689313172
122.31000036465574,4.59684001174503,4.6282504048673525,1.3400407267421706,5.591577038769268
122.41000036495387,4.609212349519945,4.630024601996497,1.3825383947542051,5.201317627222758
122.51000036525201,4.70706144527615,4.725993888454452,1.769695494840182,5.106152887342657
122.61000036555015,4.634737090941727,4.66043448204969,1.27693707324228,3.002639296805138
122.71000036584829,4.671987332125442,4.693837922874393,1.4966979243165845,3.8259060475259954
122.81000036614643,4.635819421840637,4.655249602738107,1.4909816811111678,4.258381329372986
122.91000036644456,4.619315268956327,4.645910282297007,1.4072385446880316,5.298149161504513
123.0100003667427,4.585599270736347,4.610226666815979,1.2369687298173122,5.008762276708887
123.11000036704087,4.620542363459039,4.65443372360184,1.1545445841369735,4.306950898362096
123.210000367339,4.702712365689857,4.733750613944635,1.3221342508359168,4.578496355483182
123.31000036763714,4.630105479463387,4.667321412878478,1.3732679526067484,4.971920677507126
123.41000036793528,4.701983099851931,4.7393685672196195,1.3781878241673073,5.373101765540138
123.51000036823342,4.707464213334166,4.731500220427588,1.4888284375868592,4.978232591619093
123.61000036853156,4.576745947922255,4.60506076349879,1.1948584442247765,4.285618943823471
123.7100003688297,4.519882981981466,4.541589183198516,1.4609282590158126,4.478969929149627
123.81000036912783,4.6327334486593585,4.668088894060116,1.199219144363124,5.153999137201514
123.91000036942597,4.675347977131346,4.704996685912666,1.4416935179853592,4.994348072062307
124.01000036972412,4.694965599831326,4.727311689133354,1.4535495415147142,4.39248296044624
124.11000037002226,4.658116898462809,4.6887805482726135,1.6054079668715011,4.157234022680464
124.2100003703204,4.556150455986723,4.588735871985309,1.5812848109809672,4.48062914056936
124.31000037061854,4.648965442419413,4.678203808959774,1.3743498053083125,4.660586503570869
124.41000037091668,4.679061220439549,4.717518071437337,1.1923213371015633,3.8773388375524567
124.51000037121482,4.50389305177553,4.538504881987692,1.299493520151326,3.373466310424518
124.61000037151297,4.535509009892989,4.5667976171914715,1.3497900867447568,3.7703289904375676
124.7100003718111,4.566392642771327,4.601605812106662,1.306445853333744,4.087750676881835
124.81000037210926,4.48092884763544,4.502289254256757,1.8042179335039743,5.072857322307412
124.9100003724074,4.507169028458282,4.539741862840994,1.2779148709342856,5.040306273130357
125.01000037270553,4.668949512471359,4.701618111746238,1.3738516963903231,5.263262792364638
125.11000037300367,4.564146091720904,4.598486952162432,1.3515689581237726,5.455486801945578
125.21000037330181,4.458616201074538,4.493243200337284,1.297161232563082,5.907795293440274
125.31000037359995,4.527139171312847,4.556400063348944,1.60108733995922,4.239241889389725
125.41000037389809,4.6018546548926595,4.630483552415902,1.5748081454950198,4.886165116132606
125.51000037419622,4.531796063533602,4.557710461659639,1.5122951484842722,4.4231169888153845
125.61000037449436,4.740595036870487,4.767704113912587,1.2966962971293516,3.774252379177025
125.71000037479251,4.551269800553306,4.574411157387748,1.2791442255352088,3.2996912739423783
125.81000037509065,4.6425336848974865,4.673974442744162,1.5208013300946102,3.6054842394188515
125.91000037538879,4.519393112604414,4.549405510187312,1.3554835118211441,4.340322720160292
126.01000037568693,4.394137903947504,4.4211164631368085,1.2474473666284331,3.976548227535932
126.11000037598507,4.533098978077581,4.553482238285129,1.2398420600012134,3.709490386033718
126.21000037628322,4.44458052947401,4.463331203996611,1.5023619779867343,4.090999177239179
126.31000037658136,4.489969339979262,4.5134727835625865,1.2524487880431905,4.606045549310806
126.4100003768795,4.557400270638227,4.578332207219028,1.4607270615600787,3.3136395677110446
126.51000037717763,4.57957259490189,4.6025685829617435,1.3220173090084266,3.3693906002223852
126.61000037747579,4.553849577008416,4.578421040262834,1.6045033796305939,3.906677003463232
126.71000037777392,4.565315705585477,4.583923895448093,1.6448968997210969,3.656512075789705
126.81000037807206,4.51693827697138,4.532061729258056,1.3984117346259628,3.648414137244188
126.9100003783702,4.625881842675516,4.64972793687197,1.5094502412871669,4.199135453074349
127.01000037866834,4.555814625838302,4.576317930578265,1.3354884082295502,4.325485257658822
127.11000037896648,4.5566311344559685,4.582101607058239,1.508506329691954,4.450868064225202
127.21000037926461,4.509036756528604,4.530078851909398,1.337049374204738,3.5909608589974074
127.31000037956275,4.546782973210736,4.5650329195093535,1.2971760873244915,3.897151698808376
127.41000037986089,4.39165791660885,4.408592404987478,1.5022144740289272,3.5843560350169503
127.51000038015904,4.474213260354092,4.4898054242111565,1.2622496378685062,3.3633437397730996
127.61000038045718,4.4301218006589655,4.448270372809747,1.325358092329204,3.7469487861180144
127.71000038075532,4.464867416357973,4.482085319146727,1.5033240862881332,3.7852352528895508
127.81000038105347,4.565754352494106,4.590516965853057,1.2446011660507972,4.28189066990379
127.91000038135161,4.561554261739845,4.5751775892548405,1.3943868902715817,4.1933889840313405
128.01000038164975,4.570977175724809,4.59425991653498,1.039697914618399,4.126592543125388
128.11000038194788,4.480872405269431,4.491549460604936,1.1500514085697218,3.792048745917831
128.21000038224602,4.5561053899841895,4.563683394819017,1.496690710988001,4.261857565882667
128.31000038254416,4.644991942607684,4.653053834893168,1.5807706933003065,5.09243022106808
128.4100003828423,4.6162676128728855,4.629173333345271,1.3702883906281995,5.076179004321734
128.51000038314044,4.42473238034776,4.4424341261617775,1.2792337428460743,4.039122353987573
128.61000038343857,4.476410657029867,4.488972290340992,1.301722740534303,4.4054826812880945
128.7100003837367,4.418698401414802,4.436373180958295,1.4642406053705082,4.414497398536726
128.81000038403488,4.529462707855669,4.541663281955182,1.4787323170157545,4.254963228054619
128.91000038433302,4.515910057501368,4.5246042143555165,1.3868357650337284,4.952024488126856
129.01000038463116,4.488854858485841,4.503600455704441,1.5428388266876376,4.545881240053036
129.1100003849293,4.631257476754391,4.654526349577354,1.5128437694943229,5.84429489556694
129.21000038522743,4.563428955003989,4.5826832829062205,1.4760145177870163,4.969934077772074
129.31000038552557,4.671959312452128,4.691050089234387,1.4493380138452279,4.500532079763066
129.4100003858237,4.5412391000417545,4.541357468702069,1.5319932017248858,4.596244208163513
129.51000038612185,4.546550764645215,4.558306346337622,1.576440350407405,4.380380992581253
129.61000038641998,4.465606436540077,4.482734905626691,1.5424535567133195,5.143387503814551
129.71000038671815,4.445517235801333,4.453166160554747,1.4440055682258475,4.9961218370252904
129.8100003870163,4.587668032063574,4.585329359176764,1.712482686482903,4.457101126525242
129.91000038731443,4.407586512942926,4.405773633999252,1.6153607192939525,3.283862776909699
130.01000038761256,4.4600603596547455,4.46349490117182,1.6442390429136975,3.631811717849509
130.1100003879107,4.501613405052507,4.505319025872995,1.4693056966648048,2.843954544828311
130.21000038820884,4.510503569879968,4.518906772275579,1.4577601207772792,2.725504161735435
130.31000038850698,4.486775389857821,4.491532213269659,1.5209859333507483,3.4071441072904647
130.41000038880512,4.629750623511182,4.63065174375886,1.589160282288592,3.696244820908742
130.51000038910325,4.605806335771097,4.615761634326667,1.641884176835127,4.643860679014086
130.6100003894014,4.593624703212019,4.603432844847675,1.437483890967809,4.725155720350485
130.71000038969953,4.725281851934317,4.738064527809404,1.6927639610902303,4.073785092932461
130.81000038999767,4.665127148421923,4.677026207939642,1.5339012605308175,3.6731873191729645
130.91000039029583,4.6453184218359915,4.660537545411945,1.6755178269299753,4.6268417949588105
131.01000039059397,4.697545798765844,4.70086918813899,1.7652312538287478,3.6713681312118904
131.11000039089208,4.746340309697585,4.754530321560421,1.6487317709563674,3.528746501078054
131.21000039119022,4.743920765799786,4.7564627093036655,1.5646986119654478,4.722044518905421
131.31000039148836,4.766970949000997,4.779760020841469,2.079647789351747,4.240381679078392
131.4100003917865,4.707958575615447,4.728444054257241,1.412277549843316,4.211454433093773
131.51000039208466,4.732544768553048,4.751776662521368,1.4466448482083436,4.584562896558113
131.6100003923828,4.7660218880864065,4.78406689108615,1.605673250555066,4.3210912942339865
131.71000039268097,4.748318095751926,4.771682516406083,1.3313614997470182,3.2948257647931265
131.8100003929791,4.680862251825352,4.686198086914995,1.5879750045824812,3.6961981443712304
131.91000039327724,4.661905422918779,4.672230280177931,1.5391765441203649,4.346273582129073
132.01000039357538,4.641904373142612,4.652332771145413,1.403870040985019,3.2301689142483827
132.11000039387352,4.676350482877729,4.688231764639729,1.6964523614992917,2.5280462594242854
132.21000039417166,4.771526147649905,4.7901662021085905,1.6334224259309438,3.470063348321895
132.3100003944698,4.730678332065432,4.746774556726494,1.7138682009470059,2.7840296970467553
132.41000039476793,4.715448440347686,4.731647723151982,1.4329788838926427,2.9950698908001008
132.51000039506607,4.698679853125694,4.725234691571293,1.3891455849678485,3.3007420944374357
132.6100003953642,4.784847562869098,4.797662810240585,1.5541976013053374,3.9665988128449707
132.71000039566235,4.877508143185008,4.893229390009567,1.6288096927792899,4.457153331517935
132.8100003959605,4.734415780868855,4.75804249725736,1.6144809583429747,4.305731128344969
132.91000039625862,4.680424809661605,4.707957050721056,1.3506837834954641,3.6102564861022506
133.01000039655676,4.692969759631142,4.724521449283314,1.2793849160143012,3.5216830643202908
133.1100003968549,4.721452087919706,4.744785777401237,1.369227838149526,3.7333066556145376
133.21000039715307,4.625340115233942,4.657719803077931,1.1730857973484734,3.639119358434956
133.3100003974512,4.69605688676702,4.7323036626067045,1.246111915345853,3.432531693667768
133.41000039774934,4.669807862962032,4.700167445690711,1.257684086978154,3.1570130431998344
133.51000039804748,4.7267270585348555,4.753175838337096,1.3943861664376167,4.19078165335729
133.61000039834562,4.637612861797197,4.664171372672133,1.459752910885944,3.250531382365084
133.71000039864376,4.765737717647371,4.799534734944465,1.435388597077504,4.5694189343498826
133.8100003989419,4.705882908366119,4.733270979552506,1.3061330381123821,4.505639439572062
133.91000039924003,4.588991052442376,4.616396289819167,1.401725005792384,3.709318867572474
134.01000039953817,4.554766398688578,4.578990188572087,1.3361272217537168,3.5512719216111277
134.1100003998363,4.570978191594547,4.596103521956293,1.3565108831748107,4.149649811318858
134.21000040013445,4.693698754015906,4.726400469884409,1.2814495927503724,3.6719625712421458
134.31000040043259,4.664302808437008,4.701529643855013,1.233157477803938,3.7171363202781067
134.41000040073072,4.594944480731821,4.628566004505756,1.189178535092222,4.162610310778091
134.51000040102886,4.58083693023061,4.609262446136821,1.117808734232328,3.4124592679068693
134.610000401327,4.575649689889475,4.6012690300715215,1.5610024941641896,4.034976795181156
134.71000040162514,4.643398257741466,4.672677811715858,1.4768385530570216,3.185831321186852
134.8100004019233,4.653631146317355,4.677697531311895,1.3766861428944257,4.06034467867073
134.91000040222144,4.5158213620655205,4.541727353896422,1.3436517184807957,2.5057138105646866
135.0100004025196,4.60908597337614,4.632491449413772,1.5951810116508005,2.670998253164031
135.11000040281775,4.612292711328919,4.630255131054732,1.363067819063518,2.9731952065296485
135.21000040311588,4.6798600197339795,4.7072433595835905,1.3764407565613608,3.0566542856511365
135.31000040341402,4.717117173423974,4.734269745646576,1.1610469663550174,2.30042327584263
135.41000040371216,4.627436455661726,4.655520167559558,1.0480198530790203,3.2271033018649
135.5100004040103,4.612996298511548,4.634003500025655,1.0964659061146573,2.5771152307161342
135.61000040430844,4.765221818573265,4.782097456534347,1.1728105086445633,3.2740245088668223
135.71000040460657,4.699104929449257,4.725098422439335,1.4518164715169066,3.5490142029120166
135.8100004049047,4.71628151347033,4.737250583334949,1.4279697949527115,3.119143314152592
135.91000040520285,4.790808125733555,4.806107510550372,1.2758098066768888,3.3414275878049953
136.010000405501,4.8189586688094455,4.8425505114865475,1.4445465916531814,2.99059882847093
136.11000040579913,4.699018662450927,4.726383820108802,1.2545539058918616,3.0212482476570366
136.21000040609727,4.715837565003146,4.735310608920043,1.402497807985515,2.7149905215746766
136.3100004063954,4.70997974250796,4.729499855748785,1.343155324497191,2.649509584577664
136.41000040669354,4.625017689528128,4.653071018281718,1.3965175872653925,3.6355893554701373
136.51000040699168,4.726683055636545,4.744837654561901,1.6971697393325504,2.6524328678488827
136.61000040728982,4.761477937093279,4.785088069634771,1.3217074968014109,2.4459994216730223
136.71000040758798,4.800188807341835,4.825293739168065,1.359324171806089,3.035063594411526
136.81000040788612,4.8774422043008885,4.898007158076657,1.2520854377251927,2.7114613759903827
136.91000040818426,4.768772823720516,4.800976611632009,1.1545359282710221,3.0162938218260127
137.0100004084824,4.705549647644225,4.725702362373575,1.4158225445147878,2.8735178362228777
137.11000040878054,4.736276865593973,4.763578042258486,1.5169136488065023,4.066975436083731
137.21000040907867,4.644814370897816,4.667556783952812,1.553791890733765,3.2010117953520387
137.3100004093768,4.632642675795268,4.660779316682051,1.2173612191130354,3.563088058938349
137.41000040967495,4.671179419716452,4.705075945872839,1.3752551115948968,2.335518253541773
137.5100004099731,4.591215083607978,4.62506176222738,1.604219095232573,2.7593219475697914
137.61000041027123,4.736016311986099,4.766386814565195,1.3571341358530844,3.6696192213218355
137.71000041056936,4.741126089375845,4.7728451071393465,1.4604608832797448,2.612368973176252
137.8100004108675,4.669829760646625,4.69000024843476,1.5023854352654875,2.938129196932363
137.91000041116567,4.605139211446892,4.628483258575905,1.4809102353048733,2.2976689348549444
138.0100004114638,4.639509690292087,4.674535963847911,1.461194286401225,2.8478925105885886
138.11000041176194,4.707974219313147,4.725620476208689,1.6519352382648427,4.1448314811158
138.21000041206008,4.7157256786358825,4.742549553863193,1.4159935751939394,3.413441312067975
138.31000041235822,4.631305947376095,4.659792445731941,1.5448315571430744,3.1020137686026126
138.41000041265636,4.693795490136451,4.724340372068725,1.3867077244784316,2.9942830943634684
138.51000041295453,4.736327419985238,4.761151204810824,1.3557665317257346,3.028919422182067
138.61000041325266,4.729876663077538,4.75116013647048,1.3297443584738642,2.775692908552559
138.7100004135508,4.711167999075451,4.731040239002032,1.3812252704402872,2.8039518305316484
138.81000041384894,4.598287304137273,4.624534806598761,1.1299547048964058,2.113360451308463
138.91000041414708,4.749256483843803,4.773140379986459,1.3879029936214824,2.885615260581551
139.01000041444522,4.7307053271055315,4.75884580212535,1.2549627757876987,3.288807231853209
139.11000041474335,4.7083427572635275,4.737410339761128,1.4678375158896726,3.03152946793138
139.2100004150415,4.647844540490084,4.6672440991210165,1.7163677787015763,3.313257223130423
139.31000041533963,4.697825857159791,4.73237375322445,1.3343389053761316,3.6048426551786203
139.41000041563777,4.8131758854474125,4.836556955706582,1.466873564240844,4.11009261955819
139.5100004159359,4.6878588390909055,4.718520396164448,1.2694152694940917,4.176924063926442
139.61000041623404,4.7430170880380995,4.775296139290656,1.3255564605206276,4.52315832123758
139.71000041653218,4.74484885120264,4.770448253683113,1.3935726034954972,3.233479572277778
139.81000041683032,4.8356840366503056,4.8667518489185815,1.3412501205709633,4.381436224782086
139.91000041712846,4.818352166970765,4.858879576241259,1.1551732485048294,4.204533198835573
140.0100004174266,4.724394597712934,4.7514024677952404,1.4570089856176351,3.244156486565456
140.11000041772473,4.784158952815666,4.8157844090524415,1.3450784366204813,2.8713711342392982
140.21000041802287,4.886043139632957,4.918665309598625,1.410065621135183,3.441621645637686
140.31000041832104,4.952222396523447,4.984320123776795,1.260383687040836,4.520134390067094
140.41000041861918,4.95230593195384,4.990038018731254,1.1846045168772996,4.424276695451926
140.51000041891731,4.781425019692175,4.814547344821494,1.3102256415567313,5.339258790237419
140.61000041921545,4.945144082995391,4.966847863632788,1.7038987392971112,5.264529047859262
140.7100004195136,4.796934893131422,4.823962532502523,1.9333810056694194,5.703982011123744
140.81000041981173,4.794851359051254,4.812991613661052,1.9624819394328414,5.456282660328171
140.91000042010987,4.795464919721579,4.815679632662147,1.9808727428513833,4.2806133227821626
141.010000420408,4.912382409443443,4.932387652366502,1.8096195524045398,4.871426695447612
141.11000042070617,4.905505986001112,4.9151724058697015,1.9296148912509008,4.8452617360023
141.2100004210043,4.8901128345216796,4.904593724846543,1.4882486709025196,2.6229467204308023
141.31000042130245,4.727706604951524,4.749862857470205,1.4079210008156808,2.777185288649346
141.41000042160059,4.825375796495385,4.844593397574131,1.5628244551493955,2.776650940244392
141.51000042189872,4.713702425722809,4.7371377550429985,1.675148664864881,2.659249845333603
141.61000042219686,4.823191504865707,4.854770684952238,1.9747835794804682,2.695048294765921
141.710000422495,4.924965553961786,4.947062185433683,1.7345386997105954,3.5330984319262564
141.81000042279314,4.956749837553512,4.975028029355364,2.1703662593991573,2.9842537171893104
141.91000042309128,4.889181991501645,4.912603794584412,1.6707953252197214,3.9115049276180254
142.01000042338944,4.862324640976079,4.881646464244701,1.701802189914364,3.0428342572941163
142.11000042368758,4.8278263985935235,4.8486837058142305,1.4710830174074208,3.9492133775339013
142.21000042398572,4.890524194723229,4.920093119621652,1.382003459981264,4.410526830471021
142.31000042428386,4.844297917961453,4.859636566148308,1.831115814108121,5.234297548039088
142.410000424582,4.921178801064077,4.940421552183833,1.799980428139329,4.620739537212477
142.51000042488013,4.9245942897191926,4.94396476949066,2.302259165953765,4.974403092135588
142.61000042517827,5.0367471119365925,5.05932710145255,1.974652468878406,3.428662957011195
142.7100004254764,4.9841170329986095,4.996132464646876,2.1237109841564514,4.012447763590886
142.81000042577455,4.8731145862987475,4.889513454074382,2.074150458010516,3.800792538664949
142.91000042607268,4.8301213056148615,4.847032112788423,1.8818372671551384,2.7089627592486223
143.01000042637082,4.756655426124001,4.76948168944183,1.7376878509798097,3.4868521875335023
143.11000042666896,4.983660557361029,5.002246591675204,1.4588629405228628,3.7021220250734803
143.2100004269671,5.013130219536223,5.029796497984073,1.8625663312258276,3.7998993450027694
143.31000042726524,4.800548580714446,4.825546879562444,1.5790185574414466,5.440157542927694
143.41000042756338,4.987953338478046,5.017314968601122,1.3941817390357558,5.029225788387537
143.5100004278615,4.853524596672215,4.881122190900825,1.3571421918973319,4.4054148195583425
143.61000042815965,4.856531455140604,4.890016007131221,1.0514994039556116,4.410012179738105
143.7100004284578,4.745979688681087,4.7719051587733805,1.0953365165387055,4.9631609667722625
143.81000042875596,4.855811586425471,4.882158006531862,1.284792474724008,4.879437381610775
143.9100004290541,5.02004278585107,5.052728841500252,1.1199433174584772,4.921434224547345
144.01000042935223,4.958659125653657,4.9765135899443935,1.8176808154187454,5.359257265327858
144.11000042965037,4.882904486586271,4.906092910242703,1.6309926750987211,6.278886344509132
144.21000042994854,4.98513828332673,5.007213957212253,1.9264823594790201,4.146830778611351
144.31000043024667,4.954013807036194,4.974940692210952,1.8744060118491364,2.8722354418503837
144.4100004305448,4.9148231995096054,4.930661532573297,1.6637547638273553,3.6951333067451198
144.51000043084295,4.928631897192288,4.9455470060388,1.8313923111443073,3.837307733041457
144.6100004311411,4.899373068128679,4.916298410496278,1.6893051440433824,3.4709941531814885
144.71000043143923,4.912675517098751,4.933499942930946,1.6137828409103847,3.6559299693651353
144.81000043173736,4.8329446601708055,4.852076457248128,1.8599677730504756,3.609226276461682
144.9100004320355,4.925959724347121,4.945576275329986,1.8550809025033697,2.7879979238226986
145.01000043233364,4.964354277130245,4.97430365830299,1.7781865677124693,3.5974892499490365
145.11000043263178,4.98782846059296,5.005819967107516,1.7369715619407635,3.548610370565566
145.21000043292992,4.961854548692737,4.987915829616004,1.4096163537992863,3.4305256774324184
145.31000043322805,4.969793267086949,4.979834060915856,2.048233919237774,3.7144059963367013
145.4100004335262,4.941051679842088,4.974396799408949,1.5676555354275303,4.200342985500838
145.51000043382436,4.9189919738766195,4.939265577546098,1.6821032098525317,3.8331667923614186
145.6100004341225,4.767230994616882,4.780540338233902,2.125142574845309,4.459426599011894
145.71000043442064,4.845451619466077,4.867326744825065,1.6469027136410572,4.987728128555851
145.81000043471877,4.92834603707033,4.954677769317721,1.7998392238481722,4.115618853660352
145.9100004350169,4.995051182667475,5.011751792969028,1.7212021122335819,2.5913135576332964
146.01000043531505,4.985103334303598,5.00884722020796,1.6079335697681056,2.4053910838615753
146.1100004356132,4.910712242929021,4.9328697886204145,1.7950119126317405,3.637766589796046
146.21000043591133,4.933528475023372,4.955443626668005,1.7860855902892792,3.270571932212149
146.31000043620946,4.9259395401725765,4.944156440777098,1.7854641146925854,3.4617008373680394
146.4100004365076,4.899170036039666,4.915830536812633,1.8116938006319536,3.7859566553605344
146.51000043680574,4.958431936222522,4.97799058981071,1.9165662745708778,4.148543114152022
146.61000043710388,4.97930945351533,4.992819516041874,2.2111698779104807,4.666861410468452
146.71000043740202,4.972200647541619,4.993510233245615,1.9416050272180005,4.582238920847323
146.81000043770015,4.983794467121483,5.005859332940781,2.0677580997539957,4.425500942722495
146.9100004379983,4.948963542588675,4.968648694285205,1.980242329780544,5.080143972748395
147.01000043829643,4.951062983663522,4.97841750791332,1.9489565754131872,5.50023792305626
147.11000043859457,4.90688660334006,4.929242204608892,1.9431348270200675,5.330633622506405
147.2100004388927,4.993150211835831,5.0153678486031,1.813151390341269,5.077586703024248
147.3100004391909,4.954133533893722,4.966973145099278,2.242163328803503,4.133145913273875
147.41000043948904,4.881182464194445,4.894341242209264,2.2794280825739692,4.022004290514378
147.51000043978718,4.927596830292999,4.948722620621983,2.046329330063838,4.021441115105488
147.61000044008532,4.957273182768719,4.981809957507132,1.8956263700239713,3.7176979040620113
147.71000044038345,5.029608731929575,5.04459831830205,2.2732035754880973,4.214838681629608
147.8100004406816,5.009592427519768,5.032819016181468,1.5245004034942315,5.288200183833462
147.91000044097973,5.016375579950418,5.037292479097785,1.6713466607545668,5.342169670582414
148.01000044127787,4.989160834683243,5.001359064948205,1.9767458494350927,5.351601313287294
148.110000441576,5.095587499403591,5.110872096210076,2.1341340148477554,5.378609042500871
148.21000044187414,5.077855608647589,5.092238463694563,2.1075450975986745,4.313255315772533
148.31000044217228,5.025345156324913,5.045254746742781,2.103627144444724,4.60478820651723
148.41000044247042,5.0337221747139305,5.047118171714386,2.1165497078097903,3.9482651420840313
148.51000044276856,5.035984431430818,5.048443814349719,2.2090927427542355,5.460231957445839
148.6100004430667,4.999319170734084,5.021451048822794,1.9610018246696717,5.357614181234281
148.71000044336483,4.980749039200486,5.003780983454036,1.6656848129519137,4.983482609664245
148.81000044366297,5.063575381092916,5.083951965307716,1.8846932753051258,4.433881455465793
148.9100004439611,5.09902469980154,5.123887166845278,1.9287876779887005,5.397563059477179
149.01000044425925,5.064041222747585,5.089360739938985,1.588747755682431,3.7386640331038774
149.11000044455741,4.994894757516849,5.0185113243308415,1.7099430842130106,3.4509989187248835
149.21000044485555,4.941268429570416,4.956873289294666,1.9048331963683376,3.778708622355473
149.3100004451537,5.0688450204881494,5.085471019881068,1.6053194485755153,3.258861752287685
149.41000044545183,4.998986620378451,5.020758565556758,1.8229700050668405,4.5382243008507945
149.51000044574997,4.982784099845608,4.997012310241753,1.7123888571481545,3.0733521541762974
149.6100004460481,5.049135334936844,5.071146685896199,1.8839509915250385,3.688220034393768
149.71000044634624,5.065151409652837,5.088167775770095,1.7621214348639596,4.49750598058976
149.81000044664438,5.039286247070683,5.065558920754272,1.7366163910805643,3.2352928982848383
149.91000044694252,5.03359553904481,5.054735161492524,1.6635070093852464,4.342142232158427
150.01000044724066,5.036888833631486,5.051223126615884,2.0141583482228738,5.167704606339827
150.1100004475388,5.0150641416126795,5.030096418170076,1.5413447580025272,5.160985664718984
150.21000044783693,5.034255375630814,5.045087970941938,1.8102223403325823,4.9038622467201565
150.31000044813507,5.021471398112289,5.03708795170782,1.4457530262991642,5.5334442673180195
150.41000044843324,5.03549520061114,5.059506189678383,1.8982132769902085,4.3344304655287935
150.51000044873138,5.1102736922786764,5.138129866288912,1.3727725112596627,5.653176082914386
150.6100004490295,5.179943484530355,5.197439617514217,1.635573539602889,4.786022368684378
150.71000044932765,5.167649071295241,5.199942278911927,1.5747176894702004,4.968243793175101
150.81000044962582,5.008911880142724,5.04191409511982,1.4004159841615331,4.361188766207722
150.91000044992396,5.025527603869066,5.053162110097167,1.5240961630548773,5.582410045661048
151.0100004502221,5.012456650327104,5.036291210424191,1.7640603228161453,4.858097737539914
151.11000045052023,5.0095619370231494,5.043454600530795,1.7486799501946109,4.383076574266832
151.21000045081837,5.011337462374503,5.035061464589161,1.985114965672518,3.446318534979682
151.3100004511165,4.9806340309754225,5.0057688526391875,1.373185340507507,3.127245830083049
151.41000045141465,4.99730497955937,5.0308730498742,1.4492834731674473,4.095158807120871
151.51000045171278,4.975924818404209,5.008266277234365,1.2636838782358084,3.969657435795046
151.61000045201092,4.947438160343698,4.968281505039743,1.8549759985008023,4.461176077726713
151.71000045230906,5.062437711481973,5.087142500404111,2.2305903401871725,4.7743206022123985
151.8100004526072,5.065896079188648,5.089585466425179,2.1042371806775475,5.32993977071588
151.91000045290534,5.081151624737921,5.100799857638753,1.5696215292171525,5.792589382659419
152.01000045320347,4.980736716629665,4.998171249847015,2.412709137688811,4.920245951860138
152.1100004535016,5.062876453498492,5.089825539846698,1.7495809232534525,4.429971777319917
152.21000045379975,4.937002029964134,4.951367923411198,1.3472596508562684,5.138496820312371
152.3100004540979,4.8992719810530705,4.9102172697764725,1.4997582137370284,6.389374094049135
152.41000045439603,4.874670509416996,4.874815817559923,1.52052547892763,6.174714304688504
152.51000045469416,4.867384625267525,4.861289919046691,1.2794674455701713,5.739007769405578
152.61000045499233,5.015602933162075,5.0086710026412655,1.3544482735704182,5.4634900551009205
152.71000045529047,5.031779754821505,5.039091387658242,1.627531977587232,4.4853812459796085
152.8100004555886,4.8789588154503045,4.888352198188492,1.7946199314420934,3.070387729227106
152.91000045588675,4.859930449250939,4.868559231762461,1.9394534892286888,4.437701403226488
153.01000045618488,4.8514590136434945,4.859426003874567,1.6845342232310072,5.062016668969055
153.11000045648302,4.91674621360104,4.925893012352059,1.512697957301362,4.335668892641454
153.21000045678116,4.890356220123553,4.896034582613525,1.4897732593418131,4.672262822233379
153.3100004570793,4.887022754321102,4.898382272240491,1.3844325111651743,5.774160401202271
153.41000045737744,4.8783515221011875,4.897055710965561,1.3617578560541963,5.6769411047785345
153.51000045767557,4.875197731204146,4.884944677662478,1.4943717167357957,6.399906501618547
153.61000045797374,4.965247251867699,4.980589025519391,1.48475406592369,5.488318406450429
153.71000045827188,4.931517397193003,4.946579647722348,1.2776865640094048,4.93002031183058
153.81000045857002,4.960358604120853,4.966772454683151,1.0722412270164423,4.812599315919263
153.91000045886815,4.90907707771909,4.923669147280383,1.1777979209874438,4.557978909789034
154.0100004591663,4.960822170261504,4.979454712975628,1.2994226618557594,4.296844318760384
154.11000045946443,5.0212424605366435,5.031807295466207,1.261917928521775,4.384813867952099
154.21000045976257,5.021158029937058,5.032641194869573,1.6391897553842516,4.467570003265161
154.31000046006073,4.983951501982649,5.005900742728763,1.388792134781899,3.918462420565135
154.41000046035887,4.980693234217962,4.992492402190585,1.165063669253318,4.351263214298848
154.510000460657,5.009578861474137,5.039639164617408,1.0091489599533596,4.338504769736697
154.61000046095515,5.045446640660145,5.061460234080313,1.6344264731548457,5.622228747853678
154.7100004612533,5.033647259749794,5.065087480804794,1.5729810290185369,5.721254923108444
154.81000046155143,4.917120519956122,4.94214497706489,1.6147796670912862,5.488268315185991
154.91000046184956,4.961610190126707,4.983374032005188,1.631936594574858,4.548830668025151
155.0100004621477,4.963890753716119,4.978828853684432,1.615903523201229,4.8525663681199465
155.11000046244584,4.899373541582304,4.9102712283948575,2.058105044638216,4.420645251638197
155.21000046274398,4.915466222184993,4.922980816211503,1.8680639737263316,4.313180013574574
155.31000046304212,4.986765627055428,4.996473232708299,1.68373806503623,4.905123558555074
155.41000046334025,4.956669900279516,4.957231984399512,1.8071229895342347,4.866249258356314
155.5100004636384,5.066426102842477,5.081381809969744,1.694134619619765,4.951854552924542
155.61000046393653,5.0383352443844345,5.056179387036585,1.6356116517306025,5.125175988506323
155.71000046423467,5.021991957053633,5.026931356512788,1.2470379092205892,4.884440756847111
155.8100004645328,5.0509258958751415,5.070073084496826,1.3068712821880573,4.180464730966538
155.91000046483094,5.016303327570339,5.0141731510107785,1.8260377477947907,5.040542062294007
156.01000046512908,5.10698888009385,5.115693566371428,1.8154884623984973,4.534681100448582
156.11000046542725,4.951861454080804,4.965230999200693,1.7835431973364035,5.2394782252119345
156.2100004657254,5.1424016572101205,5.160813620936553,1.5282532759557772,4.852680504996672
156.31000046602352,5.067998192962956,5.068405553109211,1.8118979066127299,5.592442354305051
156.41000046632166,5.062619449856839,5.074385231048953,1.6677639827312172,4.313708274945444
156.5100004666198,5.143528575705895,5.132664966249403,1.8594813412973574,4.679004331356432
156.61000046691794,5.256718839702357,5.262665077699062,1.4627302151543489,4.611825110664422
156.7100004672161,5.254605007304742,5.260246067493128,1.9479938941809771,5.114728347646062
156.81000046751424,5.200323307875125,5.204760195070039,1.3831970478636544,4.907389036783099
156.91000046781238,5.148469419578946,5.152682927930622,1.8359920897070736,4.46415621168423
157.01000046811052,5.188258408123112,5.184108473626995,1.9457512485654718,4.572463874986889
157.11000046840866,5.235935715543097,5.219823643853223,1.8102884092444136,3.3773549188295657
157.2100004687068,5.204705866383891,5.202651860696901,1.3621537058255881,4.2669714853509335
157.31000046900493,5.069575983017184,5.069109851831101,1.6124779367364204,5.4992745672868315
157.41000046930307,4.971082028440728,4.978867000845679,1.7321613508755669,5.145880305810847
157.5100004696012,4.976314758195587,4.984292067599641,1.6541271864263254,4.244024610373544
157.61000046989935,4.954932639703867,4.9611225080712495,1.625555012118646,3.719844806661116
157.71000047019749,4.957676345054954,4.960744555674724,1.754504625197057,2.8028364264696775
157.81000047049562,5.075354341047511,5.081657579536749,1.2925309835073415,3.104494378567862
157.9100004707938,5.044615745546863,5.041297535393155,1.5316157513276307,3.1265911580691563
158.01000047109193,5.031210705721787,5.039184756925656,1.6147163297385743,3.8411884062113884
158.11000047139007,4.9800352486777735,4.983387709742762,2.170312568642764,3.5064494118444975
158.2100004716882,5.129866492458258,5.139912845271148,1.8748869813892153,2.7476408107376944
158.31000047198634,5.22346162380057,5.231377336883029,1.4353537989909049,2.913289667069381
158.41000047228448,5.392761321065437,5.400930346446222,1.5434383514364742,3.7687672727698707
158.51000047258262,5.288441406853516,5.3009386172176285,1.6100826995867525,3.4129705446297574
158.61000047288076,5.442827847873295,5.447251353662426,1.6546764204541726,3.2793967121497287
158.7100004731789,5.507745922678387,5.50101298893166,1.3733855062618066,3.759780500259292
158.81000047347703,5.28002360098055,5.292886737278483,1.413420333760655,3.671146563567781
158.91000047377517,5.3195900533853075,5.331974378706903,1.3345375986490289,3.8511307606198075
159.0100004740733,5.239384490672999,5.2532495182375625,1.462629879806033,4.408377301240049
159.11000047437145,5.264842411124198,5.277984192848959,1.5182279570070225,2.994447836336199
159.21000047466958,5.229593979062231,5.225504615662959,1.6581895432099922,3.9421560839303353
159.31000047496772,5.114000034368305,5.118127649343255,1.8168545802303366,4.912567931964832
159.41000047526586,5.212767681394982,5.212744087854394,1.5852291594123078,5.054613498624169
159.510000475564,5.167748191405551,5.175557301529687,1.8704487297699275,4.478716834630985
159.61000047586214,5.188333493429179,5.200004637564287,1.6854916354492775,5.076341273157443
159.7100004761603,5.15299994439954,5.167433462271597,1.9281818596123563,3.9569913704378044
159.81000047645847,5.1894348697692205,5.199213657341338,1.5034642483585594,4.455702521926169
159.9100004767566,5.239584495274404,5.2438286540332575,1.5576008980054692,4.3106639138762395
160.01000047705475,5.25231226388512,5.254076181585651,1.7386833031102051,3.896476476323516
160.11000047735288,5.246140682765495,5.2523509502923265,1.5990244430735374,3.6722835754785215
160.21000047765102,5.160404768177129,5.166681640832021,1.8201406199992705,4.366074390597782
160.31000047794916,5.277779447994429,5.277283272975953,1.9391716391827938,3.9688964381013063
160.4100004782473,5.081197822306284,5.084926812903344,1.913646102944067,3.918404324473873
160.51000047854544,5.072079807549714,5.080615338442693,1.5547769783899106,4.00778196618848
160.61000047884357,5.111362074798403,5.114098269475303,1.7898524133953118,4.108964203065941
160.7100004791417,5.178590607495509,5.178847351036283,1.6119919024312879,4.241622376162715
160.81000047943985,5.116429563138076,5.1171940877003035,1.6329518446816749,4.463852721803306
160.910000479738,5.20970593587552,5.2093776044875515,1.798667527790496,4.6497249500467905
161.01000048003613,5.182283896437164,5.1814513710913905,1.5651861307973722,4.480051705741
161.11000048033426,5.1971867912209655,5.193621945384983,1.75167510974886,3.7401022076413004
161.2100004806324,5.239300755896793,5.240015215417881,1.6934772379482286,4.385274129621584
161.31000048093054,5.249269324455381,5.2481514166277385,1.4608137697356474,4.563528170567497
161.4100004812287,5.1951219350218825,5.190164283720029,1.7580763304721643,4.247967537440114
161.51000048152684,5.178292842915486,5.184219317841082,1.5504173346675618,3.462630191696222
161.61000048182498,5.052593582345915,5.044183948991397,1.8773908212055186,3.8462260037935
161.71000048212312,5.233199360558604,5.215187699477285,1.7859264725543524,4.66831593211744
161.81000048242126,5.285660932975451,5.28925668643238,1.323046391110786,4.468143953992804
161.9100004827194,5.214503654172253,5.21237858209825,1.2886276098346376,4.711992644295238
162.01000048301754,5.306431190527865,5.306400224361716,1.6137178807579264,4.507121358276691
162.11000048331567,5.275705755603581,5.2545744882680925,1.4874513573419044,4.977021685196908
162.2100004836138,5.370836224742162,5.345886068062948,1.61016317083376,5.128211762434811
162.31000048391195,5.242861763650425,5.224940566393674,1.7985246367278331,4.448064466859019
162.4100004842101,5.212480100957587,5.19384973054334,1.2734296421861206,5.099605695524342
162.51000048450823,5.3727059683248255,5.358827036332095,1.2516764871334467,4.4621980785977104
162.61000048480636,5.2446552758706915,5.224648171273117,1.2823708404401182,4.599692716648318
162.7100004851045,5.274130662915042,5.25778637984282,1.1416899620784624,4.084264373136246
162.81000048540264,5.322177408951599,5.290290558138624,1.3160422521847612,4.680056700845372
162.9100004857008,5.246051570826906,5.222353973285302,1.8201979927287348,4.168894726946415
163.01000048599894,5.104269408839612,5.094906634141545,1.4657114934411526,4.0173114706221495
163.1100004862971,5.069814845603494,5.075776577676254,1.5433094476595846,4.412989132691455
163.21000048659525,5.216933887179789,5.208678065280156,1.4250991868956642,3.874627299910636
163.3100004868934,5.116732093612581,5.0958179219712765,1.7426301163902438,3.9464397566939153
163.41000048719152,4.963767105161088,4.960389172461016,1.3554581115992208,3.986573238584851
163.51000048748966,4.915811863305167,4.923124862680362,1.5125486519985936,4.497217381860744
163.6100004877878,5.026752691438577,5.026754323763996,1.63295175016958,4.192440955827743
163.71000048808594,5.06395589123485,5.076429935780399,1.6424363943734648,4.4479673351319775
163.81000048838408,5.085228709182145,5.096366391723744,1.1515958769049748,3.577228351403408
163.91000048868221,5.115636503609247,5.114132661225081,1.4617259694201992,3.9509231794049664
164.01000048898035,5.178069538117325,5.183795423964709,1.4378578962155688,4.5687005280015605
164.1100004892785,5.161327451218259,5.160646598558298,1.7155070654971867,4.249956791701962
164.21000048957663,5.233916081552921,5.225517317548365,1.4369648548831448,4.110630523846998
164.31000048987477,5.073551647401358,5.081282944500297,1.6119976485075833,4.445281987321878
164.4100004901729,5.014170529801167,5.019813306324896,1.390597507395939,4.128784847601899
164.51000049047104,5.043192427118374,5.051024508537042,1.9079981640363826,4.3336584274377365
164.61000049076918,5.202614471330143,5.202428081019602,1.6110461255459085,3.933134096891702
164.71000049106732,5.225422019135189,5.2130454786344576,1.760379715546517,3.732648377984343
164.81000049136546,5.198362713638778,5.190399691391814,1.6661198913510977,4.86716619238607
164.91000049166362,5.120596480747151,5.116608722941785,1.6075072982159484,3.7415341111665357
165.01000049196176,5.3632876808884875,5.353945889007111,1.7804298083401209,4.458125347870156
165.1100004922599,5.147720985985749,5.127375448171581,1.791259393612889,3.528775279507305
165.21000049255804,5.271462858335969,5.2594813879805296,1.6329318292941202,4.296680834612621
165.31000049285618,5.319743381239634,5.307408249409978,1.6377030186294106,4.581675677664955
165.4100004931543,5.264274039726551,5.262164549504476,1.6824826723312398,4.351730215220636
165.51000049345245,5.185978231713952,5.180481586193329,1.6322626890981229,4.021006645744101
165.6100004937506,5.2451889263179465,5.244376680584527,1.9169697478645293,4.48824999201597
165.71000049404873,5.206709122473019,5.190124916182227,1.7227096163317532,3.3638050466937837
165.81000049434687,5.26706361735119,5.261000144404518,1.6572210806969616,4.009179862980101
165.910000494645,5.3327332576929845,5.324206887804343,1.7307507563037299,4.183922326711254
166.01000049494314,5.240637268622698,5.233878111980206,2.147253291268594,4.344609352888392
166.1100004952413,5.330216779450618,5.324129188860065,1.8334465379984226,4.644200951829221
166.21000049553945,5.2933637480911235,5.283175769663521,1.926904731452244,3.9823721519820148
166.31000049583758,5.290732773217288,5.283234883244574,1.4707789972004488,3.5100695346026685
166.41000049613572,5.4517206182805795,5.436900345142298,1.9316057691725772,3.42363354075418
166.51000049643386,5.338144501092145,5.329968583838132,1.8904989605466203,3.332110476990466
166.610000496732,5.301180623253399,5.291669738031998,1.7150760445027737,3.593517614944568
166.71000049703017,5.221527037649638,5.228789367338928,1.6882261363761424,3.717795852738689
166.8100004973283,5.4100375032981685,5.405666869608576,1.5001996968030455,4.505677884552245
166.91000049762644,5.391469451249647,5.373158146420957,1.9240754543924588,3.0509513245744655
167.01000049792458,5.312896746460168,5.293436488829889,1.8237732359133934,3.405273270897878
167.11000049822272,5.317358128567085,5.2999733478873425,2.2205133080796693,4.007502346178712
167.21000049852086,5.30745731647987,5.282084444792191,1.9037005374905809,4.108500934505845
167.310000498819,5.267405363152106,5.2542511979361555,1.8611370458426661,3.627668787321383
167.41000049911713,5.2702572498111575,5.262382942866534,1.9763597458206874,3.7576473552373404
167.51000049941527,5.275848908597118,5.2732227400427165,1.8343867124092568,3.633181289802905
167.6100004997134,5.539114150024907,5.521937726065644,1.6505179466358477,3.9289824812914085
167.71000050001155,5.5900990932815136,5.57413215272159,1.8808803837599686,3.89275968124275
167.81000050030968,5.363548115819165,5.358272025552481,1.5094893144783437,3.866930898315887
167.91000050060782,5.395229944897152,5.385134814183211,1.4712752384607184,3.851953830196636
168.01000050090596,5.457807773438993,5.455476035050961,1.6248725535899249,3.413192975924597
168.1100005012041,5.69741065222896,5.6899563977574985,1.8059916799687352,3.3009008712805232
168.21000050150224,5.603775505511003,5.594023633966236,1.4784508936436183,3.3718737368186043
168.31000050180037,5.549488084228233,5.550087819759137,1.5813128085808859,2.7325208477534617
168.4100005020985,5.521687017609663,5.519983803188673,1.8941371414534196,3.760298893392632
168.51000050239668,5.36130950657992,5.361089432316753,1.9083378429562796,4.224952148577494
168.61000050269482,5.362520674572046,5.354809769979901,1.6226867439071653,3.4713948604340974
168.71000050299295,5.369665574057132,5.369252572742055,1.5879002982109238,3.4161297025435826
168.8100005032911,5.46558462854153,5.4581428888474965,1.5584829627698917,3.443683588927382
168.91000050358923,5.374227257656639,5.369277554674486,1.6898718226210083,3.4043906097054557
169.01000050388737,5.413132605677826,5.401268069997761,1.635972183719592,3.2512794370491913
169.1100005041855,5.477018661470136,5.456269323356841,1.7098580574831042,3.4134509696321005
169.21000050448367,5.468229874658361,5.442536762631034,1.514405584274613,3.567111888049618
169.3100005047818,5.540393508631159,5.517598066788132,1.7668488823983879,4.522140134846308
169.41000050507995,5.5039805669438655,5.481928090764117,1.686350262505363,4.736318531923706
169.5100005053781,5.666200032696219,5.64384254830724,1.9962101332034614,4.974106596729322
169.61000050567623,5.56195872199999,5.532808552762237,1.6013814247291964,4.574162471430694
169.71000050597436,5.7359764919979765,5.707813343511934,1.6479460524067728,5.7563227203790515
169.8100005062725,5.527884626200617,5.507000306879462,1.6768597737419046,4.671279667030977
169.91000050657064,5.390571566786503,5.351814153351397,1.584638820009697,3.938538618648874
170.01000050686878,5.547141529999515,5.5127987172932205,1.5814616901743985,3.7795959620079436
170.11000050716692,5.657576997625046,5.639381279592201,1.6205523856019233,2.7429905874385465
170.21000050746508,5.537607768386517,5.515811856365767,1.5543153880400493,3.4621809696352814
170.31000050776322,5.578578684014926,5.557276507697495,1.4039049766839322,3.9425994193874367
170.41000050806136,5.5415942854233355,5.530128047713354,1.7288469481574154,3.9535896965880943
170.5100005083595,5.260932504837605,5.265511115356046,1.6322124768645114,3.8674673996038718
170.61000050865763,5.353914392134097,5.351233601439112,1.7465619096227676,4.368242655798435
170.71000050895577,5.3744149139223785,5.374243274724542,1.6532918369554743,3.632486459927964
170.8100005092539,5.682665342747171,5.6691773172500906,1.5153386160095166,4.7269624147297185
170.91000050955205,5.624584610850721,5.608231500817133,1.6258543462000563,4.908785468980189
171.0100005098502,5.574152038833593,5.55030719890542,1.5176186537203196,5.137945654558278
171.11000051014832,5.663869557038413,5.641779015250599,1.723115944666916,2.48527582867391
171.21000051044646,5.625559713432423,5.589248282912856,1.792115858625747,3.9998600435872205
171.3100005107446,5.617596653477413,5.5829925740410165,1.5149282832081206,3.201159791631666
171.41000051104274,5.554192870775093,5.532259878050018,1.5354492920615839,3.8995686603293125
171.51000051134088,5.642173638372803,5.622599847824109,1.5649194177045904,2.8177775296668686
171.61000051163902,5.468332071931822,5.445647108387904,1.7995623964460241,2.3106287964505583
171.71000051193715,5.192335461320794,5.179487371050831,1.7799923989661626,3.1102381441108973
171.8100005122353,5.236396972050725,5.235747683376862,1.7603822370074187,3.566223463610298
171.91000051253343,5.277963512629074,5.26863847531238,1.7280259538635256,3.1286519182323786
172.0100005128316,5.173674078343916,5.176675718822143,1.6910268654238763,4.831055014892938
172.11000051312973,5.249456107772714,5.247068663956692,1.7073386966103465,4.527933995860861
172.21000051342787,5.119433788064064,5.134126756772258,1.4649174645431022,5.538836278617294
172.31000051372604,5.0271311969943975,5.0290759134725675,1.523593486701685,3.392960011764403
172.41000051402418,4.959946640011243,4.9754365979867,1.7316722259537343,2.6110755736346523
172.51000051432231,5.021878119873019,5.028985833533032,1.9340717064849917,2.882606181848669
172.61000051462045,5.0404999353855,5.037339260012438,1.4860928697537499,3.6598813108378927
172.7100005149186,5.206018806466002,5.195293236247136,1.882594018668664,4.55587080911043
172.81000051521673,5.053195080098104,5.041445472855191,1.6574702645875685,4.643190077883741
172.91000051551487,5.233493837487006,5.219769353252358,1.9976490461673975,3.5939781152073165
173.010000515813,5.158811119619099,5.153075659527256,1.569761100394104,3.179428926286014
173.11000051611114,5.106691746343658,5.107274796957109,1.6286256954329876,3.456039954676514
173.21000051640928,5.135249118599574,5.109492670355519,2.1280651893958833,3.2329186888630383
173.31000051670742,5.150577088899543,5.118748981156078,1.6313369473251722,3.7122073514478098
173.41000051700556,5.092203105071763,5.078268559106672,1.8196947530706964,2.598969448904202
173.5100005173037,5.018559656574443,5.015010115190398,1.920198396580557,2.4401431498817776
173.61000051760183,4.930831893356368,4.9465822407513675,1.8977820337202447,2.731468048649129
173.7100005179,5.02296368916197,5.034249054017424,2.185208990058189,3.822277574293021
173.81000051819814,5.143329702059471,5.1630833788257755,2.0277335465075677,3.1148358878095372
173.91000051849628,4.991634610074301,5.002645996219876,2.0799216793938125,3.3025837363877164
174.0100005187944,5.020394863454241,5.026662664267216,2.0112541474313637,3.929155753076975
174.11000051909255,5.070634360801185,5.078263576818961,1.4313759904266354,3.7556008369641765
174.2100005193907,5.003732194630688,5.017970855509187,1.475033277607679,3.1109827205955827
174.31000051968883,4.880376107235723,4.893102783569583,1.400112631020461,3.961886728587519
174.41000051998697,4.850463908032288,4.864425753263342,1.8156520544847845,4.0034907929805446
174.5100005202851,4.921232819688753,4.928840389918179,1.5811047883246323,3.022626347201287
174.61000052058324,4.997397231460432,5.0028466233045314,1.8352160736827083,3.894107324323313
174.71000052088138,5.0252553064415295,5.0251364930145535,1.5780255598660915,4.866153438804722
174.81000052117952,5.037475727631593,5.044585900960455,1.5755850634944637,4.234168721432325
174.91000052147766,4.972831681601718,4.983188848534214,1.5533189087170336,4.988530226423975
175.0100005217758,4.963549944750136,4.972041598349195,2.1269761630478756,4.46776680624356
175.11000052207393,4.95687544591865,4.963828522823901,1.6845732469414214,4.218441325697233
175.21000052237207,5.0074743767403405,5.026167617984182,2.0327061274187863,3.0933362824776447
175.3100005226702,4.960450898408937,4.972434680974081,2.1241735588993054,3.025958453036586
175.41000052296837,5.086586382257652,5.100234039938539,1.4584584478738076,2.9594560675722628
175.51000052326654,5.0238694068654395,5.029029364201994,1.7098479274240044,2.889387092267772
175.61000052356468,5.057986452392744,5.062065039762582,1.3220355307532357,2.620891723305297
175.71000052386282,5.119519885598567,5.128777371146851,1.4551620301846682,3.3108965088529563
175.81000052416096,5.109510905710986,5.114246776199415,1.7600868096735742,3.7857361604663406
175.9100005244591,5.037995865821442,5.049406711202588,1.5759258732214427,4.499534792042466
176.01000052475723,5.013773354645516,5.0255243538709315,1.5474182121428337,3.7791079965916134
176.11000052505537,5.059760137376279,5.071281637411248,1.4949250600711335,3.9129763091710394
176.2100005253535,5.085554075379671,5.0899144639929865,1.542666853704452,3.1889556939814634
176.31000052565165,5.113215605541253,5.116066431365699,1.1628328961063037,3.571077169122373
176.41000052594978,5.097740487914223,5.09835559053876,1.4126599251292473,5.773175084313676
176.51000052624792,5.0597807573883795,5.064239338399699,1.2894887527860672,4.315594539656588
176.61000052654606,4.97802945849592,4.979354334214882,1.4360110634293157,2.6398606858826943
176.7100005268442,5.065870581596374,5.069623393996127,1.2844050322747997,3.078136283679846
176.81000052714234,5.118002749391149,5.110690025811489,1.5151100749299624,3.730302024410447
176.91000052744047,5.159070424545022,5.148133254297299,1.445496047804807,3.8699932730352535
177.0100005277386,5.1337917724526045,5.135667960910408,1.466579492707296,3.279691404387966
177.11000052803675,5.20122723832764,5.196605830697874,1.5065929613019537,3.4198040274573565
177.2100005283349,5.312046947599271,5.294375494191057,1.5673158694929257,2.761664130821725
177.31000052863305,5.322071966480637,5.305340779341659,1.7157337452295331,2.6987774003172254
177.4100005289312,5.295485364709938,5.2859092108685815,1.6352394392490368,3.032671622486682
177.51000052922933,5.188638912906424,5.188873163454214,1.6101410494363657,2.832346032606486
177.61000052952747,5.285053222154934,5.279552575497405,1.6490317525730245,4.351393783881396
177.7100005298256,5.418690316497677,5.411763789621093,1.6479805248388029,3.47044334622953
177.81000053012374,5.446779516614219,5.443041747712669,1.685153370964146,3.7536488339210905
177.91000053042188,5.380362019678148,5.376515992936926,1.6095975045785644,3.718773481199754
178.01000053072002,5.285854377559803,5.292417672428126,1.5325166656089697,3.1624347392851337
178.11000053101816,5.18431411776044,5.1847069686100316,2.143797094281715,2.2374138866756437
178.2100005313163,5.171355275227566,5.169485303228307,1.796666930033268,2.417329929554853
178.31000053161443,5.1339036790339,5.137092693443015,1.9430042066827358,3.054365359464013
178.41000053191257,5.324114975542644,5.332837199980449,2.1441463329465265,2.90370743259045
178.5100005322107,5.212190728469817,5.229298853496685,2.036366892676121,3.5620607375274735
178.61000053250888,5.068299057697007,5.089188330224177,1.7628812276275432,3.6624856406208997
178.71000053280702,5.030712203742873,5.052145237627218,1.678497865648261,1.9067829506832783
178.81000053310515,5.0852561365539986,5.105605778538524,1.950954516594135,3.9361447226319104
178.9100005334033,5.0969896126484295,5.107430303303136,1.8669204423207737,2.613991457186861
179.01000053370146,4.958747950341933,4.973787987166545,1.9182339601942135,2.8959575461392424
179.1100005339996,5.045343746140189,5.063361057509753,1.3267985624662593,3.742404838857973
179.21000053429773,5.186198701455325,5.190186828189427,1.7990186564637,4.714790470733836
179.31000053459587,5.196120088691093,5.212597814756181,1.2926612277025529,4.068088565457193
179.410000534894,5.173070079911981,5.182808477192928,1.4980660300751598,4.654041962351541
179.51000053519215,5.126790202387212,5.1427994844468685,1.77990839962852,5.141612563160541
179.6100005354903,5.110133120744528,5.127425805413239,1.501135914923024,4.129972694976453
179.71000053578842,5.089828625272749,5.098348141206875,1.8944217365302554,3.7671784579323186
179.81000053608656,5.085312565567612,5.091834507445551,1.6923082211037932,3.633738180411867
179.9100005363847,5.0437474464314755,5.04941786882897,1.9282008338899994,3.5506509683838585
180.01000053668284,5.054716851374415,5.057729387575052,1.6147090552535688,4.4838274922465695
180.11000053698098,5.124782103100908,5.132504704142057,1.489703685851432,4.807452992395619
180.21000053727911,5.1510068594114875,5.156080892813593,1.387129635253082,4.467657872989236
180.31000053757725,5.084566604898329,5.098235777630781,1.5779832576145922,3.7479268150418847
180.4100005378754,5.211711755713,5.227323834378953,1.3229920387625338,4.308948523298984
180.51000053817353,5.317951770094495,5.322620756513382,1.866447452989503,3.905491738204756
180.61000053847167,5.314578200366066,5.3228395571950005,1.3317836136315404,3.61599667188341
180.7100005387698,5.230301667881207,5.238967845897285,1.460161022296627,3.2767542460266554
180.81000053906797,5.227097011362234,5.231820469304112,1.2105264339921458,3.604462752351374
180.9100005393661,5.301954545036799,5.301433557473639,1.6057174758574289,3.8943366771629178
181.01000053966425,5.28934097168919,5.284684866908274,1.5732364056552626,2.9838581322962403
181.11000053996239,5.443484620062217,5.443455895599425,1.7540030883342848,3.4662862368238057
181.21000054026052,5.393453619767242,5.376584552279291,1.5521121897910268,2.1834290056425876
181.31000054055866,5.393623218126179,5.385858420468645,1.3498093253892554,3.6130510827498896
181.4100005408568,5.209947953477657,5.207561916032476,1.3006205937500372,3.737869475498646
181.51000054115494,5.1197213474975,5.128983789612533,1.183037714397391,3.0287286914473994
181.61000054145308,5.273610951974584,5.279076116084181,1.2249488951498553,3.803641598611315
181.71000054175124,5.260760393516008,5.257872066076004,1.5230567029844853,3.2283542423333365
181.81000054204938,5.280256024897704,5.273765975266411,1.308779204142469,2.8014375653716526
181.91000054234752,5.397939528702243,5.390994638183411,1.543633526595122,3.2665535423070335
182.01000054264566,5.306253355231625,5.297770224284595,1.374053401447731,4.793943829815857
182.1100005429438,5.37159333768398,5.364495940193838,1.6929890581530007,2.785186384608312
182.21000054324193,5.279852531433648,5.286116792550377,1.2175935531193414,3.4631736989634763
182.31000054354007,5.260585909872504,5.2653859531518865,1.36286542938891,2.9015165597041594
182.4100005438382,5.172799734318458,5.188796121852564,1.2148487493438063,2.348344603479752
182.51000054413637,5.244926315429106,5.255835378977414,1.6138244641498265,3.875378809779188
182.6100005444345,5.345757360544803,5.351094244951553,1.746626702186563,3.3958332616488063
182.71000054473265,5.385516664145729,5.381333040007129,1.7138446355644394,3.7332398878737676
182.8100005450308,5.272288283863378,5.278516675332693,1.7584993416778736,4.03221208605285
182.91000054532893,5.219912551522072,5.228856297219143,2.011081834420952,4.232936393021906
183.01000054562707,5.299185263491118,5.323357784399179,1.491958878586849,3.9695653449440313
183.1100005459252,5.195813223554978,5.215705160936772,1.4263104497994887,3.898141402427486
183.21000054622334,5.408658169867745,5.430180841711536,1.2470814871487796,4.019405058711168
183.31000054652148,5.3154641659839905,5.336647434622367,1.840401173625179,2.91940889578807
183.41000054681962,5.233210553116799,5.255976784075546,1.8757178185432253,3.020518050601281
183.51000054711776,5.229218566011512,5.251095733021789,1.6293897245553077,3.361315385578468
183.6100005474159,5.269275743363841,5.28450838039256,2.0441236245998806,4.11836003977955
183.71000054771403,5.284969422065656,5.302007285733373,1.7465467030038622,2.9603472251703327
183.81000054801217,5.416407331566717,5.425994661032168,1.9530468273437225,2.5940164769202276
183.9100005483103,5.323676658411123,5.337167832204285,2.009743687111465,2.377445051308982
184.01000054860845,5.366067769879605,5.378866863122572,1.3921338968130705,1.9375654956912125
184.11000054890658,5.391346902702204,5.403225516558823,1.7594264187322606,3.3533069013686703
184.21000054920472,5.2633249855420905,5.281141176901502,1.7178779881990183,2.5737175432139257
184.3100005495029,5.29910619359083,5.314780569710149,1.907330252014799,3.4450055054513062
184.41000054980103,5.394960279092003,5.411319571853397,1.8632758139445058,4.482575746275623
184.51000055009916,5.279900392496319,5.2982278645793865,2.0090446517612093,3.0196422147566877
184.6100005503973,5.403054418407823,5.413117018980399,1.5530890038536878,3.024433400252816
184.71000055069544,5.311870033851118,5.320899230666422,1.9315718171921203,3.410883671652202
184.8100005509936,5.343517211047042,5.352734743495842,1.777368104685248,3.194459447682934
184.91000055129174,5.409344945959097,5.407953477284193,1.8925458235318198,3.037673779445082
185.01000055158988,5.3938936040951475,5.410044877926868,1.315630964099283,2.656699693402834
185.11000055188802,5.4020918644952145,5.424940453533884,1.4821294720577396,3.3191385174137498
185.21000055218616,5.364249554115636,5.386835264154536,1.228271390119678,4.236643648694604
185.3100005524843,5.2241610900322435,5.245520871947687,1.5922540200207547,3.0917908807146945
185.41000055278244,5.209074634090384,5.232337921508724,1.757365036496182,3.880996181789665
185.51000055308057,5.112715656835938,5.128858215556693,1.5819114672155377,3.301052352102556
185.6100005533787,5.235350207656338,5.24735845147683,1.7019710978698612,2.4735720956143687
185.71000055367685,5.195443144239959,5.208660161373813,1.5019328608763705,3.063904423711274
185.810000553975,5.3152817177690395,5.326315293907575,1.5166921937039437,4.0565034144226555
185.91000055427313,5.31545153600588,5.330077356744018,1.3578828121779989,4.032381540153978
186.01000055457126,5.435873551028297,5.439790589639278,1.585427185105266,4.402127303442314
186.11000055486943,5.374442496841394,5.373464333712308,1.6803221895918408,3.958684226094172
186.21000055516757,5.385613379501725,5.391477532967188,1.7616868097957852,4.1099083301152115
186.3100005554657,5.450708542651278,5.45559016882907,1.195510799095242,3.6031076657313745
186.41000055576384,5.321713085189715,5.333252543401695,1.7034236438718218,3.7517778295669655
186.51000055606198,5.402494542425505,5.418051209727799,1.876559455320853,4.377947510007572
186.61000055636012,5.327914303420481,5.34047227236195,1.8155459492698602,3.451419193570423
186.71000055665826,5.117971149344832,5.138094686820387,1.7220125611273918,3.6687681545634856
186.8100005569564,5.08531441084134,5.101263699660629,1.734169844734158,3.86371989043958
186.91000055725453,5.173819559313871,5.198608869419082,1.6148979348911332,3.8206695818355
187.01000055755267,5.319770376202641,5.343955264999497,1.5629310333466002,3.9653280108161963
187.1100005578508,5.147890466399484,5.167790183305256,1.5648623611412649,3.3105006211352386
187.21000055814895,5.167616156142983,5.179762001150618,1.7556861648739575,3.7340173246527324
187.3100005584471,5.213712233328275,5.218255397862837,2.0653627776002454,4.717852183274752
187.41000055874522,5.254864026309477,5.275008731329603,1.5486345387677702,5.499985306143607
187.51000055904336,5.199438940158837,5.216492515408193,1.862533113584572,5.659833999125513
187.6100005593415,5.184228142100206,5.197410239127136,1.826954680291182,5.3534378048877835
187.71000055963964,5.120212263989746,5.147590647651543,1.6342228911881749,5.2986454498421836
187.8100005599378,5.148634324375341,5.172561359202864,1.7303871674645246,5.537311456874165
187.91000056023594,5.10565949985883,5.124925774407528,1.8764628154316487,5.494215698321653
188.0100005605341,5.113617962345622,5.126600175472678,1.660796973207883,4.830036392445124
188.11000056083225,5.022558233528442,5.031999565928828,1.7517306503348067,4.403183871396675
188.21000056113039,5.114872059389769,5.126976410834666,1.9770130772911334,4.220514488389102
188.31000056142852,5.030653748124126,5.050460829614238,1.6582019200834932,5.055152487219818
188.41000056172666,5.042587866527925,5.057224037794798,1.5030962903815144,4.743304164587894
188.5100005620248,5.055843205612711,5.072983004248123,1.8134634223214605,4.628931513442654
188.61000056232294,5.147191957590549,5.168898193856161,1.7629883986976598,3.3129968969531007
188.71000056262108,5.156189899388143,5.172890959606488,1.7154756771149224,3.0247965627702564
188.8100005629192,5.27794350136385,5.290348368643188,1.9977968354617814,2.7385819315092297
188.91000056321735,5.272177648126107,5.279154953068061,2.0312719862533823,2.79861463799371
189.0100005635155,5.201927890690543,5.210866483231312,1.8207500893316024,3.2326871872889
189.11000056381363,5.220890581276031,5.239933255395524,1.8667496717323386,2.8627558162806648
189.21000056411177,5.179552730681255,5.195494105827439,1.6505156280284423,2.1756857783474444
189.3100005644099,5.121334709865553,5.1267371165957805,2.2310405518787286,3.6633052155951997
189.41000056470804,5.227310828894105,5.2394768753434,2.0429619902456078,5.354461804582298
189.51000056500618,5.305690164133376,5.315773238811672,1.757351878822895,5.102215191170018
189.61000056530435,5.338535101529773,5.345316202896806,1.8191119722767963,4.376372781455126
189.71000056560248,5.26128196083973,5.278776012529689,1.6969058040224287,4.702308605455832
189.81000056590062,5.26716587858207,5.271705107965022,1.656930208067171,4.456726818263463
189.91000056619876,5.222071792656273,5.229032135119566,1.7649077327428777,5.305006074369553
190.0100005664969,5.265056922347286,5.272732087913341,1.8860994481733324,5.132618282765873
190.11000056679504,5.228274344651039,5.242676791231918,1.8435255885876436,5.619975432270621
190.21000056709318,5.30686004183145,5.31826402016702,2.2200280176385436,4.948861204913795
190.3100005673913,5.221773316400985,5.237584587106337,1.9122101612496616,5.000219353189761
190.41000056768945,5.228823761663917,5.23891451482791,2.2581943240732048,4.584674677845976
190.5100005679876,5.24174907286239,5.258714485749238,1.5039482503309176,4.136851372488183
190.61000056828573,5.340547288492142,5.352081986033755,2.142748996265444,5.018803031662898
190.71000056858387,5.322676598067984,5.344358985354459,1.463122425504403,4.673502256802945
190.810000568882,5.236319754247826,5.255296652812457,1.8986802213472687,4.926981627207112
190.91000056918014,5.296388122558902,5.3052863303822875,1.9759047451261877,4.697425776713385
191.01000056947828,5.176397259961386,5.187038400023351,1.9908751602080095,4.194098545557644
191.11000056977645,5.250519099546288,5.25565637385801,1.9209468696748724,5.113101003639339
191.21000057007458,5.138950179927425,5.149153934118124,1.874602785046679,6.257504989010971
191.31000057037275,5.115692588303248,5.136823764614175,1.8225424637792327,4.42731969387372
191.4100005706709,5.1731193850215815,5.184325803435767,2.064049407958423,4.137152846404084
191.51000057096903,5.18163672882752,5.199121597232104,1.6479508395136093,4.809269142519486
191.61000057126716,5.161130996208055,5.181597297895202,1.5518100927727516,5.30416910501891
191.7100005715653,5.17926557069996,5.1927655494302,1.8366002184493058,5.1853919136035955
191.81000057186344,5.139493507823846,5.142634187276635,1.9175577773989079,5.820457178666409
191.91000057216158,5.089924767137559,5.102627767117288,1.5956312120308187,5.324621485911229
192.01000057245972,5.138034837502386,5.140033817332926,2.0521161537512826,5.49365660964279
192.11000057275785,5.0661663169601,5.069591915689671,1.7681042485784395,5.880694916414028
192.210000573056,5.043868170642519,5.061219529027726,1.6708118889796555,4.8327680311231305
192.31000057335413,5.1144816993950055,5.1268676118012655,1.8093118809626414,5.549159779730777
192.41000057365227,5.159388546177068,5.173285977502275,1.6913408008638988,5.767715902003471
192.5100005739504,5.22759613715749,5.243530160755282,1.9879030520729535,4.904984960688003
192.61000057424855,5.229442011036876,5.238420206573556,1.8516427975585144,4.502807191254772
192.71000057454668,5.273213410754004,5.285880906983708,1.9071432126239687,5.478758358016155
192.81000057484482,5.135438614206016,5.155627484632114,1.721080815998768,6.08247796048949
192.91000057514296,5.090847834663653,5.10467601988714,1.991586081028726,4.669322722824201
193.0100005754411,5.011322948461349,5.03104507441018,1.760718791068652,4.786405000315281
193.11000057573926,5.087932399779887,5.104707643444743,1.5740506092571154,4.842639509605529
193.2100005760374,5.06480283109659,5.084505227196348,1.6694117516419695,4.2782692420800315
193.31000057633554,5.033388305344375,5.052740444942905,1.7403362945618868,5.380137774733366
193.41000057663368,5.072153605499556,5.084961742761997,2.092902487909509,4.843791344152658
193.51000057693182,5.096938063020077,5.121014090598783,1.7018579419019462,5.7360466996831345
193.61000057722995,5.062751297183717,5.0760203540668405,1.799821285936471,6.00493316688732
193.7100005775281,4.935740957679112,4.953805924185292,1.4120951738526544,4.588823770788521
193.81000057782623,4.946256721032229,4.958884139516695,1.783131399401529,2.9884084529898427
193.91000057812437,4.8922281914092665,4.911399362782612,1.7300063515210569,3.2326285616948076
194.0100005784225,4.9812244299984725,4.99568976671446,2.026924885376088,3.791636413766726
194.11000057872064,5.008393841362545,5.033783255716475,1.9549800289871426,3.8940182705793474
194.2100005790188,5.071549338331291,5.089450922287689,2.017706065758564,4.024747714367649
194.31000057931695,5.036304405189808,5.061981353735165,1.7292175024144654,3.8975838539154224
194.4100005796151,5.031498876906913,5.0445949537578,1.9642784990329314,4.339176092945602
194.51000057991322,5.136622483809426,5.148432356459334,1.5669534493784734,3.4239343163916964
194.61000058021136,5.158357282894727,5.163442370308858,1.9746548942032454,3.6124344016862304
194.7100005805095,5.111619726270843,5.110233361059495,1.7351863700865704,4.009566067615015
194.81000058080764,5.0941638020644655,5.101075397649086,1.8172107946996476,3.5240085720950822
194.9100005811058,5.159687258244725,5.1666447142634695,1.969820017985964,3.641527114368541
195.01000058140394,5.046647257210652,5.054341467799708,2.0502099193406877,3.7036214856496836
195.11000058170208,5.057612190317412,5.066357402215418,1.8846728787779354,4.145803622282288
195.21000058200022,5.028606843946538,5.041047777250224,2.043212044883499,3.242379426188277
195.31000058229836,5.082580788885611,5.09645219276307,2.053423186315391,2.760794477707045
195.4100005825965,5.024827112976193,5.035785512599622,1.958452418339916,3.1217722272936546
195.51000058289463,5.009206923018132,5.029609248242453,1.8563884982587662,3.5027813698744126
195.61000058319277,5.075136859688626,5.094658004923562,1.7060417899204885,2.851558433360167
195.7100005834909,4.935177147440222,4.95065958371637,1.7985903655009567,4.457315165395446
195.81000058378905,5.061381299747219,5.0733929524624335,2.065736417228627,5.379485322014609
195.9100005840872,5.0154661903394,5.030483878695382,1.854835077268376,4.747171180175565
196.01000058438532,5.1017022273120665,5.103623804631598,2.1674112949173074,4.4671960671975315
196.11000058468346,5.075416235480703,5.090555093914096,1.7803275346141059,4.063858308095121
196.2100005849816,5.188649994418353,5.193446979291966,1.665764780706764,4.406905655281321
196.31000058527974,5.143386737909832,5.150611374734986,1.9077364049603232,4.074928454098184
196.41000058557788,5.148470844291344,5.1639790869201025,1.7707332744202167,3.4431774776179376
196.510000585876,5.044379495059993,5.050182340380026,1.9478554325789932,3.3832235078907678
196.61000058617418,5.097889492038617,5.120080054639368,1.509623182685615,3.7737866213094957
196.71000058647232,5.14777435734265,5.1491244902430315,1.7970426343275947,3.1834542929680625
196.81000058677046,5.140213626418936,5.151188898934018,1.9361226959272169,2.7385635502450625
196.9100005870686,5.066147831968053,5.076474041112414,1.7874809052496823,3.1514099474715933
197.01000058736673,5.049666308993538,5.058808714480167,1.8886975948758564,2.79487670007135
197.11000058766487,5.1080277303485735,5.11330353782211,1.8319490922001336,4.03456106205346
197.210000587963,5.146516945909446,5.156637177786892,2.071940776745867,3.184074979194423
197.31000058826118,5.253730596351075,5.276123174144365,1.4865421929874814,3.0535974944402815
197.4100005885593,5.159320685499015,5.166449834021154,1.7748064362147933,3.36738439316551
197.51000058885745,5.313815890460061,5.315441088436715,1.8563756894661045,4.3281829806101415
197.6100005891556,5.217546054754685,5.218235955755159,1.9688870634965538,4.974946761521327
197.71000058945373,5.131702876847048,5.139715699139193,2.0848794854234103,5.1867867166837875
197.81000058975187,5.1703700647175905,5.164681251016755,2.134406604053236,5.4536806508570495
197.91000059005,5.162727549662663,5.164405642808887,1.7454579918964515,5.464667465028478
198.01000059034814,5.327193430505138,5.327680661441,1.9239474054961305,5.070486911041976
198.11000059064628,5.331944950920606,5.336881469546521,1.6623387131195884,5.472762698999508
198.21000059094442,5.273912451083895,5.2841536422823765,1.6949603135527436,2.648887763583353
198.31000059124256,5.262390159417699,5.2836341385554455,1.376156895311559,4.125520306513577
198.41000059154072,5.012793797881241,5.029554140737084,1.4801466733391737,4.234568647098498
198.51000059183886,5.082286948247003,5.1008568846988265,1.4421555862179478,3.634027824619034
198.610000592137,5.003441987882614,5.0221352762567655,1.4265333455481108,3.1928934895017886
198.71000059243514,5.127708009733111,5.141343018404308,1.5716049984470006,3.2894548757907436
198.81000059273327,5.206518177730641,5.220121236493452,1.6594715550849186,4.588207756115112
198.9100005930314,5.147976974415741,5.159146021452985,1.5483552429461347,3.5603136143980847
199.01000059332955,5.042011507151286,5.055898954014588,1.4441079876362328,3.757362815027188
199.1100005936277,5.048526562085952,5.048871111839172,1.9508446383567666,4.077306081726476
199.21000059392583,5.129062169271986,5.132068473316801,1.8409560149536712,4.721260908586778
199.31000059422396,5.135091693232625,5.1493641712700695,1.8035494226004092,3.916959443564005
199.4100005945221,5.225246974345752,5.238746917485192,1.796480503208761,3.076213690510141
199.51000059482024,5.098230082974993,5.117481576636356,1.692472056155275,2.9978697574277255
199.61000059511838,5.153742803309341,5.170710699668139,1.5835135134279599,3.373779278457471
199.71000059541652,5.206299299313915,5.222495982236654,1.9007146456557975,3.4945432658819033
199.81000059571465,5.067699986089027,5.084449482047982,1.9175266603398744,5.023936865722081
199.9100005960128,5.117699292713649,5.126657255068892,1.854754856968476,4.3427684087238125
200.01000059631093,4.97931579681073,4.978619745537827,2.0501980498344516,4.759667952712982
200.11000059660907,4.942654523780762,4.95573534245854,1.7677292669399647,4.2504059005084605
200.21000059690724,5.029441713092095,5.036952632285012,1.8483071503786315,4.616174466785472
200.31000059720537,4.978293197128414,4.992199768827658,1.7935980160186147,4.130042679351521
200.4100005975035,5.007808182221975,5.028918476019857,1.6304501203005215,4.003793457488801
200.51000059780168,5.028903594927614,5.043333479633617,1.6869665007465209,4.16689318876304
200.61000059809982,5.029438992192152,5.052896758454813,1.6759781644036438,4.075368207582687
200.71000059839795,5.054733693646999,5.070106123346135,1.8115387524341127,3.572873761993771
200.8100005986961,5.096896232391793,5.117604844813723,1.5126124368741862,3.680609728968159
200.91000059899423,5.095498863006352,5.118540449166991,1.6999255141132075,3.431279445609486
201.01000059929237,5.1094647048979915,5.128870189402712,1.6565590661438188,4.164035642650466
201.1100005995905,5.105676030985145,5.113567381291825,1.9166597256943891,3.868109435717239
201.21000059988864,5.1448779823144,5.158900703815565,1.6993207357710693,3.993414045883166
201.31000060018678,5.130758777969753,5.143590488037894,1.5838334305935193,6.311090389938447
201.41000060048492,5.12551612582185,5.149498432835471,1.5595503462725027,5.893265553104002
201.51000060078306,5.260604403667909,5.277474815770185,1.687556945971554,5.225579268592196
201.6100006010812,5.251956964265406,5.272916609292994,1.7912608616509156,4.8061115353033
201.71000060137933,5.298419352483146,5.3218408743167425,1.4477589864516986,5.0199131396901615
201.81000060167747,5.297308262115633,5.308143737821241,1.7065149972060647,5.170046450471705
201.91000060197564,5.334017860012007,5.35133156517119,1.572024202823349,4.096929221321119
202.01000060227378,5.293376251261091,5.309027179552802,1.7547069230672603,5.126807449616561
202.11000060257192,5.322251111420618,5.3273537092334085,1.8661010035534598,3.9948407339856886
202.21000060287005,5.240462761877903,5.253708000059347,1.5653386610391997,4.117869664057336
202.3100006031682,5.228526749863084,5.244620402334517,1.6035840021312449,4.925583408974649
202.41000060346633,5.214973624979968,5.227232668672049,1.573774115484381,4.764586381625326
202.51000060376447,5.349795922648536,5.362329959766924,1.6889959094359415,4.552067462302186
202.6100006040626,5.188426546711304,5.186491960537007,1.7014674902996956,3.9830651490344864
202.71000060436074,5.2271019435038,5.238048115885721,1.6610303860051645,4.1472454107801715
202.81000060465888,5.157987477406291,5.169055726612567,1.479043300838744,3.724936598880979
202.91000060495702,5.129220895627258,5.136391413325151,1.4228885635130717,4.27079823949915
203.01000060525516,5.099889403840797,5.1073273116116065,1.4729137507820615,4.21469008846375
203.1100006055533,5.204476726908352,5.211238800107998,1.4376757536898723,3.8519270197331354
203.21000060585143,5.166133040251057,5.177065234664719,1.463295289744546,3.3206496606729528
203.31000060614957,5.173809377983593,5.181081355436064,1.4694101266843187,3.507676686884406
203.4100006064477,5.115010707580052,5.122789415906443,1.5245517519501859,4.043981654089999
203.51000060674585,5.202484402288193,5.206099721838629,1.4742158898709443,3.8960859284600153
203.61000060704401,5.218228193081185,5.23642030039558,1.441604661315257,4.0054355111857065
203.71000060734218,5.207675579156176,5.221255146968423,1.386657553979594,4.287776162256453
203.81000060764032,5.11569685440176,5.136595731457706,1.4413009349964598,3.831668750889541
203.91000060793846,5.273913843806634,5.287687947957112,1.4341925743071635,3.7800754620064394
204.0100006082366,5.189904774550464,5.208103720455003,1.4877612565331633,3.793070502766007
204.11000060853473,5.120943329307424,5.130988391169636,1.4152782506373778,4.095413172748239
204.21000060883287,5.168878297599049,5.175077450434138,1.4699611068987388,4.8481383202012225
204.310000609131,5.134665864610134,5.133519780762393,1.7839822627838033,4.033834549815725
204.41000060942915,5.041297280119756,5.045814209286276,1.538981585077182,4.247283129933236
204.51000060972729,5.165806224687125,5.1758979430564755,1.5528632937025122,3.158935137487921
204.61000061002542,5.266295947452311,5.276361328350811,1.4639599050161558,4.476180751498681
204.71000061032356,5.243663782527184,5.248010984315229,1.4789045330578385,4.599051127901143
204.8100006106217,5.211974536119525,5.218002920848798,1.687095113125848,4.236527364847225
204.91000061091984,5.116251016935787,5.121325948375329,1.4745354150087575,4.302506393768253
205.01000061121798,5.1727239032298185,5.178989343248516,1.3940653828380594,4.0850032661014986
205.1100006115161,5.0808046139825205,5.089236152437981,1.4000135556339683,4.049275829458385
205.21000061181425,4.975474377497331,4.977030526777125,1.4793886996258723,4.146873783009277
205.3100006121124,5.080765544535312,5.090243807414319,1.4065813101268252,3.0867923027516717
205.41000061241056,5.092942491367419,5.0969473023019685,1.620432647416068,3.7670847846897164
205.5100006127087,5.171242101454606,5.176097109973263,1.7427751958161648,3.869380252911674
205.61000061300683,5.226322854013086,5.241622410813897,1.5282048836755575,3.8492290694269284
205.71000061330497,5.139750987406201,5.136755319034315,1.6254930307744546,4.153839713796219
205.8100006136031,5.123975186596017,5.122526590019963,1.899756058999576,5.20139651865379
205.91000061390125,5.111006976349723,5.123596280534629,1.5728996510723916,3.8733018116030875
206.01000061419938,5.067045310144444,5.0665006802857215,1.548362464367102,3.5646714586907677
206.11000061449752,5.104436576780184,5.11905433562521,1.3178302097042025,3.9836310986141084
206.21000061479566,5.005753477975435,5.01506491892916,1.5682528387676178,3.660876802992035
206.3100006150938,5.116101170893335,5.124457486195635,1.4989355429007976,4.353601707871895
206.41000061539194,5.0529255770792325,5.055713815036212,1.5915398271030665,4.130965226804456
206.51000061569007,5.075374780169821,5.060871735165671,1.6725581161925418,3.9570815542937754
206.6100006159882,5.167254348666012,5.171530579983768,1.3995574479817956,4.5792745956899825
206.71000061628638,5.200194665256,5.2028360647882685,1.4706888809800702,3.7706148731633564
206.81000061658452,5.163999124559779,5.172365247712191,1.6431104080581265,2.9818937643257373
206.91000061688266,5.2134917061289805,5.204044401899437,1.5987684102767499,3.2293720234048227
207.0100006171808,5.170181568593733,5.169688655940993,1.4658741540890852,4.202651808012716
207.11000061747893,5.152032127598035,5.150947690440117,1.5696800800597586,5.363542275103721
207.2100006177771,5.149168255945346,5.152428680656328,1.442070077478532,4.373945584490226
207.31000061807524,5.026665025895252,5.037002143759314,1.4304392819691358,4.874344741531088
207.41000061837337,5.001399340051663,5.013246804826468,1.2894826968375268,4.521584978925881
207.5100006186715,5.015056628702746,5.014712243907102,1.353055233511726,3.8476915974772488
207.61000061896965,5.069863158944477,5.073899707056118,1.3866048918527862,4.333549269331164
207.7100006192678,5.072350369912669,5.073965645804547,1.4504445081919182,4.863330479660629
207.81000061956593,5.108339926019242,5.112158459860298,1.4526286030197726,5.989475681851848
207.91000061986406,5.134949708997371,5.135972734548288,1.4783479763097218,5.011890432824515
208.0100006201622,5.15264489338838,5.157623581089859,1.5676483420908294,4.4223981425608345
208.11000062046034,5.078156992491466,5.080279370856149,1.5072614180976978,4.114148177396724
208.21000062075848,5.205771398752058,5.195975400445403,1.4469345483745646,5.22892236469585
208.31000062105662,5.144813430263178,5.141749140360786,1.6665612207212028,6.249514247715731
208.41000062135475,5.068800213959869,5.0609020351319,1.5395840578873308,5.316375725808482
208.5100006216529,5.124364488508848,5.122343192312359,1.6018752430819716,3.9034588783771564
208.61000062195103,5.138562300296551,5.140143685068419,1.4967926244168799,4.1998504819939635
208.71000062224917,5.054409879169318,5.05120045812423,1.400534102355543,4.005950475187251
208.8100006225473,5.099151055055387,5.094457765214045,1.378783026191514,4.04269689619603
208.91000062284544,5.080385465747057,5.081272801030278,1.399822257363684,3.6366496135029864
209.0100006231436,5.040295486598885,5.0446728312211695,1.636215033578764,3.9066922343162127
209.11000062344175,5.069476189889569,5.071639981717478,1.3363538466612634,3.6381753471660985
209.2100006237399,5.054978654821114,5.058052113802489,1.446740014551685,4.128592808515892
209.31000062403803,5.178613241763642,5.180156436896566,1.4422973178573806,3.7239956913969023
209.41000062433616,5.095262002165627,5.094371918096581,1.5660206630784483,3.2535930020733925
209.5100006246343,5.077055533252623,5.0825535343782136,1.4845454793859962,4.121831676452298
209.61000062493244,5.135971288619474,5.134769311184374,1.5581183501095923,3.591757264497937
209.71000062523058,5.213624089258151,5.211139108471612,2.00215486592372,2.942887409609886
209.81000062552874,5.259223535456914,5.258801354701329,1.9183133527202552,4.173671071037708
209.91000062582688,5.1614671457066965,5.163106938557253,1.5384669808732028,4.380070738260572
210.01000062612502,5.162292305531554,5.161402775700541,1.6150429559705497,3.3731588141272666
210.11000062642316,5.225425093307854,5.219851999641572,1.7329548025169559,3.0764979786647912
210.2100006267213,5.2151277211825935,5.227533141679888,1.4686825548558058,3.0939749707794637
210.31000062701943,5.200804926692939,5.214260920080739,1.4044840670745935,4.001465113586879
210.41000062731757,5.303033251067407,5.308105875076432,1.7198499693749603,3.298899914016915
210.5100006276157,5.24540831269749,5.247781448451888,1.9851065348000188,3.0845719311514963
210.61000062791385,5.407899186480277,5.407466130263384,2.1388143735438168,3.048512313250948
210.71000062821201,5.42173007291006,5.415327555199411,2.0040708770833793,4.056559301083243
210.81000062851015,5.344708048556826,5.338288077173897,1.9016172342508224,3.475722968649517
210.9100006288083,5.2599470587315,5.2630306592271765,1.4965151628910534,3.667692435758126
211.01000062910643,5.37670791816976,5.371001158451708,2.0669653324215504,4.75562567006393
211.11000062940457,5.1656503080545475,5.175741733296464,1.509343324935426,3.546512308615349
211.2100006297027,5.242367720089543,5.233114009142009,1.6682353274024257,3.469206476627118
211.31000063000084,5.137017984309056,5.140771234562586,1.602307977229706,3.088447587595474
211.41000063029898,5.225300822233681,5.23103294460567,1.4298962201208618,3.5720084258009908
211.51000063059712,5.285008827434841,5.293157264891372,1.1965437642752765,3.941810683476825
211.61000063089526,5.278740081211894,5.283449387476314,1.431790606395248,4.893066854404996
211.7100006311934,5.147624014427683,5.147277759553842,1.543601635003148,4.602814251195385
211.81000063149153,5.096678367086419,5.088709691368735,1.561245267696957,3.906350910161136
211.91000063178967,5.036062308516684,5.034666000429335,1.3545025711256238,4.617393492450198
212.0100006320878,5.194643862957065,5.1897546310367195,1.4304967397912987,4.538754264875244
212.11000063238595,5.120507775973101,5.121291851507005,1.3235306362370085,3.771932886726528
212.21000063268409,5.241693691926403,5.232451758595972,1.573625821528328,4.631514159226407
212.31000063298222,5.180415343174208,5.174680172136625,1.8131691967676675,4.567939706503092
212.41000063328036,5.2378979645510535,5.2424354618292135,1.5535848900646392,4.944787153004755
212.51000063357853,5.1444032813550535,5.14105257899447,1.517393796874697,4.9331496286434335
212.61000063387667,5.183548891484452,5.170395463357787,1.6899339491692744,4.613329385880148
212.7100006341748,5.031081380085439,5.022341850692605,1.8062495047869453,3.6352685712549215
212.81000063447294,5.131287006690589,5.122064232533871,1.5307876687828843,3.856084412334206
212.91000063477108,5.201724735792379,5.192218145499525,1.4216573768712781,3.945156370017434
213.01000063506925,5.183926442379683,5.167151706341516,1.681318120727133,4.463539339527832
213.11000063536738,5.17764465652811,5.171275879595048,1.4173786864652775,4.414333431455436
213.21000063566552,5.065757215354289,5.056770935588071,1.425812307550238,5.91618914378054
213.31000063596366,5.091497859095867,5.083244215023277,1.4673246425191566,5.6068056338138685
213.4100006362618,5.136549895643791,5.127212572848857,1.5884706225598357,5.12146814123415
213.51000063655994,5.185113890044164,5.177648725233237,1.3852551062901195,5.099544787047457
213.61000063685808,5.239645929919418,5.230246707878115,1.3944781668321622,4.476741828227058
213.7100006371562,5.1914032452511005,5.185695003977738,1.4635759207977745,4.236892574417904
213.81000063745435,5.1279392212353825,5.1307990938099115,1.3303827647261706,4.866707187131735
213.9100006377525,5.119264789231173,5.122969930881434,1.4836796751581818,5.364269056299417
214.01000063805063,5.258610012831058,5.257620586478532,1.801960246454213,4.580453127976594
214.11000063834877,5.2406496259828295,5.2430196944063665,1.558153951011928,5.698150969005642
214.21000063864693,5.456538982081811,5.444842633740698,1.7466292405751127,5.025480487702381
214.31000063894507,5.259512178141674,5.2634726569542,1.4005881287292725,4.783329520126277
214.4100006392432,5.296775086642901,5.291203192635445,1.6034305163778846,5.66733893257091
214.51000063954135,5.280173494480555,5.276679313280043,1.5699891466024705,5.3120326159948235
214.61000063983948,5.331188435902874,5.336858233357418,1.5125221692526396,6.194910980788355
214.71000064013762,5.235471954283029,5.22698699320085,1.665066802052116,5.019847044597718
214.81000064043576,5.219393252746008,5.225872059842239,1.8421052886471867,3.946880655123497
214.9100006407339,5.236404598961989,5.24694724645317,1.5542354059466839,3.874217379714254
215.01000064103204,5.225267949314655,5.230931969019608,1.6243223155950106,5.571287411438091
215.11000064133017,5.163622624308576,5.173670262869892,1.5136777208336791,5.444583418900433
215.2100006416283,5.242828567101408,5.251797773085482,1.4003034928759648,4.517475177810235
215.31000064192645,5.163560666987528,5.164062405464388,1.7125402908730694,4.907090531383146
215.4100006422246,5.219959712679487,5.227899016807982,1.6407051731507432,4.943569077191154
215.51000064252273,5.241227667152648,5.249242757887764,1.6197432262780889,5.252574883156229
215.61000064282086,5.152450719149844,5.1602300683668565,1.6094873609849425,4.306594115898122
215.710000643119,5.155478567688558,5.151406546196302,1.7438637647557829,3.55578992923525
215.81000064341714,5.137200432431335,5.131108656307924,1.8482323351455696,2.679669349124006
215.91000064371528,5.24976305032704,5.242680875326073,1.9035624774744206,2.6980628944263083
216.01000064401345,5.236672767445311,5.2293479166381625,2.000165097703868,4.272175746452316
216.1100006443116,5.221951303180938,5.213025331600336,1.9925537037969872,4.587966619365316
216.21000064460975,5.267326779572437,5.242703237748011,1.9458120278284237,3.368688888773654
216.3100006449079,5.100643765741789,5.096990660747244,1.7365947136829067,4.0269150975796935
216.41000064520603,5.17493345446336,5.167473737812665,2.1224504315672887,3.766209787752761
216.51000064550416,5.175470783995411,5.169106061228369,2.1295311039456917,3.7091252582256113
216.6100006458023,5.232052462473584,5.230590535059271,1.9984255375412616,3.948301003262073
216.71000064610044,5.1995355376141426,5.2040836168806734,1.909120473294118,3.3148642258000143
216.81000064639858,5.156980229122576,5.169069049882359,1.7251130910056143,3.849758980068185
216.91000064669672,5.23563985110606,5.2486116082749525,1.8707990989310195,3.0183387661462513
217.01000064699485,5.2208645942922836,5.232995671387396,1.9633346857636975,2.5135966768232585
217.110000647293,5.15288355443593,5.151044774529478,1.899117044591701,2.4657574495854986
217.21000064759113,5.0500974897219075,5.047674177764951,1.7815837658450557,3.42483394616248
217.31000064788927,5.144982802605385,5.153016617431435,1.6517263052445452,2.4746655799799075
217.4100006481874,5.181416095811166,5.1813026330642415,1.925337922839795,2.219603007771051
217.51000064848554,5.2241353232768,5.23599567678951,2.0277849392188996,2.251411581077046
217.61000064878368,5.171343390959214,5.172498211872107,2.1526758914684168,3.0178171043617543
217.71000064908182,5.215911982354725,5.2302272261202605,1.76692755611087,3.1487215401319872
217.81000064938,5.1010577285721705,5.110494727885668,1.6476641251834483,3.1181511986780066
217.91000064967812,5.09165313533048,5.090975992331461,1.9215604884492667,3.7446554431088788
218.01000064997626,5.062617057348845,5.065039573913673,1.9061490846764582,3.346332204456017
218.1100006502744,5.058507666645116,5.066999711002271,1.8066542190935746,2.71551369101314
218.21000065057254,5.017910193919498,5.0231385995870586,1.8771626514503064,3.1185027125395726
218.31000065087068,5.026646265007703,5.042934448937022,1.6527110930374402,3.9528365686997073
218.41000065116882,5.004372662306044,5.004172427125188,1.8719875945614455,4.643892483750025
218.51000065146695,4.982547811412071,4.986243299522609,1.7943195123384579,5.066178374689781
218.6100006517651,4.9783560690677024,4.975032471660016,1.9322190118518958,4.209962305391582
218.71000065206323,4.995412102800977,5.004822766592283,1.7899468606571058,3.4575295774670756
218.81000065236137,5.158830779625639,5.1530075074379065,2.074505239510443,2.904624236838122
218.9100006526595,5.131376673917394,5.133427645572703,1.8960959063207448,3.3272163804197117
219.01000065295764,5.146148852771769,5.151884731702877,2.0574803441958194,3.130782816227061
219.11000065325578,5.058648356400383,5.075902768703773,1.6663149232159664,3.5353512574850297
219.21000065355395,5.1052334884932264,5.1104564486831014,1.6878737978873197,4.5218065480732905
219.3100006538521,5.039462489962434,5.038107386726313,1.6342574546034745,4.052152565780386
219.41000065415022,5.165295209898105,5.173826331182932,1.6662707824690817,4.103310118646564
219.5100006544484,5.111069577228624,5.116768159635978,1.7409794076341605,4.935384760893319
219.61000065474653,5.081551415461299,5.094366009610203,1.5740463421279332,4.337268642915923
219.71000065504467,5.1239762151540384,5.131930459997594,1.5255263937461951,3.7364994732702987
219.8100006553428,5.092670053734054,5.1014154575515365,1.540851390330682,4.797736173638108
219.91000065564094,5.174224831717358,5.173540746709489,1.5311471351614896,4.2734707641283185
220.01000065593908,5.068903473599831,5.0749699220873445,1.5580108471200163,4.780147299260196
220.11000065623722,5.106577613932296,5.118231789075735,1.4905502548666587,4.233867458460766
220.21000065653536,5.1296076261423,5.1313515734491855,1.675171883703335,4.894444606672967
220.3100006568335,5.03345558226904,5.028551725049879,1.829401683390766,4.6860140310989795
220.41000065713163,5.188727048073188,5.189208642894493,1.7124519644247138,4.234377642022576
220.51000065742977,4.978773507328413,4.979120127752362,1.7200788559411662,4.589264876089481
220.6100006577279,4.995884380511292,5.002877849246439,1.6248252952629816,3.6892977423525224
220.71000065802605,4.920632004677607,4.924936197647805,1.5969908495168965,4.656612724929685
220.81000065832418,5.007370519946909,5.011439236157709,1.4669561511361882,3.8356169778746203
220.91000065862232,5.0236398084029625,5.021913284641694,1.4850836972997077,4.02023063335533
221.01000065892046,4.9992073203086465,4.997749370297221,1.6627126608788976,4.275757177392688
221.1100006592186,4.984945860402839,4.979622385476721,1.8068470154015959,4.110538458323995
221.21000065951674,4.986241589061891,4.988012375337726,1.7535073396841239,4.628539667708383
221.3100006598149,4.903255922943971,4.905812733211493,1.6405081037643703,5.130947869759561
221.41000066011304,4.979290872659878,4.965910612571359,1.5884763198474763,4.630430964121162
221.51000066041118,5.051700938812493,5.048526279132653,1.6064822679673207,4.828693159300029
221.61000066070932,4.945877553031328,4.953728153564189,1.5807340085708734,4.755861247672352
221.71000066100746,4.926485490386896,4.936997190166951,1.538057481928781,5.103703613220213
221.8100006613056,4.905953986007244,4.915508891970473,1.6761606760702366,5.26594076196988
221.91000066160373,5.103576853692243,5.109206606545893,1.6490653647339901,4.775521673319896
222.01000066190187,4.960851371015314,4.965103918715202,1.6957892375058266,4.712279728473902
222.1100006622,4.953318199715185,4.966586471308445,1.7146577455602356,4.684262476124024
222.21000066249815,4.9867454311663275,4.990361829489455,1.5854303498779392,4.602521040482042
222.3100006627963,4.962241401711898,4.971922773484502,1.453890365812365,4.181948860232025
222.41000066309445,5.040328025358833,5.049016503786736,1.4978995481019646,4.373611828340986
222.5100006633926,5.10228248230276,5.1107282133310035,1.6606857872387233,4.763688082259373
222.61000066369073,5.14085554584224,5.141530312033397,2.077968121942695,4.948888634108426
222.71000066398886,5.1104836877114845,5.104183598025691,1.8666727070618083,4.417329874272693
222.810000664287,5.167087512664259,5.177805373395373,1.7289539048728961,4.129770055760912
222.91000066458514,5.167569454717176,5.174229316410491,1.7505876461551588,4.967979094861947
223.0100006648833,5.0657085597563425,5.051606957662797,2.363215642760563,4.991285012799877
223.11000066518145,5.102233050210373,5.103859886103914,1.9837305495031832,4.65209912855916
223.21000066547958,5.140913979577076,5.1449747595437705,2.325113323150555,4.386793762105586
223.31000066577772,5.1557116428485354,5.148664156210999,2.1655536313643164,4.594089458617769
223.41000066607586,5.063885989316466,5.069977970615521,1.8385508246809195,3.9982183880449846
223.510000666374,4.962245346272879,4.964131854619825,1.7750384465025708,3.6128906414644044
223.61000066667214,5.017946596843967,5.022795687945115,1.7947919030190058,3.400048362334061
223.71000066697027,5.021395655653237,5.034236490990052,1.5161562089089666,3.5740634678936716
223.8100006672684,4.9266993709172295,4.940139091316538,1.7829700305370921,3.6448404622163415
223.91000066756655,4.9155759370696135,4.926304893389786,1.7149143705160574,4.25526625098978
224.0100006678647,4.922177762693113,4.934481608489368,1.754982643670796,3.538107556891403
224.11000066816283,4.971141467967238,4.975321596029504,1.818358956982859,3.979518597710041
224.21000066846096,5.000071994326174,5.003237065551866,1.9716877505458628,4.091464004975037
224.3100006687591,4.993980092017549,4.990289607771539,1.658760147133298,4.523676940389084
224.41000066905724,5.132986337563884,5.129363655371908,1.9645005926010444,4.574133241930544
