Time_ns,LNK_COM_z_A,LNK_Head_z_A,LNK_Tail_z_A,Mem_Upper_z_A,Mem_Lower_z_A,Mem_COM_z_A,LNK_Tilt_deg,LysNZ_LNK_Dist_A,LNK_COM_rel_mem_A
0.0,167.78984788214865,156.04397661497268,173.38501167297363,129.52101,82.26301,106.9716,46.29680019137256,15.265611124558141,60.81824448859396
0.1,169.04989254851162,156.74563115742757,175.58750915527347,129.46901,82.562004,107.1391,41.54799919610181,15.59655235108222,61.91079342741787
0.2,167.94425451031097,156.41362963553718,173.5187530517578,129.642,82.157005,106.7943,47.20035897178816,15.165351910802952,61.14995824566253
0.3,167.09695754610283,154.7105163952334,175.87250900268555,128.781,81.22301,106.22583,35.811090873627364,14.489156712591571,60.87112746797783
0.4,165.20388043538924,153.44131005498335,173.98251152038574,128.621,81.278,106.37573,39.14313914567287,14.148178993592651,58.82814801351424
0.5,165.40602906635365,152.88852609135833,173.40625953674316,129.536,81.938,107.007065,42.3121686701973,13.800397765721586,58.398964247017716
0.6,164.17099848529406,151.23846619390278,173.40875625610354,128.65802,81.392006,106.31776,39.283028636658095,14.521133099710662,57.85324183246203
0.7,165.91326198803029,154.2904601093295,172.34126091003418,128.807,81.172005,106.201775,44.6249886542792,14.463437401477657,59.71148739086232
0.8,164.1568680589153,151.04255194812654,174.41625785827634,127.90401,81.409004,105.85863,32.840359872426276,14.574384777642729,58.29824073957937
0.9,163.86922570138924,151.4613730033429,174.60875701904297,128.114,81.04301,105.79342,27.702384290468576,13.734816731703514,58.075806817111896
1.0,163.47505785733037,150.97094209276133,172.7325077056885,127.95201,81.69601,105.77819,34.480607596283726,13.616584001452186,57.6968672445374
1.1,162.2471410215263,151.72830471096756,171.90625762939456,127.147,81.156006,105.46564,31.634469524887948,12.994515606396199,56.78150381449504
1.2,160.95456533771758,147.88479552997006,169.81125831604,127.044014,81.496,105.455605,42.02331138269632,13.306371968692705,55.498960784494926
1.3,160.14383820094304,148.26663829214948,166.84750938415527,127.33001,81.670006,105.37215,51.77911399026241,14.905714799733142,54.771691594497725
1.4,161.12427411061716,150.9095013058157,164.7412567138672,126.78701,81.17,105.30245,56.0177021920096,13.59586479923389,55.82182202321482
1.5,160.75831298215655,151.19162234207994,162.3125114440918,127.814,81.45801,105.65509,64.03180149719627,14.775490891213595,55.1032226501253
1.6,162.0641380205377,151.5452522585813,167.64375686645508,128.134,81.525,105.82023,51.09594339183311,14.11270229235095,56.243909443877556
1.7,161.16945108496677,149.57817488959273,168.0850086212158,128.05402,81.990005,106.15205,40.88827188515545,11.819704592485772,55.017404881353485
1.8,160.6447052026702,149.86604958129445,165.10750770568848,127.382,81.493004,105.501076,49.10076345393209,12.62757359198599,55.14362945804129
1.9,161.1175195924067,150.99094636522227,164.4375095367432,127.84801,81.913,105.771355,59.262162068701436,12.549939617114278,55.346164917113725
2.0,161.44712532653614,150.88294178317014,164.29125785827637,128.072,81.791,105.78226,57.24039511510293,12.242920586892097,55.66486824645801
2.1,161.10735251489984,149.77927051059348,165.70751190185544,128.247,81.68201,105.75852,53.49581225974257,13.096992980517777,55.34883048120844
2.2,163.3165497867115,150.15408608446495,173.74126052856445,126.587006,80.89001,104.67349,41.206852278130434,15.146173743407392,58.64305735507088
2.3,162.36833563425063,150.32825208888065,171.2712554931641,127.421005,80.74901,104.935524,52.71912450082617,18.007638230605476,57.43281164743422
2.4,162.4614994594137,153.02949492090897,168.93375587463376,127.59701,81.600006,105.56503,56.95091449642983,14.836221676423946,56.89646650042931
2.5,159.160606327043,149.51234699709713,166.21250534057614,126.91001,81.256004,104.994675,48.89596181002494,14.173816601135075,54.165931644425825
2.6,157.3948576815168,149.76146057946124,166.07625579833984,126.95301,80.82001,104.89537,46.81652222105272,10.401504902932775,52.49948719811837
2.7,157.99873150894305,148.96262004099114,166.80750846862793,127.08,81.401,104.94664,36.77049678601422,12.033741170854242,53.052091494294615
2.8,156.9854543539937,147.40913822683305,166.74125862121582,127.17701,80.962006,105.15649,35.83956067996757,10.380348481990218,51.828967842763234
2.9,158.5257256525209,144.35733071806715,169.26251029968262,127.739006,81.353004,105.30753,21.630287103556864,10.803034746589468,53.218192388360734
3.0,157.27142163466226,146.95410068277164,169.26375579833984,128.006,81.713005,105.62206,23.85399798975209,10.609714019066576,51.64935895155679
3.1,159.57921499033603,147.7088818941185,166.7662582397461,128.01201,81.90901,105.5677,34.30279156641767,11.424218035676358,54.011511743265714
3.2,155.67467250569146,146.80035885537177,166.73250961303714,128.345,81.849,105.85193,21.58282592960227,9.849631211775838,49.82274379475396
3.3,154.3501709475848,145.26921366532264,167.47876358032227,127.679,81.20601,105.37778,16.064647515208783,9.28396715309249,48.97239384797541
3.4,155.44059596429074,145.7360520235545,168.20250511169434,127.384,81.356,105.21849,17.12976011147772,10.422570576696787,50.2221053637048
3.5,154.4599193966758,145.34080159517404,166.6000099182129,127.090004,81.395004,105.431984,12.843794165058114,10.167082662828863,49.02793544892188
3.6,156.08727447920506,142.9442055992657,166.8475074768066,126.601006,80.87301,105.07887,5.101806450245089,11.138468605988143,51.008401798541
3.7,155.31623107387185,147.4638920717674,166.59000968933105,127.284004,81.517006,105.572075,17.886538526324163,8.678209652207558,49.74415618373513
3.8,156.21882922138502,146.39363268814878,170.46376037597656,126.65,80.548004,104.86693,24.6698856475629,10.303300964927656,51.351901120799084
3.9,155.86086266282493,144.13159863649608,166.3275032043457,126.657005,80.753006,104.743004,16.521377436652102,10.675805623580041,51.117858817610085
4.0,154.82191938801827,142.51099926912715,165.46125411987308,127.21701,80.694,105.061,15.80488316731023,9.609929057861574,49.76092237874093
4.1,152.84080134788897,146.4512726415547,165.2425079345703,127.630005,80.993,105.53391,18.35290045286551,7.025632474840557,47.306888689197564
4.2,153.1136491933926,144.27688675841554,166.1150074005127,127.52301,80.937004,105.40858,26.33308164037782,8.594548981840209,47.70507222806057
4.3,152.2743336633546,144.04324679447114,164.17251014709473,127.468,80.922005,105.417366,30.202231114974868,8.103968214924539,46.85696763552258
4.4,152.6144207102508,143.99130517302464,165.32000732421875,127.297005,80.71,105.21317,23.596276469153402,7.032149042965414,47.401247797653156
4.5,152.90685203724306,143.98770811567297,163.98875427246094,127.27401,80.746,105.01511,20.17685393469141,7.84467293630801,47.89174583607118
4.6,151.79418348920169,143.39855467890092,163.4837532043457,127.005005,81.21001,105.1272,14.703359021476222,7.249401199142806,46.666986223576686
4.7,149.749537620331,140.83009825019622,161.87625885009766,127.157005,81.52101,105.199104,20.567209160259143,7.417726213723395,44.55043331124898
4.8,153.25888649961203,145.2036040997524,164.68375968933108,127.054,81.48301,105.216156,20.942636765691436,7.905226557759582,48.04273049375266
4.9,153.93908414231436,143.67256260421348,166.32625770568848,126.99801,81.273,105.21701,22.2725726374878,9.427937438402946,48.72207364426748
5.0,152.14875838044594,144.47118110351806,163.8337574005127,126.823006,81.37501,105.10739,25.766161201486074,6.831302069732068,47.041367023024065
5.1,151.8040772890049,144.15329819670873,163.39750862121582,127.27501,81.44601,105.29679,22.342950462177434,6.842188936229033,46.50728621234475
5.2,150.22462208922846,145.060736814906,162.04625701904297,127.228004,81.292,105.389915,27.865515202150057,4.664005007620092,44.83470662291987
5.3,153.8230357442848,146.166038032611,162.7112522125244,127.395004,81.157,105.573326,27.021754231227604,7.404670704511463,48.24970963344495
5.4,152.96013796500176,149.23754053092972,163.56751060485837,127.59801,81.66201,105.77495,38.204895698542316,6.974499694458878,47.185189844884576
5.5,155.45302124015942,151.58103877402226,164.0150089263916,127.89401,81.292,105.78228,39.85125335592043,7.652400834886,49.6707412718977
5.6,159.15027730718302,150.6016992805292,164.67251014709473,127.53801,81.409004,105.83882,44.12187932619124,10.528695375571067,53.311455896050205
5.7,160.8386255467881,151.47358372731748,170.20626068115234,128.37502,81.409004,106.10605,30.356666367716336,12.180149398192524,54.73257696280373
5.8,154.97588349357375,149.67664772753332,161.27125740051267,127.34501,80.94301,105.35663,38.56803598800039,8.532843664532828,49.619255075605
5.9,155.73566161036445,150.56309658053587,166.17000770568848,127.961006,80.940994,105.60723,36.66389598207032,8.969722624688206,50.12843047022773
6.0,158.02692833020836,150.92677179575918,166.76375770568848,127.33101,81.113,105.45463,31.90709480908799,10.17383186920594,52.57230033948571
6.1,157.0551717776193,145.11213080103545,169.15375900268555,126.77901,81.09401,105.02943,24.464754821596095,12.135426480291065,52.025745202912276
6.2,154.16916299977422,143.28688126525148,165.41125488281253,126.795006,81.503006,105.30209,28.0169287186668,10.004885376412563,48.86706949391484
6.3,154.42111771956186,144.20198359043476,163.53375434875488,126.923004,81.683,105.43686,31.699517818323297,10.349859135178209,48.98425858870249
6.4,154.637086047878,143.02837892832707,164.69876098632812,126.993004,81.653,105.42138,30.39101515560655,11.972252026006451,49.21570695852253
6.5,155.2375019852162,144.3407696749095,165.99250793457028,126.73701,81.188,105.059235,23.86111029969496,10.973147992805892,50.17826736607557
6.6,156.19562147484814,143.87401980210265,168.21125411987302,126.771,81.38501,105.17443,26.05366994318027,13.221996701554408,51.02119062768017
6.7,155.49343649475014,143.46883293414098,168.63000869750974,126.55501,81.31801,104.979485,26.168449666837798,11.876845700874405,50.51395193664467
6.8,155.40516560585746,144.64445099407533,167.07750511169434,126.92701,81.636,105.33877,26.674659768673994,9.829127597929116,50.06639760048637
6.9,156.1709573035751,144.84980267555974,167.74875259399414,127.94601,81.996,105.90668,23.635192442759354,9.782434699800318,50.26428005748136
7.0,157.20406906770523,145.2077622390003,170.0462589263916,127.88401,82.55,106.13179,22.149474408808906,10.81975760032487,51.07227890657242
7.1,156.44240947551432,144.91567284289022,164.22751235961917,127.68701,82.259,105.952095,34.87642212428608,11.994558931327553,50.49031444377604
7.2,160.39046240860745,146.74599789894646,174.91375732421875,127.895004,82.463005,106.047935,25.50300399327585,14.265815389252936,54.342526922767604
7.3,156.6524895635618,144.86002891778372,169.68125915527344,128.238,82.323006,106.2236,26.14809188757784,11.597396065978156,50.428887268639926
7.4,160.76182586285697,147.16475445528587,173.61126136779788,128.27701,82.316,106.10718,25.023457369513455,14.854329716611089,54.654648128481966
7.5,158.7544261793412,144.6700264763775,172.8050079345703,127.99801,82.05601,105.926186,21.59578272358337,13.793229583951174,52.82824057143105
7.6,159.43553683487508,146.05845464650008,171.02375984191895,128.232,82.705,106.32924,21.6191441646936,12.30907548501607,53.10629794327352
7.7,160.89756192669248,147.8863719141264,172.6100082397461,128.904,82.773,106.91446,25.847017949522996,13.421446006627187,53.98310269817685
7.8,159.36591968638092,146.13554206165097,173.97875976562497,128.53,82.643,106.5605,11.97365187011106,12.906294985486328,52.80541858774811
7.9,155.90345753770725,143.87594832733666,166.30000495910647,127.795,81.983,105.83965,22.678681363086188,11.305274239475876,50.063804522570535
8.0,156.22379052161006,145.61561322597197,166.3587589263916,128.017,81.993004,105.99619,21.347425337327778,11.069973142453343,50.22759758948115
8.1,158.84567962878728,146.99556731689842,169.7175064086914,128.44002,82.496,106.46111,26.13223372673263,11.83130299259771,52.38456665271306
8.2,159.58161067291593,146.78879674184236,168.66500663757324,128.68001,82.786,106.70572,23.47367432805147,13.174934277093339,52.875891678775304
8.3,159.17354575699432,147.38526169481895,165.33125686645508,128.451,82.735,106.52795,42.42843284176022,12.493565919692367,52.645599284826346
8.4,159.16580525524992,147.18604746970243,163.29750633239746,128.95801,83.063,106.79975,48.65712098830543,12.481261531048593,52.36605397351164
8.5,159.46027125537458,148.3568791536595,162.20000457763672,129.452,83.16,106.98929,54.55391039997876,11.663385405234328,52.470982925296454
8.6,159.84943201194167,148.15200945475308,167.06375694274902,129.572,83.36101,106.95336,42.04403531375824,12.500264953063096,52.896070500711204
8.7,158.50401845642787,146.0200079349972,165.63250732421875,129.56401,82.616005,106.61489,38.89740740088987,12.479988981411006,51.88912740418178
8.8,159.45580150994513,146.57549431981514,166.9237575531006,129.70901,83.226006,106.8362,37.083454999074895,12.600773557586157,52.61960461053107
8.9,160.55050598598012,147.30759132196195,167.15875816345215,129.552,83.29001,107.04844,37.6746328080042,13.889857608838566,53.50206696010122
9.0,158.75995980043731,146.5500276966537,165.7975082397461,129.05801,82.94401,106.74466,40.5267941693367,12.360278736797913,52.01530037660919
9.1,158.6834768868272,146.07770079102733,165.77000808715817,129.223,82.929,106.882385,42.09274699359513,11.574503333843854,51.80109163292096
9.2,159.8345151194737,147.51532098234983,167.93875885009766,128.85501,82.64,106.63113,31.689741337282577,11.867317966409177,53.20338871566511
9.3,160.03566833102116,148.14642880910117,171.23625946044925,129.041,82.796,106.633965,24.30344125589524,11.9785414316864,53.40170379244694
9.4,158.8707123853677,146.76724589475148,169.06875801086426,128.44699,82.42901,106.515305,26.06081399393774,12.280145463348244,52.35540781993802
9.5,158.78733901951915,146.85730457107704,167.83501052856445,128.617,82.388,106.44688,28.855110838974863,11.48785143511531,52.340462493640246
9.6,158.88671088263112,146.81287428095854,166.2725067138672,128.317,82.213005,106.2442,40.63149589812943,12.400017999959745,52.64250922247487
9.7,159.4857293459785,146.3328335348079,168.15875816345215,128.728,82.71001,106.57498,37.03687702654166,12.891155243269527,52.91074765652539
9.8,159.76783083103078,147.20788234616165,167.6937580108643,129.037,82.327,106.672775,35.07709147321968,13.094550797313193,53.09505556247609
9.9,157.79912154280044,148.1539677895135,162.5187587738037,128.45401,82.218,106.2761,56.134875816911595,10.935653443074798,51.52302138410903
10.0,158.28964430232656,145.51241966479307,164.33875846862793,128.59601,82.277,106.35959,43.877530421638724,12.85642003958956,51.93005567927969
10.1,158.33697964295726,145.2788058478388,165.41251182556152,128.31801,82.46201,106.2892,36.57272712023863,12.711430562121016,52.0477798138557
10.2,161.11893010630808,147.16475811782215,169.9000072479248,128.662,82.406006,106.2688,30.780701237110865,14.238104986831026,54.850131278183085
10.3,159.43415779042462,146.30641876421956,165.13751220703125,127.117004,82.2,105.54883,45.54337140001814,13.038587027576305,53.88532966542462
10.4,159.55445863283825,147.86947393897626,163.97875595092773,127.804,82.75,105.94428,47.91747770619501,12.793478379426345,53.61017610109997
10.5,158.64849327646934,146.69723129516404,165.66375541687012,127.75701,81.76301,105.6282,42.70532107989305,12.542742980914976,53.020296560160745
10.6,159.38381655644383,147.37088735780173,168.59250831604004,127.449005,81.64001,105.391846,31.025203358141212,13.296972639834856,53.99197085331883
10.7,159.9137010599012,147.14122429107496,169.25375366210938,127.198006,81.648,105.39805,31.079613746306993,13.38750407046943,54.515652659022294
10.8,161.09900834115206,149.05588293586322,167.9087600708008,127.700005,82.483,106.013626,39.00437521626492,13.533804256903494,55.085382242519245
10.9,159.3897545695107,147.2626833204457,166.4700050354004,127.28801,81.577,105.22129,43.91086805619826,14.111061509173027,54.168463981131794
11.0,159.68097933052834,148.83833146830924,166.22375679016113,127.643005,82.12301,105.73952,43.723636239374144,12.932367571409715,53.94146211861428
11.1,159.63663737998277,148.60233178843887,164.85125923156738,127.53801,82.079,105.68089,44.69029579148308,13.27171167234564,53.955744435646835
11.2,158.76624970737612,147.61636036629682,166.52375984191892,128.10402,81.80501,105.92147,43.412500112747324,12.698571464837334,52.844779065286275
11.3,158.90832626417892,147.80194528398277,167.0775089263916,127.74401,82.146,106.02254,46.322120753789754,13.700948526389604,52.88578903273361
11.4,159.11872765277428,147.26479247906605,165.47000312805173,127.62401,81.56901,105.70729,43.37903144838094,12.688325904660392,53.41143700336022
11.5,159.39959855076796,148.21960622145593,166.78625679016116,127.56701,81.86201,105.71229,34.60121241218392,11.714622248890219,53.68731064793593
11.6,159.85028326468165,148.2204491722784,164.47750663757324,127.781006,82.323006,105.7208,48.04550541570873,13.062789456962957,54.129480957552744
11.7,159.92915877504066,148.08680737813313,166.0775089263916,127.66801,82.45301,105.81231,44.04829375783456,12.738717905986947,54.11684950990394
11.8,159.06658228763095,148.12721303304036,168.74375724792478,128.16801,82.74201,106.16171,29.986703280014318,11.631106028070263,52.904869641146576
11.9,160.41006379671498,148.19520118615802,168.79500579833984,128.574,83.38501,106.58578,34.40269995823714,12.837823386079664,53.824286514000136
12.0,158.28589881629426,145.64849083837177,167.2300090789795,128.377,83.07,106.34187,29.591714112210802,11.601611893415471,51.94402564734895
12.1,159.69777971861092,146.5575143830858,169.49626541137698,128.654,83.369,106.84682,24.98226695035551,13.03230348154629,52.850962702009355
12.2,160.49873039562902,148.9005151741034,170.76251029968265,128.69402,82.943,106.71717,24.742254718075127,11.949461744232726,53.78155968029699
12.3,161.171260002942,149.24013322392622,168.7112636566162,129.02501,83.27901,106.821846,37.99050440599129,12.406471596281502,54.349413994641225
12.4,162.12703384322796,150.7712349471619,170.66000747680664,128.914,83.29301,106.958694,31.57321561945552,12.445359932103601,55.16833938522015
12.5,159.0733742835883,148.4308697073103,169.1775131225586,128.72902,83.295,106.88569,32.48676962181096,11.124951901992825,52.18768550185001
12.6,159.31324409793538,148.02254617357138,170.13251304626465,128.717,82.84901,106.632805,29.809332959241942,11.09346649399632,52.68043922732991
12.7,159.73113438685883,148.3436259738547,168.93375968933105,128.326,82.475006,106.169044,35.3289622998963,12.745826290141066,53.56208989222992
12.8,159.7578446027413,147.47168712234802,169.94750785827637,128.731,82.797005,106.55289,33.29612372353063,13.12188784177243,53.204957639850676
12.9,158.6538430966348,146.51263252855966,169.83126068115234,129.06401,83.292,106.77536,23.35392260272378,12.959665937473881,51.87848298921293
13.0,159.48959569348952,148.31359316355508,168.4575080871582,129.547,83.083,107.03719,36.82858129802236,11.613443331833858,52.452402395149676
13.1,161.6444979073266,151.77953416624607,169.51250839233398,129.104,82.73001,106.73627,46.961722625892065,12.796796835722468,54.90823081748286
13.2,160.36484257786424,150.43789905606033,167.6162567138672,129.84901,83.173004,107.25671,41.00780568560001,12.97480549895806,53.10813634007127
13.3,158.73848875340715,148.52520451930693,168.64375495910645,129.432,83.244,107.031075,32.24878303075398,11.300559675936626,51.70741422948137
13.4,158.9616972351537,147.8036834796079,170.13875961303708,129.53401,83.05501,107.01708,26.865850576779497,10.937211167175366,51.94461502079824
13.5,157.29747586428232,147.87647532852625,167.63125801086426,128.952,82.975006,106.65327,31.75149673448005,10.672133379146656,50.64420895754404
13.6,157.30100033842245,146.7668885890433,167.39126014709473,128.27402,82.353004,106.27484,31.07885186243216,11.601419521858356,51.026159029828705
13.7,158.93544615101803,146.6172918025443,169.22751045227048,128.231,82.52901,106.16543,28.05140008857874,13.4024781703248,52.77001798939693
13.8,159.61909276687186,147.09353171515522,171.2500095367432,128.217,82.54301,106.44901,27.94957770547107,13.969559125417005,53.1700800105242
13.9,161.04948883755358,148.39185252780442,173.23750686645505,128.25801,82.413,106.253624,30.05674491503564,15.348394766737432,54.79586487515124
14.0,157.62274423540484,146.98590758161293,169.88250732421875,127.57001,82.649,105.96714,35.34368285972195,12.600636364007551,51.65560403765093
14.1,156.44750272976046,146.35399881846232,166.0137596130371,127.23001,82.176,105.62655,43.784345477231284,12.195137689816612,50.820953962670615
14.2,156.72748377272902,146.14332617432666,166.33875656127927,127.42701,81.87201,105.74676,40.784132348313264,11.772371814889668,50.9807262654048
14.3,155.55448076020105,145.04411589228374,163.7300090789795,127.74401,82.437004,106.01086,43.75147300468572,11.72227233514088,49.543624131783076
14.4,155.35877485777814,145.50881317163066,165.64375495910642,127.647,82.39101,105.86508,38.355881294341096,12.33282631173121,49.49369307066877
14.5,153.88131331108158,144.43445371601888,162.79000854492185,127.896,82.687004,106.22212,39.34336213839973,10.616067335909275,47.65919111869877
14.6,155.44208077169702,145.01688492650703,165.48126029968262,128.033,82.71601,106.27531,35.05589625778419,11.13951505085354,49.166774070036865
14.7,157.25126031640488,145.46257476196777,166.61125564575195,127.60401,82.58301,106.045746,38.19649569250806,12.890256768526799,51.205514466795506
14.8,156.98571914893716,145.06617275820454,167.9062557220459,128.23401,82.836006,106.288086,33.72503771923067,13.400216505143648,50.697633211437164
14.9,153.9305099719167,143.0309244919738,164.40876007080075,127.770004,82.768005,106.07327,30.054422567626126,9.580850136105417,47.85723726683858
15.0,155.91414031596193,144.47713215322517,168.25875854492188,127.775,82.803,106.27193,27.611002381735243,12.758731601396159,49.64221343607912
15.1,157.2741284398226,145.9646501499972,170.00875663757324,128.28,82.397995,106.24554,22.201717063238398,12.682833348805282,51.02859163562337
15.2,158.64138544221498,148.93862887656184,166.92250442504883,128.169,82.54301,106.33646,36.663560062776654,13.187985231386458,52.30492914338686
15.3,157.509323287383,150.2011376354239,167.68250846862793,128.5,82.595,106.62682,41.64766968399089,10.4013779359135,50.88249986209004
15.4,155.96457754268394,144.44407209522907,168.95376014709473,129.376,83.17801,107.34289,29.520406542841855,9.957407799907482,48.62168966426597
15.5,155.1720777893154,142.6589463454261,166.71125411987305,129.06401,82.99601,106.991905,30.06610869600541,10.035625803607683,48.180172576913066
15.6,157.3604917624443,146.90310446497537,168.87500953674316,128.60501,83.483,106.96444,34.654726616932635,11.329468083338439,50.396052370354454
15.7,158.00297285048532,144.496142949532,170.9250087738037,128.86101,83.200005,107.03133,20.009705272319714,11.354971964746552,50.97164655654001
15.8,159.5036642398833,144.2620493104418,174.66000747680664,128.711,83.229996,106.79767,22.357235292920578,13.956395004471357,52.70599578285206
15.9,158.56781310120212,144.32490683051702,172.00500297546384,127.811005,82.578,106.28518,15.080801254234508,12.323934442554725,52.282633963018526
16.0,155.8335210263341,143.97613140170236,167.6500129699707,128.287,82.63801,106.47723,19.989560992482144,10.565198941762867,49.35629476900988
16.1,156.00269139522965,142.92335687388808,168.8412628173828,128.52,82.585,106.486046,23.835725921251953,12.10788895110891,49.5166455578273
16.2,155.8704616191056,143.89775674669005,167.69000244140625,128.558,82.902,106.675255,22.67695639586492,11.541933105769127,49.19520679732827
16.3,154.6200125930301,145.07898225761429,163.0550022125244,128.425,82.5,106.52992,30.743985999632137,7.739759694428593,48.09009010767855
16.4,154.33953563965457,144.83535079102242,164.69125556945804,129.36002,83.156006,107.00236,32.93326881893658,8.997048476764071,47.337178156744415
16.5,154.73529410212296,147.24973273151497,163.441255569458,128.82802,82.740005,106.74775,22.720448249907115,9.010470621640485,47.98754477350968
16.6,159.06912393793925,147.757244062843,171.53500747680664,129.11,83.005005,107.00945,28.01571682494971,12.620743945885792,52.059671118115034
16.7,156.68516609328572,144.2617217645561,169.24500274658203,128.904,82.788,106.7849,28.34568068932305,10.810261324407554,49.90026924269978
16.8,158.74076149029756,147.9395420498318,168.92001152038577,129.49,83.666,107.28184,29.213490990444942,10.58256978317147,51.45892402691865
16.9,156.80994018288698,148.34845586634938,166.02750587463382,129.119,83.053,106.998886,33.31210429902165,8.932809225883265,49.81105407448854
17.0,156.71624272603353,146.60814752189947,167.25000572204593,129.167,83.543,107.16372,24.413234933583755,9.73629217770874,49.552523548787434
17.1,157.14649041846891,147.73985527794804,166.16625595092773,129.55699,83.716,107.33657,27.529600916879506,10.10528888346015,49.80991967872282
17.2,162.08915274578098,151.91867539598692,171.09250450134275,129.12502,83.644005,107.3091,37.24771978753484,14.554847393473771,54.780055455741916
17.3,161.0472394068614,151.50111754438,163.65625572204587,129.74,83.18301,107.245255,58.08793553232089,13.714992841980015,53.80198489025983
17.4,160.2146825694052,150.04663556935213,164.57375717163086,129.617,83.782005,107.47569,50.313495711635376,12.810886841055188,52.73898982038176
17.5,159.94030479696707,150.43066658947012,163.20501136779785,129.79701,83.573006,107.43338,58.63476640890476,14.477608452836446,52.506924670013944
17.6,159.27819269899123,150.73902176293635,162.41125679016113,129.377,83.929,107.41742,59.25861645772173,14.28303959415795,51.860773265397484
17.7,158.1234097659694,149.01038955578701,165.34250831604,130.065,83.882,107.49412,41.81226172734514,11.80689840730407,50.62929202915299
17.8,157.73654981320507,148.41798542946648,166.48125839233396,129.83801,83.58301,107.45291,27.28996658797069,10.756171244376157,50.28363843625195
17.9,158.8226412376475,150.0607991533409,167.25251007080078,130.103,83.346,107.420944,27.86428113341828,10.85018406534579,51.401697023780315
18.0,158.5562556486156,148.51392704378978,167.26250457763675,130.184,83.810005,107.47934,31.454789913206707,11.54239002596801,51.07691604900623
18.1,158.25854095751714,148.91902753706458,168.77000617980957,130.78401,84.41901,108.047585,41.37760460758303,11.189241037501057,50.210956423825735
18.2,158.71164455218997,149.61786924738774,169.19375610351562,130.53401,84.31401,107.80211,34.195086184042296,11.757568371281339,50.90953578754153
18.3,160.34970281710594,148.63954998568283,168.87500762939453,130.05301,84.166,107.652084,36.97993294796009,13.958167142751261,52.69761846652
18.4,161.20970223662272,150.54556670611996,168.57500267028806,130.297,84.40401,107.75491,42.53347790561731,13.552423103667849,53.45478890654459
18.5,159.3542979247925,147.5599431538753,169.60376167297363,129.562,83.783005,107.13841,40.83418368988244,13.847763369157912,52.21588544920655
18.6,159.32466785909602,147.23129029247303,167.63250732421875,129.48601,83.781006,107.1049,42.39163046487045,13.656700029870853,52.21977131368587
18.7,156.5340618214572,145.32133164897525,164.40001487731934,129.10701,83.72001,106.97409,38.039527855638404,10.637368075218934,49.55997124528531
18.8,157.49354815073312,146.9463092947273,161.99251174926758,128.561,83.72101,106.65127,51.26013226196212,13.358243620791797,50.842280145362025
18.9,157.72065822578477,146.11884936478307,165.70500946044922,129.681,83.94601,107.23408,38.9592010332463,13.471788779598691,50.48658077217149
19.0,156.96264906470861,147.43250054588896,166.12126159667966,129.687,84.07101,107.28415,37.63087943095534,10.82036292062808,49.67849989478674
19.1,159.2995267736753,147.07839352663376,166.7287616729736,129.779,84.18,107.44808,37.74266768954589,14.101505532235725,51.85144480346045
19.2,158.39339691861824,147.5589366290781,165.77625846862796,129.907,83.66801,107.45072,39.94336344522716,11.386452084076797,50.94267517789558
19.3,157.21998537282136,146.48613323361084,167.23875999450684,129.74802,83.799,107.524185,38.161355064163025,11.660878388566202,49.69580019215729
19.4,158.4542083798232,149.67121790574132,163.82875633239746,129.85701,84.513,107.86508,55.42550037613624,12.36050200496166,50.589126592713825
19.5,158.04018287559637,146.94929332443468,166.27626037597656,129.39001,84.16901,107.34756,46.6369436537507,12.826311538045035,50.69262580772528
19.6,161.33132151125727,148.54040720670534,172.2975082397461,129.88101,84.378006,107.55012,41.24106400782261,15.214114639093905,53.78120401858149
19.7,161.65878287863882,148.7839480274301,168.58750343322754,130.1,84.128006,107.681465,43.61955520191666,16.280327861272486,53.977317729713036
19.8,159.89367153122384,146.8923591552783,170.78000450134277,129.922,84.425,107.76618,38.95361927571377,14.952581356506204,52.12748958542306
19.9,161.14135362495801,147.97955148820398,171.0375118255615,130.238,84.472,108.07454,32.212318691000604,14.65537993437996,53.0668144403877
20.0,163.9735043754863,148.96933529043463,178.34500694274902,130.60901,84.88601,108.42591,21.633474850178402,15.657116505278685,55.54759342577927
20.1,163.53268539178853,149.7776433345511,175.6862640380859,130.016,84.29401,107.91344,28.95552130426422,15.828140184405223,55.619248502140096
20.2,159.3329672265235,144.96206296986335,172.24875068664554,130.06801,84.223,107.87751,21.930274898857466,12.65031240148369,51.45545715572271
20.3,157.31420916254024,145.04254678349605,169.30875968933105,129.824,84.546005,107.88654,25.212457603405078,10.015833651152557,49.427665888614456
20.4,157.17648443880145,145.27374276756572,167.57375526428223,130.1,84.876,108.14184,30.595658091306028,10.16274716680594,49.034646365070984
20.5,156.37281919337335,145.730946035408,167.8287582397461,130.921,85.02601,108.54842,16.94110999328622,9.00158802945956,47.8243954262835
20.6,156.46803400747498,143.8469861808917,167.47875785827637,131.06802,85.164,108.85649,17.85991604072934,9.658296620368946,47.611542918607796
20.7,154.7247876416838,144.13698679209708,167.95250701904297,130.24501,84.22101,108.0288,15.392309115177047,8.57619943562026,46.695986677328335
20.8,155.9054165683088,144.96452426956142,168.98250579833984,130.75902,84.65,108.04728,18.850349730444144,8.637337459841747,47.85813721039864
20.9,156.35710546375932,145.33055864177066,170.72000885009766,130.20801,84.12601,108.00835,8.078475957120697,8.447240200836497,48.34875890614214
21.0,155.80157676376857,143.83044978262996,169.70000839233398,130.31801,84.41,108.11173,9.381965530882493,10.125795758969948,47.68984428085841
21.1,154.86106489694572,144.71964180425678,166.04125785827637,130.781,84.996,108.59647,12.449703464390847,8.59335431390203,46.264591203098064
21.2,156.89430466288835,145.39601644032672,168.51626205444336,131.57101,84.805,108.94975,11.401387560182618,10.558109227301713,47.94455185527116
21.3,157.52985367702112,145.11803256095075,169.55126190185547,131.211,84.978004,108.80527,11.873188202457737,10.835574462417206,48.72458634303675
21.4,156.36262667521027,144.62048597663616,169.18500328063965,131.006,85.073,108.73004,21.175166313163874,9.984900872171602,47.632585171304015
21.5,155.7133326407846,144.9800690535828,165.09375953674314,130.45001,84.6,108.34953,14.322463048201993,9.374140421416662,47.36379955972993
21.6,155.8794105450227,144.80488007360228,164.25000953674316,131.327,85.094,108.92649,10.968795190111704,10.049484396756345,46.95291976133129
21.7,155.3578519986612,144.5385315840955,162.4700050354004,131.09,84.54401,108.5947,23.50304529544401,9.1159722251817,46.7631483243448
21.8,157.07384947200555,144.10129484547127,168.55625915527344,131.45302,84.36201,108.452484,22.802341466520648,11.089652855561775,48.62136534114617
21.9,157.98857648815073,144.04840568524185,167.33750534057617,131.13802,84.43301,108.6336,25.773184626654164,12.794220503189448,49.35497816051401
22.0,156.74923375817784,145.15392277090191,166.62375640869143,130.717,84.115005,108.16578,23.12587202118874,11.620600524594934,48.583454644408306
22.1,158.0337062016895,146.68645617594058,169.60875701904297,130.558,83.929,107.85223,26.383974421610944,10.802700076272544,50.18147994436529
22.2,159.84360195106072,149.44845980942296,167.63625526428223,130.197,83.962006,107.46105,38.3768726388208,11.833372086972954,52.38255001014275
22.3,157.92596608999884,149.17030106993505,167.3737564086914,130.40501,83.64,107.46802,32.20837243476721,10.760487791862099,50.45794851187384
22.4,158.71176180846612,148.26982941234903,169.7500114440918,130.25002,83.943,107.70814,20.855758938147268,12.426921948571772,51.00362429625909
22.5,159.820045452355,148.902363097925,171.8687629699707,130.264,83.86301,107.79097,17.98138294157941,11.939975418871171,52.02907560372219
22.6,160.89739506530873,148.1915621143832,173.60125541687012,130.127,83.77601,107.809235,26.236550048497268,14.862481693501158,53.088160446168104
22.7,166.32153019164,149.87065015925492,182.27750778198242,130.397,83.792,107.91926,18.855596528026126,19.149131319567328,58.40227207396421
22.8,164.25962296719038,147.8192303743675,180.72500801086423,130.871,84.26901,108.29975,12.416560298105404,16.423607993615665,55.9598716854521
22.9,164.28752516304655,149.32767253329902,178.65875816345215,130.46,84.165,107.87753,9.032868751367799,16.568386052347233,56.40999220406218
23.0,164.39418009336285,151.08375919778092,175.53626060485843,130.13701,83.630005,107.74031,20.66300236749877,15.508054421391993,56.653869424417536
23.1,161.13897154038315,148.34844065726423,176.00376319885254,130.62901,83.713005,107.72983,25.126898018364564,13.867647612589504,53.40914365952378
23.2,157.78326657374902,146.0539544106292,169.95625495910645,129.34401,83.615005,107.11168,32.56125080970059,12.438531256362381,50.67158749660058
23.3,159.15484218267594,146.0204275791403,173.90501594543454,129.31401,83.396,107.01305,26.256399192396355,14.419755973600202,52.1417959180275
23.4,159.49267085764478,146.9608235176995,172.32875633239746,129.397,83.289,107.193726,29.232457867108607,13.761754298782359,52.29894527170728
23.5,162.47870708483615,149.52002891735683,175.88751220703122,130.457,84.00901,107.75539,31.137746719617635,14.93087959906038,54.72332073229708
23.6,161.4915582644471,148.3456539721226,175.14000701904297,130.294,84.083,107.99715,20.863767644555274,12.853569269676635,53.49441165800178
23.7,160.8843029563219,148.96311145937986,173.79626274108887,131.05,85.062996,108.48748,20.096530936986923,13.27133284474516,52.396822792747685
23.8,159.51022676656189,148.26049541073928,170.45125770568848,131.422,84.87,108.44566,26.345702817606654,12.503717589395261,51.06456331441345
23.9,159.27937926513636,146.95196898999353,171.18001174926758,131.367,85.078,108.68984,20.589192700563903,11.921010780916088,50.58953704101526
24.0,156.6108113599355,149.19919174066263,169.17875862121585,131.66402,85.229004,108.902695,29.629729426339175,8.126308021306757,47.70811665778706
24.1,157.58953579122127,147.23754846464624,169.23000717163086,131.65001,85.074005,108.74921,30.234830016423917,10.952133215704738,48.840329248252516
24.2,159.33335914550258,147.68963725168547,172.80001068115234,130.789,84.892006,108.414246,25.449217561733484,11.260128087098611,50.919113540033834
24.3,160.28454821331073,148.22454131055505,172.5250072479248,130.557,85.008,108.38366,28.55581822477874,13.339060693932904,51.90088885051776
24.4,156.0549098397194,149.0652355486826,162.05625534057617,129.71701,84.286,107.712204,47.30878782552379,9.586661602614768,48.3427058602272
24.5,158.75824881352207,150.43053493575988,166.19001007080075,130.39801,84.74,108.16828,40.5555021095593,9.999536312282354,50.58996725834629
24.6,157.2314842773904,148.03372788829483,167.71251106262207,130.121,84.86201,108.14514,28.45306543700168,9.747285881978575,49.08634267582789
24.7,158.48927816601,149.64343895641542,167.18750953674316,130.497,84.884,108.14792,36.618776757050625,12.600591827724232,50.34135946483812
24.8,158.857865126192,149.68710112384946,167.1175136566162,130.434,85.05501,108.21703,44.08618065578351,11.301349652466914,50.64083173996153
24.9,160.58066473036342,153.85621714633908,170.12500953674316,130.687,84.811005,108.171906,41.617323029210155,11.754295222961337,52.4087592127853
25.0,159.18177138953624,153.0538063061514,166.4325103759766,129.588,84.619,107.49852,41.37915582313927,10.910537741280713,51.6832514920753
25.1,159.94664432116255,151.2161079787903,167.5612564086914,129.91,84.237,107.64396,32.24923174627913,11.532081474343855,52.302685275752395
25.2,159.4613637593229,149.61644885172183,164.0450096130371,129.56902,84.26001,107.553635,35.8099677064514,11.612856009282067,51.907729115768205
25.3,159.1980002886022,147.17682986301386,166.18250846862793,129.608,84.726,107.37399,28.386076086001136,13.117219177254084,51.82400736868033
25.4,159.1199255153006,149.60622442170776,167.45375823974612,129.577,84.590004,107.50308,36.86980040729586,11.837566100441695,51.61684323990997
25.5,159.04412348261414,148.53866323780576,167.81000900268558,130.367,84.77801,107.95806,39.4941332277182,12.23413283827226,51.08606226435242
25.6,159.86703223498105,150.9002910241997,167.32500839233398,130.107,85.089005,107.873024,48.59978142130039,11.865730144106251,51.99400824816465
25.7,159.1312235718479,148.4242603128191,165.66125297546387,130.12502,84.76601,107.922844,43.65463583047947,13.02343421642078,51.20837963874243
25.8,161.21705671856472,149.66062096093387,167.87000846862793,130.062,84.39,107.662926,29.66321673289428,14.794257592140772,53.554130998349876
25.9,160.69519945309318,149.790797041322,165.61501121520996,130.852,84.91801,108.35369,29.431790128874702,13.125954361793951,52.34150835201896
26.0,161.1033730691098,151.759958973739,165.7075080871582,129.887,84.517006,107.712524,29.379425632551943,12.722233884560366,53.39084865504731
26.1,159.96170655719305,150.65849478101845,160.96375656127927,130.17,84.713005,107.927704,54.313899012410424,11.69251111444942,52.03400269977118
26.2,159.405419046073,147.51723645894077,169.90000915527344,130.35901,84.823006,108.1686,24.57158548521569,11.472624243717425,51.23681705632691
26.3,156.06496527886722,146.95114280005438,160.07625770568848,130.42401,84.69301,107.99833,39.896616267261855,10.142902499005979,48.066636116269564
26.4,156.44084160425862,144.23966705907733,164.84375762939453,130.051,84.41901,107.58291,17.71463189510395,11.145148233304079,48.85793297388753
26.5,155.7620190445237,146.15781756461286,159.5800075531006,130.22401,84.89,107.9736,25.467223565174198,11.33449784393138,47.78841674960182
26.6,153.08469994137346,146.16580207574663,155.3937587738037,130.69402,85.05501,108.28597,14.117120071606257,9.57948798666038,44.798727346158614
26.7,156.56934468497084,148.4947468505298,158.46875381469727,129.827,84.622,107.46862,44.697037958201996,12.707760355260406,49.100724384677875
26.8,157.7590656921452,149.46743683513884,162.31125831604007,130.101,84.578,107.758,39.47262843734556,12.603500301459531,50.00106245728193
26.9,157.2541664992925,149.23277879984832,161.80250549316406,130.217,84.64401,107.822945,52.11270949647888,12.84255044820685,49.431221858179214
27.0,156.41966518253767,145.96851121123365,164.82500648498535,130.651,84.68901,108.26077,39.5520377969193,11.691015517848923,48.158892477459545
27.1,158.2538582755783,146.62530488152203,165.9825096130371,130.177,84.56201,107.88646,29.17601740504416,12.988970453873932,50.36739892499236
27.2,161.7140339832873,151.30980598730244,170.26625823974607,130.72,85.057,108.30797,33.69431968380336,16.571844451583978,53.40606584363886
27.3,160.39855146828134,152.36557186989666,168.15500831604004,130.377,84.71001,108.020065,35.49591943835421,13.696576315686835,52.37848616066415
27.4,153.77080802565317,150.55327477336976,156.65375709533689,130.472,84.781006,108.04627,67.10280141416689,12.021126022759894,45.724535747821136
27.5,156.47270867202815,152.45278002055142,159.71250724792483,130.787,85.060005,108.27761,63.50527536551133,12.775342809796646,48.195097893219554
27.6,155.3946936304542,151.41110233486793,155.49750328063962,130.89099,84.703,108.16163,73.14727556607365,11.281988144349992,47.23306490730968
27.7,151.30433058965306,152.11322947379404,154.48500442504883,130.59401,84.786,108.26578,82.70997083360231,9.760773316699462,43.03855300176244
27.8,151.36586698626803,150.5391227359299,154.73625946044922,130.835,84.746,108.204285,77.07708804812101,10.76831519099787,43.16158231829928
27.9,150.40058511789496,150.35593677950706,155.2500057220459,130.62401,84.873,108.119644,65.31543963458007,9.978380540558877,42.2809409528559
28.0,149.94827498520323,147.49995136855603,152.9587574005127,130.922,84.89,108.06121,64.3621828852929,7.514885726984987,41.88706435287901
28.1,149.80370968569358,153.45381119024458,147.01750564575195,130.53001,84.864,108.13138,69.07307139030893,11.542039396147207,41.67233151186545
28.2,148.3660433805544,145.42438954567547,147.34000778198242,129.891,84.329,107.594406,83.6717779399697,12.905162117690722,40.771637252624714
28.3,149.88848190875711,145.81817305768422,152.12500572204587,130.56401,84.905,108.10624,73.33551747133154,13.292579075406737,41.78224258990946
28.4,150.85170666657697,147.02910508629228,157.77251052856445,130.27402,84.456,107.73149,62.14258896353594,13.399632610952398,43.120215577709786
28.5,151.4574078652176,150.4387021529017,157.95250701904297,130.21901,84.63801,107.98185,51.976148627225406,11.57713058106628,43.475558194807434
28.6,150.9243875428029,147.24057173969075,157.32125663757324,129.061,83.893,106.993324,40.45854797269325,11.972724445182452,43.931063263017734
28.7,151.15113391330468,147.21473502258982,157.1350040435791,128.804,83.55501,106.89471,34.68201715655073,12.249737720009536,44.25642718723046
28.8,151.24293268152604,149.9942335563312,149.93875885009763,130.05101,84.439,107.704216,89.52341834201106,8.57863866925598,43.538716678108074
28.9,149.91207998268527,145.1567240564848,151.02875328063965,130.107,84.685,107.85407,51.39923770796463,8.545221178286234,42.05800741188449
29.0,148.34603392217764,145.3491516061443,149.12250518798828,130.56801,84.8,108.06728,57.295103186823944,7.40685018254473,40.278750291806546
29.1,145.83704242064306,144.87900718518202,141.68750762939453,130.347,84.82001,108.195305,68.50391240672516,6.755154065939484,37.64173755003759
29.2,146.51888401400822,144.20811010889776,139.6362590789795,130.074,84.18,107.63364,56.43570072805544,5.908372602046592,38.88524753939885
29.3,144.754473002176,144.47906067845918,137.26375579833984,129.76201,83.93001,107.483406,45.463421188664576,5.752807427971455,37.27106693528148
29.4,144.16908554301762,145.47811649209686,139.94250488281253,129.044,83.773,106.99602,65.29961884561055,5.281853009792259,37.17306808696293
29.5,144.52419234542154,144.13177710944038,140.4375057220459,129.65901,84.256004,107.49841,68.53072308338503,5.266878511096015,37.02577925948404
29.6,143.97997937083517,143.08580024469194,138.04626083374023,129.617,84.202,107.45585,57.031349357863206,3.8358290333684684,36.52413067698751
29.7,144.25392218152723,144.70096612773256,139.03875732421875,129.87901,84.253006,107.54677,50.12013068475884,4.9584460213359165,36.70715399305067
29.8,145.10675114717017,146.56642697804645,138.82875633239746,129.867,84.31701,107.55971,48.31608763513499,3.637402121399439,37.54704350556861
29.9,144.62541141323615,144.7921003837189,136.66125869750974,129.60701,83.45201,107.0014,50.86227595507636,2.853042273836759,37.6240076046424
30.0,144.9664774151513,149.2846480384052,135.64750862121582,129.347,83.629005,107.20597,30.743393698397167,3.380910276873694,37.76050665099115
30.1,144.04537735137225,150.86839047530287,134.97125816345215,129.33801,83.456,107.07607,36.456019733645306,4.627675039515598,36.96930465850116
30.2,145.41864508412272,151.08841206972167,134.05500411987305,128.46,82.46001,106.18732,27.716680040487372,3.3876973030994995,39.231328189591466
30.3,146.24050391558353,146.63456168384383,139.32500839233398,128.657,83.143005,106.62646,63.41553947538843,4.647348867145432,39.61404670122806
30.4,146.34038099486762,152.3970591565688,139.99125862121582,128.335,82.75101,106.302475,53.371492037341156,6.6806011475360245,40.03790601928168
30.5,144.31254874817938,150.95866718002551,136.75500679016113,128.39001,83.092,106.47594,47.70313583406763,5.994672262981245,37.836611858530944
30.6,145.37434427942298,152.26430166932127,136.02000617980957,128.81001,82.740005,106.551315,39.09445123290804,4.537070203583906,38.8230289718058
30.7,147.82526561409864,150.773633908425,137.85125541687012,128.89801,82.99901,106.583374,28.04836566590396,1.6577844736057585,41.24189159066114
30.8,149.5033852439678,149.4996500193644,140.1462574005127,128.998,82.955,106.632515,41.50843125901562,2.4671230787979423,42.87087029035453
30.9,146.75258410090763,146.270044126442,140.77750778198242,128.988,82.91,106.652534,62.35190254236662,4.609331567120629,40.100049616044345
31.0,148.4168630513746,146.90609581975534,140.06875610351562,129.207,83.81801,107.14039,51.29377163758956,4.079624311147488,41.276474562605074
31.1,147.2815454749127,143.84893357774718,141.4075050354004,128.967,83.374,106.51314,73.77926513026826,2.3584597234145828,40.76840765752988
31.2,144.65584415578374,144.6973328789361,138.09375953674316,129.24,83.913,107.19663,58.431066989312626,5.050428696686893,37.45921177052983
31.3,142.99969264728804,144.25312727967042,137.22875404357907,128.95401,83.063,106.480225,60.96886316482648,6.809055308102059,36.51946803791304
31.4,143.2839829587776,145.26428434949793,135.8012561798096,128.321,83.069,106.32572,51.41414840659261,7.2234829162552465,36.95826121805496
31.5,142.79011885500367,143.83309141718607,135.7162570953369,128.207,82.97,106.09887,52.50021656647414,6.422579247574193,36.6912495312732
31.6,144.2189394062236,143.01973850607013,139.16750717163086,128.394,83.096,106.24267,79.21587995687005,8.094899116640022,37.97627125436813
31.7,143.3172259734423,143.61785253620835,141.78500747680664,128.4,83.343,106.46448,82.9810176250248,5.721820571684482,36.852748434379805
31.8,146.64063470154352,142.4623491099698,150.70626068115234,128.584,83.31901,106.52377,68.75531730714681,10.215960993106588,40.116861508184144
31.9,145.30079804425492,141.91209977208663,150.54750633239746,128.44801,82.775,106.21317,70.91067929014741,10.497199989493632,39.08762513165726
32.0,143.636139529507,142.6936938071613,148.30625724792478,128.10301,82.479004,106.11492,76.8275766522599,10.162313792153306,37.52121795968279
32.1,143.4748410798563,142.55277819035055,146.8100070953369,127.931,82.85901,106.3782,80.89527303448148,12.775224617432958,37.09664436354771
32.2,142.74857472843206,140.81216333207848,145.75251007080078,128.438,83.76,106.78314,78.18954453263133,11.138715561211667,35.96543263858831
32.3,143.014484228846,141.59376891370204,144.0337562561035,128.516,82.982,106.597176,83.8626602954501,9.922950819476975,36.417308630701456
32.4,142.54814484053307,139.94095425136942,141.7737579345703,128.11801,82.725006,106.22946,83.89803488955356,10.981352841264732,36.318683170611195
32.5,141.44761713606786,140.8773611375182,139.34625434875488,127.969,82.399,105.96113,85.9376322949739,10.05733985290584,35.48648890120458
32.6,143.3864160981555,141.41254556321985,146.6200065612793,128.31,82.868004,106.29323,77.0930640016242,10.13897645116743,37.093187948741445
32.7,143.0890784338521,140.24777012557433,146.95250701904297,128.134,82.850006,106.23203,70.45175542889359,10.660267776312292,36.8570456579732
32.8,144.83673103295212,140.43216211180226,147.53125381469727,128.117,82.61301,106.16078,67.75924556737662,10.440019326251926,38.67594917260055
32.9,144.55114535612785,139.5313404735806,149.71125602722168,127.791,82.389,105.81647,62.41767639064618,12.506282665032336,38.7346780709716
33.0,146.25556151554295,141.56494574603988,152.14125442504883,129.14801,82.75701,106.65131,52.89889148955868,10.930875559048049,39.60424773380467
33.1,144.49932841239226,142.1693678214777,149.93875885009766,128.53401,83.088,106.46347,63.37833448893337,10.228635300354718,38.035857953407884
33.2,145.38285581187725,140.98019373045264,149.89625549316406,128.298,82.542,106.359375,62.585832995424425,10.511697677100077,39.02348081187725
33.3,146.0028907736819,141.88214234886505,149.55500411987305,128.3,82.743004,106.31128,63.679012111298825,10.252514621076438,39.69161147680691
33.4,146.92744433333962,141.6025495067203,151.80500793457028,128.435,83.243004,106.69128,54.42599324097457,10.590542966143522,40.23616778304665
33.5,144.80230956242295,142.6265993967521,148.18250465393066,128.117,82.616005,106.33564,72.81979845591891,11.192111887679031,38.46666960880967
33.6,146.85956518963067,142.37524315173107,152.73125839233398,128.1,82.52601,106.172035,59.80266742510311,9.73870474803217,40.687529972345516
33.7,146.20391356562425,142.70275537565553,153.9562530517578,127.994,82.763,106.10846,58.140175309163425,9.435631941462614,40.095454092968
33.8,145.7003546898437,142.75675264445425,151.46750450134275,127.99201,83.116005,106.291245,63.59886488885939,9.731949765055049,39.409110183007755
33.9,146.1854136959711,142.4538634842248,153.29125785827637,128.077,82.843,106.2202,55.67638790290961,9.488457994292757,39.96521411101017
34.0,145.89129787751205,141.58936965295928,149.74750709533694,127.684006,82.22,105.7397,64.49076539494058,11.171702509813171,40.15159756012923
34.1,145.104805527659,140.46016059161948,148.3150062561035,127.62701,82.389,105.80501,66.44303632993021,10.637252033549192,39.2997975930887
34.2,145.12454744191794,141.66598301924867,152.21500396728516,127.068,81.716,105.36374,63.36171469783793,10.716892184038267,39.760808428246065
34.3,145.10983737439426,140.40804321661076,154.69500732421875,127.39701,82.032005,105.46244,56.261483161883675,11.946508853408153,39.647396883671604
34.4,143.24261118308902,140.43634454771387,149.6862564086914,126.810005,81.562004,104.81256,70.41993849048743,12.61159274792575,38.430050147932775
34.5,141.92418287286552,141.25599817905683,144.51000785827637,127.27501,82.17901,105.294044,81.39287861414897,7.871419736608381,36.63013837823661
34.6,141.5223713605574,141.39605779640203,139.53001022338867,127.55801,81.625,105.1894,84.8992356581072,7.8200241810909175,36.33297164131912
34.7,140.36223618380296,140.8605464831626,132.7687568664551,127.364006,81.935005,105.35459,68.60742139596842,9.431779566140662,35.00764481417406
34.8,140.9818210877135,141.7349366396165,138.57750701904297,127.34501,82.04001,105.2712,81.1547261756997,9.822025055973478,35.71061900031117
34.9,141.99716133666334,141.01684357043175,142.76875686645508,127.501,82.14001,105.470116,86.2132867533636,11.482090938281225,36.527045675042245
35.0,141.55920559033095,142.12169045464313,142.66875457763675,127.45701,81.538,105.302864,89.04178053329072,14.728581417167204,36.256341515623916
35.1,141.7036424813503,140.96734076422942,137.65000343322754,126.768005,81.481,104.92064,82.16214797641155,13.16747445240202,36.78300344326436
35.2,139.48114102589503,142.35364151275414,133.82125663757324,127.48401,82.04901,105.315315,69.83021407114997,12.138216394177514,34.165825779312996
35.3,140.98469798883042,141.96829499504642,138.6850070953369,127.84001,82.553,105.51377,83.45250777256982,11.835275512422395,35.47092693170151
35.4,142.40156656222746,140.54810644678835,146.19000625610352,127.632,82.68001,105.607864,79.60485931240186,13.851587450956721,36.793702182344646
35.5,144.79210590886996,141.03613262283238,150.33500671386716,127.02901,82.303,105.26066,68.36130081929777,12.520126746551895,39.5314476447098
35.6,146.27461458976435,143.17706310049616,156.20000648498535,126.935005,81.743004,105.098076,59.24806914656355,11.793831408921747,41.176538723065136
35.7,147.2453439167289,142.67629985763585,157.29875564575198,127.18901,81.925,105.165115,58.83897405445792,12.517383132857573,42.08022856028359
35.8,147.35126752128517,142.60572391574047,157.78250694274902,127.477005,82.252,105.682724,53.77233850194884,10.36141633407245,41.66854352226173
35.9,147.5973123447155,142.83847957278707,155.5112533569336,128.13701,82.39101,106.20294,63.84496472855042,12.293453193737806,41.394370450184255
36.0,147.68505315062322,143.65469394747873,155.20875358581543,128.477,82.828,106.42256,64.603370467693,12.740866716477235,41.262491505115406
36.1,148.60130637355664,142.64559529408945,158.57876014709473,128.997,82.635,106.7939,58.03284180201212,12.932739172478607,41.80740683742383
36.2,146.58281765084283,143.02577287657178,152.87875747680664,128.47002,82.343,106.27893,67.66565315261812,11.591848014758686,40.30388698678033
36.3,145.81862402212656,142.42806997352557,150.7450065612793,127.85501,82.616005,106.1047,71.41122961759795,13.343136337758324,39.71392584097421
36.4,143.93058568516886,142.67330030872762,146.36875915527344,128.58699,82.783005,106.4642,81.54544394304824,12.16973396197279,37.46638280430949
36.5,146.0803094460273,143.60033726223367,148.54500579833984,128.487,82.98,106.51385,80.52014293513795,13.792967349773617,39.56646209495307
36.6,147.6799375223278,143.5755104223506,156.72625923156738,128.703,82.712006,106.55405,62.6131364778307,13.406505570980679,41.12589089146843
36.7,147.4232456364861,143.12922793296124,155.48251152038574,128.96,82.923004,106.80588,66.69052125069713,13.461245060668931,40.61736795093921
36.8,146.08939723331198,143.96929909898984,150.6350078582764,129.171,83.15901,107.174675,74.2248866359093,12.707587514319666,38.914722245519016
36.9,143.46502744831133,142.95850726858697,144.95125579833982,129.427,83.196,107.00001,85.33192035252023,12.123682629151169,36.4650198189168
37.0,145.06655577213363,144.32687671182634,145.11625480651858,129.162,82.687004,106.69859,88.19113577352626,12.428081139019476,38.36796263248519
37.1,146.1693110932861,143.90513457398143,152.7862606048584,128.691,82.59901,106.40385,61.83456476691302,10.347238069248835,39.76546435256344
37.2,146.1558851640372,143.95758160561394,152.46000480651853,128.20302,82.593,106.2203,65.76002698654196,9.688743846068917,39.93558639694734
37.3,144.73129521772282,143.39921333380073,151.3650074005127,128.705,82.99901,106.60087,66.9539925641686,9.749788638628887,38.13042699262516
37.4,144.58881507270507,143.94364151318106,148.63750267028811,128.766,82.982,106.66288,76.95865136023022,10.17819101862914,37.92593512885742
37.5,147.55350106224785,144.14887062853379,155.39750289916995,129.37201,83.27601,106.9233,60.74482582201119,10.953869975457511,40.6301993654705
37.6,146.36457105841416,143.55918657773975,151.6575050354004,128.897,82.70901,106.51511,68.87088295856537,11.93972285784528,39.84946485724228
37.7,147.79791826472086,143.98193951156213,154.06500816345215,128.488,82.652,106.46094,61.450443335156834,11.026304589488104,41.33698076472086
37.8,145.63504394135276,143.9201396066984,148.79750823974612,128.241,82.39,106.39539,77.53217615844102,10.95729643979625,39.23965056977073
37.9,145.53176616207259,143.58355969277312,151.69750595092773,128.80002,82.566,106.5479,63.86090295168359,10.029723663151048,38.9838688232054
38.0,145.74578461803551,143.36009125621865,150.15250396728518,128.73502,82.798004,106.569016,70.41273895081281,9.248303528550126,39.17676911510583
38.1,144.99095901630125,144.45532553449428,147.44750976562497,129.31,83.06401,106.85333,81.41800953314173,9.813606642067983,38.13762649677
38.2,143.5264407706439,143.52325134917703,147.3425064086914,129.477,82.44401,106.80327,78.59160726129505,10.168473177923467,36.7231723380267
38.3,143.99119764280337,144.98343168147366,145.28875923156738,129.272,82.453,106.57887,89.16703451316997,9.70058445430455,37.41232496213931
38.4,142.97613260387644,143.41126048380048,140.83250808715817,128.84001,82.45301,106.240364,83.47039662083469,11.19346643241226,36.735768529169405
38.5,142.31671131728723,143.89109078703834,141.2275066375732,128.53801,81.892006,105.98218,82.11636165085433,7.95484622845423,36.33453358291223
38.6,143.49950744835894,143.60519174992038,144.72625541687015,128.296,81.93201,105.945206,86.73137694611371,8.625948058926667,37.55430175988238
38.7,144.94103345872304,143.2193128059808,145.5362548828125,128.115,82.257996,105.985146,83.06310316747181,10.726316977269208,38.955887889875385
38.8,145.33834444413804,143.09038622221118,149.5500030517578,128.06801,82.46001,106.14432,72.43278776992337,10.668936877664107,39.19402681718492
38.9,144.93864478753397,143.9961277404468,143.4987564086914,129.05801,82.732,107.04429,88.84695907135844,12.919517986250634,37.89435615228007
39.0,147.16483032746038,144.16124011008478,151.8637580871582,129.47101,82.903,107.00858,69.19908197892897,11.506281953067875,40.15624725861272
39.1,147.14416835418092,144.48754053092975,149.4312572479248,129.241,82.756004,106.90258,78.30062511139973,11.787726049621686,40.24158809295045
39.2,145.86962549276203,144.3502806970732,147.26125526428225,128.134,82.46901,106.32311,80.42250061230814,9.94889191414604,39.54651300496906
39.3,144.18240128220322,142.13131460712776,143.8625087738037,128.223,82.47101,106.30104,84.60657911797291,10.521529791857322,37.88136063278915
39.4,145.575145426658,142.98452854202233,150.78875923156738,127.71801,82.576004,106.13841,74.84054366512373,12.94691089571125,39.43673295107206
39.5,143.36345528376577,143.0159477169851,145.5150051116943,127.658,82.215004,105.90981,84.51124546702142,12.689730810047003,37.45364235651968
39.6,141.21031310433187,142.9724075070388,138.70000457763672,128.024,82.083,105.904686,81.56930903562275,12.472747079135988,35.30562713021078
39.7,141.48756978102716,143.0369205105886,136.85875892639157,128.757,82.520996,106.61582,78.01717486281213,14.816988875781668,34.871747942648256
39.8,145.57075678931008,142.20169228569782,151.28500366210938,129.11,82.726006,106.63875,72.73741101223074,10.276125692315729,38.93200862036477
39.9,145.29961755842672,143.6247255863522,148.88625717163086,128.86002,83.01901,106.77307,80.1660606783501,14.216298891782552,38.52654626936422
40.0,144.33766600460564,143.92152808209974,146.21500778198242,128.81801,82.82001,106.66945,85.56709326187898,13.988362978928583,37.668217152066575
40.1,141.81074467538872,144.19090195738914,138.85750579833984,128.947,83.138,106.76842,78.56060258733488,13.934664636443118,35.04232731699028
40.2,143.33900031225693,144.076746870326,142.483757019043,129.445,83.496,107.30621,86.49433944535119,12.873681769051663,36.03278693335068
40.3,143.93315683721082,144.35357551178296,144.59375762939453,129.551,83.342,107.33495,89.4802772451761,12.034681750779775,36.59820352910535
40.4,145.9945694313833,145.08228615990265,148.5450096130371,129.92401,83.69,107.46078,82.82733784573777,12.379178256909423,38.533792148668454
40.5,146.71712405505082,143.28436189829873,150.91625595092773,129.574,83.206,107.34047,73.82024192283066,14.299421345051089,39.376654694699255
40.6,143.27451624215223,143.68456107306537,139.02000617980957,128.977,82.643,106.8191,80.64969979814083,14.535901400316762,36.4554168158827
40.7,144.29631946598445,143.55628737092113,143.16500663757324,129.55501,83.229004,107.24552,89.23335933434308,15.26797207996616,37.0507979205743
40.8,145.9199127321759,143.81076512233815,149.05751037597656,129.587,83.229996,107.29131,77.18844077682176,12.366961976527955,38.62859956078918
40.9,142.71814922281297,144.49643852544915,142.6300067901611,128.89401,82.94101,106.80943,85.66335272614229,11.907593033254596,35.90871623941453
41.0,141.29769350223418,142.24207118497097,140.98375701904297,128.59502,82.386,106.32956,87.09838021230726,11.428863523904534,34.96813417606231
41.1,144.01531686858067,142.85568255966515,147.0175075531006,128.311,82.307,106.09439,81.83679316339331,12.307355406903135,37.920925999440044
41.2,144.70385675236167,142.24243426395358,151.42376136779785,128.45201,82.46001,106.33929,70.62402872480195,11.239673526245662,38.364569948162455
41.3,146.1265379189467,142.2777050643421,152.48250579833984,129.03801,82.908005,106.65429,69.86861353106065,13.237387653803731,39.47224867334123
41.4,146.1556427683166,142.21212530829828,151.75250625610354,128.942,82.8,106.62445,71.49691813219438,13.320929379233458,39.531192084722846
41.5,146.7684549476892,142.29170383267362,155.8862533569336,129.45001,83.08101,106.99957,61.42836521683804,13.625030893742979,39.76888219378296
41.6,146.53401367479492,142.4719994094446,155.13125610351562,129.281,82.549,106.53627,65.07327640381915,13.16362186296259,39.99774353319336
41.7,147.58009699164145,141.57758982114842,157.92000961303708,129.142,82.506004,106.53258,53.32249470562459,12.9406681720066,41.04751947699302
41.8,146.39157722330842,142.16919662390205,154.78125762939453,129.627,82.883,106.96155,65.66971902665234,12.874829668710971,39.43002937174592
41.9,147.04497802074914,141.1877312109053,156.19375801086426,129.347,82.340004,106.44048,62.07966809529074,13.489663116159784,40.60449492748742
42.0,145.9598139294537,141.03970353319394,154.4275054931641,128.854,82.61301,106.264984,64.15867765464643,13.900715538500721,39.69482979859433
42.1,144.99978057414603,141.96831020413163,153.01250648498535,127.788,82.188,105.699905,66.70261994699888,11.656679416917989,39.29987517863822
42.2,141.64147205477,142.42547150725463,144.69000434875488,128.1,82.68001,106.13033,84.47434665815027,11.353759850457754,35.51113910799265
42.3,141.58892636570795,141.90677695910898,143.11750411987308,128.46501,82.55801,106.09217,28.74065647241786,3.515007560685949,35.49675565037592
42.4,140.402448562083,143.70524648487995,136.67250633239746,128.476,82.438,106.06248,75.65119962819435,12.354853785102446,34.3399714502666
42.5,139.11825996252125,141.4300079345703,136.86500358581543,128.617,82.53,106.12984,78.46206600059101,9.778939051013614,32.98842292638844
42.6,141.45622644544042,141.94571448035663,145.80875968933105,129.151,82.44101,106.556816,79.56550031263349,9.490419730195299,34.8994103443662
42.7,139.7129284563525,142.99169867017764,142.87375450134277,128.817,82.341,106.52129,89.60590582945201,10.566466721117648,33.19163481621578
42.8,141.93043016528884,150.0215639454379,140.8662567138672,129.433,82.58101,106.771675,62.97116178268936,8.512443967569277,35.15875505542556
42.9,141.8055350698418,149.8222785547197,139.14875602722168,128.919,81.44501,106.41572,57.815347046993196,8.245825401163609,35.389816991228514
43.0,140.2644920020452,147.87081924609237,138.53250885009766,128.92001,82.063,106.479256,59.215698264735956,8.996847924779848,33.78523632577566
43.1,142.56998571440263,149.67878092240562,138.90250396728513,129.707,81.995,107.13152,44.796870815233056,8.902116159517947,35.438462582078415
43.2,140.7455878265915,145.9141110094712,138.66750717163086,128.77802,81.915,106.60407,62.599021016173054,8.938400123848902,34.14151525579072
43.3,141.39501767357677,146.42923098471906,137.74125480651855,129.24,82.146,106.851906,48.73356411110506,9.180249676086813,34.54311185082287
43.4,140.697329148045,146.5787581077106,137.4550075531006,129.195,82.903,107.10094,49.06472091842616,10.4311656551802,33.59639225839655
43.5,140.71034607637563,143.99869609866306,140.22500610351562,129.017,81.735,106.51462,64.77086052579311,8.94984036332472,34.195728156453754
43.6,140.2105017611715,143.19767131302282,138.70000648498532,128.787,82.136,106.5862,68.00770213339506,9.561850091446612,33.62430486175745
43.7,139.30438347555568,142.46493025641743,137.628755569458,128.67801,82.336006,106.37833,63.826129287954814,8.897520961431107,32.92605705954006
43.8,140.27769808568814,141.8408618228708,140.0262546539307,128.585,82.359,106.44514,78.60070652873844,7.682221492535351,33.83256106176236
43.9,139.10071359493142,142.4364990341101,137.566255569458,128.25902,81.90901,106.10703,66.32919317498524,7.410605554078634,32.993680819052514
44.0,138.83713467226409,141.78566796007772,135.2187557220459,128.485,82.336006,106.48495,60.79633591248391,10.454605589145014,32.35218746767424
44.1,138.66751824815526,143.01923675842042,133.55750846862793,129.048,82.416,106.65792,33.27371496261454,7.1737426981059915,32.00959741075292
44.2,141.71748362955185,150.76946422262824,136.1412544250488,128.742,82.402,106.75182,34.91549267879259,9.150765653705575,34.96566020425888
44.3,139.84510909981807,145.00599090368817,136.9700107574463,128.827,82.56901,106.859764,56.78128969661876,9.032660556826546,32.98534500069698
44.4,141.33632241381287,144.5924105579428,141.60750579833984,129.76201,82.68,107.03321,80.46910372032637,8.899128178443457,34.303111659418335
44.5,143.55416850990736,143.47060882330513,147.1962566375732,129.78902,82.90201,107.328705,76.50662844022894,8.498327004301506,36.22546367592298
44.6,143.02717907819644,142.22735414268683,147.83875465393066,128.701,82.776,106.72577,71.37318529845446,8.509081033600959,36.30141003522769
44.7,143.91463121079371,147.46971508059664,145.99875831604,128.955,82.584,106.77146,84.84978868206578,9.286463840907508,37.14316972397731
44.8,144.1257393077728,145.39119814408483,147.912504196167,129.28401,82.843,106.87309,80.45395792955657,9.545174324599026,37.2526466564056
44.9,144.16535005696247,143.24798876261542,149.36500549316403,129.71101,83.253006,107.27987,66.53530509044595,9.39851229164607,36.88548097737262
45.0,143.97262611420098,142.91674687075292,146.7387580871582,130.477,83.572,107.89673,74.34323394519478,8.36266355783795,36.07589759857598
45.1,144.12923934390184,143.6578494848774,148.9487571716309,130.21501,83.39101,107.521095,69.30018114970508,8.374227333783454,36.60814406802294
45.2,143.0285910653921,141.46239473722534,147.7462558746338,130.255,83.240005,107.471756,65.62785627379242,7.570055105510482,35.556835083946794
45.3,145.61049501041643,143.33791548670243,150.28125953674314,130.467,83.51001,107.835144,67.49025997719473,8.51945503572327,37.77535096744768
45.4,146.1242890566733,143.275394588504,149.76375770568845,130.72801,83.466,107.85309,65.85455918751902,10.66542819828458,38.27120067776704
45.5,146.22443415732414,143.2451795930199,150.52625465393066,130.528,83.469,107.79762,63.8065517369949,9.460340151375343,38.42681147666008
45.6,146.50973536230796,144.25348458537857,154.1237564086914,130.13402,82.66,107.390144,56.53939691251231,9.88914882056835,39.11959101416343
45.7,145.74498646303658,144.87998390045286,152.26125717163086,130.658,83.646,107.76256,65.36531049862006,9.77886308885428,37.982428479638145
45.8,145.56406304437022,142.9324932705203,152.0325107574463,130.237,83.576004,107.59893,59.406189389046325,9.139444993165828,37.965132685483496
45.9,145.94277864286485,143.8229290154912,154.06250762939453,130.49501,83.853004,107.98277,58.94292827129687,8.499542321701208,37.960005815716414
46.0,143.56216129650556,143.57570049154768,146.5187587738037,130.58101,83.659004,107.92825,80.72874530039843,11.689763802764471,35.63390812267744
46.1,141.7045362219126,143.30720148734528,139.77875900268555,130.593,83.873,107.8827,81.42936086618259,11.013085907603484,33.82183816283057
46.2,141.59148494188898,143.04882532938493,138.9312572479248,130.18901,83.534996,107.53426,80.15794848268861,11.63786210071722,34.057221331049135
46.3,141.79109810485647,143.10846347153233,136.74500465393066,129.912,83.63901,107.36944,75.25046719621811,12.382381815784713,34.421659933469755
46.4,140.3825762064201,143.0611360853334,135.73375701904297,129.067,83.30601,106.8632,74.14068811808538,14.05821532767131,33.519378879759955
46.5,139.25055321991744,141.7659477169851,135.1400032043457,129.72002,83.163,106.859344,69.66997116617377,13.173104871978131,32.39120873749556
46.6,141.35979205687696,144.55077272624038,135.9875030517578,129.406,83.286,106.96113,67.9852147464332,12.20484726916095,34.398663822013674
46.7,141.37176065678923,142.16815451630396,134.19875526428223,128.97101,83.142006,106.65636,68.64273016744725,12.53086646560138,34.7154038452658
46.8,143.87964629673232,143.96391244548306,140.66375732421875,129.66101,83.435,107.27187,79.92250178007983,10.7251023915965,36.607772822611224
46.9,144.47143260341127,141.5571963227148,146.1825065612793,129.251,83.215004,106.860466,78.94378620093644,11.457012321238317,37.610966599993304
47.0,144.29157921722424,140.8904473412237,146.13000869750977,128.169,82.71001,106.14405,77.40144037078015,11.732618163622567,38.14752861907971
47.1,143.5436382044496,142.43957552189448,142.82250595092776,129.01001,82.87601,106.386246,88.92694499868993,12.411760320961088,37.15739247691053
47.2,145.5369027129968,143.48701021543604,154.00500869750977,128.237,82.61301,106.139565,60.82170845973947,10.179010434194582,39.39733819883665
47.3,146.52552008993243,143.89615571763778,156.2387580871582,128.097,82.26001,105.86519,50.94073151078028,9.414089970146431,40.660331491299615
47.4,144.36974045128918,147.44605141234914,149.1875076293945,127.959,82.311005,105.86515,84.02735000156645,9.524040241820646,38.50458999962902
47.5,142.73196856860898,145.85208334187143,147.81375885009766,127.61001,81.576004,105.330505,82.88266660450554,9.20842307498548,37.40146319751523
47.6,145.04562844731615,149.89706281910506,149.13125610351562,127.966,82.463005,106.02424,87.07467005186152,7.7578036766398215,39.021389860890366
47.7,144.52963920847057,148.05481041009477,148.38751029968262,128.327,82.50201,106.383575,88.87522454636346,8.138100387698334,38.146063769017445
47.8,145.2018835412371,147.93841235025894,150.1925029754639,128.25401,82.66,106.45542,81.67500358208991,7.833870846768191,38.74646209348319
47.9,146.26324147680398,147.67681681437077,152.65500259399414,128.289,82.42701,106.293915,72.61485242183494,7.90396415148214,39.96932668188211
48.0,147.2406626646866,149.36198575044992,150.87250518798828,129.05002,83.01901,106.830475,85.83825855335306,9.494907223888905,40.41018781117097
48.1,147.51052577370606,148.2472060394897,154.7300090789795,129.098,83.163,106.894424,72.49509447168363,10.56091157898725,40.6161013352295
48.2,147.49531778146067,148.49799819842613,155.18500900268555,129.138,83.476,107.209175,70.74107241711667,10.176587406242895,40.28614267159739
48.3,149.78975610325165,147.92232024103618,157.02500915527344,129.537,83.13901,107.16486,61.78586464665878,12.947302885338898,42.62489251682587
48.4,152.09464008531253,147.20879491078767,155.85500717163083,129.84799,83.149,107.41649,64.2844587209968,13.609410802535931,44.6781514378516
48.5,152.9769836310038,151.3909892032663,158.30000686645508,129.606,83.036,107.42514,66.90662152709308,11.797528518275604,45.55184325014443
48.6,156.12317163639008,149.49821106219272,164.5575065612793,129.516,82.740005,107.25536,48.911608074007674,14.745934212067944,48.867808172034614
48.7,156.5595031486795,148.82624662477048,165.43250656127933,129.128,83.071,107.293465,56.73511100933526,16.941892693231146,49.26603848803498
48.8,155.16924872282797,149.68267782685473,162.7275104522705,129.694,83.236,107.51034,63.82046446215134,15.218147261634318,47.65891089323813
48.9,152.0620813340112,153.2618294317183,149.90375518798828,129.544,83.33,107.541016,82.62112895169793,14.269776108721711,44.5210657090112
49.0,150.83070191522626,151.07075812707987,148.82500457763672,130.332,83.58501,107.88796,85.11552829163189,13.248350233971523,42.94273957391766
49.1,152.03554100742147,153.11824026008685,150.885009765625,130.418,83.31,107.84332,83.94135687206479,12.218126586092612,44.19221825351522
49.2,149.22099524412155,152.07746575292256,151.76000595092773,128.867,82.842,106.77479,89.06688323340963,9.859739244172468,42.44620734128952
49.3,151.50845841571413,155.70867661583623,154.82500457763672,128.91101,82.79201,106.94313,86.83017499267613,9.558013527399533,44.56532792255007
49.4,147.29676313290358,151.6974927903746,151.14375686645508,129.19101,83.590004,107.40557,88.37318449781962,11.611934149372589,39.89119214901686
49.5,150.34468826034836,152.02423966070063,153.38750648498535,129.097,83.02901,107.100555,85.38180357191841,11.512479812868964,43.24413284042649
49.6,149.55713637606578,151.231038493485,150.98000526428223,128.488,82.886,106.56665,89.28043944248464,11.5088027572626,42.990485985440785
49.7,150.07842340172735,150.77665960432338,153.19500923156738,128.947,82.995,106.86333,82.4682819568169,11.882019386585627,43.21509637536016
49.8,149.90463855778134,150.33587016861122,156.46500778198245,129.17001,83.16901,106.88614,71.29598458007126,11.990723871696398,43.018499641765715
49.9,148.4217978056291,149.8979434634665,154.22875976562497,128.248,82.645004,106.169586,69.98675117417336,12.619213413579757,42.25221162398847
50.0,150.5757165821178,150.6191935721442,157.7125072479248,128.867,82.990005,106.53209,60.69338675655906,11.117616709262549,44.043627348719355
50.1,149.67432609224437,151.26673987592153,155.85125541687012,128.108,82.14101,105.904686,72.82268892199028,11.664186773006856,43.76964011812328
50.2,150.69337347235273,148.7107690632772,157.16750335693362,128.294,82.256004,106.167175,56.94951496286605,13.859348570398518,44.52619817938398
50.3,149.8882870034848,152.29304151618888,151.09250640869143,128.30699,82.436005,106.11862,86.35749264270245,12.990791734559215,43.76966517731293
50.4,150.337965848554,148.70984706284045,155.4162540435791,129.07,82.812004,106.62135,73.86857370165214,15.383765734508664,43.716612699139944
50.5,147.86889555385105,147.9778494840236,150.1112518310547,129.089,82.62701,106.49181,85.59976166893578,15.938696916047597,41.37708189418308
50.6,146.1668723807385,152.30728419949585,142.81750869750977,128.72699,82.08501,106.34937,71.04413256970032,12.86566779616922,39.81749951696898
50.7,145.3882038026679,151.93910508586538,139.99125480651858,127.61001,81.692,105.72717,63.68949734853456,12.910663909660563,39.6610309511054
50.8,144.37708031708198,152.2927030821022,139.82000350952146,127.589005,81.93201,105.84484,63.582333119399436,14.193378164698782,38.53223931366401
50.9,145.288596451332,149.949020543087,143.11125946044922,127.621,81.699005,105.60765,76.27703734491735,12.23789476092821,39.680945694496074
51.0,144.79610775383284,151.84220527966053,142.12750625610352,128.13101,82.326004,105.99547,65.02432507733596,10.377854684754716,38.800639614184405
51.1,145.1192692069808,152.1626002780539,143.01250648498535,127.26501,81.824005,105.60108,58.73903629305487,8.707683497060515,39.51818735883626
51.2,144.23526038964488,151.26427491368722,139.83375549316406,126.52401,80.90501,104.88935,65.88362653232991,12.05926985298912,39.3459094985316
51.3,145.72469701117402,150.94782972236712,143.72000694274902,127.26201,81.24401,105.40154,73.17431885356257,10.263494143998514,40.3231543475998
51.4,147.71573066538625,152.2930546145359,147.14250564575192,127.80001,81.549,105.76275,76.12595312510622,8.045706396572758,41.95298194712453
51.5,148.68970438895983,151.64825941309942,148.15501022338867,127.731,81.637,105.72435,81.41068426102272,9.846611235866815,42.96535441337389
51.6,146.47232162653205,148.79309230807493,150.28376007080075,127.437004,81.257,105.178795,87.0087635329729,12.397385220859029,41.29352676569221
51.7,147.1073203842101,150.07981603303782,149.50250625610352,127.089005,81.326004,105.16338,88.4450271891257,8.33724054013928,41.94393690032339
51.8,148.11262280814705,148.50940582555927,154.21750450134277,126.881004,81.088005,104.87545,76.13404329067053,10.844910267291233,43.23717267386971
51.9,148.48908204995402,147.7574076368178,152.78625869750974,127.07001,81.173004,105.23503,80.17895111280046,13.75720130956144,43.254050922024334
52.0,149.065805583357,150.14345205476243,152.4900074005127,127.49701,81.674,105.630684,84.29981519383124,11.516360439655827,43.43512168443121
52.1,149.8394753415329,148.40837071279253,152.95750999450686,127.728004,81.584,105.68854,77.80934990938535,9.679894320918756,44.15093774387665
52.2,148.73005272999123,146.5150445384659,150.6562576293945,127.241005,81.39,105.46948,80.07326097184712,11.575541268478737,43.26057030811623
52.3,149.55341504853504,149.7506303971715,151.3025054931641,127.44101,81.263,105.318275,86.01735833619178,10.471665696433368,44.23513959687489
52.4,149.35284703725299,147.42184980500707,153.44875526428223,126.84201,80.743004,105.20278,78.00927350383205,12.712751637022881,44.15006536000689
52.5,151.34758294914076,147.5462892015489,161.07500457763672,127.107,81.51,105.45746,61.26834872664746,12.521447547684707,45.89012445304701
52.6,149.79330137000278,151.01584463111882,155.66375732421875,127.65901,82.063,106.01166,79.71753704742231,11.818361172583922,43.78164365515903
52.7,148.13720506433285,147.96466535908237,152.81875610351562,127.504005,81.748,105.67462,77.80042966699729,12.01477027966663,42.462583482301596
52.8,151.69699051884643,148.28462766468954,160.3612594604492,126.91701,81.429,105.492615,65.64803578139039,14.236705739354662,46.204375772752684
52.9,148.67321361646526,150.99985922059471,151.53125762939456,127.201004,81.559006,105.62427,88.94936671088635,12.07250022296731,43.04894603834026
53.0,150.94432982023523,150.74752565165883,157.7475070953369,126.827,81.49901,105.45946,73.18949507347416,11.067126607140766,45.48487242277429
53.1,151.4247879818902,151.76265501301353,157.0825080871582,127.267006,81.90301,105.7391,76.18725395584454,10.670624318085135,45.68569038667536
53.2,151.6712794415021,149.69866323737884,160.82000923156738,127.658,81.82201,105.98474,62.61289828698268,11.595849652222313,45.686538230564594
53.3,153.64432525711018,151.15992094995875,161.79375648498535,128.34001,82.350006,106.58396,65.49959276360829,12.186181010464235,47.060363770293776
53.4,151.86719348942188,151.29755696114492,156.63250923156738,128.541,82.11,106.46682,77.41629122866598,11.710013702393065,45.400373726238286
53.5,153.81388388936003,151.83954327138875,158.22875595092776,128.60701,82.248,106.47392,75.94173481081182,12.17794902953036,47.33996115986784
53.6,149.86092982629532,153.124659585381,150.6175079345703,128.477,82.086,106.330635,84.35774941687714,11.064529786304247,43.53029475549454
53.7,151.86426995995956,153.0822600129125,157.068754196167,128.10101,82.323006,106.276955,80.42833530380547,10.387850662669958,45.58731530908065
53.8,152.40087755179923,150.74945051435657,157.14251136779785,129.25401,82.48,106.848335,76.0261950354211,12.559877462820749,45.552542285685945
53.9,153.6263203766895,152.52589359237706,162.73625946044922,128.73502,82.40301,106.74198,63.29248966270871,9.741244639162437,46.88433887034185
54.0,153.0046961506761,153.14503637263527,161.80626106262204,128.162,82.29,106.31162,69.61715686464746,11.690538030509229,46.69307353104719
54.1,152.32780398531153,152.91661397536024,158.55500602722168,128.574,82.235,106.489975,75.32397055112784,10.925637956709611,45.837829009725596
54.2,149.08501215639413,148.81543897663852,158.03875923156738,128.22101,82.25101,106.263306,63.70657943967052,9.534325931785139,42.82170649233163
54.3,149.9071458986691,149.4407344223498,156.31875610351562,128.781,81.935005,106.37611,74.64474872642806,10.760557922000464,43.53103963646208
54.4,151.77978944549008,152.56588171387938,160.31500816345212,128.70001,82.233,106.570946,71.12701204990431,10.107401647937598,45.20884370574399
54.5,151.45895779525617,151.42387258894058,159.9100112915039,129.07501,82.66,106.777084,70.89159959471365,11.218509840349123,44.68187344467023
54.6,151.78974536913975,150.38753658785618,160.66125679016113,129.12001,82.906006,107.09575,68.07247552357279,12.512312686871356,44.693996467772564
54.7,150.64718237538574,152.96225851380663,158.51000595092773,128.91,82.676,106.80561,76.15639307190524,10.354904478710626,43.84157171864746
54.8,148.83723989512464,151.0602591035082,154.14250946044916,129.16402,82.701004,106.72558,82.07579581341739,10.562011486680424,42.11166158701917
54.9,148.49079048685903,151.10027126126246,154.30625724792478,128.88101,82.55501,106.68718,83.0638865403617,13.137582429405551,41.80361092142934
55.0,147.6074669159825,151.16903697287532,149.53376007080078,129.29301,82.43001,106.61515,86.70902287702431,12.618820850509929,40.99231646432236
55.1,146.3329628767618,151.7607264877795,146.28250694274902,129.06,82.04001,106.51877,78.37599673484749,11.194582254387162,39.81419456621492
55.2,144.95376501093767,151.81591884847833,139.5562534332275,129.69101,83.196,107.24077,61.141305382899354,10.939885208803515,37.712996578320485
55.3,145.1567585950121,150.00124738588036,140.8937587738037,128.692,82.33301,106.31685,68.62074727001335,12.032013449973817,38.83990984012928
55.4,145.76691780704985,150.30055619993752,144.4000053405762,128.488,82.268,106.36745,78.18737691130644,13.421667573171376,39.39947090763579
55.5,146.53473521579093,150.61281560292537,146.2637596130371,128.74701,82.153,106.212555,80.7645055754565,13.136218105256955,40.322180284150306
55.6,149.1065255169561,150.47283869773077,153.0887584686279,128.108,81.952,106.047646,84.2039182537121,12.63068015372026,43.058879948108455
55.7,147.0214335635086,149.8999379896717,151.2387580871582,128.22101,81.602005,105.90519,86.94622187569769,11.8418740565593,41.11624404934844
55.8,148.1499412075459,151.57308531409734,153.7800064086914,128.506,82.270004,106.072205,83.88230011586036,8.991795266637164,42.07773661770216
55.9,149.70631295410115,152.401969600772,155.6737575531006,128.425,82.20701,106.21909,78.00664225702796,8.922112390959198,43.487219631347244
56.0,149.07735790049986,151.17796261647908,154.2087574005127,127.72001,82.066,105.769295,79.10953324716188,9.417734896681912,43.30806316173033
56.1,150.05078048046715,148.925373934251,157.71250915527344,128.966,82.40001,106.43204,58.94666377354882,9.128434480227444,43.61874312695153
56.2,150.53968364064644,149.9428624525916,156.7125072479248,129.21301,82.697,106.67973,65.29608454340323,8.432879374781011,43.85995036427926
56.3,152.99338155428492,151.40792492165937,158.2287559509277,129.317,82.803,106.62556,65.28630788423534,10.114803578101846,46.36782460848414
56.4,152.51630204988354,150.8426270345418,158.16125869750977,129.17401,82.24,106.4494,65.71483448149661,9.601618917048256,46.066900194414785
56.5,152.94193225320848,151.01156943860195,158.34250831604004,128.13501,81.89,105.84649,66.63726446112102,9.857364518534894,47.09544330057176
56.6,153.3757161878144,148.6781092188627,158.78625869750977,128.05501,82.09901,105.88031,64.43195538313614,10.884131469447007,47.49540612922064
56.7,151.02691656902766,143.8505890612217,158.1600112915039,128.514,82.66,106.10313,38.24487762157856,10.002362466829958,44.923790043148756
56.8,151.97904009451747,147.19016941750556,157.00625801086426,128.08401,82.33001,106.16797,53.70894035653067,10.588154188403022,45.81107134451747
56.9,152.35958986730375,151.8418762316807,156.13000869750977,128.725,82.812004,106.49681,73.670983714377,9.462728658118646,45.862778954217816
57.0,151.79660965901147,151.35990118702156,154.3662586212158,128.832,83.011,106.76636,78.83938267548774,9.699459131927195,45.030252237136466
57.1,152.96732809859748,150.42914249929402,157.89250564575195,128.524,82.506004,106.47398,64.6508450957178,8.799755536449487,46.49334433394904
57.2,151.4517349554272,151.15666598923008,158.08875465393066,128.72902,82.45301,106.468575,65.19586413692883,9.724753137450413,44.98316043150143
57.3,152.67251087521421,148.12731611890663,156.9700050354004,128.41101,82.18,106.18698,53.88436113794031,12.688035555382257,46.48552967404234
57.4,153.91854050620188,148.0580465489059,158.15000915527347,128.517,82.29401,106.25053,47.46568870124039,13.04092309707477,47.66801407797922
57.5,153.95579246939033,148.8528283714581,159.89000701904297,128.481,82.396,106.207855,51.54853278667278,13.217212519886578,47.74793724478096
57.6,152.31387176569922,148.12383184364373,157.72625732421875,127.92001,81.60901,105.670204,51.357849574734914,11.769656977770518,46.64366760310156
57.7,151.36036133103983,147.81461123490124,158.06750679016113,128.09001,82.08101,106.04732,50.70367115883418,9.905737986964176,45.31304382615701
57.8,151.62124147595694,148.91352227849066,157.8350067138672,128.37599,82.36201,106.16797,58.3473108041569,8.653407975118293,45.453272725956936
57.9,154.98854889361246,150.31915343549133,164.36876106262204,127.867004,81.943,105.702995,49.906466630722136,10.59920154416169,49.28555359331949
58.0,153.98767840865108,149.94106402926974,159.53125953674314,127.775,81.972,105.653496,59.825063977272485,11.791702090264973,48.33418262007686
58.1,154.4682861152635,150.66035369244887,159.35875701904297,128.19101,81.726006,105.778854,63.656582334313896,9.44650545231233,48.68943174514632
58.2,155.73708330530323,151.6370342315625,162.4600067138672,128.604,81.758,106.088524,54.26070297247252,11.13282840164719,49.648559440557136
58.3,153.43161013824522,149.9419331270823,162.2237567901611,128.266,81.769005,106.091644,55.2048782226522,11.654925492138018,47.339965851135844
58.4,153.71080977439735,150.1690521819605,161.8262577056885,128.3,82.188,106.17161,61.14612706355436,10.502208033982328,47.53920180320594
58.5,154.4580700821887,151.23107041374956,163.22625350952148,128.147,82.137,106.0913,68.7345366436088,16.125074669523784,48.36676911783323
58.6,153.49478819339865,148.66827673420346,162.8975067138672,128.457,82.212006,105.93352,63.279997427652546,15.898583072932754,47.56127073734396
58.7,152.44780992113132,150.3082180565972,153.27875900268555,128.85,82.332,106.56834,82.88510594059811,12.51232061056867,45.87947343431492
58.8,153.82392806389998,148.93868393962808,160.9662570953369,129.02701,82.503,106.40597,63.54693446754509,13.711876744494731,47.41796035149764
58.9,155.1369676499393,149.9893657098857,165.26250839233398,129.292,82.40001,106.65097,56.680820332959144,15.968579731181961,48.48599719095492
59.0,154.35381450680106,148.0665002543863,164.63875770568848,129.23401,82.463005,106.60401,58.92886444741549,16.0393849687559,47.74980297115653
59.1,153.41010396251454,150.547153134731,159.81750869750977,128.89401,82.053,106.165886,74.43216571308692,17.844235482094984,47.24421803722157
59.2,151.3208136981924,149.5711059969773,155.6850070953369,128.497,82.65,106.22237,77.0447086120068,13.375343844164465,45.0984473651846
59.3,150.2316238910168,148.97865624340128,153.29250717163083,128.85,82.255005,106.2619,81.71771851147633,14.49210138759589,43.969722035548045
59.4,149.76914021422255,148.5738738104975,149.01375770568848,128.938,82.326004,106.28959,89.26529974948576,17.799774437676643,43.47955128599989
59.5,152.1914773352557,150.0086492494237,152.40500450134277,128.5,82.136,106.22748,84.79796374656155,16.07329531914916,45.96399930791196
59.6,150.7970586998362,148.82703301043247,147.86250686645508,127.97101,81.59401,105.71344,88.16304341552343,15.609411745037752,45.083618758429964
59.7,150.77426738631053,150.07270397213725,149.56501007080078,127.93801,81.85901,105.62718,89.1487085189576,17.189122860997916,45.14708537947459
59.8,149.3833537845713,148.91515738824953,145.9937553405762,127.57101,81.43101,105.26896,84.31826103334144,16.268624830461142,44.114394739161156
59.9,148.0346454862567,148.4074748593459,142.92375564575195,126.85401,81.173004,104.89273,79.42790624350242,14.474836037641404,43.14191477336607
60.0,146.1464751149073,148.5558452423242,141.63875770568848,126.83301,81.339005,104.88305,75.62390219783083,13.045033762500463,41.263426103676835
60.1,142.96034801239452,149.25626549724575,134.4937572479248,126.99401,81.149,104.78096,62.240802035961714,14.596364386751874,38.179387929386706
60.2,143.75246747087215,146.03348913794989,135.17750549316403,127.30401,81.595,105.298676,67.40751791319438,13.401096251045411,38.45379193376277
60.3,143.7092065857264,148.03791820821905,137.33750343322754,127.819,81.87201,105.60286,67.45581265281213,13.553056199387912,38.10634708865609
60.4,145.33784559924177,148.06226883879856,139.8100070953369,128.057,81.948006,105.785675,74.35600255713075,15.512859079359485,39.55217055041365
60.5,144.86204088330223,147.0174210152752,136.5250072479248,128.28,82.297005,105.77367,66.04015426284337,11.42801403399701,39.08837450146629
60.6,144.71696219159332,147.5274191846474,138.32500648498535,127.38901,81.908005,105.356415,70.44941879182731,12.101221756480104,39.36054739667145
60.7,147.04341723335534,147.59824692553087,141.94750595092773,127.78001,81.823,105.47059,78.30389293225323,14.021175578590814,41.57282854927331
60.8,147.68000666393993,147.85983518605036,144.14125633239743,127.117004,81.08201,104.832726,79.72927075518655,10.889928227793405,42.84728113903759
60.9,146.46858988949654,142.8832975867841,143.78875350952148,127.000015,81.413,104.88402,88.04740078712196,14.029475586181139,41.584571945160604
61.0,148.39268496464692,142.0728201563505,151.24000930786136,127.267006,81.047005,104.87707,71.08778442292754,13.296929983678085,43.51561739872895
61.1,149.61859866351583,145.5505860094639,150.3750057220459,127.79901,81.256004,105.29659,78.2410215057976,11.98210763548828,44.32200595111348
61.2,151.2310866153259,147.5879270332513,153.006254196167,127.491005,81.086006,105.20127,77.60651444574992,13.700983639003317,46.02981555819699
61.3,145.5411772512955,147.87627582351843,138.72500610351562,127.21201,81.36301,105.13277,65.61035494081392,10.256518212080291,40.40841052766268
61.4,146.20417859862962,149.21195411072264,137.91125679016113,127.367004,81.343,105.316635,64.25496047077097,11.901653787948904,40.88754346679369
61.5,149.01388589617514,151.39020648014056,144.83875656127933,127.420006,81.616005,105.36652,74.84489757892325,12.267384090067187,43.64736215349936
61.6,149.22861699339663,150.826634348649,146.16376304626465,127.355,81.593,105.59143,80.71719969220158,12.166510921647628,43.63718632933413
61.7,150.84472881655154,150.3630713248615,150.08000564575195,128.182,82.102005,106.16564,89.43096987611932,13.433301032652624,44.67908703188357
61.8,154.09367275433183,150.19821744624565,156.92251014709473,128.30801,82.281006,106.30938,77.252740447652,16.629797674928763,47.784293176695115
61.9,153.56313121851935,150.87545024222322,155.1225070953369,128.88101,83.048004,106.70185,82.24424138857832,15.996961199615638,46.861280327406064
62.0,152.18636206409067,150.80785497761457,154.31375694274902,128.688,82.595,106.39973,82.18054835013037,12.54065166396866,45.78663519641489
62.1,154.18644287183875,149.05906462025206,163.66376304626465,128.617,82.350006,106.22102,58.292957238181344,13.205863159114456,47.96541931226844
62.2,157.87361723802826,148.65142011512862,170.71250724792483,128.10701,82.127,106.01545,45.68969313235891,15.918326466637787,51.85816771410248
62.3,156.04534941122787,148.66545812879724,163.11626052856445,128.192,82.244,106.133545,60.146679230632344,16.206881479583835,49.911804489352875
62.4,152.7770237515308,148.14663373915127,157.99875259399414,128.10901,81.86001,105.85946,53.64451743337293,12.135730257590712,46.91756482819096
62.5,152.3031279788618,149.93945872903728,155.7700099945068,128.132,82.313,106.03421,70.42330179290487,11.685731908143154,46.26891777378367
62.6,153.12177858705692,149.02574245840145,156.44125747680664,127.634,81.62601,105.50142,65.01173760762683,12.301295522449779,47.62035951967411
62.7,152.32125407294188,148.50252885246735,159.30375480651855,128.297,82.322,106.09832,54.60025730320136,10.3327340519524,46.222934065617665
62.8,152.25885596555986,147.75605690465937,157.25000762939453,127.931,82.162,105.82718,57.29406570028341,10.762388342898195,46.431677010481735
62.9,155.295664957416,152.11411528278595,157.50750923156738,128.723,82.396,106.287506,67.91723165048937,10.479040353585662,49.00815885390037
63.0,153.09628928923766,149.77386348337103,160.9987564086914,128.741,82.34501,106.078964,50.709697980376944,11.71202833978003,47.01732505583922
63.1,150.7472886323146,148.9927261773345,155.33000946044922,128.33,81.684006,105.545654,67.32522284804328,10.40558377559266,45.20163433543959
63.2,152.60824026066553,147.90586439448293,159.3262596130371,127.38501,81.596,105.38673,53.06832496841044,11.229196856026363,47.221513881270994
63.3,152.8421188422614,150.26960927321375,158.68750762939453,129.09401,82.35701,106.540115,59.51259119228643,11.184816435583274,46.3020034858161
63.4,153.96940202667938,150.47662613439522,163.9512577056885,129.612,82.770004,106.86913,47.250929767016764,10.303944460677178,47.10026903107391
63.5,151.14561463574782,148.97943896652697,158.73875808715817,129.987,82.41,106.737946,53.414622687528656,9.041553466438987,44.407669079107194
63.6,151.81100972111844,150.04104548788945,156.55500602722168,130.187,83.42401,107.32992,66.36876964189753,10.604406371116202,44.481091813403594
63.7,150.721532746975,149.64711572172925,153.1450080871582,128.80301,82.742004,106.49509,78.30292978185243,8.971832136510876,44.22644607705311
63.8,150.79092059875592,147.3124284898253,154.03750801086426,129.104,82.802,106.41261,66.7752795421802,8.38428724982811,44.378307683716855
63.9,149.58051643328773,148.1493112550365,155.00250434875488,128.764,82.65,106.270775,63.259138274711404,8.54320191512766,43.30974159197913
64.0,153.584844900182,148.69495640212682,156.29500389099124,129.352,83.035,106.65797,62.58550082430613,11.916234317019818,46.92687828641246
64.1,151.42274009170686,147.83372511707432,157.04125785827637,128.90001,82.383,106.198166,54.68458715425691,9.985928138339148,45.22457419815217
64.2,155.20721910318366,149.9913094442049,159.21750831604004,128.982,82.715004,106.45775,52.303419195434884,10.196896179683174,48.74947069009772
64.3,156.2335283520078,150.5846416543523,163.41250228881836,129.907,82.91101,107.008606,41.4876357595041,11.124433127540147,49.224922394976545
64.4,154.2196750574217,149.71229254480937,161.98750305175784,130.43001,83.15901,107.634186,39.224386975643704,10.33534930128469,46.585489266406086
64.5,155.9055899612346,149.94940460442925,161.76001167297363,130.188,83.44301,107.4324,45.65644550516184,9.832783922972531,48.47318639678147
64.6,155.45731564089502,148.9735082905355,162.82501029968262,131.262,83.902,107.91485,41.03497982683819,10.71129514312228,47.5424673132583
64.7,155.29258094102076,148.65945417646594,160.575008392334,130.21901,83.303,107.2447,44.35759718956007,10.616311558999286,48.04788337021998
64.8,154.50631405866562,150.84189510330214,160.41000747680664,130.481,82.937004,107.358406,51.513814069889364,9.599137564481014,47.14790799177109
64.9,156.65728607566464,150.8190816612457,161.59000778198242,130.697,83.643005,107.64229,49.23558065387213,11.393156353057819,49.01499786765683
65.0,154.8612588943678,150.0846401522581,161.1475067138672,130.14401,83.267006,107.30311,46.193594972029466,10.056851167009507,47.558150679035776
65.1,156.01502480765598,151.32185313730218,161.22250747680664,131.013,83.44601,107.82218,50.46758552763122,9.997560618816538,48.19284310599582
65.2,155.64405060663162,150.30901538016414,161.91875648498535,130.384,82.938,107.321106,40.884449455386765,10.189663835447112,48.32294464960037
65.3,155.00547749604584,151.398622492082,160.81750679016113,130.91101,83.39801,107.58011,49.87082979243654,9.91675963640114,47.42536885346772
65.4,154.44323163264826,151.26229770730535,159.87375450134277,130.27402,82.949005,107.27934,49.70172716968803,9.469480769062226,47.163888981281076
65.5,153.17490265733284,150.20700808371856,160.39625930786133,130.662,83.125,107.41725,52.325544673100325,10.122452851580665,45.757651070418774
65.6,152.19684542667017,148.92186651618647,157.20500755310056,130.42801,83.172005,107.42291,57.01063882467942,8.299899362130926,44.773932829013916
65.7,154.86940589834234,147.96928816108488,163.08125877380368,131.098,83.593,107.96856,35.327026234791234,9.87757295665435,46.90084663320562
65.8,155.8357391008941,150.81052094695096,163.0825080871582,130.99501,83.398,107.9111,44.74751974619354,10.277650481963466,47.92463680597223
65.9,152.34479879956763,150.79881378283605,158.74375915527344,130.55501,83.189,107.50105,60.60390375670945,9.486790312955868,44.843745943122315
66.0,154.5353390528353,148.35737573667873,161.50000762939453,130.077,82.513,107.15419,38.34588385571926,9.857199354753662,47.381148989358735
66.1,153.19066825880518,149.42037861745516,159.62000846862793,130.34401,83.05701,107.47173,51.19959682057934,9.258400570651345,45.718935165543456
66.2,153.17405069720667,149.06133925287747,158.0312614440918,130.782,82.999,107.71872,58.8758252426822,9.602928674530848,45.45533121478479
66.3,154.00577786626542,147.76378961680507,159.07750701904294,131.377,83.60701,108.136765,47.139480332871294,9.936596347148305,45.86901333989823
66.4,152.99221067868024,148.4413121657215,160.84000968933105,130.434,83.172005,107.64141,46.709496801295,10.317056263389926,45.35079985104352
66.5,153.60687166001804,148.57327538329443,160.6675090789795,131.16,83.469,108.06623,44.86636549978435,9.445826727560618,45.54064088609226
66.6,154.37476581305478,150.13966828063428,160.81750869750977,131.11101,83.64101,107.93072,51.49022594224905,9.29461290571929,46.44404834479306
66.7,154.01916114292598,148.00271707133803,161.3100070953369,130.716,83.077,107.63163,43.66689422263766,10.025169934322205,46.387531199078325
66.8,153.54309385782108,146.68610403486292,161.46500778198242,130.26501,82.705,107.2877,42.99915239696842,9.206290391737392,46.25539701944217
66.9,153.78642271439304,148.6176694819681,162.13125610351562,130.63701,82.361,107.31387,44.06712254312089,8.245263664388025,46.472549423377416
67.0,153.23183786849424,150.1647225350213,159.13125991821292,130.73401,83.27601,107.6372,61.098051745841595,9.383216399446344,45.59463846663877
67.1,153.82336864834699,147.49967466426028,160.44375610351562,131.062,83.099,107.93792,44.80982058416688,10.059411053586667,45.88544903164777
67.2,151.85606208751963,146.62964180382988,158.43625831604,129.92001,82.705,107.16198,46.96250109522767,8.475465637178376,44.69408241222666
67.3,153.37551334695186,147.0760018407393,159.42001152038574,129.831,82.554,107.23355,41.94293266500118,9.214351542017633,46.14196232156124
67.4,152.6243233280708,148.66237647638238,159.3525123596191,130.48001,82.636,107.505775,54.06934432994603,7.401958319887987,45.118547876410645
67.5,153.22196766894825,149.87113003109476,159.7337589263916,130.879,83.33201,107.91636,54.05821585666288,8.877134433312639,45.305608721194346
67.6,153.5655726979903,149.18599667781643,160.59375953674316,130.94,82.956,107.77945,49.300842721575876,9.334824519398266,45.786123235099666
67.7,154.61699001824388,149.70071432874454,160.68250846862793,130.821,82.964005,107.988335,49.53588956456333,10.409500421783854,46.628655362482164
67.8,154.72735294517128,149.26978779586193,161.3812599182129,131.561,83.70001,108.200226,46.478762037923126,10.697497282131833,46.52712711509315
67.9,154.72162252058186,148.57803561228167,161.63875579833984,131.358,83.54301,108.367615,41.557354927565264,10.218411260552868,46.35400777448811
68.0,155.39567478880244,148.45648293285535,162.08375549316406,131.171,83.441,108.06475,40.948354071930254,10.68933455690445,47.33092411741572
68.1,151.87407885946385,148.15242849025222,159.31250762939453,130.34401,82.426,107.56643,52.07853808638533,8.719958962413266,44.30764972128026
68.2,153.4211616154321,148.63111876465624,161.09251022338867,130.527,82.86101,107.819435,48.1075695404556,10.470376238264102,45.601726495803206
68.3,152.86828355260386,149.05080098396868,160.17500686645505,130.89001,82.855,108.03737,49.324173146551026,9.435276379928998,44.83091477818979
68.4,155.1807641851399,151.47783216420027,160.81000518798828,130.897,82.998,108.10951,64.50310548168677,11.363930439482287,47.071251856038344
68.5,153.8215721074687,152.05985100591403,160.9912586212158,130.949,82.880005,107.96693,63.57735695500119,10.772706919070798,45.85464553276168
68.6,153.20880864735207,151.56385315667143,158.4225063323975,131.17001,83.469,108.38352,73.68784521832913,13.48579418087509,44.825286613660666
68.7,149.89315717527734,150.54150799020206,149.0725040435791,131.377,83.61201,108.27493,86.72559379149617,12.744273660286831,41.61822431394921
68.8,148.2795427346059,149.43067752737505,146.6987533569336,130.309,82.562004,107.51517,84.42043883897173,13.198647606982014,40.764375498277786
68.9,145.7082844069221,150.13524132110328,142.0875072479248,130.093,82.399,107.17687,76.22002555888051,16.122731329032742,38.531412153504135
69.0,145.25743217071096,150.41164604723693,139.07625579833982,130.23001,82.579,107.28094,69.12889031491889,16.241283686947604,37.97649497588674
69.1,148.6997013307373,151.14056563617515,143.91125679016113,130.11401,82.997,107.68566,75.65272387271538,13.870859152408434,41.01404001481933
69.2,149.5582550697293,154.76942497729112,144.34125709533689,130.764,83.673004,108.08377,70.31216694948533,14.45363118442228,41.47448431777619
69.3,149.82523798931206,150.50587777336725,144.50125694274902,130.828,83.203,107.96701,77.9922531000843,13.540678223973893,41.85822749126518
69.4,147.30872293219792,150.86353809835433,140.1775074005127,131.57701,84.338005,108.73168,67.92344120322186,12.226495394922965,38.577041108467455
69.5,146.3826201360885,149.4448344446391,141.35750579833982,130.832,83.41701,108.1619,74.55890747191957,13.268060353192787,38.220716754740835
69.6,145.9688026729894,150.48547272838468,137.84125518798828,130.88701,83.36,108.09611,64.24092872794033,12.060212973402452,37.87269519007924
69.7,147.59874816405556,151.05152714193392,139.84125900268555,131.57,83.399,108.64951,68.1953913254576,12.719128254536129,38.94923491942666
69.8,144.87955396459057,152.21745781749846,135.07125854492188,130.811,83.44501,107.87959,55.22174572796507,12.034732190533699,36.99996106908276
69.9,145.01250970456837,150.28546845506992,136.02750778198245,130.001,83.383,107.65773,61.4792354407956,11.631218023364754,37.35477960202931
70.0,146.15375784915497,153.31875416506395,143.11625862121582,130.457,82.99601,107.887115,68.17396186473846,12.90878714518485,38.266642370639346
70.1,146.67640755943827,153.04149705229713,144.8962593078613,130.841,83.065,107.87135,72.53187810708813,11.264964395425753,38.80505441002421
70.2,145.98226100333818,152.66958068524428,139.9700107574463,131.041,82.882,108.205315,63.58130068267557,12.437514322613106,37.77694636710771
70.3,144.79603728039365,152.28834728817287,138.53250694274902,130.351,82.799,107.82868,62.18994118265406,12.132398491364095,36.96735533459287
70.4,146.3107486696949,152.1222888818462,143.67000770568848,130.55402,82.88501,107.708084,71.53432964479285,11.793120445527572,38.60266456324959
70.5,145.84488200600921,152.21312455772684,135.7375087738037,130.464,82.90401,107.8072,56.265258025382465,12.922495190191762,38.03768443520843
70.6,145.62803700664568,153.07064133422264,135.40375518798828,130.537,82.78001,108.04094,50.675547258377975,11.386823646329335,37.587097675591
70.7,145.36157747721447,152.72307770848752,137.03125762939453,129.903,83.193,107.629036,55.42111208451813,11.40196083654903,37.732541527507436
70.8,145.186896247276,151.47834395630466,134.93375396728516,129.834,83.146,107.52278,52.85800396026795,11.456410206875105,37.664114875205684
70.9,145.04527934961615,153.26986349305565,137.14500617980957,129.82199,83.16801,107.47701,55.28760080947417,11.556384611293153,37.56826671533881
71.0,145.51081727381154,151.65763878155286,139.2987537384033,129.866,83.285,107.42105,60.67595638815891,9.909380657242858,38.089766248420915
71.1,146.95920074012167,151.80073714343953,141.64250564575195,129.987,83.186005,107.62215,64.6351253073492,9.226568650399354,39.33705413367636
71.2,146.21331584178,148.90466202721416,141.79375839233398,129.85501,83.246,107.38258,72.75819716051387,10.754643896070169,38.83073222361594
71.3,145.41038828601316,149.59873257064513,141.9962558746338,129.657,82.81,107.1813,73.05085457250559,11.823335098822545,38.229090983767065
71.4,146.93476016579908,148.63191669686708,142.66125679016113,129.45001,82.55,107.17945,79.09329255213227,14.062300511060943,39.755309177029545
71.5,146.62605377589492,147.786674484875,149.89500617980957,129.56401,82.883,107.05855,85.78971680135237,14.701922041477651,39.567505802262104
71.6,145.57164195664203,149.11038256095563,142.16625785827637,130.052,82.96,107.520905,76.60827987357177,16.751236199464955,38.0507374156264
71.7,144.60773772039676,150.8294566165915,139.31875610351562,129.701,83.076,107.30563,70.95361090729767,17.675348281803622,37.30210417547488
71.8,145.21612594223137,150.9910932280177,135.3950023651123,129.58101,82.97,107.49702,61.61047864126946,15.907383958767939,37.71910903549309
71.9,146.72591992417787,152.06545418572367,138.62375450134277,130.157,83.090004,107.69333,65.8124166418403,16.009166846865323,39.032591066756
72.0,148.89052017404282,151.33946572386867,142.3862533569336,130.514,83.792,107.867294,69.07009349960893,12.746561084055203,41.02322586251938
72.1,146.6708559835759,151.49027492209112,141.09000587463376,129.832,83.386,107.443695,68.21308245728937,12.555932615031706,39.22716091521653
72.2,147.70479210521938,150.11588781952952,146.65750885009766,129.47401,83.353,107.35103,82.06177205813161,10.440828872733336,40.35376366283657
72.3,147.63221444031416,150.73886335359202,148.87376022338867,129.617,83.619,107.45789,85.07610547994697,8.873376757193038,40.17432106873213
72.4,147.5762505828381,150.64489162057805,148.23625946044922,129.795,83.28,107.453735,84.89533104432991,10.58070562788521,40.1225152312756
72.5,148.59559459337078,150.0663253942744,149.09000587463382,129.81401,83.185005,107.30374,87.56822767630545,8.75673135371751,41.29185313829265
72.6,150.34527945648531,150.56641754223574,151.49250602722168,129.51001,83.16501,107.512924,87.57261106619616,9.728329782990274,42.83235526214938
72.7,149.34721227409784,150.03910175357026,149.24125862121582,128.996,82.90201,106.953354,87.92360331153988,8.73911772826461,42.393858392261905
72.8,147.02144374405094,149.8676548815269,143.3087520599365,129.22101,82.30201,106.98575,70.58623964027869,9.012764218660088,40.035695453035316
72.9,147.41013488727037,149.28557947465268,144.83751106262207,129.365,83.063,107.01773,76.58132553303479,9.22614789519684,40.39240417437975
73.0,147.8128488580882,149.4468739894559,149.04750633239746,129.763,82.916,107.31306,89.1368889131177,10.385121330422818,40.49979191228741
73.1,147.92673961967168,149.79890804153553,150.69500541687012,130.057,82.505005,107.15206,87.29358349108121,8.733994666783392,40.774678157269335
73.2,148.15708465864904,150.23045311492504,152.30250549316406,130.181,82.65401,107.321625,83.10795584846481,9.053067701207542,40.835459902789665
73.3,148.3058450394104,148.90949036791073,152.17000579833984,130.021,83.181,107.55482,81.88963161592582,9.976902308993203,40.75102783970337
73.4,148.77342184363275,148.76874383793745,152.0187587738037,129.541,82.851,107.19037,83.2763336713811,12.59174667763781,41.583053191289
73.5,144.43296363457026,147.5779586734055,139.90625762939456,129.41801,82.893005,106.77929,74.26603146143137,12.603978407622698,37.65367438896479
73.6,144.43704345981112,146.899066781121,137.660005569458,129.541,82.895004,106.965744,69.21805154489223,13.002630467935386,37.471299441256434
73.7,144.49444565823913,147.88390178726158,142.68250465393066,128.93301,82.319,106.58504,76.88804989261229,15.258334422418393,37.90940842679382
73.8,144.74393246500384,148.57320938232326,138.39375686645508,129.307,82.90501,106.850746,68.34975142925634,15.574564335285627,37.89318631021868
73.9,144.88929866151219,148.60190270848506,141.30125617980954,128.919,82.198006,106.4768,67.7879030973879,13.820823586315607,38.41249965028172
74.0,147.2238915588749,148.06598118691326,142.50750350952148,129.232,82.621,106.78258,73.51562896454728,13.694254244912416,40.44131404422646
74.1,147.91367297608969,147.51315736930718,147.1362571716309,129.142,82.559006,106.32144,88.92494764309296,13.79684009357843,41.59223132569906
74.2,148.62151371834253,148.56510781792045,153.1537570953369,128.91101,82.364006,106.51204,79.51528315559413,14.840000905689918,42.109474533772214
74.3,148.1585391093184,148.08270580404573,146.2275085449219,129.6,82.907005,107.01484,85.12830114631765,14.22558942103834,41.14369993695513
74.4,146.83999854489474,148.7283026002294,147.7462577819824,128.781,82.65,106.58707,87.06629200253792,12.655554506280366,40.252931894504115
74.5,147.13790529739623,147.80602953824683,145.8412570953369,129.71802,83.02901,107.02893,84.99168109420255,15.443514446126557,40.10897463333373
74.6,145.81574696296838,147.70838103991903,146.318754196167,129.517,83.286,107.14423,85.88236854665682,14.182301723988427,38.671513259355095
74.7,148.39831656315044,148.57315708834298,151.58875846862793,129.887,83.29901,107.28605,81.9241148422595,10.881895265806572,41.11226767399029
74.8,147.63144154860626,147.4157251368705,151.73000907897952,129.328,82.85601,107.08758,81.28076881401974,14.966212173745943,40.54386372878204
74.9,150.43477703679983,148.85041631184797,153.796257019043,130.654,83.77601,108.173744,81.66506149426431,16.283750481052873,42.26103283513967
75.0,150.6726816239599,149.75070944678583,153.75875854492188,130.40001,83.66,107.86383,81.68918007164999,14.392344222102222,42.80885105755365
75.1,150.56215100116955,149.3228347567917,153.67000770568848,130.403,83.47201,107.86248,81.98778705401223,16.11624164578061,42.699670837595335
75.2,149.7182029192463,148.61032599579516,156.51750564575195,130.32402,83.203,107.40611,66.27713457729836,13.88053243211538,42.31209024834786
75.3,147.9056303964944,148.96958007446582,150.20750617980957,130.266,83.345,107.76748,87.65571237258673,16.162761585977115,40.138151453623294
75.4,144.3541704608255,146.38926595631452,137.61000442504883,129.787,83.033005,107.383385,71.96546905672872,13.74170645611008,36.97078575623564
75.5,144.8851187806778,146.54945933938885,140.19000816345215,129.276,83.03901,107.00354,77.0519817180524,15.576087433662805,37.8815787416153
75.6,144.46328257722723,147.75517259776163,138.6987571716309,128.72601,82.73601,106.509766,73.88890059998492,15.745958788473224,37.95351695222723
75.7,145.48619389580367,148.44039382782103,139.193754196167,129.281,82.949005,106.92166,71.18689072774379,15.452770217872642,38.56453251885054
75.8,144.08631472705898,146.98030867298348,140.4662570953369,129.617,83.157005,107.210655,78.15103182248829,16.38726522595837,36.87565951465663
75.9,146.36576867302904,146.7348654740148,143.82875633239746,130.116,83.232,107.53589,84.68151144212368,15.127361732770435,38.82988000115404
76.0,147.61768179384563,148.61397811621308,146.00125312805176,130.126,83.29901,107.47031,83.98594594286824,13.77322268087275,40.14737539736126
76.1,146.91515919339378,147.93478548338086,149.79500770568848,130.058,83.309006,107.56105,85.40916285822948,12.714794384994157,39.354108778354714
76.2,146.78658656964137,148.3867633005412,143.84750556945798,129.437,83.08101,107.073685,78.98553552949248,12.297514387388468,39.71290187725856
76.3,149.7771076484596,149.3411479629773,152.7862548828125,130.02701,83.31901,107.36935,82.18996036121749,12.703903557999517,42.40776102980726
76.4,149.30673093605242,146.39939762972338,151.60625457763672,129.21501,82.581,106.88891,78.1905039564937,10.255508497280172,42.41782254982195
76.5,147.58055663133553,146.53369958086265,147.23875808715823,129.264,83.022,107.0411,88.14136022662048,7.954519555764695,40.53945708299568
76.6,148.76163634418953,146.35412865996267,149.00125694274902,129.17401,82.589005,106.683464,84.6461994666368,10.454787935008396,42.07817229389656
76.7,150.0471019378675,147.82809217744213,150.43750762939453,130.231,83.263,107.72111,85.36007999143833,13.377538479735655,42.32599445495734
76.8,151.78900208545983,146.89202799656027,160.68876266479492,129.58101,83.200005,107.10149,63.49586787434429,15.434281855844198,44.68751587940514
76.9,152.8810511141208,148.01838803432352,160.22625541687012,129.50401,83.686005,107.1829,62.02273470570289,15.676464398044303,45.69815163902314
77.0,149.84157101112373,145.81099654761053,156.3262596130371,129.07,83.41101,107.09242,64.64543304970843,13.268933108219203,42.74914852577217
77.1,152.9989473099206,147.64072193478125,164.06500625610352,129.31001,83.469,107.08731,47.419953191799394,14.9559829009682,45.91163651890497
77.2,151.55668458379176,147.5031570891968,162.25375556945798,130.16101,84.013,107.47527,58.461036059227325,14.466035793404494,44.081411451467545
77.3,151.73645305013113,146.85838226147595,160.27125549316403,130.13301,83.865,107.38954,64.04962488029369,15.635840435973044,44.34691142415457
77.4,149.26036238380715,147.0896536823276,152.0187568664551,129.768,83.43301,107.08412,81.30572727190405,16.235497959367773,42.176240679705586
77.5,147.91969267415658,147.0317202637426,148.13250541687015,129.81401,83.023,106.63685,87.74644449126046,15.223387318419158,41.28284422444955
77.6,148.9501734738964,146.36817033616757,152.90000343322754,129.677,83.975006,107.17344,76.74097852004913,15.520904152746805,41.77673444801749
77.7,148.41647780640486,145.91796078457057,153.97000312805176,130.212,83.545006,107.2864,75.40551370085672,16.373687770463725,41.13007796509626
77.8,152.63695702817117,146.2851503946989,161.14875411987305,129.695,83.76,107.20798,64.14117110584405,17.312070188403485,45.42897973324929
77.9,146.38757633466813,145.6940517215134,143.2362575531006,129.687,83.81801,107.230995,85.37002174438953,16.69436571296689,39.15658115644547
78.0,146.39511162592973,147.2088195556836,144.26875495910647,130.621,84.21901,107.819046,82.78219769421115,13.670383766908785,38.57606560542192
78.1,145.27605072668703,146.78372422575856,137.78500747680664,130.173,83.413,107.28294,67.03023654321103,14.26994449087091,37.993107001101095
78.2,147.5155730737448,147.17704122468626,144.70625686645508,129.74501,83.295006,107.081535,84.60016647925279,16.2288994958264,40.434037734389335
78.3,145.03702066565984,147.4035089000333,141.23125839233398,129.65001,83.202,106.739624,78.856512778591,16.769685154498298,38.29739664222234
78.4,146.13349059155146,145.0775746120633,144.56875610351562,129.147,83.060005,106.69572,89.15678215042198,16.87637037151968,39.43777373364131
78.5,144.71344495540657,146.18307498654397,146.93875885009766,129.335,82.892006,106.615555,88.43731985148393,15.010049668255661,38.09789014583626
78.6,144.86408871168905,146.25231840955456,147.606258392334,129.92001,83.246,106.9961,87.47837777882161,16.368748027024655,37.86798733229452
78.7,145.71346452833427,145.70229437543716,146.64000892639157,129.75401,83.04101,106.98852,88.27723828816647,14.299550838451685,38.7249467671038
78.8,146.05168944577042,146.50066231743608,146.47000885009766,129.947,83.703,107.41921,89.94088936304306,15.000915918314087,38.63247710446183
78.9,145.06554784180207,146.17235216130072,144.8062572479248,129.821,83.10901,107.12954,87.33396402089093,14.141054508995097,37.93600835205598
79.0,148.7791244657203,146.37275204250662,145.92125511169434,129.98201,83.012,107.09048,88.97127925328337,11.297008359519833,41.68864747597419
79.1,147.72513066939143,146.66636492014885,143.09875679016113,130.13501,83.087006,107.13476,79.89400590596877,9.665005894872499,40.590372673785964
79.2,147.68744658057656,146.7995311136345,152.29375457763672,130.227,83.339005,107.31912,76.51756567026027,10.703417451342524,40.36832426612344
79.3,146.62357093306503,147.59073409210865,147.94875526428223,130.37001,83.436005,107.5327,89.17332705587988,10.515334211106378,39.09087134810409
79.4,143.14131657973752,146.98266933206367,139.70000648498532,130.65302,83.69601,107.48308,76.37442756634519,13.623772705938642,35.65823857680783
79.5,145.4395635391511,148.53431687968717,145.73000717163086,130.514,83.716,107.74382,84.33313270394379,11.558148326352704,37.69574334872141
79.6,144.423699729584,147.90904974140804,139.41875648498535,130.334,84.166,107.67715,72.22420259549124,11.95294730218598,36.74655281796291
79.7,145.94570819422228,147.3071266592073,145.3900032043457,130.22101,84.11201,107.5877,83.4215285993104,9.220151855650485,38.35800830408556
79.8,145.74899079001355,147.49515921930424,144.60625648498538,130.26001,83.568,107.59338,82.94507590066775,11.792764441397207,38.15560700095105
79.9,145.99363100981878,147.47194711546433,145.37500762939453,130.059,83.46401,107.53745,86.02319105235452,14.238456466456945,38.45617831206488
80.0,146.90513132656037,147.07630318993097,149.35000610351562,129.972,83.466,107.35174,83.71598954616411,9.65565442287721,39.55339335048615
80.1,151.28487318688238,146.84305916838792,161.8087577819824,129.68901,83.354004,107.109375,54.31075374577478,10.780658453686222,44.17549818688238
80.2,149.46290001773548,146.9671564683068,160.06750488281253,129.23601,82.87701,106.7538,51.855753219452346,9.58712964496692,42.709100579258916
80.3,149.70864395419957,147.8815007152603,157.910005569458,129.142,83.20401,106.74753,52.38733674316466,8.566133282280168,42.9611158780277
80.4,148.20450451357473,146.56636675034972,156.23251152038577,129.70401,83.22,107.24271,51.953329504705174,6.8320845622145825,40.96179821474661
80.5,151.45453035908386,145.02895305886636,161.49126052856445,129.934,83.336,107.047966,39.592466080331434,8.429969049710907,44.40656435566589
80.6,150.05898026954986,146.8007313701651,160.71250724792483,129.72002,83.213005,106.989235,35.519278854971745,8.053365870434193,43.06974534523346
80.7,149.75881036355804,146.66591335574117,159.71125984191895,130.20601,83.352005,107.245384,40.375199835052435,8.273945434070301,42.51342614724945
80.8,148.44212023823488,145.29639078532094,156.21000480651855,129.75801,83.01401,106.96519,57.07567042181221,8.286018758467245,41.47693316548097
80.9,147.49991590023237,146.0542666977258,156.24625968933105,129.481,82.549,106.697975,52.89885396139394,8.185770680813677,40.80194074154096
81.0,149.77102649163473,145.3838902407127,159.6312599182129,129.257,83.34401,106.70044,41.38983939067504,9.465114055401916,43.07058703850973
81.1,155.61589564422312,147.55186257183217,169.51250457763672,130.412,83.79401,107.41745,33.059255830276896,11.542073964179435,48.19844569305124
81.2,152.29065039745868,144.97929210373158,165.3887596130371,128.927,82.985,106.45879,36.17675582829359,11.0256082127902,45.83185675732196
81.3,149.93445891947752,145.72967405433562,158.96500778198242,130.074,83.806,107.15726,51.34528220415369,8.987600045461631,42.777201839399396
81.4,148.85566262162897,146.8036834796079,155.3937568664551,130.085,83.783005,107.39879,69.6886943774014,10.868247503483117,41.45687416948053
81.5,149.84125465597995,146.27515222532668,158.97375679016113,130.257,83.806,107.24599,48.45058161225423,9.18582249935658,42.59526771750339
81.6,150.9820862258882,147.71787168836707,161.7675075531006,130.937,84.66,107.82218,51.51678085486546,10.773961835037797,43.15990452422804
81.7,150.93377373823955,146.5546449857936,160.6137580871582,131.058,84.365005,107.98575,49.84315726262316,10.401788426507292,42.94802544722393
81.8,152.57363813755822,148.16392460281043,163.24500465393066,130.8,84.87701,108.29511,47.426454601358074,10.016816696175589,44.27852552769494
81.9,150.2784950137792,146.01799880835077,158.88125610351562,130.537,84.70901,107.954155,54.94261554728094,10.358374170996884,42.32434004551749
82.0,147.37406620178217,145.05351012159022,154.83875846862793,130.201,84.240005,107.620255,57.37396583105442,7.4292515799422345,39.75381168518061
82.1,147.12352692055123,144.1238935734347,155.7425079345703,129.42601,83.563,106.76013,46.53022354529765,7.703572774712727,40.36339508461373
82.2,151.3570657621593,146.05471615139527,160.36875534057617,131.077,84.55501,108.03289,39.397216991516814,8.931355104276903,43.324175442335076
82.3,151.12750045928988,147.50068696233197,160.64000892639163,130.65901,84.463,107.75671,45.651609585151434,9.83403816317937,43.37079422149691
82.4,150.52186961014533,146.15596808899318,160.04625701904297,130.371,84.039,107.50052,46.40596029704504,9.981358074051917,43.021350811317205
82.5,149.86444354882465,147.45313366372332,158.8062572479248,129.927,84.148,107.39949,55.96918203773377,9.199846886064199,42.46495319237934
82.6,149.87416733066695,147.899890860322,159.26751136779785,130.83002,84.813,107.95336,54.52287481046817,8.582907994482555,41.92080581943648
82.7,148.80004516965047,146.84909931216404,158.1112575531006,130.257,84.192,107.38751,44.41559703458434,8.507040830638052,41.412532962619224
82.8,149.5047488351648,146.66551103142143,158.7025051116943,129.497,83.522,106.95462,42.624868333124,9.202174827289605,42.55012847383668
82.9,148.27699813495926,146.19551713579088,156.42501068115234,129.78902,84.172005,107.34703,50.937084928991624,9.81106858403682,40.92996749531082
83.0,149.12415287845872,144.56912151522678,157.4412574768066,130.492,84.202,107.84275,39.32140368169777,10.622515312811554,41.28140232914231
83.1,146.98001022004513,144.7387712056307,154.09875679016113,129.431,83.455,106.90816,53.622854822114355,9.405342666580287,40.07185287141232
83.2,148.52135519310212,144.7916095739741,158.0375099182129,129.848,83.825005,107.091156,44.440056780464836,9.584978195865206,41.43019918724275
83.3,148.66602353731656,145.7427051949749,157.20001029968262,130.151,84.186,107.56181,45.05762781634312,8.78162679152134,41.104210182824374
83.4,146.30793723984127,145.75994803583401,152.70750999450684,130.537,84.450005,107.939064,64.34874531610721,8.930578786213433,38.36887321396236
83.5,148.31112195266994,146.02268726309237,157.066255569458,130.80801,84.450005,107.893394,47.627732164505446,9.056402974394933,40.41772748245509
83.6,149.11471928046896,146.42313488442645,157.49625778198242,130.58101,84.478,107.836494,46.23741931968071,9.49641446272027,41.27822483466818
83.7,146.94695965368737,146.05433420079123,153.8975067138672,130.95,84.183,107.609924,63.51517264709409,10.315219783834516,39.33703533728112
83.8,145.1438784397136,144.97043973646763,149.3287582397461,130.84401,84.105,107.851906,77.36689173836875,11.592519948831207,37.2919726169597
83.9,144.39388969647186,145.02114279920056,140.91250801086426,130.339,84.223,107.79533,79.30656104749607,12.289015296983418,36.5985634635617
84.0,143.69050743889048,145.68074352834628,140.48125648498538,130.56401,84.31601,107.78363,78.08830680708037,13.488708295502388,35.90687706779673
84.1,143.74460810051482,146.68838620326883,143.46000671386716,130.842,84.41501,107.782036,83.73937044192414,14.251212041562725,35.962572272878106
84.2,142.6468046992014,144.94271735230225,139.02375793457028,129.99701,84.503006,107.566925,74.84682787708971,12.071226199020163,35.07987965037327
84.3,144.04213633660294,144.99068085924327,141.08875656127933,129.843,83.496,107.16726,80.12937539958276,11.907705239280226,36.87487712029434
84.4,142.59311354699247,145.59150010405494,137.81875610351565,130.198,83.866005,107.5488,71.26361216224512,12.735540360008798,35.044315939570595
84.5,144.05238678599233,144.77108257150385,144.13125801086426,130.1,84.27601,107.4689,88.08148310624965,11.049606825055713,36.5834841981017
84.6,144.1879650614971,146.2023001487116,144.83126068115234,131.03,84.616005,108.12547,85.60173925630663,10.390910980844552,36.06249203903616
84.7,144.1848743576182,145.71997873624926,142.4875087738037,131.36801,85.039,108.42377,82.18276817212596,12.680281295211394,35.76110726777446
84.8,144.48960092690285,145.45956242482822,143.41250801086423,131.227,84.96901,108.322815,84.13861686337357,12.355552116312387,36.1667859854966
84.9,145.70687455090965,145.9211607319369,149.06625938415527,130.591,84.41601,108.08654,80.10107210507623,12.545705854991642,37.62033432874168
85.0,146.71641294488327,146.16514945453304,150.51875495910645,130.957,84.605,108.25253,79.46372497547831,13.675688215563016,38.4638799858989
85.1,146.22688118606612,144.3948350554176,151.19125747680667,130.63,84.46,107.77574,73.29910142095595,14.360927443510903,38.451139608917686
85.2,146.62081560993767,145.10877575862895,152.3287544250488,130.12401,84.032005,107.54659,67.80372268237865,14.375207577390121,39.07422289753532
85.3,145.7909936359797,145.09760714225249,150.37250518798828,129.707,83.83301,106.98163,73.59592614847834,12.584656693198095,38.80936521801095
85.4,146.0593236922859,145.08915343677205,149.74000549316406,129.84001,83.62,106.97008,71.23555796594836,12.946077188426408,39.08924617763745
85.5,147.72051638370547,145.35036340922377,153.5187587738037,130.17401,83.97201,107.40994,64.54475674958347,12.634847757212585,40.31057375675235
85.6,146.79067750579856,145.20797660486113,152.53125762939453,129.86101,84.049,107.446686,68.05573838560929,12.481389991979308,39.34399171478293
85.7,147.0627580031406,146.2087012607321,146.92375564575195,130.211,84.053,107.689644,88.36401648907992,15.014867208595334,39.37311414327732
85.8,147.29325010333633,145.77949492090897,151.447509765625,129.952,83.810005,107.37663,76.43897569120577,13.643543057849913,39.916617412906646
85.9,148.67503262028796,146.3867386556453,156.29750633239746,130.544,84.73,108.09168,65.27236012675176,12.764480860427444,40.583350186205934
86.0,147.77803824505278,146.3879294763652,152.05001068115234,131.61401,84.933,108.42901,77.87348681987811,15.210069702371523,39.349029761166065
86.1,146.49508076222054,145.32839869126425,150.4275074005127,130.824,84.542,107.94558,80.72573251272918,16.420333541524673,38.549501233411945
86.2,145.7056303885698,145.94272162348244,150.8075065612793,130.86601,84.59901,108.05508,79.79085357052755,14.487395031823747,37.65055378944871
86.3,146.59040899193383,146.93117260830007,147.91875648498535,130.997,84.425,108.11693,87.10235167865594,12.617236420533679,38.47348089134789
86.4,147.5571234554486,147.02598574033843,147.7400054931641,130.83401,84.241005,107.86696,88.42862743798129,13.694731868737646,39.69016483728453
86.5,147.197708254801,147.18705976777414,153.55125617980957,130.498,84.207,107.78374,75.53815963037952,14.464173856815394,39.41397107218381
86.6,148.1147164063764,146.61911663326808,155.41625595092773,130.817,84.55301,107.99451,68.15637509062687,14.471509159373126,40.1202095704389
86.7,148.86615415383585,147.70708075141448,153.70250511169436,131.53401,84.425,108.31772,76.49039268016416,13.391495649949746,40.548435647976476
86.8,150.42912090611532,147.83354298159372,158.8287582397461,132.06001,85.24901,108.952415,64.0944956298046,12.417928223516391,41.47670543980672
86.9,150.08832511362206,147.772314748299,154.3675079345703,131.188,84.553,108.423615,70.87283496323404,11.890184332284354,41.66471061166894
87.0,151.15049694512538,147.22438316162254,160.37500762939453,131.561,84.519005,108.25671,42.53248282584652,10.08089347512981,42.893790707332414
87.1,151.0613309076226,147.41554661422228,159.23000526428223,131.015,84.825,108.30992,45.49819239197477,10.295387200367317,42.75140964297415
87.2,150.9455525483742,146.2135101211633,158.89750862121582,130.62401,84.496,107.87577,45.31435581850001,10.010923633204767,43.06978197952654
87.3,151.3712998559587,146.93031444839244,157.35250854492188,130.79901,84.176,108.03902,58.17815475268994,10.330534251227089,43.3322831323259
87.4,151.27416581412504,145.87713548552028,156.90000534057617,130.571,83.756004,107.87278,57.73169008766773,11.543092501892774,43.401385967933635
87.5,151.5587780588028,146.56956153308553,155.18750572204587,131.71901,84.79301,108.8981,60.68609366072731,8.460672814765225,42.660676252162176
87.6,151.58262312329984,147.70438104960368,159.16251182556152,131.401,84.51501,108.71585,43.54767232067057,8.924324086780905,42.866772293221715
87.7,151.04495598670619,146.13234577682093,159.42376136779785,130.96501,84.414,108.23654,32.07184819361243,8.985097473467546,42.80841423865931
87.8,152.9425610042879,145.38519052921725,158.72125625610352,131.065,84.49901,108.280556,37.315239290548405,9.848832533148437,44.662005279190254
87.9,152.2407977840592,147.52557914483842,158.7737579345703,131.56401,84.232,108.567535,43.6430609413555,9.665386328947076,43.67326238366857
88.0,153.52455887106686,146.79088552674705,159.66500663757324,132.14001,84.83301,109.197784,41.820816204162895,8.469367228847599,44.32677444723873
88.1,152.49913704540114,147.63108684439166,159.39375877380374,131.497,84.233,108.79077,44.56703907889436,9.73626643352563,43.70836556102614
88.2,151.27351449433195,146.83751682491896,158.06125450134277,131.66501,84.490005,108.89322,45.666272720837,9.553879062900945,42.38029550019132
88.3,152.16522948434297,146.72674442934664,159.19125747680664,132.018,85.006004,109.17621,36.6525697272349,9.616743912828092,42.98902098824922
88.4,151.19373124355255,146.6991242375972,157.68875694274902,131.639,84.579,108.495,47.1342963840229,9.92207859715496,42.69872849697052
88.5,152.97039332997184,147.63507012352764,160.3250026702881,132.065,84.76001,108.76373,38.97921271354803,9.540798774033656,44.20666041981559
88.6,152.798349482372,148.10991639610674,159.6237564086914,132.559,84.850006,109.105064,44.332386914936365,8.776338639226744,43.69328509028216
88.7,153.12612955681843,147.7203366506014,159.9025058746338,132.21501,84.883,109.111244,42.19529815993643,9.560445837357207,44.01488535515827
88.8,152.66384189416067,148.4178875082307,159.410005569458,131.991,84.8,108.90335,47.12991706635112,9.131357360360125,43.760491064082544
88.9,151.4684125244883,147.3782907234393,157.95125961303714,131.118,84.520004,108.40883,45.77597844858359,8.663856764704088,43.059583789136724
89.0,151.80684649009686,147.3927374433461,158.1837558746338,131.408,84.62001,108.707695,46.066572687487295,8.808911850109505,43.09915148277264
89.1,152.15002837069574,147.39153657817153,158.0837593078613,131.504,84.69501,108.886765,45.84752451755202,9.44645458259728,43.26326384432855
89.2,151.66429646793233,147.99392126923462,159.21751022338867,131.85101,84.993004,109.21641,43.26627526704629,9.168908531576538,42.447888692053425
89.3,152.36428011410328,148.9079060500379,159.2075080871582,132.11601,85.11,109.360664,45.147891036433464,9.191812093575972,43.0036157464275
89.4,152.1689762764537,148.5459261225663,159.31875801086426,132.017,84.916,109.258545,49.29710591923762,8.146735386249023,42.91043135457869
89.5,153.11674182729084,148.94229620606495,158.5862579345703,132.452,85.092,109.587364,51.49055471009578,8.744506167730796,43.529377630513494
89.6,151.5298801772944,148.95992977499102,157.67125701904297,132.61801,85.048004,109.60816,54.10714263225581,8.27530652437065,41.921718251024856
89.7,151.9732230723722,146.6731537560479,158.10750579833984,131.42801,85.089005,108.90561,44.447597404035015,8.565937163922927,43.06761394151283
89.8,151.837568358855,148.3043740547723,157.53875732421875,132.21901,85.130005,109.17182,52.70667365977094,8.952594355814561,42.66574676461673
89.9,151.59237384706623,147.74236098761372,156.82750892639157,131.86801,84.84201,109.20503,54.82233475412029,8.760813611265968,42.387341498433415
90.0,149.69683766224554,147.16798542946648,155.98250961303708,131.23201,84.656,108.74313,54.25628418269295,8.560439933560458,40.95370411732367
90.1,151.40885372608244,148.6622712797779,157.54376029968265,131.248,84.749,108.84591,54.81953481130975,8.404972030461117,42.5629446074301
90.2,151.64115834748117,147.3479854303203,156.17626190185547,131.48001,84.816,108.92666,56.000562193964825,8.86274963571024,42.71449971711007
90.3,151.23264603994437,149.6942812964594,157.43750762939453,132.75,85.355,109.87264,58.051662093301545,8.12795538303929,41.36000352285453
90.4,151.22330845091983,147.37313549520488,156.69876098632815,132.297,85.27101,109.366234,54.313623918481824,8.487127598436059,41.85707462523624
90.5,151.16130053563646,147.1043822711606,156.70750617980957,132.054,85.302,109.21585,53.26111710923913,8.385528359618393,41.94544970555833
90.6,150.8784705247458,146.47878608490163,155.73750495910645,131.61401,84.762,108.83443,51.949398858272154,9.619145841842249,42.044043644862995
90.7,150.43511891842027,147.9722688383717,155.77250862121582,131.29701,84.989006,108.861115,56.026704448818,9.252823970145675,41.57400441646715
90.8,150.8349416134336,147.47552746163666,156.98625564575195,131.42401,84.10601,108.583275,53.1858032004632,9.138629881285457,42.25166677212502
90.9,150.59515405158044,146.8947994726167,156.9662570953369,131.301,84.51,108.80898,52.7427797388687,8.20763010827818,41.78617120245934
91.0,150.85327321343027,146.80712088593285,155.66750717163086,131.584,84.713005,108.961395,56.38091627734952,10.137433237472896,41.891877949758396
91.1,150.58439497045595,146.39954449251877,156.91875839233398,130.701,84.039,108.56623,51.515883367904486,9.419039566520885,42.018164196530165
91.2,150.25031432233018,146.99277119594606,155.76375579833984,130.718,84.23,108.40504,53.75333345018284,9.68127894431591,41.84527739606065
91.3,150.92003462384812,146.2007100575643,156.00750732421875,130.94801,84.21901,108.65229,47.62195099209625,10.746096351458041,42.26774427960984
91.4,151.89611754144667,146.80078366414534,157.53875541687012,131.738,83.964005,108.64863,49.370248575635706,9.170906807138687,43.24748930658339
91.5,151.87635948957174,147.5527426075497,158.3100070953369,131.63,84.41,108.73195,49.04757351431875,9.718307722921809,43.14441063703268
91.6,152.08780014150705,147.65793585956428,159.07250785827637,131.934,84.858,109.061104,44.51105499546251,9.978696219093075,43.026696320706264
91.7,150.6038619870749,147.23071099730322,157.00125694274902,131.68501,84.571014,108.78553,49.54591671254563,8.460684998819309,41.818331896742876
91.8,152.06970626771187,148.49588903980575,159.07001113891602,132.481,84.866005,109.305695,47.479739191545676,8.635942095161626,42.76401168763374
91.9,151.61101506735062,148.8615058786101,157.82000923156738,132.207,84.96501,109.179184,50.630556258423034,8.078587148608554,42.431831107389684
92.0,152.83990689161593,147.18065138038494,158.65875816345212,132.311,84.774,109.06437,44.515685742682145,9.40786775726413,43.77553768995577
92.1,151.86478751315587,146.95269881049506,158.70251083374023,131.657,84.533005,108.99412,45.437437816359314,8.932390828310796,42.87066977633947
92.2,151.00948579625515,148.41870581415728,157.92125701904294,131.867,84.77201,108.900055,53.10652564303615,8.28824580923023,42.109430864614524
92.3,152.33044437783525,149.47588110480854,158.61251068115232,132.807,85.459,109.65479,49.90838048691948,8.765099414862899,42.67565159219072
92.4,150.87919565487027,149.1739212700884,157.796257019043,132.842,84.97001,109.52309,56.106522785004536,9.056761702578676,41.35610910701871
92.5,150.84338466386458,147.83195866372088,158.56500625610352,132.321,85.21601,109.43742,47.87832942984233,8.916551635089442,41.405960957809896
92.6,150.76458991688096,147.3147955308239,157.83625793457028,131.651,85.24901,108.84278,49.613515474556166,9.54940712259913,41.921808849986434
92.7,150.2599465570128,147.06684662218956,157.70000839233398,131.794,84.392006,108.78931,48.90202827328652,7.821913060214416,41.470639916387796
92.8,149.8261501872131,148.607991533409,156.32375717163086,131.645,84.593,108.91298,60.17569310751212,6.767601766586404,40.91317106123654
92.9,150.4828518963667,148.4730777084875,157.66875839233398,131.861,84.96901,109.08074,52.28745776971273,7.5192864471802086,41.40211001404248
93.0,150.77542941677487,147.94431687926027,157.05500602722168,131.936,84.97301,109.06644,52.35650809337384,7.84245430347771,41.708992649196745
93.1,151.02544282806514,147.89665988614138,157.50375938415527,131.99501,84.8,108.84287,51.16310230680392,9.36923803217336,42.18257020843623
93.2,150.82656590701336,147.5659376703959,158.2987594604492,131.261,84.179,108.351265,48.96536275561883,7.790187428340792,42.47530095340008
93.3,149.7928615262242,148.37186562487068,157.8712558746338,131.24701,84.235,108.342316,50.14925009429804,7.383428094121828,41.45054585239606
93.4,150.71214937423377,146.27184858345012,157.59875869750977,130.388,83.949005,107.91027,40.78116124751455,7.618449908254235,42.801878683315806
93.5,148.6068182534938,146.74943591391536,157.4900093078613,130.72,84.621,108.19423,43.776494024584814,7.510017004327522,40.412589127517236
93.6,149.94398365594938,146.28481346270638,157.660005569458,131.31401,84.783005,108.535446,43.22354049220028,7.042819768902881,41.408537488957194
93.7,149.25213874003134,148.1910996120706,157.31125450134277,131.36401,84.836006,108.674324,53.090616862745975,7.208759030759383,40.57781470438681
93.8,149.55102098656627,148.23469061390293,157.36625480651855,132.018,84.823006,108.6071,55.06720741559586,8.265829742277935,40.943919546136584
93.9,150.1947282107597,147.51631506714796,159.08125686645508,132.10501,85.033005,108.930855,47.14093118593383,7.410098495141577,41.263873413396425
94.0,148.59353853970964,148.02283963875044,156.75125503540042,131.90001,84.934006,108.65405,57.66892333352371,7.888253442887049,39.93948580533464
94.1,149.44528931762005,148.43507528602362,157.54250717163086,132.111,84.96201,108.95102,52.857820150692795,7.088058343545946,40.49427003051068
94.2,149.3567561103733,147.15785892068814,157.91750717163086,131.78801,85.133,108.84402,46.11491395040868,7.9398303236400976,40.51273908156472
94.3,150.26206182730482,149.52439198665482,157.5712585449219,132.035,85.04301,108.94188,58.70847617657888,6.682334484717263,41.32018255484388
94.4,149.21144391355662,146.35948154287848,156.44125938415527,130.627,84.248,107.939186,54.93664176113344,7.426875269034553,41.272257817365215
94.5,148.0636837713233,145.97745964940694,155.50250816345215,130.285,84.199005,107.69769,55.84656277284085,8.19653987664612,40.36599090022955
94.6,148.61552948650763,147.32714553210945,155.75750923156735,130.96501,84.326004,108.29733,60.76398277751965,7.722570040705724,40.31819672283575
94.7,149.32284853044115,147.3991458307353,156.60125732421875,130.88402,84.532005,108.27196,56.862453112833684,7.51102458884789,41.05089113298021
94.8,149.00002399326058,147.8371646838413,156.50875854492188,130.94101,84.606,108.30295,60.4527347333856,8.3303894146451,40.69707599521371
94.9,149.50009506456698,146.55035885537177,157.19375801086426,131.59302,85.22401,108.658356,53.28324173223963,7.225712286583373,40.84173935167635
95.0,148.96143779929162,146.1692191083559,156.503755569458,130.614,84.603,108.079544,52.91280121938045,7.74304959153008,40.881893731908804
95.1,149.66785412990433,147.21402557580402,156.9662570953369,131.174,84.803,108.44514,50.99472743428441,7.353849311495958,41.222717105978546
95.2,150.08062900042083,147.65025971257904,157.84376335144043,131.322,84.576004,108.41237,48.82688571302435,7.507930371830414,41.668260226006765
95.3,149.95101991472504,146.74793646863517,157.46375846862793,131.12001,84.50001,108.56195,50.17392466028894,8.189468470188558,41.38906923113129
95.4,149.35501505585523,147.08118171386965,157.43626022338867,131.377,84.493004,108.702675,49.732547183069144,7.1464621861814175,40.65234019013258
95.5,150.33979475003443,147.7256044005128,158.0275058746338,131.399,84.315,108.46453,46.94388219627028,7.645792965920017,41.87526380521021
95.6,150.43406415655429,147.5807149403768,157.9200096130371,131.93501,84.351006,108.55369,44.87095502515629,7.73357498103218,41.88037610723788
95.7,151.73989137836577,148.46687032820032,156.78125762939453,131.139,84.265,108.201065,54.619788105932535,8.408005914368717,43.53882631488921
95.8,150.72871524263917,146.42932313268037,156.75250625610352,131.70801,85.00201,108.85239,50.27699619189309,9.073880318994114,41.87632876802979
95.9,151.9098181215491,147.87875388409975,157.7900085449219,131.544,84.509995,108.31902,51.378115128656674,8.757834120691053,43.59079498922489
96.0,151.1190252237972,148.34269880878745,157.4275074005127,131.167,84.68001,108.426895,54.1338614204068,9.012284839664598,42.69213008219563
96.1,152.38262961274427,147.6615204769168,158.4012603759766,131.369,84.749,108.38083,44.08959947095893,9.551792454579928,44.00180075532239
96.2,150.50572249299896,147.58040842655464,155.81500816345215,130.687,84.489,107.87281,56.24024197760337,9.320510880982376,42.632912129229425
96.3,150.21145917364564,147.86191608694244,157.24125480651855,130.527,83.96601,107.729866,52.549406509129604,8.748595200525882,42.481593145813605
96.4,149.53558796477395,146.01315009393852,156.1425075531006,129.85101,83.773,107.25984,49.003913224823734,9.159103462258713,42.27574604582864
96.5,150.29806751011958,145.5619826986921,155.67375946044922,129.83301,83.08,107.070496,47.25007756340653,8.748682750741514,43.22757190465083
96.6,150.11678137949895,146.14593372817615,156.93625831604004,129.687,83.576004,107.037224,48.880508327984636,8.762504038101293,43.07955756358098
96.7,149.10584361328853,146.00837465586613,155.19875526428223,129.25801,83.142006,106.668144,54.019033715293965,10.11833353166666,42.43769938721431
96.8,149.9275308918226,146.4474760791952,156.13750839233398,129.384,83.229004,106.797264,47.30623008041165,10.22360982132293,43.13026679270152
96.9,149.96910205496306,146.86553994963208,155.81375885009766,128.567,83.289,106.59624,52.24084433745863,8.60861564639451,43.37286487234587
97.0,149.50379891965503,146.62507345624962,154.890007019043,129.091,83.186005,106.61209,53.840555492849354,9.65801362763209,42.8917078552019
97.1,149.87226047545718,145.8039334282696,156.11375617980954,128.547,82.741,106.53234,46.56866227054187,7.610552361914886,43.33991947203921
97.2,149.33298701153961,146.6727456584537,155.3950080871582,128.17401,82.82901,106.19762,54.054890368207595,7.950444265965341,43.13537043439118
97.3,149.87345902194596,146.1744497733722,155.1700038909912,128.39902,83.079,106.51808,52.90782142921352,9.40036561684172,43.3553773569069
97.4,149.8954855271959,147.08427491283342,155.1775074005127,128.227,82.915,106.36251,57.51661360298224,8.936012289391215,43.532974846043544
97.5,151.1918645927652,146.35369380673438,155.97125625610352,128.99901,82.962,106.89657,51.73136767499687,10.151991181863576,44.295296294425356
97.6,150.04010261674327,146.2716095726934,155.59875679016113,128.888,83.088,106.76731,52.71555346953041,9.990840963532099,43.27279152055186
97.7,150.3584997653739,147.0687991836755,155.66375732421875,128.35901,82.513,106.12982,54.48824797528308,9.720455920913567,44.22867798803014
97.8,149.309066662642,144.73503848380034,155.01125717163086,128.35,82.70401,106.30187,45.34968709507744,9.219720026577917,43.00719440922404
97.9,150.5486222099059,147.18585951124354,155.2500057220459,129.153,83.242,106.91503,58.111121174120946,9.578437043576342,43.63359077680042
98.0,148.43999082029288,145.85181056052375,155.3925075531006,128.96,83.327,106.75451,50.75394316563366,9.327828225647902,41.68548184812491
98.1,149.26209731801058,146.8730694942337,155.0225067138672,128.87901,83.483,106.9261,56.795398381558684,8.965974908061716,42.33599563344026
98.2,149.31044894548998,146.76758860001843,154.35875701904297,129.06201,83.086006,106.83712,61.169500520307544,8.275525608802376,42.47332888933764
98.3,149.40121992851746,146.2460188813061,154.31250762939453,129.207,83.17701,107.00764,57.31592123936202,8.549685018524183,42.39358290459168
98.4,149.86315716749775,146.99201461981048,155.0787582397461,128.852,83.16901,106.80352,57.53969841320125,8.651776209669716,43.05963696486103
98.5,149.95370533638186,145.13036068642643,155.28125953674314,129.38802,83.52,107.007965,50.14636165905118,9.52387274903641,42.945740248491234
98.6,149.65813370970287,147.84468695307427,154.88751029968262,129.552,83.655,107.34652,61.37371559846373,9.45765415795502,42.31161423948802
98.7,150.69187328261413,149.49352777208165,156.87625694274902,130.09601,84.18201,107.78605,59.26101351584549,8.461902885627238,42.90582439345397
98.8,151.88545843124533,148.6738704782024,157.26625633239746,130.448,84.19,107.85652,56.12879690062651,9.023586292881943,44.02893682480001
98.9,151.9763866745325,148.45067813729975,157.99625778198242,130.67401,84.137,107.98358,49.91210820185137,9.99575800997034,43.992805131563756
99.0,152.6294425957669,148.63189054987697,158.00626182556152,129.92001,84.33,107.784065,58.103831656347985,10.068243522779825,44.84537734918487
99.1,151.9369954875892,149.2359656488676,159.66250801086426,130.929,84.519005,108.30978,53.28057373997088,9.247985094893599,43.62721918143686
99.2,152.39170699292416,148.98275781748868,158.72625541687012,129.895,84.105,107.71997,56.23975796069286,8.683712729175344,44.671736289799156
99.3,152.71175679019106,148.5079121535535,157.68625831604004,130.541,84.223,107.97212,52.34710854886516,9.40125718698887,44.73963459780825
99.4,151.44596026421297,147.13365700323044,158.23126029968262,130.55101,84.115005,107.72111,45.824715961754755,8.025110168461095,43.724852781302815
99.5,152.17346937862854,146.32673743451525,158.1025047302246,130.347,83.967,107.62077,42.13443319528997,9.396648534546118,44.55269606319885
99.6,152.9494018972165,147.93947182738427,159.14250946044922,130.69101,84.5,108.03097,40.085014719439876,9.26205092314488,44.918434184814146
99.7,152.40233891911473,146.46156122221365,158.6350078582764,130.67801,84.44401,108.133385,40.75436434602929,9.176156594767175,44.26895421452488
99.8,153.2429443304878,148.30901382836603,158.65500831604004,130.627,84.523,108.24383,40.33632587027688,10.142156127010944,44.99911651066358
99.9,153.34702507662823,149.33365550327073,159.58126068115234,131.207,84.826004,108.58685,35.803687430542325,9.37135916188406,44.76017204928448
100.0,153.67056334138292,148.22147090616082,159.19250679016116,131.125,84.828,108.612144,34.27581556962557,10.223471199783688,45.05841887116807
100.1,153.23011963497592,149.26026548756113,159.12500572204593,130.972,84.861,108.55464,32.28461484358575,9.051225289432175,44.67547791134311
100.2,154.4052513640843,148.52285695857375,160.287504196167,130.95401,84.662,108.33,38.099560383381316,9.070661232168437,46.07524953302962
100.3,154.034436696795,148.23127508338789,158.23375701904297,130.40001,84.670006,107.99084,40.27389080079768,9.305213926119547,46.04359959962704
100.4,152.43682820357878,147.85083384525288,159.566255569458,130.80501,84.699005,108.08887,32.74773729890415,9.254598378690382,44.347961016078784
100.5,152.41974137926331,147.86325562078414,158.5175094604492,129.889,84.606,107.750084,35.732509884506705,10.644253130200164,44.66965745592347
100.6,154.2473780157428,148.90395046969016,159.4025058746338,130.567,84.770004,108.170975,32.33540054715186,9.614435117261158,46.0764032842975
100.7,152.49659560478142,148.66526990992654,158.58625984191897,130.71501,84.333,107.99253,31.026231906870365,9.551122365532578,44.50406478202751
100.8,153.78446037844768,146.12806114849332,157.7562599182129,131.005,84.863,108.35885,33.133444793712435,11.210173491278836,45.42561180667033
100.9,155.1650088056576,148.40458844075863,159.39001083374023,131.17801,84.923004,108.59069,35.753787580034455,9.565714483573602,46.57431819286464
101.0,153.88065883691135,148.67482806144,159.7400074005127,130.56902,84.295006,107.98847,39.56339841345481,8.600686361023003,45.89218685204807
101.1,155.99562725580645,149.16766309791524,159.26251029968262,130.907,84.439,108.34895,39.366542342156826,9.735682513490147,47.64667400873614
101.2,154.9228001822148,148.56718505627626,159.3187599182129,130.35101,84.07101,107.79176,37.18263401417369,9.549228908276937,47.13103687655072
101.3,152.83740258163692,147.37454830538644,158.16376113891602,130.187,84.27901,107.74028,47.15994715663807,9.10296589378894,45.097122430269735
101.4,152.206510131074,147.40167402485483,157.36251068115234,130.66501,84.603,108.074646,39.63545860014807,9.226883963459374,44.13186413498025
101.5,154.7425381414655,147.13128785149368,159.75750732421872,130.65802,84.393005,107.901375,28.040479664949054,13.349921149888942,46.84116332457097
101.6,153.60956684866477,148.92253218604316,156.09251022338867,130.264,84.036,107.6919,62.46850902979433,9.191281602629532,45.91766468802024
101.7,152.41783260108383,148.93888278628805,156.9512577056885,130.842,84.472,108.26425,51.5689964362513,10.117784551491347,44.153580892099455
101.8,153.1534717554034,148.20265595232553,157.37875938415527,130.55501,83.816,107.61558,52.186829216236134,9.528733343847732,45.53789405764948
101.9,153.73093507117807,147.81264712686638,157.32250785827637,129.68102,83.553,107.08992,47.15356875965625,10.827643024815472,46.641015027232754
102.0,152.36074092586912,148.57863831066493,157.3112564086914,129.56801,83.295,107.03888,48.29848807561805,11.839979525196304,45.32186153133787
102.1,151.22425124324485,146.70267266350493,159.0875072479248,129.37201,83.13401,106.76399,54.730701696776194,11.443763174447055,44.46025893367454
102.2,149.62757506020293,147.66343379306562,152.95250701904297,129.365,82.973,106.85645,75.96925895553339,11.155978478770454,42.7711221183084
102.3,149.8273203053094,146.29866140717797,154.03125953674316,129.157,82.559006,106.47564,65.99477820715573,10.774086176630906,43.35168096204768
102.4,150.86564361343028,147.69836766146165,155.28625679016113,129.23001,82.91,106.704094,60.26076761169948,10.079008600782863,44.16154968032481
102.5,150.41011399456494,147.02560956300877,153.71625518798828,129.612,82.94,106.8521,65.7452106286157,10.219775608031414,43.55801743694775
102.6,150.83588370114734,146.96810827826994,155.20250701904294,129.22801,82.951004,106.696655,62.30604642879445,9.583393016256473,44.13922842770984
102.7,151.02744167098552,147.43363390799811,155.61250686645508,129.68402,83.39001,106.90685,62.94407693078231,9.012960158557727,44.120588948817556
102.8,149.60841318866687,146.90771572042902,154.8425064086914,129.91101,82.906006,106.82952,62.40295453874291,9.16644628009943,42.778892009467654
102.9,149.69470803476506,146.92906917325024,154.62125396728516,129.247,83.144005,106.598495,60.01332685718038,10.216281288460067,43.09621255136662
103.0,149.36014379485732,147.14429345378676,154.18750572204587,128.731,82.86201,106.109535,63.72028144142169,9.760825005173558,43.250608577572166
103.1,150.21743377758295,147.70630380156325,155.03500747680664,128.97401,83.246,106.264984,62.38219028329891,9.760965418334418,43.95244964672358
103.2,149.91476931660281,146.7635335466368,154.97500801086423,128.95001,83.076,106.42789,58.27971534838137,10.144278036250006,43.48688235371219
103.3,150.80645191928812,147.66150526783161,156.83875846862793,129.43001,83.275,106.62292,57.0431455549557,10.771513262441792,44.18353474399515
103.4,151.55360910780365,147.3108630435739,155.93750762939453,129.967,83.95401,107.02992,54.381140823258384,10.394353682810634,44.52368662245209
103.5,151.12181076364416,147.75156549595528,156.19750595092773,129.817,83.803,107.02779,53.26148760379614,11.481120845598577,44.09402450876135
103.6,150.51979156163912,147.8864582888133,156.4975051879883,129.97601,84.116005,107.00155,53.63785733084041,10.834930927951412,43.51824279454928
103.7,152.16227643762267,147.0022618443941,157.2737579345703,130.197,83.66,107.19511,46.43856005223154,10.99083418728937,44.96716993127501
103.8,152.45617507977946,146.01793069664143,157.600004196167,130.272,83.71201,107.467224,45.28402080490632,9.620377603592233,44.988950958685706
103.9,152.637320897262,148.50032388334935,157.80000495910642,130.14801,83.915,107.285835,54.87020473262307,9.53253453510858,45.351485631148705
104.0,151.29614667857538,148.59714614203412,156.82375907897946,130.292,84.516,107.57918,55.99598422930112,9.219935004962553,43.71696882213007
104.1,151.30369566971152,148.47186440331376,156.95625495910642,130.371,83.997,107.53902,54.40653860295416,9.352086245360628,43.7646789460787
104.2,151.3464734228,148.4331388270731,157.3750076293945,130.377,84.346,107.563995,52.50610742054605,8.599226683905197,43.78247806147186
104.3,152.3583333564654,147.16670185214133,156.7962589263916,130.43001,83.95901,107.40273,52.93172244537615,10.370823715107317,44.955600507344315
104.4,151.25323299108388,147.8727064152511,155.93125534057617,129.88701,83.725006,107.121155,57.34649921245139,11.158274716268659,44.13207820592763
104.5,152.17563165479547,149.29082318831215,157.327507019043,130.091,83.94201,107.26069,55.61697953197776,9.21164325973793,44.914942873057186
104.6,150.44954701999112,150.15749584170553,155.82500839233398,130.264,83.69301,107.26481,65.97423746409285,7.874329513473382,43.18473836520596
104.7,150.72224407908038,148.5587559956917,156.58250808715823,130.464,83.79401,107.37371,59.47980998431685,8.395677978923151,43.348533446756164
104.8,150.33796128492895,147.28775036306405,155.7450122833252,130.529,83.45201,107.36866,57.635480525496895,9.0809156606622,42.96930131178442
104.9,149.7039688018982,149.30673682459062,155.28000450134277,130.121,83.375,106.98981,63.896393095823235,8.052287057343518,42.71416167299196
105.0,152.37856008923913,149.5235302139148,157.3162574768066,130.315,83.728004,107.37135,56.72324492686405,8.804400035089655,45.00720693982507
105.1,151.91298472816965,147.21569260582746,157.87250709533689,129.942,83.316,107.16514,48.482970296739566,8.598933842874803,44.74784648354074
105.2,152.34996197838296,148.13835489378272,159.30125808715823,130.117,83.256004,107.208855,45.66316659057452,8.480514402428842,45.141107303089996
105.3,151.77095857510545,149.40750527751626,158.65000915527344,129.95401,83.526,107.183464,53.322841099672985,7.953176100456618,44.587494524812485
105.4,150.5471685559179,148.09554722372005,156.44875717163083,129.438,83.132,106.680115,56.42606319876297,8.347701367789513,43.86705380982414
105.5,150.85123090916585,147.16424632571776,156.7400074005127,129.887,83.92,107.240135,52.13284463954592,10.210560122416325,43.611095716294756
105.6,151.62587017597835,147.04566979198623,157.72375679016113,130.367,84.392006,107.58778,48.00841430124919,10.040970515131384,44.03808636250179
105.7,150.94570462429286,147.95503970450346,157.0800075531006,130.84302,84.23401,107.78679,50.630909031486084,11.04333150662289,43.15891568386317
105.8,152.923208090543,147.4746881733505,159.416259765625,130.87001,84.365005,107.88981,39.804605684090795,9.551176055561708,45.03339943575784
105.9,152.00384235852525,148.82198086806434,158.197509765625,130.264,83.573006,107.42232,50.876020782688244,9.398715607617413,44.581524853642435
106.0,152.6349090934652,148.42870975680393,157.3825035095215,130.70601,83.713005,107.44116,51.681137984288235,10.368988402509917,45.19374698409021
106.1,151.83177215096953,148.62344200902706,156.02750778198242,131.11101,84.14901,107.8955,60.81456694407981,9.552281499003854,43.93627196786406
106.2,152.58050393352246,147.52867600633846,157.42375946044922,131.032,84.255005,107.84124,51.37001689246406,8.298637816568382,44.739264004323246
106.3,151.20339606137517,147.59284113999084,158.8287601470947,130.81,83.979004,107.593704,51.51492178135797,8.061825806912228,43.60969183774236
106.4,153.0084737406996,145.67295821210462,158.24000549316406,130.60402,83.45801,107.495804,46.736109611180304,9.801078693710766,45.51266990769179
106.5,151.5079852812344,146.51193251758457,156.77375602722168,130.072,83.83201,107.23459,52.14908683151694,9.491648492753162,44.27339665818752
106.6,151.16298025071495,146.71306799256638,157.7125072479248,129.287,83.11,106.82308,45.504463011633426,9.646553044362637,44.33989828050011
106.7,150.16038049693984,144.53135718476,156.90625762939453,129.907,83.27901,107.12247,44.22421229158574,9.991264060554226,43.03791345592421
106.8,150.01333170971068,143.30935993575747,156.4362564086914,129.467,83.0,106.675964,41.76129652994905,9.26330179674468,43.337367354241934
106.9,152.18976753837515,147.06792065005223,157.32750511169434,129.408,82.73,106.74387,47.9718306328271,8.843409551185973,45.445893942183744
107.0,150.9284411856031,146.7691294013739,157.31750869750977,129.638,82.73001,106.78228,48.1632824964784,9.036390405650966,44.14616121734139
107.1,149.64503419502168,148.2078598120039,156.68750953674316,128.949,82.422005,106.418106,55.09620571049987,9.290526664705565,43.22692811592012
107.2,150.98948554877373,148.0528666757756,158.08625602722168,129.647,82.979996,106.85135,53.38974835382506,8.293420697126368,44.138136671820604
107.3,150.28930869366263,147.20148550532133,157.71000480651855,129.968,82.90501,107.11679,50.724994963534186,8.948131298755674,43.17251792217826
107.4,150.81592960838736,150.74623751834713,156.188756942749,129.477,82.95,106.828835,66.85602151208361,6.61196188954982,43.98709507469596
107.5,150.89039493215404,150.23902326503054,157.1675090789795,129.38101,83.041,106.91709,58.700387751254766,5.223066455430414,43.97330356252513
107.6,150.93370251406654,150.7510253964187,157.00500869750974,129.76901,83.485,107.24549,61.244840503774164,4.400890687433477,43.68821148623451
107.7,151.19442307732618,150.21224025082913,157.32750511169434,130.43501,83.243004,107.180275,57.554247650781505,4.480109023802357,44.01414811394727
107.8,150.0448314047064,149.49026337554224,155.90750885009766,129.167,82.983,106.50267,62.98876076997483,4.697525953842192,43.54216111662046
107.9,151.34758046937654,151.074261534376,157.6562557220459,129.92902,83.573006,107.00758,58.151507499979964,6.08277690456973,44.339996851212476
108.0,150.9074398288414,149.8522904323636,156.28000450134277,129.681,83.213,106.926575,62.3395188978684,7.497375700326482,43.980865121810155
108.1,151.7179473709463,149.50307648778437,157.8700084686279,129.238,83.175,106.791466,53.020992715570415,8.00772022733999,44.92648161166895
108.2,150.42608180868422,150.0943296473661,155.57500457763672,129.629,83.07201,107.075615,68.20778185752981,7.52944950567865,43.350466879485
108.3,150.79294738624546,150.1115153144208,156.23125648498535,129.41,83.011,106.97089,65.79696575545744,7.675314912970881,43.82206115577671
108.4,150.67520039867134,148.75146024964695,155.3725070953369,128.82501,82.87601,106.48641,62.729427823048674,7.375778123750994,44.18878835033149
108.5,151.09961476497978,149.17707830958136,157.1775074005127,128.701,83.019005,106.53857,55.373367395668794,6.897419263284507,44.56104817562431
108.6,148.94506334087498,149.04184492219454,154.912504196167,129.017,83.129,106.61713,64.38977768862367,7.3826828841477905,42.32793687603123
108.7,150.72929835369405,150.00668147885256,155.32625961303708,128.45901,83.048004,106.567696,66.98850857835657,7.9802671709668695,44.16160273601827
108.8,150.6874509434876,149.51310507532693,156.44000625610352,128.60501,82.63901,106.35745,59.760308931718896,7.71781027750182,44.329998550909465
108.9,151.24102526254705,148.494280077037,155.45626068115234,128.16699,82.809006,106.20445,60.677437433484855,8.088943986860496,45.03657274789862
109.0,149.63558882657676,148.34269880878745,155.1212577819824,127.91401,82.803,105.98751,61.73455264263676,6.613020360756893,43.64807814542442
109.1,148.29807653367524,148.44792187032843,153.79750823974612,128.218,82.77401,106.179184,67.51238048382632,6.431229733699809,42.118892573714305
109.2,148.6473567773563,147.961502546315,153.68750762939453,127.53001,82.00201,105.45368,65.90363454640558,7.46239044630261,43.19367483155551
109.3,149.63667341563365,146.84833907349218,155.65500831604004,128.13301,82.171005,105.83703,54.910209482507334,9.199393895106578,43.79964491221568
109.4,150.05191755214884,148.09511603302806,155.78375816345215,128.487,82.48601,106.08965,58.43303569140806,8.724859585736784,43.96226453701212
109.5,149.7068743826188,147.56463587979712,156.61000633239743,128.247,82.365005,106.13588,53.5240717830117,8.773205396347851,43.57099486601723
109.6,150.04399458562565,147.5797722561087,156.65750885009766,128.742,82.41101,106.327095,54.75470570247224,7.94762430328933,43.71689955388737
109.7,150.27439368984113,148.7510913973899,156.77750778198245,128.371,82.096,106.41921,59.36078941137397,8.54768722354997,43.85518134853254
109.8,148.77411861383584,148.12912423845106,154.35125541687012,128.738,82.28001,106.413795,65.34361643646268,8.817762549948407,42.36032314264443
109.9,148.8322190278128,147.11435429354268,154.4000072479248,128.502,82.55,106.53039,59.43766514108892,9.457404921218002,42.30183114939484
110.0,149.70325101419644,145.34556759743572,154.43500518798828,128.267,82.712006,106.284424,53.01191516553443,9.569568057617978,43.41882718607144
110.1,150.3756233162523,147.05159103216693,155.18125915527344,129.127,83.05801,106.77457,55.6990488819905,8.908285211662223,43.60105666586168
110.2,149.69646191735538,148.0131254490426,154.15500450134277,128.557,82.63901,106.61146,64.0259783168859,8.830172864313578,43.08500409264835
110.3,147.2908534275109,146.8918938838797,152.84500885009766,128.535,82.506004,106.36099,66.83691192738706,9.066546793411698,40.929860995870285
110.4,147.97567131562266,147.7066857521673,153.43000411987305,128.973,82.758,106.56204,66.17080795141845,8.27465085987083,41.41362907929454
110.5,148.22158856171728,146.12227583320305,153.36875534057617,128.37502,82.293,105.89221,58.08360022027093,8.91227821262011,42.32937664765478
110.6,147.28183804955933,147.14111543193425,153.69000816345215,128.83,82.30701,106.15067,62.74652663098704,9.133078157681897,41.13116513696167
110.7,146.23300140622595,145.29044490024435,152.32750701904297,128.39801,82.31701,106.05506,62.81486849173347,8.738936645302434,40.17794006589392
110.8,146.94353160946434,145.76231657892677,151.68625831604004,128.237,81.87401,105.796616,67.39055022556488,8.766925226127865,41.14691600887841
110.9,148.1324772460416,146.0264938699065,153.8137607574463,128.684,82.726006,106.27319,60.22734828383344,8.219679658465438,41.85928388666659
111.0,146.4752398649092,144.93173519229052,153.3612575531006,129.00401,82.886,106.24619,57.665999677099606,9.211673341583257,40.22904693278031
111.1,148.01985509035876,145.06018551705264,155.53375625610352,128.56401,82.51,106.10157,51.99823176557128,9.665693104693036,41.91828496096423
111.2,148.19559013551512,146.430790657696,154.3437557220459,128.78502,82.539,106.16879,59.90343637493175,10.11354815144947,42.02679741090574
111.3,149.04316211820657,144.75298041687498,154.42875862121585,128.68501,82.554,106.30368,50.98452787510788,9.95577221505124,42.73948169828469
111.4,147.9554088805049,145.6144993441282,153.61001014709473,128.891,82.28,106.39946,57.12718553864748,9.788216857716339,41.55594904163772
111.5,148.53883999018996,148.635873220369,153.80875778198242,128.82501,82.85901,106.5985,68.99585445928201,9.978544972927686,41.94033687739699
111.6,148.73836049845846,147.98153141396796,154.54125595092773,129.257,82.836006,106.74325,64.5084761146295,7.536247784378259,41.99511251261862
111.7,149.6392023156903,149.17954904509008,154.74375915527347,129.507,82.912,106.967224,67.4495728092069,8.803680103150953,42.67197819459656
111.8,150.23689880393601,147.92935871548124,154.4987564086914,129.061,82.035,106.69317,64.85064213079018,9.61889188196945,43.543730163799296
111.9,149.55378295142984,148.92592673419858,155.77500724792478,128.893,82.439,106.66147,60.99339755173587,7.730341795042338,42.89231444557046
112.0,147.5674214801316,147.00674898191798,154.26750564575195,129.5,82.992,107.01294,60.403219761918976,9.164204555976069,40.5544820270066
112.1,148.58803911019038,146.22035125104262,155.7462558746338,129.59001,83.33,107.24308,50.354149094564086,8.067291594269138,41.34495897103022
112.2,147.0611056571877,146.47943896652697,155.30375671386716,129.664,83.205,107.144,52.93042706369232,7.32207542506528,39.9171084648049
112.3,147.89699202656385,146.95270824630578,155.25875663757324,130.574,83.33,107.35676,54.43406623875858,7.121151223709765,40.54023390888807
112.4,147.15226405496605,145.63273500279365,154.89625358581543,129.68901,82.855,106.82997,54.69855699886812,7.475488470004284,40.32229274148949
112.5,147.1231466267852,145.88118476562744,155.57500839233396,130.294,83.15201,107.18075,56.79125074092578,7.326392075282156,39.942398640945356
112.6,147.80066944642508,146.41430289087822,157.00750541687012,129.85901,83.146,107.11869,51.81875587430363,8.093950740844676,40.68197895570242
112.7,148.83998327068153,146.26703178930245,157.3187599182129,129.72101,83.098,107.07611,51.65859705082765,7.228329520580108,41.76387243083778
112.8,147.69293588005073,145.57026154406066,157.2637538909912,129.48001,82.89901,106.646484,47.24863330645174,7.873821627376222,41.046451505050726
112.9,147.9138896981168,149.4075408603171,155.54375839233398,128.777,82.67,106.51951,67.77527947038368,7.323502745287761,41.3943813363004
113.0,148.00132250672283,148.4374851851917,156.32500648498535,128.66,83.206,106.54099,61.864672942578224,7.204688217097281,41.46032976990642
113.1,147.91216250103955,149.63109839094054,155.0850067138672,130.029,83.031006,107.30695,67.34432186291279,6.509134012116409,40.605209070863765
113.2,148.3263184782685,150.53870459388105,155.58125495910645,130.37401,83.565,107.64615,69.19840969859253,7.362677553837612,40.680169796627865
113.3,148.82520182014352,150.69228677025419,156.31000900268555,130.767,83.893,107.81866,70.42734505372864,7.034479192381411,41.0065448987568
113.4,150.09141489830128,150.19111421251182,157.5712604522705,131.272,83.894005,107.93929,64.13301550134877,8.024491224791353,42.15212199058644
113.5,150.16425730567778,150.75632783568068,157.5000114440918,130.70801,83.85,107.86621,65.52385443701068,7.574080154793683,42.29804636817778
113.6,150.24717872741058,149.31428373871944,158.31875610351562,130.395,83.796005,107.586815,56.7600252677896,7.462103753402713,42.66036384703949
113.7,149.25922964596307,150.94550253534965,155.6125087738037,130.577,83.549,107.77006,73.97533133265574,6.93155359438658,41.48917196774042
113.8,150.5276715339927,151.39711722382347,156.9000072479248,131.22902,84.27601,108.39896,68.82950105721503,7.34276245444635,42.12871523516458
113.9,150.14586192477535,150.87997296254792,156.8887596130371,131.407,84.575005,108.54741,69.31502455834986,6.830639116553766,41.59845286715816
114.0,150.0650745056083,151.15031777983373,156.87125587463376,130.74901,84.324005,108.087944,68.62657046836482,6.458988608900671,41.977130474846575
114.1,151.39065775673043,151.0158817160139,158.6962547302246,130.717,84.576004,108.14063,62.53733027115218,7.313983374203686,43.2500251273359
114.2,150.11593393175056,150.2730974714247,157.7987575531006,130.987,83.943,108.05211,62.35492204073443,7.103378199445475,42.063825167102124
114.3,150.29844026642346,151.25991972840185,155.49625778198245,130.973,84.096,108.06347,78.896778437629,8.496505279692494,42.234971333317986
114.4,150.43072403208967,150.5698795934566,158.01500892639163,131.058,83.553,107.76657,65.6816877061568,7.85561975102448,42.664152987167796
114.5,149.50787225937611,148.9147377441065,157.05250930786133,130.382,83.354004,107.249176,58.621106831743475,7.0189601910529875,42.25869623398549
114.6,149.61112934379003,149.35428495856877,156.4612579345703,130.008,83.177,107.24253,61.82682764877395,8.144453133601816,42.36859852103612
114.7,149.72680732548747,148.25076390120813,156.9925079345703,130.31401,83.578,107.29922,55.86552957388624,7.624980504018437,42.42759010136638
114.8,150.15191304342076,149.0752394913293,157.75750923156738,130.88402,83.078,107.60381,56.514711418527675,8.782307750682447,42.548099872034044
114.9,150.68097243450617,150.65308198052156,157.23750686645508,131.295,83.52901,107.902504,64.12382305018154,8.845552262181132,42.77846846722102
115.0,149.22886397296617,150.9071987636941,153.89875984191892,130.1,83.346,107.514915,79.78485857441476,8.90709829926393,41.71394850665757
115.1,148.31603510458282,149.92715008382697,153.66375923156738,130.422,83.523,107.41031,75.68662231006745,9.144556248735261,40.9057262666922
115.2,149.93630159392845,150.67103727235497,156.34500694274902,130.776,83.982,107.902504,69.6242976217271,9.114569563358131,42.03379762664329
115.3,149.6842054837118,151.0670609880504,156.03375816345218,130.466,83.342,107.518135,72.61616450040042,8.366139742515452,42.16607041291101
115.4,148.38146349365397,151.40426913870513,153.61501121520996,129.74802,82.88501,106.82211,81.59048966733646,8.592076238183019,41.55935045654459
115.5,148.326036014168,150.4734559965553,154.61250686645505,129.895,83.316,107.06195,75.33050532825133,7.647104667026483,41.26408533057426
115.6,149.52829080406656,150.4455396202447,156.84500885009766,129.181,83.5,107.011246,64.22019262046999,8.307507842537188,42.517045076527495
115.7,149.45963100989974,149.0182843398133,155.91500663757324,129.899,83.353,107.13273,63.201440752882085,7.7624029746814776,42.32690243323958
115.8,149.25432758084287,149.80186773646267,155.51000595092776,129.75,83.44301,107.03067,67.6940416631111,8.489588420292051,42.223657414827244
115.9,150.28941852647046,149.5014450405618,156.2975082397461,130.226,83.382,107.49269,63.43124930953368,9.766380430087628,42.796727486431394
116.0,151.63255630633535,151.2338869084176,158.92625617980957,130.05,84.02101,107.731155,61.26022562648793,9.378681806955335,43.90140091082753
116.1,149.25302891186413,149.9262694394655,156.15625381469727,130.03,83.57901,107.40743,64.73819432324743,8.449328481769411,41.84559635571179
116.2,148.97301973148706,149.44948731657985,156.14500808715823,129.45302,83.106,107.01074,62.04121678856003,7.989312750404766,41.96227754398706
116.3,147.6172475834834,147.39421956880292,154.69250679016113,129.063,82.672005,106.37998,60.81839477030339,8.281092301655095,41.237265588854484
116.4,147.37377940341912,147.43838836371089,154.8325061798096,128.53801,83.16801,106.5038,61.10043635466151,7.608318052829738,40.86997996494256
116.5,148.5987091087702,147.73237009361017,155.84250831604,129.0,82.96901,106.54666,58.87907312572197,7.832929155352356,42.05204773181708
116.6,150.45491041541285,150.37506979371335,158.34000968933105,129.271,82.73801,106.59374,56.852727382786455,8.086692910251953,43.861168044807386
116.7,149.20413850280127,147.14168529129333,156.313756942749,129.768,83.318,107.064644,56.59851421449619,7.912442288965594,42.13949464293799
116.8,149.03625823945364,147.95750039555756,157.63750839233398,129.384,82.935005,106.75341,52.432999912111946,7.816239911703474,42.282847900098176
116.9,148.13405916830246,148.10716529376595,155.5500068664551,129.364,82.703,106.5819,61.37291968177534,7.136238885758591,41.55215761800949
117.0,147.4061618573288,147.72633999428874,154.7612571716309,128.524,82.622,106.067955,62.03206698550983,7.751892561398199,41.33820684023897
117.1,146.64027240661648,147.90394530505964,153.55250930786133,128.877,83.263,106.36459,67.76482733009827,8.063132350312179,40.2756789007571
117.2,148.11862324284428,147.69350951123866,156.52250480651855,128.50401,82.556,106.044785,54.83072492527416,8.11967233217264,42.07383869694584
117.3,148.16338213127335,146.79400853523723,156.17000770568848,128.962,82.58301,106.37144,56.510555911769494,8.783906985186956,41.791945058519445
117.4,148.52948099161335,146.28036552081576,155.8900089263916,129.28801,82.781006,106.6322,59.26210108477642,8.76442772272163,41.897278843175854
117.5,146.70389272369104,146.14037040234754,152.83000564575195,128.535,82.536,106.24569,74.47359975826268,10.565810145639563,40.4582033316012
117.6,147.47243792866053,147.5279817686378,151.75375747680664,128.702,83.19201,106.44462,81.89708496726386,11.994958747491262,41.02781970356287
117.7,146.6368533750748,146.50473774453337,151.36375617980957,128.00401,82.993004,106.25114,80.74777843454906,12.697844904344453,40.38571659528964
117.8,145.40688055258082,147.98552563100887,147.73875427246094,128.45801,82.775,106.373795,89.49903601869269,11.967890660108711,39.03308599691675
117.9,141.05895218383856,145.32200185042396,139.51625633239746,127.944,83.215004,106.07456,79.032777242209,12.630438816489107,34.98439011108465
118.0,142.50975154394644,146.33313488399952,139.89750862121582,128.247,82.836006,106.111626,77.61891802901839,12.562457514244443,36.39812587255972
118.1,145.61670950963628,146.7391342846133,148.41250801086426,128.192,82.886,106.23536,86.60131562573731,12.896725985325642,39.38135031774175
118.2,145.21971679721,147.13351772591935,147.36000823974607,128.39801,83.13601,106.29503,89.59444560719099,13.979816273717441,38.92468811068656
118.3,142.6184415602476,147.0055545483657,142.9750080108643,129.075,83.085,106.613815,80.80462518992485,11.863483098487174,36.0046262526304
118.4,142.40973039882982,147.3688420397105,140.42250633239746,128.744,83.507996,106.581955,74.15240818417898,11.272800816340272,35.827775442775135
118.5,142.17481181655944,147.10804016485298,137.89250564575195,128.311,83.413,106.27525,70.7489448074094,12.37357768223147,35.899558520661
118.6,142.1876022041009,147.66991700859285,138.33750534057617,128.422,83.02901,106.28709,71.38609365654348,12.539832044028639,35.90051571728449
118.7,145.5412875021055,146.90072437533374,146.53500747680667,128.31801,82.85601,106.22083,89.28186824926719,11.220623185527058,39.32045467739846
118.8,142.51661594881182,147.87273683342144,140.15126037597653,128.824,83.37701,106.73225,68.70660339375199,10.456164697703546,35.78436954988604
118.9,143.28371872930316,147.72192247056844,140.54500770568848,128.73502,83.146,106.49723,73.15139696860616,10.497765648100053,36.786488199518004
119.0,142.35818171082315,147.30232296340662,143.7062568664551,128.111,82.968,106.24135,80.81436159546799,10.222559188291346,36.116833444221584
119.1,141.63865490985444,147.0603308777538,140.44125556945804,128.0,82.600006,106.15612,76.8861567446789,12.11775702676954,35.48253460956147
119.2,141.97760003790953,147.1403399841772,138.2862548828125,128.492,82.6,106.17531,73.83720964624715,13.357576892508957,35.80229181037046
119.3,144.23099200245917,146.69389723511716,141.94625663757324,128.559,82.532005,106.1036,80.80272541816063,12.224775477768597,38.12739245411933
119.4,145.49423896186272,146.17797782556423,148.5737590789795,128.554,82.58,106.06393,84.6104569215664,11.337103298128389,39.43031226508538
119.5,146.78378069768328,146.0175639551225,152.55000686645508,128.83101,83.01301,106.14132,72.49932094578429,10.530317626551309,40.64246142278094
119.6,147.12519085969393,145.929966578495,153.64375495910645,128.281,82.29,105.91286,68.36215588564906,10.063394908184748,41.21233380402987
119.7,146.8362244261561,146.55794285439566,154.47000694274902,127.73901,82.112,105.45162,60.68333102242065,9.043761608987841,41.38460241687875
119.8,147.09715739060454,146.37791820864598,155.1275119781494,127.75701,82.104004,105.57171,59.45445503994301,9.314150824714716,41.52544871140532
119.9,147.88938235565203,145.58921943774325,156.57625770568848,127.77701,82.001,105.22041,49.46169291613146,8.18943697934406,42.66896914764422
120.0,146.8023914687608,145.7463573153928,156.08000755310056,127.341,82.020004,105.24839,52.64459844599694,8.281657981577164,41.55400127100688
120.1,147.23316408206395,145.2807873254009,156.04625892639163,127.58101,82.47301,105.304924,46.175209673283106,8.11704263491546,41.92824007083348
120.2,147.52402764351962,146.3687535542855,156.29501152038574,127.62401,82.62201,105.80922,50.57689346739342,7.8021479787926955,41.714808283168054
120.3,147.03471007676825,146.1699735737533,155.28625679016113,127.804,82.39,105.7556,55.33700999663942,9.163961628072622,41.27911010118231
120.4,149.43323898703534,146.54278002097834,158.8637580871582,127.614006,82.76401,105.85072,40.76990739341261,8.709260091615311,43.582515720433776
120.5,148.39325222552011,146.24278274249497,156.96126174926758,127.98601,82.671005,106.10064,46.507329700613234,8.60542499741481,42.292612882258396
120.6,147.59804549617556,146.37766614924612,156.14500236511233,127.77401,82.943,106.23524,50.22665094752322,8.480019632779959,41.36280837459353
120.7,150.51749814198183,145.91520818013558,162.74625205993652,128.244,82.397995,106.08077,49.72424446119685,11.588172849978774,44.43672574207949
120.8,145.7307096136296,145.3960055024218,149.7787570953369,128.162,82.672005,106.14047,79.28725279598152,10.925203143359992,39.59023720152024
120.9,144.69726919960425,143.86178593532642,147.61625862121582,128.09901,82.096,105.96048,82.80554971329087,14.318480774378067,38.736789463276125
121.0,143.84712184065208,145.45953477574383,147.52875900268555,127.60901,81.821,105.56889,83.75833202876832,11.333878153138306,38.27822840803489
121.1,143.57944807019197,145.95357945485654,146.6512565612793,128.26001,82.058,105.95651,87.88059841883182,10.331303950334474,37.6229356190201
121.2,141.63803710537528,146.79236248757343,140.03125762939453,128.232,83.079,106.27877,71.99447790645264,10.628252239661824,35.35926665859793
121.3,141.4812879226725,145.87797477380641,143.3925075531006,128.139,82.700005,106.02605,82.76915876935773,9.883527143050136,35.455241169742806
121.4,141.86322278080317,145.98881833498046,140.2050075531006,127.87501,82.434006,105.869675,77.72103341326991,10.167543592791478,35.99354809818598
121.5,141.59076122256224,146.78117288883738,137.92750549316406,127.587006,82.277,105.70685,72.13045063010416,11.839003873000012,35.883913078030986
121.6,142.36088843913777,146.54153263509798,141.27750968933105,128.254,82.533005,106.173355,79.23392953100979,11.488848284116846,36.187533336598705
121.7,143.7127459937985,146.25360865360446,145.10250282287598,128.354,82.165,106.03597,87.60854339659159,11.588813122806249,37.67677339858366
121.8,143.87496755302757,145.06480280619255,149.02750778198242,127.45801,81.624,105.40089,80.90551196067196,11.397086301860146,38.47408101738304
121.9,144.82778139387412,145.9099623060341,152.3962574005127,127.59701,82.039,105.51373,71.18466722948192,9.811859670938347,39.31404848371787
122.0,148.66168093917145,146.18596686829002,157.74625968933105,128.627,81.990005,105.81544,63.183533980093664,10.81770143062708,42.846243622276916
122.1,147.83684716021526,147.34553567717114,154.11500930786136,129.389,82.936005,106.62487,73.93701363713826,9.480125099615428,41.21197685992229
122.2,150.74171242152673,147.67112514913606,160.9300079345703,129.72401,83.278,107.16689,53.1927556793208,10.006458821948137,43.574819416155634
122.3,151.17264233508735,146.95634149510227,161.17875480651855,130.347,83.60901,107.49981,48.46541864783949,10.57335570958267,43.67283306995063
122.4,149.70126996317634,148.72433025899838,158.62376022338867,130.139,83.365,107.32105,63.15270339876226,9.369830664428218,42.38021741190681
122.5,149.28152255644332,148.6752534788575,157.65125656127927,130.28401,83.69701,107.52962,58.80041830084487,8.672906575410563,41.75190524687301
122.6,149.0322766892289,148.4911193750078,156.4775085449219,129.92401,83.233,107.30033,62.74351708299233,9.417215327365001,41.73194557350624
122.7,150.51582321976574,149.87434880037864,157.37250518798828,130.72401,84.153,107.91429,62.48553885285795,8.968584569425566,42.6015318379298
122.8,148.63723284828563,148.27721425459725,154.66125679016113,130.331,83.532005,107.46465,69.43667621947243,8.358447834799744,41.172579833148916
122.9,149.41905776028975,149.3842779645912,155.11876106262207,130.268,83.695,107.37165,72.12842595508616,9.859302060735091,42.047407064488965
123.0,149.30201654810048,146.49879185945676,157.9850025177002,129.497,83.451004,107.16839,49.97062287881396,8.336289637294632,42.133628181401264
123.1,150.22491006867685,147.6560334813204,159.30500793457034,129.987,82.61001,107.23633,53.25804551255072,8.810763687291002,42.98858194367685
123.2,151.04093577292463,147.45833968384372,160.98250198364255,129.96,83.16,107.50074,45.576818971666974,9.177209190985637,43.540195721655095
123.3,148.15589250056024,147.34228432927486,155.0800075531006,130.154,82.927,107.293495,69.42700082721666,9.830720821989987,40.862397322337586
123.4,146.89777736916466,145.56307193563995,147.39000892639163,128.908,82.732,106.59327,85.43130769772277,11.264080206981541,40.304508021020126
123.5,144.14269204318413,147.3799954470018,138.5087604522705,129.934,82.907005,107.17377,67.82365846023451,10.818968181046813,36.96892495334038
123.6,144.65342230548745,148.85112575863383,138.53125381469727,129.937,83.176,107.25885,61.8525883438467,9.803437694946046,37.3945722078312
123.7,145.79043406663516,148.43715768900992,142.88250541687012,129.78401,82.916,107.228775,78.10689416714247,10.865425960591653,38.561659042221095
123.8,147.58787534026231,147.57273894629412,149.90250778198242,130.11601,82.854004,107.29061,84.94998590143112,10.803861718100547,40.29726407317247
123.9,149.4923434443818,147.49552746291735,156.1825103759766,130.798,83.286,107.603,71.01774583745039,10.821077572482746,41.88934661820991
124.0,145.96026054911113,146.84512180630253,150.3575077056885,129.47101,82.405,106.756035,80.50673090200664,10.026883906876138,39.20422569803691
124.1,146.07205667484712,146.53148733637602,153.55125999450684,129.214,82.69601,106.802315,69.2692952254764,9.828706298892376,39.26974191654634
124.2,146.20524350331496,146.61227339265062,152.17750740051272,129.50801,82.490005,106.681816,74.82340781836176,9.206647761434178,39.52342740224074
124.3,145.14518111112304,145.52725561067257,148.9062557220459,129.63,82.978004,106.966515,78.6832270995843,8.818744398292996,38.17866652372069
124.4,145.87941659211643,146.68635825470483,151.05500793457034,130.31502,83.163,107.10978,77.11492520510991,10.284151385518983,38.76963723420627
124.5,144.15028870493356,146.73283475636484,144.9862575531006,130.577,83.469,107.23615,84.56860262873401,9.68593143359126,36.91413605600778
124.6,146.40304436346761,147.57242149456704,148.51750564575195,130.337,83.226006,107.21939,87.55639022151095,12.007047382314674,39.18365349432699
124.7,146.21829460944815,147.59005295275497,144.14500617980954,130.08401,83.296005,107.05336,82.29869583104977,10.153557944760335,39.16493462409659
124.8,147.240775117801,147.46036462821928,147.2425079345703,129.79301,83.199005,106.81834,89.58513739230133,14.16873958871508,40.4224386309846
124.9,147.58539257422822,147.2108648737748,152.8675079345703,130.31401,83.53401,107.4408,79.01895160246403,13.840252206123042,40.14458904639619
125.0,146.821931258918,148.53322764273935,152.91500282287598,130.404,83.84901,107.43149,78.82704750881459,11.63317339746933,39.390443221808624
125.1,147.56402480424015,147.73642514699176,152.69750785827637,130.382,84.09401,107.81841,79.05382191407824,11.880975701426438,39.74561202347843
125.2,144.6995837349547,148.461259873022,140.90375518798828,130.68001,84.343,107.95819,70.27359398299684,12.09544168637598,36.74139281698595
125.3,144.04230616042435,148.1848000838221,138.4825096130371,131.08801,84.703,108.29258,66.86124207289564,13.682556930240887,35.74972650954544
125.4,144.25632527005146,148.05762113148836,141.2150058746338,130.918,84.852005,108.361046,74.50022651203905,12.877639615101868,35.89527943264912
125.5,146.00737705733033,148.15958251587205,148.78750801086426,130.757,84.39101,108.20935,88.77382328858381,13.08933597466165,37.79802647139283
125.6,145.82740563568467,148.5152571418207,144.36375999450686,131.137,84.205,108.238655,82.78250417204245,14.169716975995184,37.58875054535264
125.7,145.54449135318572,148.1352674680934,147.5550060272217,130.839,83.981,107.951744,88.82202213764775,13.623683769502062,37.592747273595876
125.8,144.73314103587654,146.96082501979373,144.4187602996826,129.71,83.670006,107.00435,84.20321689812042,12.320273817928896,37.72879228099373
125.9,147.1161559324134,148.0451695464307,149.41000366210938,130.557,83.851006,107.85363,87.07077454552967,11.93832343537153,39.26252586649542
126.0,149.03096506435995,146.97275021230573,158.35125923156738,130.34001,83.758,107.681595,60.397870517836495,10.118433569796062,41.349370215727134
126.1,150.28676241130813,146.82279978263483,159.36001014709473,130.27501,83.688,107.464096,65.93154519833503,13.72828130813166,42.822666341972194
126.2,151.7337095735047,146.81284085859974,162.16251182556152,130.54301,83.811005,107.77487,45.225994043178396,11.189268443020623,43.958837747332836
126.3,155.4570332132925,148.0291877984429,168.1212558746338,131.347,84.402,108.36533,37.09837714552233,12.013723677931452,47.0916996561636
126.4,156.30748191038606,147.89122429107496,171.0312576293945,130.671,84.733,108.5413,32.59130809819007,12.61614901166084,47.7661839977884
126.5,154.28937884721927,148.3963947283945,165.52875900268555,130.864,84.57201,108.41033,38.02816688909194,10.242239133573868,45.87904712114505
126.6,152.81592357726777,147.20203288022657,163.66625785827637,131.192,84.593,108.63896,47.01949509371468,11.764705479854648,44.17696178527558
126.7,151.75835800753987,147.628744448289,157.92500686645508,130.29102,84.26901,108.07358,65.336065714193,11.770686427664511,43.684780126680494
126.8,153.5832534095952,148.5039927149467,163.01375770568848,131.40201,84.637,108.52262,49.6716526017812,10.750017308511953,45.06063225481003
126.9,153.19276550313472,147.36720909039371,162.70125579833984,130.21,83.53001,107.481735,53.796764464392545,11.369115450989447,45.711030273642535
127.0,153.77182417453446,148.28434668921358,161.5637550354004,130.57,83.313,107.579346,51.553056067374555,12.610536018895747,46.19247847140946
127.1,155.24178713828346,147.5924519140181,167.61375999450684,131.04001,83.98801,107.87943,41.48458494826513,12.4557784471611,47.3623544600608
127.2,154.4586487688609,148.60514462057063,164.33125686645505,130.981,83.55101,107.789215,51.843539118564486,12.917938442403353,46.669433680970286
127.3,154.29975109121125,148.0204485614999,166.62250900268555,130.60701,83.55601,107.735504,42.64639154497985,12.254244638419278,46.564246940820624
127.4,154.29749501965787,148.6692191083559,164.19750785827637,130.63,84.462006,108.147285,42.011516099111134,11.060604947801819,46.15020955823209
127.5,155.26361359069307,147.9444598191076,168.40750503540036,130.395,83.759,107.727776,35.937521205303945,11.673793133136552,47.5358380169626
127.6,153.78869131423508,148.53564331518186,164.91375923156738,130.77501,84.195,107.8228,41.3256259403361,11.943514130087326,45.96589163161789
127.7,156.59824960194385,148.6416083524172,171.29250907897946,130.86801,84.369,108.03791,32.02985672793535,12.639450377402902,48.56033914051807
127.8,154.6347076819244,148.6383439558778,166.0825061798096,130.787,84.455,108.00253,44.0591397383744,12.402585430288758,46.63217472294002
127.9,154.56373506296333,148.27319328192232,164.9350109100342,130.92001,84.259,108.20294,54.96071131272878,14.228456523866946,46.36079316843208
128.0,152.70848135720735,147.8331762400748,162.93501091003418,130.738,84.24601,107.838715,56.635065047440385,13.122883713754247,44.86976675759797
128.1,154.03186106139867,148.47792642289977,163.61000442504883,131.128,84.29301,107.90539,48.76218283271341,12.235594704537947,46.1264731829807
128.2,152.81033417157778,146.79496611847483,164.55750846862796,130.14401,83.573006,107.30028,31.877592466761218,10.741702622454019,45.51005646161684
128.3,147.71952003901418,145.85239778941008,157.83500480651853,129.65,83.463005,107.07847,50.05747343600799,8.624842174199665,40.64105171626028
128.4,148.66921315022685,147.03040903733313,157.79500770568848,129.271,83.163,106.79281,55.33817511956563,10.619084062297437,41.87640461751201
128.5,149.78595352904688,146.48276359076314,159.26625442504883,129.197,83.39801,106.6466,49.61367026440957,9.160047826855097,43.13935471312891
128.6,148.68137283404565,146.3884455396498,158.31500434875488,129.533,83.556,107.00794,51.99976681992121,10.247141217811459,41.673430634338615
128.7,151.45366761949816,146.3713310381968,161.6175079345703,130.127,83.716,107.29332,41.18871774478736,11.390957181094535,44.160347917349725
128.8,151.980835609427,147.2560547442173,163.06250953674314,129.778,84.188,107.36255,48.115404836867846,12.427789862824671,44.618286781302004
128.9,150.85557247821743,147.47119053932877,161.2700080871582,129.62201,83.626,107.22802,48.031493687016045,10.176475284195797,43.62755276386196
129.0,151.80981446722424,146.64722247013182,159.76125526428223,129.615,84.136,107.359184,41.48000345332597,10.43572257334786,44.450630202087524
129.1,152.11900155511887,146.95598207865592,160.75875663757324,130.147,84.119,107.69091,36.61168560533883,9.8048018488915,44.4280912157634
129.2,152.49638439772716,147.16246285106925,160.52375602722168,129.536,83.563,107.21207,39.77773951683098,11.05178097890713,45.28431774733653
129.3,152.75883844259477,147.81561383675043,161.34000968933105,130.307,83.75201,107.69393,42.40763283905839,10.521672667323578,45.06490686300492
129.4,150.50477649457454,147.56282926234695,157.62250900268555,130.48401,83.693,107.461815,56.86713051570635,10.437339083484822,43.04296161420345
129.5,150.79931654891718,146.81077666888703,159.71000289916992,129.54901,83.324005,106.95721,43.29138914639285,9.331502001594943,43.84210982284296
129.6,153.02696721927788,147.18324407338145,164.6425075531006,129.747,83.903,107.15726,45.28837478862317,11.064496016843227,45.86971013919975
129.7,150.81057891561971,148.14600489377784,159.70750427246094,130.28801,83.94,107.44308,55.42334913354916,9.965355410293105,43.36750182821737
129.8,150.9212043170427,147.1424455299652,158.68125343322757,129.757,84.118004,107.31193,47.63548269657404,9.662692284984393,43.60927652163255
129.9,150.63067377119313,147.33482228773863,156.45000839233398,129.992,83.748,107.47268,63.42732243920611,11.201102135931052,43.15799463300954
130.0,151.87991288157775,146.83632173301888,162.3900089263916,129.53001,83.202,106.86091,38.75942279197827,10.4115689512075,45.01900437327697
130.1,150.01087197223993,145.96402768654215,157.62751197814944,129.468,83.034004,106.711685,46.31848483653405,10.518217886129555,43.29918679157586
130.2,149.6656771462933,146.11241116786746,157.58750343322754,129.251,83.333,106.699066,53.00116675997207,10.99691077736296,42.966610984183916
130.3,149.58451245071996,145.8920222232858,155.82626152038574,129.244,83.462006,106.661026,59.10296313837294,12.19233138428382,42.92348644974339
130.4,148.18393800244053,145.12475173334235,155.17875480651855,128.522,82.909004,106.156075,54.46298273613195,11.646210518452714,42.027863478514746
130.5,145.89297039158512,145.7500094358107,153.31875801086426,128.84001,83.065,106.461754,61.77101208701745,10.81627392634221,39.43121654637028
130.6,147.50258090625766,145.22367221274249,154.53375625610354,128.647,82.59601,106.139015,58.4152120502322,11.563644796337032,41.36356570850376
130.7,147.11625754194685,146.0151911408495,154.69750595092773,128.85901,82.846,106.36255,60.05741241100306,12.368618032311806,40.75370871382185
130.8,148.04971877345676,144.91923797997734,156.12000846862793,128.642,82.975006,106.29299,56.95310260680661,11.912369148237982,41.75672713527317
130.9,146.81478789196015,144.7512401105117,153.5787582397461,128.354,82.783005,106.02987,53.009456704764965,9.895681446373027,40.78491881237031
131.0,149.20761028055338,146.5583305782742,151.37500762939453,128.787,83.368,106.42951,72.6416649593734,9.732829169652605,42.7780982566276
131.1,149.91271426588673,146.28124405443904,154.95250701904297,129.774,83.899,106.89063,55.763565915315155,9.903484089282053,43.0220816364922
131.2,146.9130383386077,145.99194711674508,154.44375610351565,129.25,83.267006,106.61545,54.49740814366103,9.166571064374025,40.29759034056082
131.3,146.63660916505356,144.24640810727882,154.36000633239743,128.44699,83.40401,106.44102,50.01086055130027,9.24696984625769,40.19559201417465
131.4,147.61734661553305,144.48441541170138,157.40001106262207,128.64601,83.30201,106.5579,46.43971946548972,8.865862891038892,41.059447140435395
131.5,148.38090208256037,144.43237708630704,160.56750869750977,128.811,83.119995,106.406296,44.502813692055945,10.052076446735141,41.97460630619318
131.6,146.52487635714866,144.99998695135687,156.1837558746338,128.67001,83.31901,106.60182,52.35561709250607,9.452173902512966,39.923054457734594
131.7,146.91614247700053,145.06845492661046,156.03625869750977,128.927,83.43001,106.64467,58.47008077592312,10.03495399231256,40.27147389789897
131.8,150.0034434563787,145.44042424599138,160.45500755310056,128.65802,83.354004,106.456375,51.32128380598326,10.869660483889392,43.54706833430839
131.9,150.96478034529858,145.53993310813996,160.11250686645508,128.807,83.04301,106.50871,43.44597939159704,11.435607594891191,44.45606757674389
132.0,151.9512365726056,145.1849335878587,163.85250854492185,129.197,83.5,106.78661,49.39924324094487,13.406200056971317,45.16462310825014
132.1,151.07614955227294,145.78957369169362,162.05500984191895,129.14,83.423004,106.81574,46.58718261755825,11.799729754472168,44.260407059597156
132.2,151.47129032655582,146.12482500968218,158.61375617980957,129.63501,83.955,107.06558,64.49735786079708,14.43127112710324,44.40570805116519
132.3,153.17727395184886,147.63324679489807,163.1125087738037,130.087,83.963005,107.30575,56.10051803305213,13.721672288085987,45.87152596600902
132.4,153.853649861896,147.8848311127709,162.77625465393066,130.40201,84.479996,107.66839,56.46702801146216,12.829222067868168,46.185261495196784
132.5,152.7279265520968,146.94443517421172,163.53250694274902,130.389,84.59901,107.791985,58.15677584170226,14.673246783811901,44.93594199399132
132.6,150.45759599906083,145.13002586517212,157.3962593078613,129.927,83.699005,107.24399,67.15507015602786,13.733131629785428,43.21360796195145
132.7,146.06515670100526,144.48574550973234,148.53125762939453,129.948,84.00001,107.245415,82.83392988889514,15.259382577702759,38.819741967118546
132.8,149.7881083638964,143.84058145603876,156.88751029968262,130.107,84.12301,107.34071,64.73607949608942,13.794915444421749,42.44739486291985
132.9,151.527228442117,144.816421204772,158.3025074005127,129.37,83.63901,106.79265,61.78157257286528,12.326930792703433,44.73458012668732
133.0,152.51403439683966,144.34836582912624,164.30875968933105,129.94,83.963005,107.15941,43.75066098166251,12.24834252359063,45.354625827503725
133.1,152.70726779674106,143.65844187839426,163.75875854492188,129.877,84.00901,107.372894,46.26117102326853,12.249211660757261,45.33437350963169
133.2,149.83410524365334,146.88913395437214,154.04625701904297,129.774,83.816,107.160995,72.40266631986879,11.798043293453222,42.6731097602549
133.3,145.46187962961136,147.47033237942117,145.6212558746338,130.13301,83.893,107.26426,85.28736540034895,11.190516967920457,38.197620291232454
133.4,145.8697887566178,146.3127821329972,146.42000579833984,129.432,83.32001,106.73004,89.75446221610632,9.245052526906358,39.139747252711544
133.5,143.54525558716801,145.18065715365938,146.56250572204593,129.53401,83.249,106.78561,86.50782660001893,10.291780842924242,36.75964920289067
133.6,144.5364484200598,144.33837648692082,149.7612590789795,129.735,83.395004,106.91127,78.79093110198549,12.25803356098777,37.625178278458236
133.7,145.1428703762893,145.31709657085122,150.87875938415527,130.34001,83.978004,107.61121,74.89456311283904,10.163951275793472,37.531656692207264
133.8,145.22451354197517,145.61106736284555,150.41125679016113,130.69,84.02901,107.67209,77.66598776193912,10.079850588520099,37.552424918928295
133.9,145.95484110600984,145.25799059452387,153.5937557220459,129.83801,83.600006,107.27247,68.46185197300987,9.655378269845121,38.682372539115306
134.0,144.5163610008039,145.13988475723326,147.9500045776367,129.55101,83.255005,106.90338,81.75806540148443,9.076836483938859,37.61297965314765
134.1,146.31559495499593,144.80029285440057,151.15126037597656,130.031,83.775,107.32715,73.70073986376477,8.925114318076286,38.98844651749593
134.2,146.1918200796288,144.58148822769178,152.46250343322754,129.688,83.991,107.22649,67.29539692640164,8.420792429775249,38.96533387357411
134.3,146.75076010085868,144.72311329128834,152.09125518798825,130.231,84.541,107.83501,72.0017210573635,9.220824701621892,38.9157533869915
134.4,148.5373807632823,146.0927322808501,153.61250686645505,130.29001,84.073,107.2917,71.83085707600632,9.85841839145195,41.24567849277449
134.5,146.75118211388906,145.07552563143577,151.76375579833984,130.061,83.98801,107.50981,68.90110351805751,10.326577461711308,39.24137071252187
134.6,147.97175420126786,145.87715069460543,155.48125839233398,130.297,83.976006,107.396324,63.05040660929942,9.205663225534641,40.57543004355301
134.7,147.25256045160322,146.8546778470778,152.6862564086914,130.658,84.423004,107.70089,72.02549144282631,9.271622604055914,39.55167086420087
134.8,146.0989848907118,146.8790980914609,151.2900047302246,130.08,83.67,107.09105,75.62221102310373,9.002895295256382,39.00793569637585
134.9,146.25158594049086,147.96744049767508,151.24125480651855,130.07301,83.52801,107.32291,80.31443212192808,10.259246878126953,38.92867944635023
135.0,146.46140653467947,147.0990333111928,147.7812557220459,129.809,83.43301,107.13729,88.68415692682669,13.564049046718953,39.324115580089625
135.1,147.14216832550048,147.8686708421349,146.8662586212158,130.47299,83.729004,107.63717,88.32925971873087,15.010570585707972,39.504999441223134
135.2,147.47424299777165,146.03866323780576,153.52875518798828,130.11101,83.531006,107.37682,73.88101959524957,11.42939772537026,40.097419572478685
135.3,146.45931825915852,146.2730807602453,152.74375724792478,130.547,83.406006,107.57817,70.76364405389108,11.38879082628714,38.881147482791334
135.4,144.6159962500365,147.73393770030364,142.46000480651855,130.391,83.753,107.329185,80.63496451851366,15.314470018647624,37.286810764196645
135.5,142.71268734126173,146.97190515074513,141.620002746582,130.064,83.616005,107.330956,80.47721161639446,14.943860237183106,35.38173183589063
135.6,141.4879968770291,146.58877575734823,138.57750701904297,129.86,83.697,107.11437,71.12213412233376,13.563649591540212,34.373624623611136
135.7,144.4919567415169,147.11754541374225,147.22375869750977,129.947,83.909004,107.14263,89.74929795816345,12.758422798342306,37.34932521075518
135.8,146.13597009151454,147.29085726901877,147.14875793457034,129.461,84.24601,107.30463,89.63550999232183,11.905247929470933,38.83134362667079
135.9,145.2932990222814,148.4227413872735,146.01875686645508,129.494,83.708,107.0772,85.32281799663788,14.177609576438199,38.21609717901967
136.0,145.26494213433514,147.08048170289453,145.87625694274902,129.825,84.165,107.29492,87.62853773681776,13.061761705680107,37.97002025933514
136.1,144.98303017657483,148.28754358268756,143.32750701904297,130.121,84.066,107.48987,80.87979807658934,14.158919221319122,37.49316201251233
136.2,144.56659000663316,147.8576320672588,141.8925075531006,130.798,84.54301,107.95091,79.17152210592802,15.041346240372107,36.615677531047226
136.3,143.12829297764756,147.4064646720124,137.88500595092773,130.38,84.03001,107.3235,73.3027174379467,15.457682649401697,35.8047913907335
136.4,142.28158551514417,147.89198025856658,137.0712566375732,131.25401,84.827,107.99982,71.38304111500405,15.384673344237106,34.28176862061292
136.5,142.30701357351845,147.85482867093776,135.443754196167,131.193,84.563,107.8007,67.89404543903231,14.284218337031474,34.50631624685829
136.6,143.1429047311322,147.81791698751596,138.35625839233398,130.714,84.446,107.68116,69.6791729563773,11.661290011665285,35.461744757987674
136.7,141.7318709873299,146.1767660224847,136.19500732421875,130.021,83.340004,107.06732,72.3290201112248,14.48017531916643,34.66454920998615
136.8,141.9816791749881,147.18952989463898,136.7100067138672,130.493,83.766,107.115204,72.11402513556749,14.780432856229847,34.86647531756623
136.9,143.51140105915442,147.4376731436506,140.2962589263916,130.015,83.826004,107.21583,77.66038602281196,14.634387428471346,36.29557311725989
137.0,141.74872166930712,145.72119053932877,139.37750816345215,129.823,83.4,106.926186,77.81734931090467,12.276727286370761,34.82253606139696
137.1,142.0624750684909,146.44447502819276,137.9200038909912,129.524,83.578,106.75641,74.61305739346867,13.653576223555493,35.30606637708465
137.2,140.86658267173488,146.00876237974464,134.91625595092773,129.79501,83.70301,106.97981,69.54057959264277,13.91740587912514,33.88677004966456
137.3,143.13923161863505,146.37354570353727,138.80625915527344,129.125,83.16501,106.50583,75.76322642688689,12.750359930694973,36.633402761213176
137.4,144.29158532356473,146.53639989131742,140.42125701904297,129.676,83.46001,106.86092,79.44778318297837,14.249950353646328,37.43066155647489
137.5,146.05646722289967,146.05001615010482,145.35500717163086,129.84502,83.492004,106.84261,88.73420615367338,14.293120151626736,39.213854002684826
137.6,144.67702063342668,145.02162051059832,150.15875816345212,129.42401,83.546,106.64826,78.31903925800832,13.13339975903049,38.0287586095009
137.7,146.85099586861733,147.1596202094111,151.86251068115234,130.23401,84.033005,107.113464,78.11617032024148,13.074010053860821,39.73753151314858
137.8,144.3939833602406,145.94332129236798,148.83625602722168,128.947,83.29401,106.19928,81.06521675908064,11.124046335656093,38.19470357508436
137.9,145.79035606345843,146.49877514827736,150.96250724792478,129.11,83.149,106.516975,73.56283092318144,10.631211598242169,39.2733806606264
138.0,148.73918111832668,146.7216907848843,157.53375816345215,129.901,82.88501,106.737366,47.69056093856184,8.84114195732356,42.001815395670434
138.1,150.2125556422267,147.0976898544031,159.98125648498535,129.77501,83.573006,107.06385,35.63257751501664,8.389968742269186,43.14870523939467
138.2,150.59439680666537,146.84452121865738,159.87750434875488,129.73001,83.186005,106.92842,39.558060266466164,9.745054161448351,43.66597578615756
138.3,151.0361074160663,146.80510964854824,159.16875648498535,129.635,83.239006,107.06322,47.92606095563312,10.547150110646609,43.97289025298036
138.4,150.44115735661038,147.91037040362826,157.9912567138672,129.77,83.148,107.06083,49.155909208122644,8.689658987456069,43.38032819401272
138.5,149.79662985777992,146.45591241514845,158.61125755310056,130.227,83.63601,107.443275,40.096153273682134,8.377071771833247,42.35335440611976
138.6,150.29441931688217,147.41951468427308,156.28750610351562,129.68001,83.369,107.21278,52.83960113371593,9.328146035439312,43.08163550340561
138.7,151.27463584707482,147.41428829043699,158.7675075531006,129.544,83.590004,106.9397,41.64099005652588,9.211497547567356,44.33493858144982
138.8,151.56557816424086,147.20828311868325,158.9700050354004,130.272,83.611,107.20489,38.67826521639684,10.13527930417337,44.36069077410414
138.9,151.6776515515124,147.17194195296838,159.1475067138672,130.253,84.168,107.60011,49.67430425948411,9.992950329739655,44.07753863647335
139.0,151.28526780048884,148.73024056127414,158.71125793457034,130.55101,84.538,107.814735,51.03680560567578,8.890138436068458,43.47053238789118
139.1,149.77733761773598,148.28110904830822,157.51750946044922,130.09401,83.582,107.25426,52.86125058780698,8.553211847554538,42.52308041558754
139.2,152.0381359699841,149.34989724437492,161.27250862121582,130.841,84.382,108.23657,44.34377190857102,8.30071343446296,43.8015637043591
139.3,151.9274122812956,147.000837177548,159.96250915527344,131.25401,84.739006,108.62584,40.259170851540716,8.51383291931828,43.301573047897165
139.4,152.50433370673227,148.12355513934796,161.26250648498535,131.747,85.473,109.11739,35.09362485533179,8.510934324049744,43.386940213079924
139.5,151.06985866288804,145.8404537252766,159.62125778198242,131.01001,84.99101,108.63976,31.19766294834091,7.757210227933495,42.43009578447007
139.6,150.9179976485669,146.59479064758446,158.8237590789795,130.92601,84.8,108.38949,36.44394289820125,8.074668158006856,42.528509428352066
139.7,151.72807354029425,145.72606540073116,158.25875663757324,131.481,84.881,108.675575,38.74641107472742,9.280136078765345,43.05249828394659
139.8,152.53139841641917,146.52393675971086,157.38250732421875,132.13301,85.29201,108.83132,47.93235178945148,9.75811850651711,43.70007670011057
139.9,153.35106736775037,147.18673804486684,160.24750900268555,131.95401,85.25201,108.76058,33.0499436623796,10.874076146361686,44.59048539753553
140.0,152.5355182633425,148.12984312104757,159.58375930786133,131.37401,85.213005,108.41119,41.962361833500225,9.751054224765484,44.12433204508079
140.1,151.61874427958844,150.31038894500853,158.8275089263916,131.24901,84.72201,108.29706,51.54417226460249,8.081748768692389,43.32168617411969
140.2,149.72679065837568,148.54865774464167,158.6550064086914,130.81001,84.95901,108.08553,50.83515038519268,8.122782104254124,41.64125751628583
140.3,150.8017336031013,148.44683202473664,157.51375770568848,131.304,84.70401,108.23517,51.866234288290386,9.055813519408726,42.56656514607005
140.4,151.84819062977454,149.52277941105368,159.98750686645505,130.957,84.50201,107.84874,44.352511744138646,8.15513563543716,43.9994510057511
140.5,150.4704167905116,148.89587927375385,157.8325042724609,130.473,84.56501,107.64453,49.89105846718935,7.23358113975795,42.82588554051159
140.6,149.58421496334248,149.72591668760938,157.61500549316406,131.145,84.98501,108.184044,54.252695193617214,6.401588030449754,41.40017107906513
140.7,151.38512859823993,148.72719815419637,158.72875785827637,131.028,84.79201,107.95223,43.5644398806991,7.558723132931265,43.43289623740009
140.8,150.30080406914988,147.27558858064916,159.81501007080078,130.22801,84.501,107.69619,41.44880964741319,8.786660315436178,42.60461418877878
140.9,150.8973304324996,147.18033543075208,159.2925071716309,130.621,83.963005,107.46877,40.336451088016084,8.595315038474833,43.42855754431599
141.0,149.00996328037166,146.59891259538753,158.13751029968262,129.877,83.925,106.975555,41.6792704166015,6.967587368986422,42.03440786044979
141.1,148.22117555759326,144.17369897051108,156.06750869750977,128.49901,83.383,106.35946,43.0315630181609,7.879726090041587,41.86171663425341
141.2,148.2826468292012,144.87331612859126,157.5887565612793,129.33101,83.57001,106.57609,35.88313946460561,7.41304808885294,41.706558877541056
141.3,149.24093671059828,145.4925264119149,156.5762596130371,129.20001,83.765,106.733086,37.559478690497365,7.487015525780029,42.50785107827406
141.4,149.9531487041764,145.61843915645073,156.14125823974607,129.75,83.443,106.83525,40.93645467569127,8.479356963126413,43.117897849684226
141.5,151.1776404445959,145.17199485559257,159.0762596130371,129.39401,83.71501,106.86797,35.726948264965955,10.99542095904214,44.30966711695919
141.6,151.3627927953346,145.88591091390802,159.46500778198242,129.556,83.85901,106.86545,27.59335083540849,10.329305214517083,44.497344797287724
141.7,149.51763691467931,145.65003530226355,156.36625862121582,129.62599,83.990005,106.92064,41.93167968374653,9.152284480393174,42.59699787659338
141.8,148.5116004954785,145.52850665908923,156.56750679016113,129.447,83.683,106.78871,44.66580456742699,7.207996440807386,41.72288894762693
141.9,149.12485353307406,146.18203804357637,157.30000495910645,129.93501,84.091,107.31929,44.131671320646696,7.0927617968855445,41.80556337194125
142.0,148.9235919948612,144.99655104712616,158.41375732421875,130.097,84.62301,107.43187,38.61957153682738,6.570483814596458,41.49172248802526
142.1,146.86680515247156,146.45183337521877,154.58500862121582,130.31001,84.843,107.82813,54.81876946706253,6.445730462219285,39.038672523077025
142.2,147.19114979682456,146.81007665791196,154.96000862121582,129.907,84.143005,107.33717,56.98797940135669,6.497695001557284,39.8539763349105
142.3,147.54069664067524,144.80760653104713,155.90125846862793,129.414,84.130005,107.10761,41.259336421218094,8.06115759617234,40.433084030811955
142.4,146.56280191763477,144.82799059367008,154.85750579833984,129.64099,84.108,107.233406,47.49119081871646,8.192195168158673,39.32939585074024
142.5,146.74205577176662,144.31053188485586,153.85500717163086,129.23302,83.955,106.91702,51.83536325012585,9.093967537723751,39.82503306668849
142.6,146.45196586845188,144.80520179650955,153.04875564575195,129.118,84.257,107.15028,55.36215055552445,8.574202910318728,39.301682054975316
142.7,145.50547433664394,142.04840568524185,154.39250755310061,130.02802,84.52601,107.485466,40.23460098054152,8.488250839943353,38.020008333225974
142.8,145.56878000100644,143.3803679617951,152.9887580871582,129.511,83.77901,106.91671,51.57506650165967,9.192781354467865,38.6520701011041
142.9,145.2260881904596,143.19236220703613,154.17625427246094,129.307,84.006004,106.95904,42.0234617669134,6.79315420866707,38.26705040969787
143.0,147.78122894562847,143.9998759317741,158.37250709533689,130.227,84.284004,107.80542,34.32641982271025,7.628130449460833,39.97580902375347
143.1,148.18168828408906,145.68593067684523,158.55750465393066,129.97101,84.5,107.5588,34.85429502347166,7.608554221739219,40.62288854043672
143.2,147.5824344610606,142.9623345095286,158.82375907897946,130.141,84.004005,107.423004,29.18010092136406,8.051802670758747,40.15943031066996
143.3,145.34607927696797,141.7791674247272,154.69625663757324,130.226,84.186,107.42898,35.75865503751735,8.66745995851835,37.917101310659376
143.4,144.87266268414754,142.02246923469522,153.61625480651858,129.847,84.01,107.05793,48.7670217517972,8.326421748457445,37.81473269147176
143.5,145.32652155539316,142.81363663036856,153.7362575531006,129.601,83.95701,107.191124,51.02255690186345,9.034498938203306,38.13539759299081
143.6,145.5609062274883,142.8951814232208,153.0600070953369,129.445,83.865005,107.033936,50.76279130134897,8.445617827358621,38.52697068061329
143.7,145.61759017196505,143.95313366372332,152.78125572204593,129.64902,83.914,107.13838,53.779158042478606,8.576463891599214,38.479208213957236
143.8,145.1062837616004,144.13434030302614,153.7425079345703,129.974,84.086006,107.54574,52.46011810432186,9.314517870663922,37.56054554138555
143.9,146.5026417265757,142.33069606875534,156.80000877380374,129.09401,83.994,106.97253,31.81773880556484,9.371452010643486,39.53011517628272
144.0,146.85486354685548,144.32829194286174,154.03625488281253,129.71101,84.223,107.24591,52.51937422952807,9.637436191137288,39.60895290232423
144.1,145.32162679204782,143.3458370263628,153.78375625610352,129.867,84.039,107.29751,53.72896123523681,7.694098008594786,38.02411855230173
144.2,146.79329946210729,144.86461428665905,154.92000579833982,129.85,84.59901,107.39548,55.21002555135687,9.586694506205895,39.39782216718541
144.3,147.33568375640112,143.30061307521365,155.3625087738037,129.52402,84.107,107.27777,46.67966391194807,10.667739707302184,40.057912760307374
144.4,151.61501706715504,145.4559145755905,162.06500434875488,130.22002,84.69301,107.868324,22.29000801747209,10.846707821686104,43.74669278736988
144.5,149.39802545157366,144.53485331668747,158.83876037597656,130.917,85.25201,108.350006,28.325625959215397,10.446140164436008,41.048019348058034
144.6,147.71203891718503,145.57431809953647,156.827507019043,130.524,85.205,108.12237,48.95682962514109,9.279871759894155,39.58967105829831
144.7,149.96853668131146,144.5547240851118,159.98501014709473,130.58902,85.009,108.109406,27.574518740382352,10.276607043675956,41.85913116373334
144.8,149.8895566808018,143.82969320649437,159.91625785827637,130.095,84.99101,108.00198,32.6524655532348,10.678706876973571,41.88757303822368
144.9,148.51384493794393,142.7340784797089,156.68625831604,130.36,85.09601,108.0264,42.59723784702896,11.502264893418864,40.487447232865804
145.0,150.32402321193743,144.78367343387254,158.62000846862793,130.839,85.295006,108.3574,46.775276470920296,10.734114808365316,41.96662422512102
145.1,149.57943569676988,145.276499034537,157.6562614440918,130.838,85.336006,108.44286,47.48712459541301,10.582820239925637,41.13657223241441
145.2,148.27364709351767,146.2747833730696,157.01376152038574,131.304,85.24901,108.470116,52.20023339341978,9.615566867915716,39.80353143189657
145.3,148.9829654767944,144.1939988188892,157.17500686645505,131.05101,85.47,108.515686,44.8700490774555,9.855616853985456,40.46727944163814
145.4,149.09227381407146,144.93174246765918,158.74625778198242,132.06,85.60901,109.220856,43.69921336368138,9.759678860351903,39.871418101180836
145.5,150.35185963454677,144.52131916140672,162.31000328063968,131.35501,85.55,108.80135,46.85156220762689,12.40965284668608,41.550506179956926
145.6,149.1987049479982,144.71735020004016,159.87750816345215,131.66,85.373,108.91045,56.447484944517534,13.003967278077557,40.28825115161149
145.7,150.8835502802064,146.2463521507623,159.98376083374023,131.70801,85.121,108.86975,61.77713056985883,13.180031002555411,42.01379930364391
145.8,149.57216134823773,146.27725927320887,160.22000885009766,131.42401,85.41901,108.77995,52.077564575081986,11.839338423404895,40.79220834530804
145.9,147.36125034728596,146.4073526414464,155.70125770568848,131.24,84.909004,108.5352,63.915014059412286,10.58750328026894,38.82604832091877
146.0,147.45589493097714,146.79616271246917,152.24000549316406,131.427,84.77501,108.63664,75.6134957725973,11.455382148931847,38.81925247492245
146.1,147.95367388597984,145.4957573860955,154.59375762939453,131.388,84.893005,108.64155,72.46731443382205,13.874052546964089,39.31212572924156
146.2,147.26516991695624,147.44397051145705,152.07500457763672,131.39,84.99701,108.67745,79.53121165906559,10.437297350101952,38.587717829553895
146.3,147.65312091789863,148.39688553813932,155.72250747680664,131.52701,84.80401,108.781296,72.35784733539577,9.48654457174144,38.871825141531446
146.4,147.00233325787482,148.92721181361796,151.45875930786133,131.382,84.94101,108.86917,83.97196956337467,9.27047087326397,38.1331621152967
146.5,147.03171784749443,148.67921000235944,152.03500938415527,131.42401,85.231,108.80822,82.06619320726124,9.479875021526764,38.223497937826465
146.6,145.01865524889084,148.91155178853742,144.0687580108643,131.72401,84.852005,108.74377,79.4121624918836,9.186650631573249,36.27488846422287
146.7,144.80149122347981,148.54782272753573,141.16125869750977,131.26302,84.686005,108.5322,70.11668743226467,7.371710634125112,36.26928754916341
146.8,142.71750716041274,147.7278981651715,138.32000732421875,130.214,83.89101,107.79825,64.22887371670761,7.8617264122618575,34.91925886939711
146.9,142.83838021132848,147.2298941934709,138.4375057220459,130.054,84.07001,107.735725,66.52032290942208,7.972891581573679,35.10265480849645
147.0,142.6432663047488,147.83826912987433,136.08250808715823,130.47101,84.523,107.86929,58.358125856977765,7.788723025724004,34.77397309185818
147.1,142.614825368532,147.98672588753948,137.87250328063965,130.085,84.152,107.50852,61.50618995825459,7.954935357240851,35.10630333484059
147.2,143.5047814381037,147.36147973161997,137.95000648498535,130.71101,84.625,107.92894,70.88963360263095,10.47351208324427,35.575841618767754
147.3,143.7750517345158,148.06265290014082,140.06875610351562,131.13802,84.74,108.099846,69.33353633500109,7.5442772608161,35.675205848285344
147.4,144.29846596026584,149.62910386473536,140.94500541687012,130.796,84.513,108.01896,66.21624103198377,7.727229269476004,36.27950691485569
147.5,144.5519363699679,149.23587199881206,138.35500907897946,131.862,84.369,108.37119,56.84161400200862,7.009696585419461,36.180743437839
147.6,144.5214000185964,149.65390028644808,139.64250564575195,130.733,84.662,108.14566,58.80920011572755,7.014495930916725,36.375739618205785
147.7,144.8813150447616,148.84867966802094,140.97875404357913,131.18001,84.116005,108.07424,69.39572797004129,6.253675456906561,36.80707340657801
147.8,145.0585994200894,148.37304700977987,141.7775058746338,131.51001,84.686005,108.5413,70.82687581265228,4.729348046422161,36.51730150749174
147.9,146.06194699642074,148.15465259140345,146.37875747680664,131.227,84.336006,108.32102,84.25942458978437,4.182850491698025,37.74092496272934
148.0,144.61029856570343,148.30981908564945,142.40500831604004,130.267,84.18,108.0377,73.96365468630526,5.9796084273045205,36.572601727324525
148.1,143.32419083720418,146.94261215569782,140.3937587738037,130.77101,84.380005,107.93314,74.18411977230052,7.000802297495666,35.39104722148153
148.2,144.18159704983725,146.85022840309296,140.46626091003418,130.39401,84.173004,107.751434,67.134112562362,3.9247343527384033,36.430162723665376
148.3,144.71636625719097,148.4130235847333,143.12000274658203,131.23601,84.786,108.24259,71.740175209593,3.9327059812992156,36.47377439928081
148.4,144.37948742656087,149.8462414614207,139.87000465393064,131.38701,84.872,108.558464,56.84638325561077,4.505397549690416,35.8210233762679
148.5,144.02769888186944,148.48824054190484,139.07000541687015,131.21301,84.990005,108.5989,57.71529742700641,4.382484978037648,35.42879904056085
148.6,144.35750907189802,147.89984523306646,140.11375617980957,130.46301,84.64,108.09967,62.76491738856881,4.042749847148408,36.25783866174177
148.7,145.15223534488888,148.6494298601036,144.21000480651855,130.877,85.11201,108.388115,72.77596684364968,3.3352420889876706,36.76412041568966
148.8,144.73790147060586,148.3778449323061,143.51500701904297,131.036,84.795006,108.428,77.20503294225543,5.7640321315238925,36.30990006679727
148.9,143.78404952320594,148.70421773604065,138.87500762939453,130.544,84.575005,108.11454,65.14525022290724,6.37436725646157,35.66950942310828
149.0,145.12763335635924,148.64185830107886,142.63000679016113,131.37502,85.246,108.904236,72.51477784412674,4.552761005482358,36.22339751651549
149.1,143.6776641281984,148.1322210999511,138.6500015258789,130.88402,85.239006,108.51303,63.211997770847354,5.17876840892134,35.16463312233901
149.2,145.70915811565683,148.13465259012273,144.96750831604004,131.19402,85.226006,108.68207,82.26947774982399,6.744733146464054,37.027090244563084
149.3,144.26890868485663,148.0366279641692,139.38500785827637,131.79001,84.94601,108.87873,67.88832141239037,7.66226859159987,35.390177910930845
149.4,142.8783378842624,146.8718613536905,136.12125778198242,131.505,84.66801,108.294075,67.8785751142301,10.188836311784689,34.584262872055376
149.5,143.35448526842902,148.07552990261598,135.8637580871582,132.16101,84.697,108.94467,60.261744718392734,9.309814274189451,34.40981363756964
149.6,146.12476724632623,148.52551741504746,146.89375686645508,132.552,85.496,109.1969,86.62148359990744,9.731852105161337,36.92786783226373
149.7,146.0933574716543,148.78063494974285,145.5675067901611,132.08301,84.996,108.94531,82.83667047516319,8.875765440402349,37.148044971654286
149.8,146.94611383604962,149.06675963885874,150.73125648498535,132.65001,85.50101,109.50517,86.2513307482058,9.749740766645417,37.44094110655743
149.9,146.20490948641364,149.51394591541123,144.34875679016113,131.87401,85.22201,108.96226,78.95838548384226,8.877148998408028,37.242652101159734
150.0,147.0250057340359,149.74356912815696,148.72375869750974,132.077,84.95001,109.119484,87.70625105869523,8.147044289214778,37.90552178628198
150.1,148.48982712891055,148.29552318960262,153.73000526428223,131.26901,84.789,108.63215,73.09557776318957,4.750153888747943,39.85767838623477
150.2,147.13629213419668,148.6344187439965,148.28375625610352,131.631,85.172005,108.87215,88.92652004690639,5.905862843621082,38.26414552775137
150.3,148.18363677164314,148.19665716462475,149.60000610351562,131.531,85.115005,108.69885,86.42126279972048,7.6456081908022675,39.48478423258064
150.4,148.1521878453661,147.59103910383655,150.9400062561035,131.455,84.892006,108.584755,79.46640240388037,6.508445319386406,39.56743290151843
150.5,148.73788942741564,146.9058288116821,155.3025074005127,130.90201,84.313,108.1464,70.61476487288245,10.52263068379348,40.59148897575548
150.6,150.42979803794432,147.05189238135858,160.2587547302246,131.13,84.202,108.14344,60.39701225681186,10.462919701266376,42.28635779136229
150.7,147.0807935042587,145.7581356451094,151.84750556945798,131.352,84.67,108.64888,74.01889697724098,8.638543136602372,38.431913499375895
150.8,148.51043844456532,146.9483205321119,154.3750057220459,131.668,85.144005,108.7855,72.13388124728468,7.864056143835938,39.72493887181142
150.9,146.18969057216668,145.7067684643179,150.63625907897952,132.052,84.963005,108.913246,75.24966130983812,8.450896577940087,37.276444417381526
151.0,144.7338930124302,145.6959011971331,145.1125087738037,131.591,84.792,108.75155,88.71447397415469,11.172779306826428,35.98234424534036
151.1,145.3967766527629,145.0172175873193,143.62750816345212,131.358,84.656,108.51385,86.21113834414209,10.053991210677477,36.88292930168868
151.2,144.91127435104596,144.50116833626603,145.48000717163086,131.071,84.712006,108.40833,87.44142062245983,9.60527095332458,36.50294152633893
151.3,148.392364432107,145.91142832895548,157.9662570953369,131.22101,84.29301,108.38729,55.917189977593644,9.847902336950728,40.00507347751716
151.4,146.05018359741683,145.39545812751655,149.2787570953369,131.10701,84.591,108.52384,80.73784729993861,11.547539838046944,37.52634173950668
151.5,144.99077748387134,146.3807462498629,147.88000679016116,131.287,84.793,108.458244,85.82734585993157,10.07399194655856,36.53253316014087
151.6,142.55789345556494,145.30148001258414,139.90500831604007,131.264,84.509,108.14606,74.18080501440195,11.296930172007807,34.41183632665869
151.7,142.03188565770117,145.44024511469925,136.8612575531006,130.20401,83.801,107.393,67.13491981140756,9.59726692864864,34.63888791600195
151.8,141.6048028426811,143.78364939762056,138.15375900268555,129.86002,83.587006,107.52017,77.54304496299382,10.457890181119303,34.08463072354047
151.9,144.69909632458197,144.00421625620643,148.98875808715817,129.66101,84.241005,107.43063,79.14091880160518,10.5829327293509,37.2684627796601
152.0,144.10581576571408,144.81182062681154,143.37125778198242,130.14801,83.81801,107.65646,86.40380386794075,9.224408837091167,36.44935214266721
152.1,144.28551114825726,146.31241755192036,141.77125930786136,130.935,84.188,108.22234,79.49971688301389,10.670177328504318,36.06316770343304
152.2,146.08559077402006,146.69069667910688,148.7587547302246,131.404,84.678,108.51053,83.65058229421119,8.055037248696399,37.57506220956694
152.3,146.87649162920764,146.08530577241086,154.19500732421872,131.08,84.45801,108.25303,59.96982074921102,7.213948278169497,38.62346275957873
152.4,146.22506449181688,147.09158431829974,144.5450077056885,131.395,84.616005,108.68133,83.58390124822041,8.006284388600482,37.54373667199266
152.5,144.707090592774,147.10672893844347,142.253755569458,130.47401,84.485,108.24781,75.81846229567307,7.411181114522361,36.45928022900446
152.6,144.48328033524507,146.10744566059802,144.38125801086426,130.354,84.369,107.93674,85.63912934907574,8.227476560653113,36.546543274698195
152.7,145.86197342462296,147.1018707882205,148.61750793457034,130.488,83.906,107.91778,86.87050992332325,10.740740378587711,37.94419540948624
152.8,146.42285976102593,145.71934045506515,152.02125740051272,129.52501,83.144005,107.5622,77.53432039528448,12.105904499288146,38.86065730741265
152.9,146.72890274239214,146.39106614214245,154.45501136779782,130.397,83.81801,107.80535,72.30118801989109,10.62991026592114,38.92355148506792
153.0,147.42476781901988,146.85985039513554,151.9100093841553,129.78601,83.797005,107.62369,78.43705109350624,9.647111048530622,39.80108007487925
153.1,146.46124057387144,145.20720909082058,153.81250762939453,130.328,84.286,107.96249,69.11650444836793,8.132077391697846,38.49875430678159
153.2,144.5268715421195,146.62203832454057,143.2062587738037,131.658,84.41,108.453186,83.28692057613291,11.312387145124962,36.073685506963244
153.3,140.61647729418297,145.67153962864865,134.6050033569336,130.789,84.29201,108.0365,70.67368944985935,14.804413586879212,32.57997827074547
153.4,144.40235713449175,145.7012726415547,142.79250717163086,130.552,84.08,107.82754,83.77731125002828,10.472210273226587,36.57481959787066
153.5,143.10730656654206,144.46908865607708,146.1437530517578,130.02501,83.952,107.41011,86.45009108633319,11.900377739587976,35.69719609290925
153.6,144.59512545754694,144.69624390240006,150.65250968933105,130.01302,83.835,107.46695,77.20577950539057,11.435064306972357,37.12817599465632
153.7,143.1956308706834,144.8552011857311,147.37625885009768,129.487,84.053,107.4024,82.8474594114298,9.306494261223747,35.79323371492168
153.8,143.760259984967,144.00520240728804,148.27125549316403,128.968,83.70001,106.91245,77.3252614190071,8.342501392737937,36.8478072872131
153.9,143.89851366187756,142.60108956718904,150.03250885009766,128.60101,83.492004,106.54511,66.28395082501854,8.457850442005954,37.35340105201428
154.0,144.81070433984848,142.6471099484548,150.76500511169434,128.75401,83.170006,106.716194,67.41524832139275,8.247489500554023,38.09451018701645
154.1,145.19955117663838,142.9055578806608,151.53625679016113,128.54501,83.235,106.661575,62.81914693483181,7.096105458776035,38.53797585925557
154.2,143.83008692469292,144.15917380963393,145.56625366210938,129.01201,83.329,106.87297,85.07659238365149,7.425351659125039,36.95711634363823
154.3,145.24430891838026,145.63948975798607,148.15250778198242,130.07101,83.99201,107.43064,84.1150223893718,7.735870185144663,37.81366774406385
154.4,144.95917692015166,141.69600062046308,150.44625854492185,129.798,83.844,107.199905,70.2255583447098,9.27801342864305,37.75927152464385
154.5,145.53401212632966,143.3920222232858,152.07125663757324,129.669,83.681,107.13888,71.07768114176147,10.773416070269091,38.39513425767731
154.6,144.34618542710257,144.2467900578829,147.93500518798828,129.904,83.887,107.22901,80.43741441321401,8.23682833980335,37.11717389145804
154.7,146.8061506559425,143.4896779969823,151.64875984191895,131.17902,84.746,108.10053,71.06614902035895,8.799716247750313,38.70561812420422
154.8,146.7611039881041,144.08604563736705,152.12375831604004,130.91501,84.684006,108.27706,69.97786260102833,8.962341423191393,38.48404252570177
154.9,147.02328051600023,145.9023892449151,148.3287582397461,131.018,84.86,108.48681,83.79387180444421,8.815950408399683,38.53647173914476
155.0,144.47825932364117,145.6464303111954,144.7662601470947,131.15001,84.94701,108.396904,88.01848362574124,12.738454293715018,36.08135533194195
155.1,146.57633518062846,146.13929726793515,148.6337566375732,131.401,84.921005,108.66412,85.54324594956638,12.975421683384928,37.91221164547221
155.2,147.01948013275043,146.2905559198271,147.76500701904297,132.354,85.201004,109.346466,86.66911596508022,10.44126300621606,37.673014068297306
155.3,148.13704901823164,146.672062358658,153.5787582397461,131.42,84.949005,108.70946,70.50915606070221,8.554466827359246,39.4275916207707
155.4,146.82216596705965,145.49676024835648,152.69000434875488,131.47401,84.46,108.60306,67.81993298217397,7.999820699830205,38.21910810573152
155.5,143.77122186293147,144.21318262498156,141.26250839233398,131.87401,84.519005,108.7525,82.59000642496162,10.621832535641753,35.01871942152522
155.6,144.2703682612202,144.68873257107202,142.03875923156735,131.84401,84.954,108.883026,82.92759458861023,8.510783487630738,35.387342138173324
155.7,144.63075992224844,145.96554023016938,142.7162570953369,132.15501,85.285,109.277695,81.42453115067825,8.825553095745775,35.35306522010001
155.8,142.8871989881906,143.25513274378054,142.2187576293945,131.34401,84.825,108.59877,87.02132979862192,7.198000487174303,34.28842884658903
155.9,144.9632722776666,144.34992339136502,148.682502746582,132.014,84.59801,108.63933,79.46429269097183,8.986680080766197,36.3239442747369
156.0,144.3256270499727,145.15165731367543,148.68875694274902,132.20001,84.894005,108.89735,80.4047187218463,9.82136462454465,35.428280553390664
156.1,143.7556426098753,144.24242332604862,148.42875862121582,131.742,84.58201,108.59703,75.731226734325,8.665187735981139,35.15861197022687
156.2,144.49321708277034,144.98760136727046,149.62750434875488,132.23001,84.97001,108.94948,75.74036563366313,7.567915532313831,35.54373893335628
156.3,144.3439274960011,145.1644683151794,146.62125587463376,132.098,84.520004,108.93428,85.74795574628702,7.019212018355059,35.40964710049329
156.4,144.80718319157603,145.27164149295797,150.2300090789795,131.82301,84.70501,108.62624,75.31416361580006,7.630127863007202,36.180939600267436
156.5,144.20940772625718,144.6536874226815,146.35875701904297,131.977,84.212,108.60772,84.89539501252513,6.609392529622678,35.601688304870464
156.6,142.94106034205024,144.56739549918902,138.93500518798828,132.48901,84.82901,109.02867,72.20927292501806,8.43708245005058,33.9123890774018
156.7,143.29816023628962,144.83738667330294,138.39375877380374,131.569,84.64001,108.44956,70.85008727187865,7.6999013128008285,34.84859816353571
156.8,143.86513721739772,146.38649964488857,136.19000816345215,131.893,84.911,108.67563,62.02178152777289,8.090925772501425,35.18950855528834
156.9,149.99013809209976,145.5212197380767,146.34000968933105,132.018,85.38801,109.198715,86.38030534020223,8.690545181340852,40.79142288213882
157.0,148.78149599199858,145.20798754276606,145.6425075531006,132.477,84.866005,109.200294,87.4485514944252,8.519254380576252,39.581201497369676
157.1,145.79669409033596,144.77558858064916,144.31501007080078,132.197,84.79,108.99635,87.691320468577,8.259736736886632,36.8003409409219
157.2,144.94044079639144,144.3740103662919,142.11500549316406,132.63,84.81901,109.26838,79.8705929477016,7.933520938399849,35.67206158496566
157.3,144.90063783730673,144.999962306461,144.2800064086914,131.94402,84.70201,108.88114,86.08747875073544,7.927657563947469,36.019496174709076
157.4,147.25077630287103,145.553508619496,145.35250663757327,132.207,84.87,108.94022,88.98621987266438,7.729914219189142,38.310552609023375
157.5,145.3320482285699,144.86832297223742,142.8912582397461,131.94301,84.923,108.92333,79.80142472147024,10.893401514141589,36.408716014214434
157.6,145.82434952013588,144.64373211147878,141.8750076293945,131.681,84.347,108.691124,79.04655949828596,9.431617805525471,37.13322555773354
157.7,144.44770302551248,144.75525530991223,143.14875602722168,132.401,84.699005,109.17401,85.32967086711555,10.390784847883376,35.27369179504373
157.8,144.20299217587666,145.16390422909478,142.93750381469727,131.747,84.803,108.897484,84.429690716084,11.22720198008264,35.305508350193065
157.9,148.42586577536937,144.5355663763057,153.566255569458,131.498,84.816,108.70643,63.52215858395791,11.663200308238604,39.71943724753734
158.0,145.65535572571693,144.1148514852059,147.64000701904297,131.405,84.588005,108.55336,79.62310088446506,9.887277712352907,37.10199574036537
158.1,145.54846889970477,145.27011102086348,146.78625869750977,131.141,84.65501,108.59048,84.19694887881262,10.667088548347861,36.95799190995868
158.2,146.36491137457028,144.43207573711538,148.3050079345703,131.55402,84.478,108.482315,78.68796502475796,11.224327454924339,37.88259631109372
158.3,148.08244018009717,145.69072709727723,146.08376121521,131.572,84.200005,108.364075,89.09084756715544,12.501938002819559,39.718365473065916
158.4,149.01668337104323,144.41936204820323,148.02000617980957,131.438,84.369,108.33166,82.38536825338795,13.426431891798503,40.68502596137526
158.5,144.24588582924076,144.9769910637042,138.88375663757324,131.921,84.33101,108.70083,76.66836153480853,13.186425633005845,35.54505727699467
158.6,144.33049889007387,143.82730579178013,139.9950008392334,131.392,84.247,108.3172,81.7955342260109,13.878470403276735,36.01329918304262
158.7,145.7611406125227,144.41092566254613,144.2037582397461,131.28401,84.423004,108.30451,89.52690662636168,12.58777344003882,37.456628588596914
158.8,145.9009996741339,143.5749648977717,143.51250457763672,130.904,84.18201,108.1417,89.83972402151369,11.615896179479577,37.75929892950501
158.9,147.15609133836716,142.48419161002985,147.5312557220459,131.009,83.55601,107.63291,76.87202495613676,10.732584404603744,39.523179656238256
159.0,147.89776801242724,144.8255858591325,150.12125778198242,131.08801,84.033005,107.90205,79.68589623205905,13.364815909738946,39.995721808813954
159.1,147.25398204234781,145.15754297105528,149.59875679016113,131.08301,84.267006,108.17418,78.8397113811003,12.016722928937684,39.07980296519938
159.2,146.0855971208724,145.81836644118545,144.01000595092773,131.467,84.90001,108.56014,86.22994871188114,14.192423690447164,37.52545460378255
159.3,145.39523151638664,145.4592355372904,145.20000648498535,131.625,85.033005,108.66784,89.4058348064231,12.745512376914478,36.727392466093676
159.4,143.47125562010712,144.74872435639136,143.39875602722165,131.541,84.509,108.348495,86.60987046114695,12.035478721685795,35.12276013670868
159.5,148.0599205527375,145.8477558553743,149.10250663757324,132.3,85.493004,109.137856,84.4105607604542,16.156061193324255,38.92206502295235
159.6,147.36754395282213,145.1853568945381,148.7150058746338,131.47101,84.863,108.59562,82.21034443055541,14.553125174387391,38.771924751161976
159.7,144.43882141830744,144.369304591727,138.58251190185544,130.894,84.476006,108.107635,76.79326158335913,14.318939480731302,36.331185920260566
159.8,144.6360298616401,143.92928905197374,138.76251029968262,130.8,84.423004,108.21268,78.05217700631032,13.749046885087655,36.423352859686986
159.9,144.67075109477204,145.20281771409046,137.847505569458,131.08699,84.816,108.37473,76.86549295028505,16.474806521736014,36.29601812358064
160.0,147.72816024936895,144.50317807155642,148.6725082397461,130.97002,84.38101,108.16665,80.63808618354945,12.883225962667792,39.56151138462286
160.1,147.5477768791915,144.99359011051655,147.75750541687012,131.444,84.716,108.43732,84.5689958613257,14.4807063306771,39.11045998466025
160.2,146.87933921558047,144.8482904420482,144.74625778198242,131.212,84.686005,108.234314,89.79285952975002,12.624965605155031,38.64502525073672
160.3,146.5504606441141,143.79044490024435,149.93500518798828,131.871,85.206,108.89941,75.9411364456325,12.480349654760769,37.65105421100864
160.4,147.88410862794294,144.9895125726811,153.30625534057617,131.75801,84.850006,108.730415,72.12451447069319,15.623720533199306,39.153693283704655
160.5,147.74059330813625,144.06515860980647,153.39750862121582,131.36101,84.732,108.63526,71.21674374251656,14.88116642941055,39.10533177249172
160.6,146.04738238480343,144.98590758161293,149.16500663757324,131.014,84.213005,108.12009,81.29189320576687,14.824566567606922,37.92729571488155
160.7,147.15682313452643,143.61675752598606,149.94250869750977,130.82,84.133,107.76317,74.33178614879706,13.7810227872089,39.393654799565496
160.8,144.7213201337978,143.78119176045882,146.16000556945804,130.50801,84.175,107.72111,85.22279888747448,14.77400191958512,37.00021265088765
160.9,145.01959033738797,144.21961931980294,143.52125549316406,130.16,83.997,107.576096,88.65322464467637,16.01368731952943,37.44349475633328
161.0,149.13229635940127,143.95191819810753,149.31875610351562,130.52501,83.976,107.95291,78.47055990041366,14.473030496655374,41.17938498244814
161.1,148.01597261643116,143.9964066051846,150.68000984191895,130.365,84.06,107.74556,75.59690072831924,14.13577088738122,40.270412924048344
161.2,148.0441813637682,143.6188304931616,151.32500839233398,129.94,84.0,107.521545,72.78574092721962,14.350969731558298,40.52263595361194
161.3,148.41440539049012,142.39521850811585,148.47125625610352,129.99,83.98301,107.45525,78.21086883880115,16.220005205657333,40.9591517894159
161.4,145.92516179706115,143.0191744199855,144.19625854492188,129.97801,83.666,107.231384,87.41358540637508,15.911952175019293,38.6937775197174
161.5,143.7750720963003,143.73147851134377,138.20375633239746,130.267,83.67701,107.498436,76.82728979397719,13.927113995426145,36.27663612217921
161.6,144.79034443784528,143.98387381007058,140.6725082397461,130.048,83.718,107.417595,82.03893229460103,12.720179570741164,37.37274952817731
161.7,142.93641055318432,144.01709718162968,139.3062572479248,130.648,84.206,107.64717,75.62019931151671,12.54774074688436,35.289239532676504
161.8,143.8045000932669,143.63341830258935,140.2112579345703,130.657,84.395004,107.77056,80.76920807561494,11.964237434455667,36.03393887500519
161.9,142.2657353504546,145.03273833508877,135.72250366210938,130.337,83.951004,107.56799,67.93393470538055,15.188585124790288,34.697742186392105
162.0,140.5979140475518,144.40960866286218,133.34750175476074,130.516,84.061005,107.77473,66.33777914769765,15.870653200912265,32.823187179876015
162.1,142.04932530398756,143.75281133003753,138.82750511169434,130.572,83.671005,107.25602,76.5819228089694,13.214520911043678,34.7933057117024
162.2,143.6205426248679,143.2844467211875,138.72625732421875,129.96301,82.986,106.64022,76.6263711636505,12.698259932395732,36.980321982778065
162.3,142.44638932563223,143.2146048709738,138.47000694274902,129.687,83.53401,106.93286,75.40943313722431,12.811729529980624,35.513527997507225
162.4,141.74740159800086,143.76337724803065,137.90750885009768,130.813,83.868004,107.61117,73.21709119443264,13.119118142378914,34.13623369028602
162.5,143.5542849756769,142.8689697704727,138.7950038909912,130.729,83.76301,107.36706,77.64121746265278,13.309220756347566,36.187227175383924
162.6,144.26221210427218,142.7097205737607,139.62875938415527,129.987,83.520004,107.19937,79.58819359838225,11.280118495394545,37.062840766381555
162.7,144.53918564730355,144.10686821575456,137.64375686645508,130.05,83.856,107.36283,73.76717501204813,11.79371418051683,37.1763545315809
162.8,148.15292564692135,144.19125926309735,140.5687599182129,130.30402,83.97101,107.69615,78.54209445574404,12.78481941683821,40.45677391352291
162.9,145.451249307083,144.26008304196486,140.09750556945798,130.642,83.61,107.58226,80.67633971500432,15.000825743955675,37.868989175247066
163.0,147.03621330421532,146.10274199677121,143.98750495910645,130.78401,83.70901,107.56938,84.56853466625294,13.909849534176203,39.466831590348136
163.1,146.03043932243722,143.6653714936986,143.57125663757324,130.38501,83.258,107.39555,89.75828830942926,13.829474666001827,38.63488573357003
163.2,144.94846827206422,143.36684023813663,144.88250732421875,130.16101,83.438,107.12878,86.76377666816546,14.893939303657296,37.81969172177125
163.3,145.9378976669142,143.1983205321119,147.38125801086426,129.621,83.129005,106.6964,81.77927979922435,16.000228457080066,39.24149416349624
163.4,145.7231758873072,144.1780003100181,145.02500534057614,129.947,83.486,107.05442,88.41612471784448,16.677550585992307,38.6687554161158
163.5,147.92222689754666,144.52009125579175,145.46375656127933,131.44,83.853004,108.01294,88.19158879498441,15.319881087026053,39.909287444421665
163.6,146.34939414416618,146.26678334273498,145.7800064086914,132.011,83.97401,108.21377,88.91810371877746,15.342173848317305,38.13562613879509
163.7,146.8017104518697,147.1632607832801,143.74125480651855,131.45401,83.98,107.93281,80.46647990179483,12.585549298395836,38.868902529506414
163.8,146.81240093532716,147.81550131507342,146.0875034332275,132.407,84.905,108.76241,85.51750927999583,12.663708792445451,38.04998791042482
163.9,147.53482333373847,146.0279556216477,155.37000656127927,131.85,84.03001,108.40622,64.47612859105121,11.81765916603633,39.1286038513166
164.0,145.07212621436253,146.31474473893786,147.9975070953369,132.453,84.614006,108.65108,81.26278716594295,10.164306624981,36.421048943854714
164.1,144.454037456637,145.49596808942007,146.87125968933105,132.238,84.350006,108.45858,82.23825535478218,9.133966162131365,35.99545743954715
164.2,147.13531316035383,147.01716895587535,150.14375495910647,132.29001,84.674,108.892975,64.94654620318644,7.726352443369592,38.24233830683821
164.3,147.9137482151678,146.86356213460627,154.22625732421875,132.748,84.576004,108.90831,47.16307427606979,7.9396833728449385,39.00543827864436
164.4,146.53626874755292,145.614053552995,148.24875831604004,132.78801,84.99101,109.14155,76.29250793845519,8.791252044841341,37.39472059081464
164.5,148.52541188916007,144.73934683826423,151.87875938415527,133.07301,84.273,108.88105,50.63434319198138,8.927834337982024,39.64436177929679
164.6,150.76404929137365,145.0436098734538,160.19000625610352,132.967,84.023,108.803635,24.474934100171225,8.421305450951458,41.960414647818965
164.7,151.90345217415108,144.59410584569454,158.9862575531006,132.13701,84.16401,108.50262,28.19412760061222,8.117417770618072,43.400835291826866
164.8,152.75423615320165,144.95285329689128,160.52750396728516,132.716,84.69301,108.91412,17.498660713997534,9.226489616135437,43.840112618045396
164.9,155.4720043403392,144.59213019111078,165.68875885009766,132.81401,84.677,108.671326,30.291093779712423,10.661468781449333,46.80067865674545
165.0,154.67007138145948,144.22805415366193,162.10375595092773,131.83101,84.296005,108.12729,23.205918156969435,10.180015987379683,46.542782563100104
165.1,151.4076047535562,143.31718871881253,159.73875617980957,131.317,83.755005,107.72429,28.64192394757071,8.740096327278172,43.68331581312651
165.2,151.34655443138703,143.91439137630326,160.7462577819824,131.477,83.81801,107.760666,27.685368226006428,7.1661261186940575,43.585888537832346
165.3,153.5599142470329,144.73632933649418,161.94250869750977,131.871,84.02701,107.95226,20.421168211892205,9.53926765388122,45.60765136861494
165.4,149.37722634980673,143.71588810006682,158.95625686645508,130.247,83.422005,107.14775,19.34938823123747,7.403697009841647,42.229475495314546
165.5,149.29001450862023,145.2255463332581,158.72250747680664,131.28502,84.183,107.86077,11.982849768638903,6.535058317884425,41.42924332942101
165.6,149.6609956678884,145.38869182577523,158.8475112915039,131.22902,83.855,107.91509,13.766395071557357,6.852879847135556,41.74590319962667
165.7,152.33660191022597,144.86079643182424,160.7025032043457,131.11101,83.923004,107.75657,23.880712091610533,8.039669870160006,44.58003300153456
165.8,150.72457378897457,144.13002952770842,158.05375671386716,131.684,83.703,107.679924,22.730502600204794,8.045113314790516,43.0446497777441
165.9,151.26154913844204,144.3335916130377,158.54500770568848,131.481,83.71801,107.64121,28.78755408837995,8.176675106906764,43.62033667506313
166.0,152.0630136706341,146.10830532259985,157.90375900268555,131.22,83.62601,107.5871,27.03230683257449,7.228322735089249,44.47591650266534
166.1,150.82647822131716,144.5799191189041,160.350004196167,130.964,84.043,107.78037,20.711755962351024,8.270088584247075,43.046105601688254
166.2,151.26708753295162,145.5331145124184,160.41375541687015,131.23901,83.92,107.98218,27.853510938361556,7.94262461112342,43.28490979857662
166.3,152.17154608319444,145.39791881857062,161.23625946044922,131.517,84.56901,108.35047,29.194150621541237,10.391107074660063,43.82107458661241
166.4,153.24474984717432,144.54492476239955,159.53625488281253,131.09401,84.129005,107.793655,18.48616115781986,9.55337560022272,45.451094451666506
166.5,152.74566398499425,144.69446559238204,162.31375312805176,130.82501,84.01601,107.718796,22.48805484346259,8.049447827897463,45.026868208627064
166.6,154.3621576721291,144.7039048403001,161.92125511169434,130.922,83.534996,107.66258,16.340008158297188,10.897301452952863,46.69957527466815
166.7,153.5989469892382,144.8983631076096,162.2437572479248,131.714,84.54401,108.385796,4.23302574873703,9.82680344583346,45.21315139597647
166.8,155.02701603927838,145.959547824387,164.70250892639163,131.50902,84.534004,108.3341,19.45460302468058,11.472995101337844,46.69291722336041
166.9,156.3888897815372,145.08565791348855,166.46001052856445,130.907,83.83101,107.83808,35.830100925728345,12.931945988898256,48.550808421673906
167.0,158.41369767808638,146.348043497575,168.83251190185547,130.811,83.726006,107.91445,29.504123077528998,13.192753210292809,50.499246078965285
167.1,155.65871397321374,145.04281410168497,164.80875968933103,130.82501,83.981,107.73897,37.14539779114532,12.470146048208568,47.91974607770592
167.2,155.2234978966913,145.0335812859112,160.1450080871582,131.584,84.29301,108.14322,47.3667815866445,12.1989857640275,47.080278902550674
167.3,154.89659331710672,144.5944877962986,159.18875503540042,131.763,84.33101,108.15786,43.585262723159396,10.781468847161161,46.73873351486063
167.4,154.10292223675822,144.0472504473228,161.48625755310061,131.117,84.19601,107.95726,46.498916184891,11.135530835519114,46.14566210492228
167.5,155.259848715898,144.15160074851497,166.1875019073486,130.908,84.103004,107.824455,32.1671608267212,11.880580380188473,47.43539345466752
167.6,155.62731631477806,143.35726321500172,167.157506942749,130.70401,84.093,107.82841,29.69551931938195,11.972940581464949,47.7989090271804
167.7,156.52207974430831,145.33692567308458,165.28750419616696,131.623,84.783005,108.41902,39.124603133745886,11.07051924600557,48.103058137863
167.8,156.81518680028134,144.15651696599264,166.5862579345703,131.075,84.453,107.98408,25.618685766149476,11.375780259535802,48.83110934666806
167.9,155.0464363378317,144.79639806068963,163.07125663757327,131.324,84.108,107.97247,24.08558666705226,8.981129823356985,47.07396319330044
168.0,155.28741876585036,145.76562022080333,160.57500839233396,131.044,84.58501,107.939735,27.420074383498104,8.533856353963714,47.347683353252705
168.1,154.57023472938565,145.05922065844638,160.3962574005127,131.39001,84.602005,108.22731,9.964476873312284,7.609927677704294,46.342924548721584
168.2,153.0553352504887,143.26299895996289,159.11000633239743,131.654,84.47201,108.49517,11.821208846890356,7.459311882499629,44.56016465722698
168.3,153.25077376556007,143.22260334951034,158.83625411987305,131.39001,84.38901,108.41805,4.805168312060749,6.841223660628386,44.832721092220226
168.4,153.63887135839659,143.2270062727894,162.08000946044922,131.78902,84.68201,108.61957,8.51627548455499,7.0659140623483205,45.019303487302835
168.5,154.1530844006242,142.99338302002442,159.6525115966797,132.143,84.818,108.68827,12.562937249142296,8.90653120755962,45.46481383177655
168.6,154.4646178426511,143.6049919845008,159.34625625610352,132.098,84.998,108.56025,11.718195399698736,8.718772927414078,45.90436851403783
168.7,152.36935010424892,142.09498954394834,157.99375534057617,131.226,84.206,107.97717,20.201376717775915,8.561097926335894,44.39217725268642
168.8,154.73243763611154,142.83017518907238,163.6762580871582,131.531,84.199005,108.14363,33.57712614511193,10.449511043677061,46.58880665466623
168.9,149.97929035903198,142.15860364015916,157.08500862121582,131.181,83.95401,107.860504,36.67973121974037,7.809261866711873,42.11878620864135
169.0,152.3753222335718,144.41490316840765,161.04250717163086,131.66402,84.185005,108.1207,17.69201428946252,8.474010791225975,44.25462521208743
169.1,153.1510106855056,144.29808546442874,158.39000511169436,131.058,84.020004,107.82828,24.491671707257478,7.885854942647238,45.322733097614986
169.2,153.34583880739177,144.3704823140999,158.4150047302246,131.061,84.15501,107.80569,10.495962181510079,8.127048389271899,45.54015185670818
169.3,153.93981965334513,144.8840651008246,160.81876182556152,131.863,84.66401,108.44762,19.791337544630565,8.46431993967154,45.49220307619669
169.4,155.4637020225484,145.19328937210338,160.01500701904297,131.57901,84.29301,108.04994,15.050805449095588,8.766251030265915,47.41376000594684
169.5,153.75305942646744,144.59486031109196,159.51125717163086,131.117,84.41,107.89176,8.89388137074081,7.9453497329955844,45.86129764668229
169.6,152.73268022649657,144.71205353405264,159.0487575531006,131.027,84.342,107.833595,9.061711416639374,7.12727003409577,44.89908495061766
169.7,153.04068449086586,144.47404989216636,159.51000404357913,131.067,84.43201,108.0341,4.591449338705434,8.758532401314586,45.00658109731117
169.8,153.6850005783783,145.45442240567897,158.95000839233398,131.081,84.133,107.88,7.134537907798882,8.148528581689643,45.805003324960325
169.9,152.0060965333325,144.76042940976808,158.6825065612793,131.452,84.247,107.935936,9.861996344255482,7.942154847400347,44.070160559211416
170.0,153.2280764819081,144.98525469998756,158.90501022338867,131.32901,84.70901,108.0505,6.3658746859152195,9.208797853423354,45.177577519505746
170.1,151.78198450438592,145.21085543796409,158.53000831604,131.616,85.153,108.60508,12.687799942934083,7.5841005390263305,43.17690485350701
170.2,151.7364861715416,143.6477211638892,158.45125770568848,131.36,84.38901,108.11062,8.498286207876946,8.924965966643517,43.625867580233006
170.3,151.70566459629572,144.05483078381044,158.35125732421875,130.654,84.306,107.752235,8.146911509678654,9.554110385370537,43.95342918369806
170.4,151.56875874752086,143.76285085548503,158.39250564575195,130.157,84.25,107.74631,13.504241096065707,8.524807204595296,43.822451374473985
170.5,151.72457445241324,143.97320543924968,158.77876091003418,131.257,83.99901,107.96585,12.538910520499895,8.58209771531372,43.75872362233511
170.6,151.8787958806215,143.56602770761907,158.228759765625,131.05501,84.425,108.18674,6.468067710564493,9.085630551747592,43.692058820074635
170.7,151.70758066435093,143.7412680881296,158.23250770568848,130.467,84.215,107.891266,7.630810482074535,10.049653622086124,43.8163147952103
170.8,152.56288380809852,142.84376680296387,158.91875648498535,130.82,84.077,107.942116,6.846392763545162,8.784260605759421,44.62076802440711
170.9,153.5823017146329,143.66936782147766,161.447509765625,130.732,84.408005,108.05984,9.000563629960986,8.919281168282007,45.52246437332431
171.0,151.87431145792115,142.69457294942856,157.78251075744632,130.347,84.26001,107.777695,8.548621759455783,9.040274161159939,44.096616755772715
171.1,154.22166963400082,143.89616515344852,159.6125087738037,131.31601,85.02901,108.53896,1.5426640719302183,9.747787562166437,45.682706316129725
171.2,152.90975940256592,144.48697402399125,160.0425090789795,131.714,85.103004,108.890305,5.285117389119461,8.833957405540119,44.01945483713624
171.3,152.43943024255364,145.37522216937143,159.81875801086426,131.485,85.476006,108.95008,7.118549698833467,7.90464872439934,43.48934937097161
171.4,152.95300423141626,144.63892325104757,158.8337574005127,131.617,85.016,108.72195,11.817783101918577,8.07968680206905,44.231057515107665
171.5,152.77004291811878,143.8660684529159,157.77875328063965,131.337,85.075005,108.4774,17.43460445507926,8.559267282387319,44.29264118472034
171.6,152.4468217234188,144.33128329764168,159.86001205444336,131.31302,84.850006,108.57833,3.3196125661218545,7.964658718874063,43.86849072976645
171.7,151.5635382063229,144.1236588338582,158.51000404357907,131.51001,85.179,108.53267,5.774059268880743,8.857470589636467,43.03086913894009
171.8,152.1341143549042,144.15936021629471,158.29375839233398,131.295,84.816,108.44718,5.315328110412547,9.41105778145139,43.68693265324404
171.9,153.480281652675,144.78931064468492,159.09500885009766,131.76901,85.159004,108.76877,9.421598246886248,8.077471920912592,44.711513342128114
172.0,152.27915342705873,144.40561444582124,158.68000602722168,131.03401,85.095,108.551575,1.8153127040383483,8.497567119051249,43.72757872002748
172.1,151.9781482852744,143.90965368147377,159.06250953674316,130.83601,84.57001,108.36399,21.42528361821149,10.934973609524183,43.61415750158298
172.2,152.39326820041998,143.98774947174826,159.2587585449219,131.337,84.776,108.49,28.67859043881151,10.934021457982462,43.90327033665045
172.3,151.59569170147583,144.29925074680244,159.32625579833984,130.767,84.899,108.36399,23.02339138557569,9.960373072663021,43.23170091778442
172.4,153.22900972578117,144.63491382492148,159.4325065612793,131.884,85.163,108.995384,4.024223657693687,9.793955015891402,44.233625509472574
172.5,152.49025514306229,144.22690468901732,159.87625885009763,131.492,85.09601,108.53135,9.793144516910111,8.02353481196282,43.95890596093338
172.6,151.68606043471516,144.03086426427706,159.6712589263916,131.675,84.80601,108.48229,13.75428162261706,9.422927490952835,43.20376825942219
172.7,152.67406474963678,144.90127902560764,160.70750617980957,131.764,84.856,108.52446,11.552443949452412,8.153375711717961,44.1496049107696
172.8,151.53686478267477,144.02885663972484,158.50875663757324,131.828,84.96001,108.65289,16.37793676724752,9.498570007820343,42.88397171626852
172.9,150.35235224093486,144.0528913206715,158.2612609863281,131.262,84.71001,108.16805,13.874817882518768,7.779487987009976,42.18429956759502
173.0,150.3087631742933,142.78971874227912,157.77375793457034,131.44402,84.313,108.03719,24.420977327185195,8.471197526506604,42.271569875953446
173.1,150.12462123655024,143.29516377315628,157.46500968933105,131.434,84.104004,108.19932,36.006864426022,7.364105797929887,41.925303304421334
173.2,150.99908624940895,143.3992829973082,159.73375701904297,131.357,84.235,108.25863,35.23613023057713,9.257418818343941,42.7404574041941
173.3,150.03398306899655,143.4227775787183,159.03000831604004,131.55902,84.451004,108.37547,37.416705439230114,7.915920457577752,41.65851004653561
173.4,150.54030677813347,143.7855548297568,161.12750625610354,131.54001,84.494995,108.199715,49.101288430572396,10.94323893943654,42.34059211748894
173.5,151.42403936232762,143.80396018390365,164.16375541687012,131.69101,84.54401,108.388626,27.873836540079242,8.466422960446783,43.03541326369481
173.6,149.58803929033056,144.1910749671747,158.80625534057617,131.592,83.58501,107.98335,48.93820670600296,8.386648003661906,41.604686629197744
173.7,150.15617496991047,144.15395835370276,160.5475082397461,132.237,84.506996,108.59787,55.14642874631827,11.248724478835793,41.55830509686359
173.8,147.10576460966666,144.41797388291758,148.81875610351562,131.462,84.369,108.20502,80.29866787189431,10.854115500406357,38.900747519822914
173.9,144.66905068082755,144.0236411837937,140.04375457763672,132.22401,84.82901,108.532455,81.99426146028338,14.740803645425032,36.136595236491615
174.0,146.70623641726914,144.75603225976346,148.6200084686279,131.658,84.639,108.67179,81.38193594544249,12.201146210883389,38.03444534060898
174.1,144.7093281903644,143.57325073839854,140.68125724792483,131.921,84.817,108.65981,84.26106762748645,14.52621202902229,36.04951526311831
174.2,147.3613372284513,145.1696597348586,146.3037567138672,132.21101,85.24301,108.99973,87.83811268258395,14.984410122672674,38.3616042572599
174.3,147.73186776293153,143.94726321542862,146.9337558746338,131.585,84.286,108.379944,84.74280796792455,16.465125068309415,39.35192391527528
174.4,146.85476650577178,143.8112942342659,146.76375579833982,131.85701,84.73601,108.725586,84.91608342394849,16.87550315848159,38.12918056827178
174.5,145.1258876446963,143.75769351651246,139.49001121520996,131.90201,84.273,108.76053,81.45221749378251,15.056146575194674,36.36535908024317
174.6,148.50523319747953,144.38649020907786,149.34625816345212,132.20001,84.90301,108.865135,80.66604080090384,15.519255127129446,39.64009800460843
174.7,149.2588358240382,145.17085632885292,151.83500862121582,132.8,84.92701,109.27388,73.42180815598168,11.533936820861548,39.984955819155374
174.8,147.45837047400704,144.61129301484348,150.55125617980954,133.044,85.439,109.47504,77.7898570819958,13.719311692473726,37.98333385291329
174.9,147.1614443304088,143.7493377322678,148.07000732421875,132.334,84.713005,109.18129,81.03655649404607,13.642863255690669,37.98015465755725
175.0,148.43244352818877,143.98846680254672,151.2012538909912,132.401,85.331,109.2078,75.5905923065777,14.327538474200685,39.224641709341114
175.1,146.16217723200754,143.9640915767752,146.4375057220459,131.96501,84.87201,109.02449,84.46823423115904,12.874079460440653,37.137686875562224
175.2,149.84574953455754,145.05297403282208,154.97375869750977,132.57701,85.573,109.61103,69.63750918901675,13.4202958572853,40.23471895594426
175.3,150.5797970454987,144.05089890520443,157.0637607574463,132.717,85.38901,109.42557,49.01160046448901,9.155826344923067,41.15422941854558
175.4,150.27532442520172,144.35004168631647,150.60750770568848,132.23001,85.355,109.19845,75.03620948444058,10.553929727145032,41.07687624404937
175.5,150.05466225693294,143.7872994073003,153.54875373840332,131.748,85.23601,108.75311,58.811305158797566,10.247257395218352,41.30154946396419
175.6,152.08353176052105,143.66014082868227,156.1200065612793,132.13402,85.38801,109.085495,47.21025747025222,9.960423819614942,42.99803676540387
175.7,153.2772445558593,144.88889283287725,159.7012519836426,132.227,85.64101,109.33542,52.38154588128158,12.94491798553564,43.94182585468744
175.8,150.85695735569826,143.19695609296255,153.1350078582764,132.377,85.676,109.44734,66.74876796790933,12.409449437992855,41.409615436752944
175.9,149.87867327961303,144.49123766995925,147.65500450134277,132.30602,85.775,109.44486,81.23125492900772,12.470629028189416,40.43381091389037
176.0,150.17803510942463,144.08520423834273,158.02625846862796,132.12401,85.403,109.35091,55.298190587973515,13.747840833451283,40.827128737354315
176.1,147.2166153277209,143.06530732292828,154.24750900268555,131.618,85.143,109.03712,67.88599058120937,14.174846635049759,38.17949832332636
176.2,146.57175803723274,142.7249138253484,150.34125900268555,132.19,85.174,109.32701,77.15448736925588,12.781339696919483,37.2447469288343
176.3,148.41290757072167,144.24799819842613,150.65501022338867,132.23001,85.549,109.43355,77.26885452605977,14.70308258394409,38.97935959708886
176.4,145.51270791758446,142.60130061874574,147.2500057220459,132.452,85.47,109.34344,81.44706793983309,15.367961242523686,36.169270722760245
176.5,146.2368682409354,142.7569071308505,152.5212574005127,131.87401,85.64101,109.02641,71.18544560177786,14.572544714201104,37.210455277068206
176.6,144.46710465806348,142.2981870482008,145.22626113891602,131.963,85.476006,109.07567,84.16580718541448,13.482979499586495,35.39143632310254
176.7,142.6613151733346,144.36856899795106,140.9362564086914,132.558,86.149,109.72904,81.96875908298374,11.05862781436603,32.932273120111944
176.8,142.3652241920579,143.58608272226215,140.25500679016113,131.77402,85.673004,109.125984,83.29443704553528,12.66482711950723,33.23924000016336
176.9,143.7015473665041,144.3871263795238,140.62375450134277,132.21501,85.62501,109.18383,82.55654647172537,13.517556759251397,34.51771710527362
177.0,146.01708034904524,145.069618098246,146.26625633239746,132.29501,85.623,109.35948,86.34129332909905,5.54159037840675,36.65759853752181
177.1,143.92447640573462,143.17806997352557,142.99125671386716,131.783,85.263,109.05445,89.62409391743743,10.702173394360837,34.87002541696509
177.2,147.52714031389502,144.07439137587633,153.80000686645508,131.947,85.12701,109.05765,65.7904437151894,10.602493318033655,38.46949260881689
177.3,150.26993238317434,144.15476205918807,156.19125747680664,131.807,85.155,108.95791,67.52207016814702,12.412547848804868,41.31202375280324
177.4,150.42110299976835,145.14150465790695,154.6125068664551,132.026,85.291,108.99762,69.71005187584028,10.782727318000047,41.4234833708621
177.5,147.75669531192906,144.32676207941117,151.17875862121582,132.09601,85.563,109.316055,69.80448466979463,6.555082694897124,38.4406400140775
177.6,147.8452763892033,143.63925074722937,150.94750595092773,132.33699,84.94101,109.18001,67.34162035348575,5.528718527628945,38.66526845463298
177.7,148.26260692434226,143.46397328182374,149.93000602722168,131.871,85.049,108.93975,69.06691398273232,6.405381542111395,39.322856252955546
177.8,147.41150028599338,144.87200490218177,149.37375831604004,132.407,85.80801,109.69982,73.78272055887386,4.80111124001163,37.711678813825415
177.9,148.3221624722511,145.98916470278365,151.76250648498535,132.52602,85.651,109.61328,68.0299530149365,5.18337766753211,38.70888122225111
178.0,146.27609893417105,144.74484843430187,144.4037551879883,133.017,85.25801,109.75895,89.15256615120958,7.962712808151436,36.51714965438589
178.1,148.04029778700104,145.1551701567823,150.8800048828125,132.73601,85.893005,109.78985,74.53223576724366,7.62820727445605,38.25044945936432
178.2,147.90435297512659,144.87354570353725,151.0050048828125,132.955,85.985,110.038,71.66663047677145,7.058004945891421,37.86635096096643
178.3,147.02989625646356,145.53803866361255,146.41250610351562,132.49402,85.977005,109.92026,86.98743636709446,6.5330489321229575,37.109638688104184
178.4,146.33059966392807,145.49486364338705,142.15875625610354,133.19,86.21001,110.23635,81.7055480053355,9.403866771991352,36.094248650744476
178.5,145.67980784583202,145.61963208790877,140.8412628173828,132.464,85.715996,109.76542,77.0763104466528,8.318809336878914,35.91438883948436
178.6,146.0772041965203,146.00316075173308,142.73750686645508,132.94402,86.62301,110.27967,82.11772169904734,10.51469130932253,35.79753348118828
178.7,146.0079582342161,146.5528137731514,144.27875900268555,133.18802,86.76601,110.32211,83.86786880650267,8.755676182130744,35.685845197106715
178.8,149.24193733932984,145.659251357154,149.99751091003418,133.27,86.566,110.22778,76.44708735045229,6.727177175365093,39.01415413620484
178.9,146.6239215048343,146.0207645111328,142.4737586975098,133.60101,86.525,110.37729,78.56329410658796,6.83453396336632,36.246632686474925
179.0,145.93720393996935,144.98083140299283,141.0225067138672,133.157,86.253,110.13904,77.51732238569343,6.880351996654032,35.79816585403185
179.1,147.02540744432855,144.72597175067563,145.0712547302246,132.782,85.94601,110.009735,88.00887816308538,6.878565873235748,37.015672336906675
179.2,146.51075192571653,145.63118476562744,144.04375648498535,133.59401,86.715,110.39009,80.76110619162561,7.787902827581846,36.12066098333372
179.3,147.15089719969782,146.07251730506462,144.6125087738037,134.63501,86.931,110.81789,81.33617303714799,7.590053984902815,36.33301084715876
179.4,147.973114322155,145.86404777972055,145.70375633239746,133.62401,86.709,110.49066,89.03101033557418,7.820183963276837,37.48245270106125
179.5,149.86362939260232,146.53277241579536,147.14500427246094,134.41101,87.13501,111.09932,87.13451688715836,8.25491244950071,38.76430993459451
179.6,148.32525005997573,145.71918657731285,145.4887580871582,133.807,87.112,110.862595,89.05350775918008,7.784301008389222,37.46265545548354
179.7,146.89294588117784,145.49591579543983,143.18500709533694,134.482,87.171005,111.12047,81.64677640652053,6.660832081768512,35.7724777415294
179.8,147.27406746791286,145.4427623709138,143.93750572204593,133.748,87.05001,110.81544,84.76034664380869,7.322682881116452,36.458630151018326
179.9,146.34172338325118,144.68404411633045,144.6762580871582,133.44699,86.34001,110.32049,89.97111288100383,6.73979470547934,36.02123540717696
180.0,147.89370031134717,145.20310540599502,147.88625526428223,132.877,86.176,109.93623,80.68058213397136,5.760849201275941,37.95746679083936
180.1,146.88410355987057,145.58691989981014,148.21250915527344,133.46,86.706,110.3039,81.43492160199627,6.11066471466575,36.580201887507286
180.2,146.08142356801622,144.73169106499466,144.56625747680664,133.55402,86.47101,110.36228,89.4323340625221,6.151172623117269,35.719141768699814
180.3,145.71851891718464,144.0044683156063,143.00625610351565,133.764,86.494,110.42696,86.47875908616068,6.244371233303253,35.291555111032295
180.4,144.86420069350422,143.8948350554176,144.96875190734863,133.907,86.12701,110.51178,86.21910337178296,5.45071081418973,34.352420908347966
180.5,145.18575538755192,143.39564969880783,142.58750724792483,133.514,86.153,110.28476,87.17693847335518,4.974078555264112,34.90099586606755
180.6,147.56977831121503,143.9695889016326,145.00125694274902,133.048,86.043,109.98844,85.67233684966831,6.268116533353281,37.581336843929876
180.7,148.1674457351529,144.51285451802133,143.80000495910642,133.627,86.21901,110.20273,86.40179697985694,5.529111383510329,37.964717463668535
180.8,145.4140664725074,144.30201278704817,142.1250057220459,132.94,86.36001,110.21497,83.59656341927577,6.5491794355672495,35.199093022800355
180.9,145.71772391731295,143.5640185809726,143.88750839233398,132.09401,85.68201,109.222374,88.65887655890755,7.477778968162167,36.49534995491061
181.0,144.07162969161402,143.54691928860478,140.56000709533694,131.86002,85.71601,109.25575,79.80888729121199,5.048608396150209,34.81587712813746
181.1,145.979740946447,143.78166796976237,142.472505569458,132.07,85.741005,109.446236,85.33521342116258,4.971935866903081,36.53350528970873
181.2,146.55984501235088,144.31600733390337,143.66375732421872,132.11401,85.998,109.60839,87.49255792513468,7.5956512871760085,36.95145420424541
181.3,148.09370373410962,143.918041385983,143.7762565612793,132.83101,86.18,109.95572,89.41750183274506,6.020131910238868,38.137984739969
181.4,149.91845784005568,144.95883049358852,150.47125625610352,133.127,86.409004,110.37803,69.84834068030422,7.3169874781061885,39.540428970426774
181.5,149.29226732307703,145.35963025600026,151.4625053405762,133.297,86.448006,110.37764,70.48293076466392,5.5367881549449285,38.914627552569215
181.6,148.97829054433083,144.08851942676816,152.7025127410889,132.80801,86.182,110.074646,63.947759978782194,7.149987246995943,38.90364454823708
181.7,150.64638293603227,145.6352522590082,155.5562572479248,133.541,86.50201,110.6122,61.25411657154614,6.682252020191433,40.034185060055705
181.8,151.90023739246976,144.6336475674197,156.64875602722168,132.711,86.21501,110.09351,59.911979398327176,7.56748300060724,41.80672390370023
181.9,152.39541828012995,145.66194012105987,158.2725067138672,132.718,85.458,109.855064,62.37045275267116,9.541192411928296,42.5403538880401
182.0,154.1209961204986,145.24005628505006,161.89375495910642,132.904,85.172005,109.70122,56.284707567237334,10.937031316024505,44.419778469131415
182.1,155.3560942199593,144.95646195049576,165.9487590789795,133.752,86.27901,110.514015,37.419206920554124,9.706366620637942,44.84207902220538
182.2,152.94250474454515,144.89484660196646,157.16250801086426,133.13701,86.523,110.341606,64.74427102052097,11.105596255291022,42.60089860440843
182.3,151.14948360089045,146.53598968298505,154.1050090789795,134.153,86.913,110.87369,72.86310054805838,11.001288334981941,40.27579585674982
182.4,149.4696570381089,144.95408547368646,151.95125770568848,133.278,86.02901,110.46806,76.11850979304263,12.561182840588144,39.001593683616704
182.5,152.8420591448819,144.428188268477,157.69125747680664,133.048,85.936005,110.131485,62.85569104229894,12.394384046038931,42.710574159530324
182.6,152.4959052953993,145.00178382288064,158.49250602722168,133.265,86.005,110.34311,62.05058371764163,11.136315010173398,42.15279616453992
182.7,153.15562230696253,144.6929937961862,159.49001121520996,133.772,86.067,110.539215,58.510945076736654,12.3910880802274,42.6164072190719
182.8,150.87289864907044,144.12336692047728,149.87000465393066,133.38701,86.406,110.361984,75.67067735907621,11.337855163358837,40.51091439614075
182.9,149.3810853343461,144.19618491638573,150.785005569458,133.505,86.257,110.337524,75.82957892176353,11.991933688090423,39.043560920283596
183.0,152.44837405695066,144.5949545697914,153.01875495910645,133.657,86.27601,110.483086,68.37333363305606,10.450412295241259,41.965288424626436
183.1,151.51033679328413,143.90460731238008,155.53375625610352,133.591,86.549,110.48635,67.11069274446625,11.34894752983921,41.02398578010053
183.2,153.16032999450658,143.78696763993833,158.4937572479248,133.59201,86.436005,110.378136,59.21246920171051,12.741312878452487,42.78219431335424
183.3,152.11716022179442,144.67496733875106,154.88125991821286,133.627,85.939,110.46777,65.91729617005356,10.767831439096494,41.64938678429442
183.4,152.97791035130936,144.91220863122734,160.3987579345703,133.79901,85.995,110.34003,43.955890828541186,8.95533424796288,42.63788349584061
183.5,153.39832114579937,142.8513985399815,161.2287540435791,133.298,85.872,109.94442,36.14182868687806,9.801991615117617,43.45390128495953
183.6,153.6789594301116,143.70417762164777,161.95501327514648,133.378,85.263,109.72764,20.440685093035825,8.925075760457993,43.9513211854827
183.7,156.67293145534813,143.2869995602029,169.8100128173828,133.30801,85.451004,109.79717,22.536144103171498,12.642419525213873,46.875758908961416
183.8,156.7613974142791,142.9406006081975,172.06000328063965,132.22401,85.133,108.93253,25.5557043520577,13.828637105834932,47.82886415011893
183.9,157.55016676008924,143.66044584041018,172.90500831604004,131.752,85.272,108.75292,23.82385378145733,14.850726950903677,48.79724470198377
184.0,152.86695371950748,143.25444066652196,161.09375762939453,131.237,84.493004,108.323555,45.42237604775225,13.077782768324562,44.5433987268317
184.1,154.01235875128816,143.43207939965166,163.27126121520996,130.95401,84.663,107.90786,39.68753593837467,12.391514463941068,46.10449894904207
184.2,156.22995696706255,142.58605657527198,168.3612575531006,130.37001,83.79101,107.59214,39.155712196253916,14.895206883509092,48.63781676930864
184.3,153.97751971271006,143.84482045711087,164.8725070953369,130.70001,83.845,107.83143,38.72474829300409,13.17160165768954,46.14609118487803
184.4,153.15956739620984,141.74760897245335,164.18251037597656,130.593,83.556,107.531906,36.17503201654171,12.889159636135117,45.62766126828015
184.5,156.0167746647918,143.42323069492403,169.24751091003418,130.662,84.284004,107.98836,31.82224715358385,14.493444358915827,48.028417120846484
184.6,155.13719721263794,142.929129400947,168.15625953674316,130.287,84.026,107.66469,28.575100155362794,13.455206197992318,47.47250910228638
184.7,153.47368393237446,143.22570748637906,164.84750556945798,130.488,84.159004,107.674324,38.94878802508377,13.450793612610951,45.799359896729925
184.8,156.37956633873765,143.47945994888659,169.04875564575195,130.86801,83.996,107.87234,34.19425503618847,15.47032433105743,48.50722899742905
184.9,154.4722119433659,144.21440963714625,165.35876274108887,130.95201,84.469,107.966515,37.06090764414946,13.689064708524498,46.50569735596355
185.0,156.8570336292447,144.81237192466486,167.88375663757324,130.817,84.335,108.28687,43.1569974150046,16.000614329580152,48.57016076547518
185.1,156.68825818108883,144.37315797965874,167.3650074005127,131.37001,84.461,108.303215,33.928362696631936,15.394101351821499,48.38504315423336
185.2,157.87137969101005,144.16521911804054,172.33750915527347,130.87599,84.70401,108.215996,24.54528940709071,15.647410568043224,49.65538390243583
185.3,158.2976445189927,144.7623579350021,173.02250289916992,131.09601,84.88901,108.50306,25.645273972124308,16.334414748101054,49.79458513178568
185.4,156.6819898194698,145.13321637672772,170.5537567138672,131.05402,84.566,108.27361,19.41252631030228,13.239079682733502,48.40837684339559
185.5,156.29295756863758,144.14924314332714,168.3750057220459,130.871,84.93201,108.01336,5.455791458393615,11.750655793904297,48.27959849881336
185.6,157.1793551426579,144.4664151012564,168.39750862121582,130.87001,84.409004,108.05744,4.238215245931705,13.951784409571083,49.121913431232116
185.7,158.82462128169783,144.72717350930046,172.76750564575192,130.451,84.469,107.98715,24.636330268876065,15.517932032212357,50.837469182088455
185.8,157.188483390526,144.81317929268647,169.02250671386722,130.70001,83.86101,107.78437,30.605797113559195,14.395786694300542,49.40411296816271
185.9,155.48632716272775,143.9007861051247,168.00375175476077,130.126,84.13501,107.543884,21.26192083954075,12.414368495884744,47.942442885384
186.0,155.75943503051133,144.2456950476606,165.27626037597656,130.797,84.606,108.02177,32.49486071246128,12.470049918911247,47.73766836791367
186.1,155.86187346144933,143.69001765049143,167.8225040435791,131.497,84.663,108.47677,38.27245440049821,14.176027882205101,47.38510496779699
186.2,156.15505295187913,143.09165031927094,167.12250900268555,131.43001,84.863,108.414566,37.627781139744116,14.291480694272504,47.740486911840065
186.3,155.472664463925,144.8657692144624,166.9862594604492,131.91699,84.978004,108.79376,22.3857741286972,10.93687575560981,46.678902256893764
186.4,154.37558747394087,144.01052883309805,163.03000831604007,132.134,85.182,108.57114,33.19951691423354,9.225915074633521,45.80445099933149
186.5,155.26132757885495,143.99539580920714,167.08500480651855,131.36801,84.866005,108.343704,20.24426496018599,9.350322760691995,46.91762335522213
186.6,155.08806117358168,143.4929670384176,167.25875854492188,130.63301,83.97101,107.78504,13.791902766095761,9.978346983187974,47.30301936449965
186.7,154.34905293715892,144.0784443185198,164.3087615966797,130.95502,84.948,108.31355,25.310744659294567,8.897385981148181,46.035500080713604
186.8,152.93415925449443,143.47794529452122,158.45250892639157,130.097,84.17601,107.623024,32.07960660483537,8.690723182883266,45.311135267678026
186.9,155.16528799116267,144.05001248756855,166.73125648498538,129.68701,83.836006,107.373634,19.581687260961907,11.357880132879284,47.791653652783765
187.0,155.5678365152943,143.19018096405443,168.10875701904297,129.761,84.00001,107.22287,12.426798285519267,11.052662513888855,48.344966642247414
187.1,154.62879529240377,142.7161195253392,165.9050064086914,129.84401,83.93301,107.170784,17.279106086391366,10.447731292529165,47.458011295821734
187.2,152.98385188135856,141.93252002615438,162.97126197814944,128.89401,83.186005,106.27995,14.440470187492833,9.040546126339082,46.70389887842887
187.3,153.37448381620362,142.68683019282813,160.87750816345215,129.214,83.32201,106.691536,15.917749351940447,10.040899775274912,46.68294786649659
187.4,155.66151008863133,143.32081619433458,165.13750648498538,130.102,83.91601,107.339096,26.01448868712947,11.31267843557081,48.322414019295394
187.5,154.658251515624,143.27202494565626,162.01000595092776,130.541,83.926,107.44201,23.238343200199676,11.352759560395484,47.21624254345602
187.6,153.24507273203545,143.65847379865883,156.0987529754639,130.901,84.218,108.02855,32.2115747774518,9.374593325381921,45.216523537699516
187.7,154.57394069460804,143.89280283567336,163.11250495910645,130.757,84.685,107.99871,8.778478947262302,10.564830720010672,46.57523006228382
187.8,155.66853876607232,145.23465075992183,167.9975070953369,130.83301,84.475,108.134476,7.791966297565217,11.05113678649753,47.534063058064504
187.9,153.9872529057118,142.99690896147828,164.7375087738037,130.147,84.223,107.562416,12.772217523041338,9.70319821051902,46.42483682905166
188.0,155.5181716541341,143.38293450780145,167.6825122833252,130.26501,84.05701,107.76092,17.217480662279076,11.23443746348152,47.75725399055989
188.1,154.0996329106357,142.3221447902713,165.1425075531006,129.956,84.019005,107.38331,16.196090817677188,9.890422027408063,46.716324499991174
188.2,154.66210803462346,141.85609854127193,165.00875854492188,129.22,83.606,106.90698,36.76800241718921,13.605719845319909,47.75512561274846
188.3,155.85934391695284,144.17559407338632,165.0987548828125,130.566,83.84901,107.505684,35.6063760645406,13.285392384866755,48.35366001802706
188.4,154.55021338128518,143.38198636037458,162.827507019043,129.96701,83.336,107.14347,44.646969046800535,13.299407858291975,47.40674261712502
188.5,154.5581546602801,142.67688797997246,165.3137607574463,129.927,83.713005,107.19928,29.02590435797503,11.959641865418638,47.35887487512386
188.6,154.52712726495994,142.7501581489325,166.1625099182129,130.442,83.749,107.56879,27.534733923432714,10.655263962329943,46.958340643866194
188.7,156.67041690323038,144.2000441272958,169.27375984191895,130.412,84.25201,107.789955,21.527615660393927,13.341533676127762,48.88046176407022
188.8,156.76386655603466,143.55205353447954,168.74250411987305,130.27402,84.16101,107.52814,27.347632422594454,12.13539889615148,49.23572934900341
188.9,157.58488809781548,144.75197570428762,167.8150119781494,130.32101,84.523,107.74953,33.22692917580531,12.689076360886721,49.83536112027642
189.0,155.58116827347732,145.23754996674046,162.9512596130371,131.34401,84.397,108.21717,48.01837155515986,10.902514793545132,47.363997558145286
189.1,151.55658684052156,143.96566796093154,152.48125839233398,130.812,84.25101,108.15479,58.92880596403768,9.289390060514453,43.40179405487703
189.2,154.60884035119022,142.30377196503295,166.03001213073728,130.41402,84.031006,107.576454,25.33838506545285,11.381334936117735,47.03238618859257
189.3,153.93272535212435,141.55420043634282,166.54125976562503,130.177,84.195,107.625046,11.953523213824669,11.072687291033269,46.30767957575716
189.4,154.41071610032915,142.09460242871376,165.28875923156738,129.638,83.775,107.1894,20.322231305788574,10.767307472705072,47.22131638109087
189.5,155.8351479492298,142.79526169439205,169.1425075531006,129.957,83.781006,107.4772,29.067481448436073,12.789862889064459,48.35794458008917
189.6,150.6714544894623,143.1876731436506,159.7512550354004,129.71,83.270004,107.40025,45.57388088966604,7.5096733841135705,43.271201193563854
189.7,149.95201709157067,143.49324163197517,158.35750579833984,130.348,83.507,107.75001,42.43726620706043,5.933682591563081,42.202009462176136
189.8,150.73248248962935,144.42651546517914,160.99250984191892,129.91501,82.976006,107.299484,33.30754510134678,6.248302379243169,43.43299823669966
189.9,150.9335705158979,143.43284902443034,161.53001022338867,129.69101,83.339005,107.203766,24.42196374795427,6.106167459886315,43.72980464675729
190.0,151.50953934499654,144.50725927192815,163.25000572204593,129.677,83.232,107.02784,37.09113249243528,8.264284568931975,44.48169968435201
190.1,150.77676240162359,143.7097038625813,160.32626342773438,130.86601,83.856,107.71424,47.12427235317592,8.969116271463871,43.062521373791554
190.2,150.05502739217937,143.8440754275242,159.35125732421875,131.304,84.023,108.03659,42.27647648831612,7.97738718836058,42.018436816007494
190.3,151.03990548321804,145.53130489077975,162.66875839233398,131.547,84.00001,108.34377,40.654146613154246,7.50596952560683,42.69613259503444
190.4,153.75839007125842,145.10603620283706,167.6362609863281,131.548,84.376,108.55585,8.89073203249307,7.433629063562304,45.20254290328967
190.5,151.80974778660226,145.04759104185158,164.5875072479248,131.427,84.15201,108.46817,10.67677535349673,5.782683737122925,43.341577620586634
190.6,152.56104424712694,145.88202921854412,164.21375846862793,131.907,84.68901,108.897125,18.808631087405136,5.900495404455527,43.66391900298632
190.7,151.09001097458878,145.15521151285756,159.4875087738037,131.57701,84.816,108.57649,16.82945389961934,4.5443712121745525,42.513518665018466
190.8,150.49738930492435,144.7155663771595,159.28750801086426,131.96501,84.60901,108.58056,13.333588413167512,4.733886692952703,41.916830528068886
190.9,150.3374880753533,144.50923858904818,158.31125450134277,131.69101,84.69201,108.42388,7.893774044900908,5.341279737211605,41.91360654459157
191.0,149.6763014078537,144.32079948315516,158.00750732421878,131.63,84.700005,108.603325,6.653051016656667,4.632237881574356,41.072976517716995
191.1,148.4844876568532,143.67006205917835,157.17875862121582,131.06001,84.676,108.3499,20.405838319259157,4.397994363582165,40.134588364861
191.2,150.4047097659302,144.03924830625002,158.64625930786133,130.87201,84.00101,107.8944,9.18935397262481,4.923822193436967,42.510308215637224
191.3,150.19298304866672,143.95408397159224,158.7812576293945,131.44402,84.063,108.47583,4.1584732850311195,4.873359713432884,41.71715297054172
191.4,149.91720029174923,144.74800397170057,158.34750556945798,132.18001,84.522,108.88204,9.845859624586048,5.158659624430389,41.03515836059688
191.5,149.64261682170508,144.32198664133878,158.6812553405762,132.477,84.81,108.906166,5.7032706016934736,5.481216980828684,40.73645074504492
191.6,150.22668402929213,144.15409552027566,158.11000633239746,132.692,84.477005,108.68838,10.604147102861392,6.650082397200769,41.538306648921036
191.7,149.22482247382564,144.21400520208832,158.36000633239746,132.02701,84.846,108.44819,7.906672287719887,5.442930067518842,40.77663369208736
191.8,150.66231398436562,143.56653006391275,158.16000366210938,132.87001,84.968,108.92901,12.03222529405429,7.074001958367432,41.733305500478906
191.9,150.95127806230767,141.90179081771203,158.1475067138672,132.05699,84.341,108.477295,1.3012613994420932,7.963468411971046,42.473983140432665
192.0,151.57018293129832,142.1134247076216,158.27750778198242,132.476,83.98601,108.68454,9.922970839497527,7.249747348487997,42.885643136376444
192.1,152.2951268710695,143.01658935058984,159.0600070953369,131.982,84.324005,108.65215,9.08846011078185,8.948109960876762,43.64297385593278
192.2,152.00065938642624,143.6297585966871,158.3600082397461,132.306,84.735,108.86212,1.765920677801213,9.086572770260224,43.138537804394986
192.3,151.35037418667557,143.46123889066237,158.74251174926758,131.571,84.303,108.45375,8.068778609657874,8.689354979738464,42.896623576324004
192.4,151.8678624178253,144.08562021994953,160.46625518798828,132.162,84.27601,108.735435,5.294374596808482,8.818484357934947,43.132426931985464
192.5,151.10278204918822,144.38291563618003,158.79375648498535,132.562,84.79,109.17478,21.89982197976059,10.303962403909837,41.928000249871815
192.6,154.56542443171293,144.69798360011941,162.0100040435791,132.264,84.32001,108.86542,7.524968857000952,10.173893246937565,45.70000695124418
192.7,153.59296339059367,145.3464068857219,160.2037582397461,133.05402,85.61201,109.41267,13.902017085275732,10.889703946138914,44.180297069792886
192.8,153.396620034443,144.09970475432397,163.94875526428223,132.758,85.10501,109.12919,20.59702793788797,11.536507661289258,44.26743149684535
192.9,154.74084539942567,144.41443639491482,166.31250762939453,133.059,84.439,109.23163,30.43726921479531,14.445427902594874,45.509216981456916
193.0,152.7106304008242,143.90650025481324,162.410005569458,132.16,84.12401,108.61004,48.93238544531973,14.48523470509508,44.10059164349997
193.1,149.1209135755457,144.19698862187104,156.4962558746338,132.42302,84.240005,108.59913,62.24231539827507,14.298290101987764,40.52178485240117
193.2,144.38942220921868,143.6752869509202,145.63250732421878,132.44601,83.699005,108.57743,85.949602052552,15.139454721711145,35.81199148412102
193.3,145.3705099410084,142.87599911922268,143.46750450134277,132.33002,83.76501,108.43193,88.63112350115499,12.665102858052276,36.93857939901622
193.4,151.41033220298561,143.76522155901986,158.9625072479248,131.677,83.74301,108.45814,52.16397907184146,11.703608545716445,42.95219469077858
193.5,148.12819262109545,143.5313775584757,155.10750961303714,132.731,83.94101,108.90915,63.2018486605235,13.742359519542038,39.219043451173576
193.6,150.77811874414274,144.36361869976676,158.6612606048584,132.90201,83.775,108.77386,33.686415550042206,11.683530378964901,42.004261627443526
193.7,152.30517779788946,145.1460468584971,162.7412567138672,132.76001,84.73,109.12146,46.971143265706814,13.2029110199741,43.183717836951956
193.8,148.30545883264335,145.34076967490947,147.70250511169434,132.658,84.95001,109.02855,83.71455435968086,12.362798211618752,39.276909638307416
193.9,147.80982800615757,145.33837282438452,149.72250747680664,132.436,84.908005,109.176765,80.16822065712222,12.374835297271686,38.63306256426304
194.0,146.65280613386875,144.37400670375564,150.54625701904297,132.508,84.38601,108.93647,67.74919604278998,10.284737891959404,37.71633610213047
194.1,145.36048541214222,144.6776618759314,147.51125717163086,132.20502,84.732,108.98219,79.69782133828029,10.076467800399211,36.37829241897816
194.2,145.74673391272935,145.27879490993388,150.983757019043,132.436,84.176,108.75715,71.5952095232905,9.49151357474983,36.98958517005357
194.3,148.36718002343457,144.90080342494804,158.20500946044922,131.938,84.22101,108.5838,46.50040761824114,7.0329668145519,39.78337875390332
194.4,149.0835938937172,144.94244491918673,158.0500087738037,132.324,84.371,108.667,51.42251845263495,6.743063952293287,40.41659407682266
194.5,147.6681449181488,144.97882533023872,155.3987579345703,132.09001,84.446,108.70295,60.73797569504134,7.874471048644832,38.96519539422303
194.6,149.9886688229922,144.91718899934983,157.69250679016113,131.67401,84.4,108.52101,66.0380774098549,12.729357905496848,41.46765747045313
194.7,151.3638662965238,144.9095673067869,161.33250617980957,132.16801,84.449005,108.868004,58.889028754804286,13.246680259938339,42.495862451308966
194.8,148.84565100755523,144.40874900086035,158.52125549316406,131.567,84.453,108.41597,61.6428569506594,12.693565060541198,40.42968115892242
194.9,147.51614636428766,144.2015174255859,151.2325096130371,131.54701,83.898,108.21461,77.21210099146856,12.790672629773345,39.30153912551813
195.0,149.82208226767008,145.14626699763235,157.47625732421872,131.934,84.173004,108.47064,64.28306981031835,12.173299933398114,41.35144017782633
195.1,147.48638063757318,144.71674259743818,154.2087574005127,131.308,83.968,108.22489,72.45020022064568,12.87820320252654,39.26148897497552
195.2,145.88207505137547,145.12752898267323,147.89125633239743,131.147,84.217,108.390175,84.81555240387114,12.001483711500722,37.49190018565281
195.3,143.37035335396192,144.44473652340335,142.35875701904294,130.815,83.248,107.89825,86.25058142037449,12.121008576210533,35.4721065888252
195.4,142.88981368859694,144.63639289648603,139.70000648498535,129.931,83.175,107.482315,80.33415558181035,11.905671269345326,35.40749862512038
195.5,143.19841409840706,145.1148362761207,141.46625518798825,130.292,83.07201,107.503555,82.44720368559527,11.421433669388703,35.694858800555494
195.6,145.87470434484715,144.9719826982652,145.44375801086426,130.20001,83.336,107.62674,89.091234359127,12.241196731547811,38.24796484289402
195.7,145.68419761926765,145.1575727805817,149.8600082397461,131.143,83.657005,107.90239,80.48497162236907,11.61358236619063,37.78180809290046
195.8,145.68999551113595,144.42206024791983,148.5275115966797,130.753,83.57101,107.831406,81.62560867591738,11.249171003893128,37.85858987148751
195.9,143.3738048542249,144.31369836015952,140.1437530517578,131.30301,83.35901,108.00262,80.60818194560642,9.60826637011174,35.37118797190067
196.0,145.09194416933067,144.42514401107286,145.14125442504883,130.53001,83.523,107.79017,88.06386180387169,8.777360694418539,37.30177540712364
196.1,147.0714903488228,144.54398389034134,149.10750770568848,131.03001,83.377,108.02729,76.06250454615187,7.074035009178534,39.044200004584525
196.2,145.2091238274852,145.22600517303442,146.322509765625,131.147,83.94601,108.328186,87.68328262942687,9.982702020112452,36.88093779232895
196.3,145.64492657459255,143.00339428774362,148.20125770568848,131.55301,84.327,108.42303,77.2367387061437,9.264832634765634,37.22189953601833
196.4,144.18171754101127,144.45730701205636,138.8712558746338,131.214,84.426,108.4686,71.98880625304962,7.537067208908524,35.71312012890189
196.5,145.33303790020167,144.83851942676816,142.82000732421872,131.585,83.829,108.645065,83.89082612526614,8.291267611944933,36.68797259258449
196.6,146.3970076334588,146.18286212277735,147.6600112915039,131.347,84.63301,108.84119,86.1297595691965,9.387676474624651,37.5558211100213
196.7,147.71854988758795,145.0619471158913,153.68625640869143,131.15001,84.43301,108.57267,69.30405726383405,9.958267591962167,39.1458799046778
196.8,149.22751548404176,145.74164060292293,156.88250923156738,131.25502,84.311005,108.644295,59.829364257742775,9.186140207129055,40.58322074527223
196.9,147.77432083385747,144.95993921080176,153.23250961303714,131.168,83.98601,108.38586,69.45952001310576,12.35635939293251,39.388464205439504
197.0,144.6958512628595,144.91919662390202,145.63375663757327,131.029,83.917,108.46081,88.44300070155664,11.414678490582311,36.23504346256652
197.1,145.38680970401717,145.88035125061572,148.97625350952148,130.651,84.039,108.39644,79.30990811652723,9.123041538156238,36.990371105384355
197.2,145.01949059922705,145.071228563109,142.60375785827637,130.55101,84.522,108.37852,81.85010028689187,8.775402721689115,36.64097344834815
197.3,144.72943278247948,145.83160502054898,140.25250625610352,130.92001,84.541,108.5858,72.97072020657585,11.676958536544594,36.14363261158104
197.4,147.29839804471158,145.29201978230648,141.65751075744632,130.96,84.58501,108.59629,78.99711014873844,12.946107250701983,38.70210745633267
197.5,148.29913131831486,146.60195350037108,146.4687557220459,131.518,84.8,108.80353,89.60774064227196,12.271743739329624,39.49560348628361
197.6,145.97783973667794,145.85754724437,143.52125549316406,131.617,84.373,108.8125,83.86326353482704,12.431777869742751,37.165339736677936
197.7,148.7403874433393,144.63289315172617,146.0987548828125,131.572,84.488,108.52835,85.78528789025196,11.823460796769053,40.212036613261176
197.8,150.8738136339939,144.57776679199853,155.0987586975098,131.48901,84.262,108.505775,70.23936454627885,13.574810769319186,42.36803818233375
197.9,153.54044768321415,143.84934167534135,164.2362575531006,131.38701,84.083,108.21514,49.331649077884485,13.538410645190957,45.325306386827435
198.0,154.71725633185412,144.72088402550665,165.6375026702881,130.936,84.143005,108.21245,47.74704762223277,14.1816893442389,46.50480821173693
198.1,152.24635547903648,145.26093176606176,162.13626480102542,131.682,84.741,108.9035,59.88504450113505,15.91636514775867,43.34285206106773
198.2,148.91464450381557,143.94249143989254,151.93375778198242,131.782,84.82101,108.73451,73.69178996465412,15.061146878535752,40.180132174714004
198.3,149.27537893719034,143.67446498245738,147.74625968933105,131.33401,84.637,108.508026,81.23457637702494,12.954480206795754,40.767352814143464
198.4,150.710310108721,144.50806814204398,152.24875831604004,131.184,84.619,108.35874,71.8863472674929,13.6153512465504,42.35156834846708
198.5,149.64132812240518,144.33677695996278,151.32125854492188,130.481,84.333,108.06986,74.28376882029227,13.615222252576048,41.57146575668253
198.6,149.71305026952905,144.71558158624467,154.00625610351562,130.94002,84.503006,108.159424,73.13293723770836,16.617232119717595,41.55362644140405
198.7,148.01285631352977,144.55646223103307,148.41750526428223,130.368,84.043,107.73825,83.13000388238524,17.84855684989391,40.27460558110789
198.8,148.43986448696398,141.49896521747448,152.8175086975098,130.098,83.896,107.656044,69.56854509305332,15.88156336118293,40.78382048061633
198.9,146.0052579389741,143.1504607196811,148.97375869750977,129.987,83.68201,107.39289,78.58524351662825,15.742259645518324,38.612367008798316
199.0,147.50708340521777,142.45886457429515,152.19500732421875,129.727,83.743004,107.19729,71.2491966848974,15.69224034420882,40.309794892034176
199.1,149.07711308468677,142.8325118119006,155.75125694274902,130.20401,83.82,107.55256,63.62171539966373,15.171403867320898,41.52455418576099
199.2,149.52918836554463,143.5908864677667,155.46125411987305,130.247,84.074005,107.576195,66.94903913755032,15.233969479190103,41.95299360236103
199.3,150.950690365679,143.13919418206888,162.43000221252439,130.158,84.04101,107.62569,44.46120867384539,14.468579143332297,43.325003720171196
199.4,151.64665637230235,144.75410373452948,162.3550090789795,130.755,83.936005,107.907776,49.80621244687329,13.70399496556688,43.738880493396096
199.5,149.22436130841513,144.07012411707595,154.26125717163083,130.718,84.184006,107.995,69.2871586869122,15.66814425424734,41.229358561833095
199.6,150.82247039573184,143.74928905111994,158.88250541687015,130.468,83.899,107.696106,62.45810072680236,16.987532151441048,43.12636443870059
199.7,152.35208825502207,143.99770262250894,161.8987579345703,130.84401,83.565,107.92228,50.74098552717741,15.755952159714427,44.42980889711191
199.8,152.1089431207101,144.67446498245738,159.05125617980957,131.24301,84.336006,108.35454,62.396984254799385,16.51550008540873,43.75440515684292
199.9,154.94446437858846,144.04574884160056,167.38750839233398,131.345,84.128006,108.246376,47.489306345779866,15.88812416466393,46.69808834099081
200.0,154.15702496344443,144.01001553889944,162.25376129150393,131.47401,83.80801,108.24684,48.83252806669849,14.280963799423919,45.910183532780366
