Time_ns,Area_per_lipid_A2,Membrane_thickness_A
0.0,82.92204648902033,47.25800323486328
0.01,83.04379350754591,47.222903442382815
0.02,82.9389708434544,47.18780364990234
0.03,83.06654162309185,47.152703857421876
0.04,83.05370797710727,47.1176040649414
0.05,83.08234666407951,47.08250427246094
0.06,82.95305111020683,47.04740447998047
0.07,82.99136424217608,47.0123046875
0.08,82.99006338220202,46.97720489501953
0.09,82.8382934736465,46.94210510253906
0.1,82.91094263123532,46.907005310058594
0.11,82.88506869918949,46.964804077148436
0.12,82.92292195543958,47.02260284423828
0.13,82.88423204721767,47.08040161132813
0.14,83.00360699043337,47.13820037841797
0.15,83.02563461791998,47.19599914550781
0.16,83.20061321485629,47.253797912597655
0.17,83.12449864105484,47.3115966796875
0.18,82.90722219963544,47.36939544677735
0.19,83.18539009251953,47.42719421386719
0.2,83.07974352859483,47.48499298095703
0.21,82.93423262189758,47.49229354858399
0.22,83.12339008936041,47.499594116210936
0.23,83.16943342260157,47.50689468383789
0.24,83.30782057478096,47.51419525146484
0.25,83.19689918550147,47.5214958190918
0.26,83.17132880179088,47.52879638671875
0.27,83.22390515830313,47.5360969543457
0.28,83.36410609099403,47.54339752197266
0.29,83.4884636131002,47.55069808959961
0.3,83.71998537506973,47.55799865722656
0.31,83.68454375835186,47.5364990234375
0.32,83.7524067950993,47.51499938964844
0.33,83.84853707691666,47.493499755859375
0.34,83.79101406267532,47.47200012207031
0.35,83.92406274999682,47.45050048828125
0.36,83.80484289493604,47.42900085449219
0.37,83.69390142569411,47.407501220703125
0.38,83.66806078962966,47.38600158691406
0.39,83.601266104624,47.364501953125
0.4,83.51351420256972,47.34300231933594
0.41,83.45090122945123,47.36850128173828
0.42,83.25099291338509,47.39400024414063
0.43,83.20512045283877,47.419499206542966
0.44,83.43226526393174,47.44499816894531
0.45,83.0912453111563,47.470497131347656
0.46,83.17842699259747,47.49599609375
0.47,83.19352052247338,47.52149505615235
0.48,83.09991244569113,47.546994018554685
0.49,83.0608977891693,47.57249298095703
0.5,83.1503712376676,47.597991943359375
0.51,83.0377124086666,47.56479415893555
0.52,82.96860066731004,47.53159637451172
0.53,83.09453168175034,47.49839859008789
0.54,83.20984061260538,47.46520080566406
0.55,83.17067121880918,47.432003021240234
0.56,83.30022006534169,47.39880523681641
0.57,83.39376010631335,47.36560745239258
0.58,83.50222869911315,47.33240966796875
0.59,83.57882618361995,47.29921188354492
0.6,83.59901034494685,47.266014099121094
0.61,83.52637685990915,47.302912902832034
0.62,83.44145383919687,47.33981170654297
0.63,83.41468375515532,47.37671051025391
0.64,83.41225619293145,47.41360931396484
0.65,83.48896743022384,47.45050811767578
0.66,83.68178893926726,47.48740692138672
0.67,83.61845355459111,47.524305725097655
0.68,83.52911619821607,47.561204528808595
0.69,83.48386473731946,47.59810333251953
0.7,83.47810986466996,47.63500213623047
0.71,83.83122243668507,47.521002197265624
0.72,83.79362831743532,47.40700225830078
0.73,83.75452229501417,47.29300231933594
0.74,83.83211563434068,47.179002380371095
0.75,83.86312159793187,47.06500244140625
0.76,83.95212565518415,46.951002502441405
0.77,83.99658383561552,46.83700256347656
0.78,83.7814568524034,46.72300262451172
0.79,83.74375097997962,46.609002685546876
0.8,83.94298024584533,46.49500274658203
0.81,83.78405801685163,46.55260162353515
0.82,83.84314507578154,46.61020050048828
0.83,83.73146670365703,46.667799377441405
0.84,83.80664195687841,46.725398254394534
0.85,83.77611229794428,46.782997131347656
0.86,83.9014500430759,46.84059600830078
0.87,83.68411695242675,46.89819488525391
0.88,83.7815603805651,46.95579376220703
0.89,83.93258539887269,47.01339263916016
0.9,83.91783942005742,47.07099151611328
0.91,83.82421294476605,46.98949279785156
0.92,83.67486329432643,46.90799407958984
0.93,83.74490247517895,46.82649536132813
0.94,83.86423507129491,46.74499664306641
0.95,83.81263465500804,46.66349792480469
0.96,83.83298294676264,46.58199920654297
0.97,83.75197981615231,46.50050048828125
0.98,83.8638337021376,46.419001770019534
0.99,83.88783337884809,46.337503051757814
1.0,84.00236950982126,46.256004333496094
1.01,84.20263250173915,46.2295036315918
1.02,84.2178965171555,46.2030029296875
1.03,84.24058426843519,46.1765022277832
1.04,84.19095027011281,46.150001525878906
1.05,84.28994083495947,46.12350082397461
1.06,84.48957144542413,46.09700012207031
1.07,84.21131199901248,46.070499420166016
1.08,84.50844859055776,46.04399871826172
1.09,84.34142177680609,46.01749801635742
1.1,84.09273742207425,45.990997314453125
1.11,84.10436745998496,45.94669876098633
1.12,84.30908126402446,45.902400207519534
1.13,84.46712955848332,45.85810165405273
1.14,84.361528991656,45.813803100585936
1.15,84.67569266736413,45.76950454711914
1.16,84.45557191516905,45.725205993652345
1.17,84.39490563437275,45.68090744018555
1.18,84.40127651640348,45.63660888671875
1.19,84.23549758602068,45.59231033325195
1.2,84.22404662728246,45.548011779785156
1.21,84.24554782195028,45.55921096801758
1.22,84.32112221894286,45.57041015625
1.23,84.290615808137,45.58160934448242
1.24,84.19117080451103,45.59280853271484
1.25,84.13098861680467,45.604007720947266
1.26,83.93105698926844,45.61520690917969
1.27,84.11159611901584,45.62640609741211
1.28,84.26546190903886,45.63760528564453
1.29,84.3643079625518,45.64880447387695
1.3,84.31588381261783,45.660003662109375
1.31,84.28523557093305,45.655704498291016
1.32,84.5650731726182,45.651405334472656
1.33,84.45924246755037,45.6471061706543
1.34,84.25138748711666,45.64280700683594
1.35,84.40613439644329,45.63850784301758
1.36,84.30080563540726,45.63420867919922
1.37,84.21652120679518,45.62990951538086
1.38,84.10513245164591,45.6256103515625
1.39,84.16643384068595,45.62131118774414
1.4,84.19017191572193,45.61701202392578
1.41,84.1270334285582,45.69091033935547
1.42,84.06706861862683,45.764808654785156
1.43,83.81352775363466,45.838706970214844
1.44,83.68697527953623,45.91260528564453
1.45,83.85036250046451,45.98650360107422
1.46,84.17293877679775,46.060401916503906
1.47,84.15623916804019,46.134300231933594
1.48,84.01793934506483,46.20819854736328
1.49,83.94887418487816,46.28209686279297
1.5,83.99486048099659,46.355995178222656
1.51,83.77321362784711,46.38129577636719
1.52,83.85533396746654,46.40659637451172
1.53,83.81075786905268,46.43189697265625
1.54,83.74470840239965,46.45719757080078
1.55,83.90882538690546,46.48249816894531
1.56,83.82893768736751,46.507798767089845
1.57,83.99000149362149,46.53309936523438
1.58,84.02474309801458,46.5583999633789
1.59,83.91272363780524,46.583700561523436
1.6,83.88007696988767,46.60900115966797
1.61,83.95168521328841,46.55450210571289
1.62,83.95420481287107,46.500003051757815
1.63,83.78307448723827,46.44550399780274
1.64,83.64571534962774,46.391004943847655
1.65,83.76370919139156,46.33650588989258
1.66,83.72309010813817,46.2820068359375
1.67,83.57958878144687,46.227507781982425
1.68,83.48513070734323,46.17300872802734
1.69,83.67793485533014,46.118509674072264
1.7,83.6744623785867,46.06401062011719
1.71,83.83225802860959,46.04650955200195
1.72,83.76342451943296,46.02900848388672
1.73,83.96187396368248,46.01150741577148
1.74,83.88811826213126,45.99400634765625
1.75,83.85675811277306,45.976505279541016
1.76,83.94478078988578,45.95900421142578
1.77,83.98057546167036,45.94150314331055
1.78,84.08814138293704,45.92400207519531
1.79,83.95855753115829,45.90650100708008
1.8,84.08326673388079,45.888999938964844
1.81,84.15463090457126,45.89360046386719
1.82,84.17130441158646,45.89820098876953
1.83,84.10831562952288,45.902801513671875
1.84,84.14192746304002,45.90740203857422
1.85,84.13745327763117,45.91200256347656
1.86,84.00769535945993,45.916603088378906
1.87,84.0811276372803,45.92120361328125
1.88,84.0159047524519,45.925804138183594
1.89,83.90586614668692,45.93040466308594
1.9,83.98367854183911,45.93500518798828
1.91,83.91597440795921,45.96960525512695
1.92,83.96938151791991,46.004205322265626
1.93,84.09696407638727,46.038805389404295
1.94,84.23545865792092,46.07340545654297
1.95,84.39787348584854,46.10800552368164
1.96,84.03651747856021,46.14260559082031
1.97,84.19494587929316,46.177205657958986
1.98,83.99190619992383,46.211805725097655
1.99,83.97804898556318,46.24640579223633
2.0,83.98514264679332,46.281005859375
2.01,83.96776208552123,46.30940399169922
2.02,84.012632611742,46.33780212402344
2.03,83.82475660699848,46.36620025634765
2.04,83.95542252626231,46.394598388671874
2.05,83.91093638861044,46.422996520996094
2.06,84.0680667768608,46.451394653320314
2.07,83.98558317644529,46.479792785644534
2.08,83.79515547522405,46.50819091796875
2.09,83.97466745394082,46.53658905029297
2.1,83.97528933970474,46.56498718261719
2.11,84.0855095734766,46.478188323974614
2.12,84.13865935068206,46.39138946533203
2.13,84.17188811162615,46.30459060668945
2.14,84.11979113907215,46.21779174804688
2.15,84.32086256658084,46.1309928894043
2.16,84.25262033119158,46.044194030761716
2.17,84.25062183060008,45.95739517211914
2.18,84.49414595480837,45.87059631347656
2.19,84.54376523467954,45.78379745483399
2.2,84.69243072218028,45.696998596191406
2.21,84.7342733340086,45.794498443603516
2.22,84.64817897937901,45.891998291015625
2.23,84.64285888029046,45.989498138427734
2.24,84.81444142452456,46.086997985839844
2.25,84.8071045060211,46.18449783325195
2.26,84.68107884972906,46.28199768066406
2.27,84.74714505939899,46.37949752807617
2.28,84.7924251088933,46.47699737548828
2.29,84.50565424982365,46.57449722290039
2.3,84.49259944488233,46.6719970703125
2.31,84.57555262135868,46.60449752807617
2.32,84.59981646147293,46.53699798583985
2.33,84.59047330137025,46.46949844360351
2.34,84.37566455720446,46.401998901367186
2.35,84.4307376733593,46.33449935913086
2.36,84.35377668395651,46.26699981689453
2.37,84.53762946090457,46.1995002746582
2.38,84.44122178737686,46.13200073242187
2.39,84.16077870428386,46.064501190185545
2.4,84.1753254973565,45.99700164794922
2.41,84.31557223951002,45.96270217895508
2.42,84.18951031731862,45.928402709960935
2.43,84.17219941914152,45.89410324096679
2.44,84.26979673117285,45.85980377197266
2.45,84.38773624120935,45.825504302978516
2.46,84.38786611881179,45.791204833984374
2.47,84.36934009133329,45.75690536499023
2.48,84.28803924511618,45.7226058959961
2.49,84.33847439126131,45.688306427001955
2.5,84.53283929505302,45.65400695800781
2.51,84.53476964242617,45.70190658569336
2.52,84.49762890294161,45.7498062133789
2.53,84.37757363146355,45.79770584106445
2.54,84.44113084430812,45.84560546875
2.55,84.40426396618732,45.89350509643555
2.56,84.62536487333217,45.94140472412109
2.57,84.54520821381685,45.98930435180664
2.58,84.56968873070304,46.03720397949219
2.59,84.67436566322779,46.085103607177736
2.6,84.72761660449439,46.13300323486328
2.61,84.56743944300068,46.08760299682617
2.62,84.83898042297449,46.04220275878906
2.63,84.80424013310306,45.996802520751956
2.64,84.75158986835035,45.951402282714845
2.65,84.86758009124729,45.906002044677734
2.66,84.86052088953059,45.860601806640624
2.67,84.70268384329017,45.81520156860352
2.68,84.64946675465718,45.76980133056641
2.69,84.61679411750863,45.7244010925293
2.7,84.67677249212872,45.67900085449219
2.71,84.33561794340027,45.732601165771484
2.72,84.30135084097526,45.78620147705078
2.73,84.30229846437194,45.83980178833008
2.74,84.51942494539453,45.893402099609375
2.75,84.35068624853857,45.94700241088867
2.76,84.34051288590386,46.00060272216797
2.77,84.28470339730276,46.054203033447266
2.78,84.26716208047894,46.10780334472656
2.79,84.3879700209657,46.16140365600586
2.8,84.38672319934045,46.215003967285156
2.81,84.39631486880698,46.232103729248045
2.82,84.33594253731196,46.249203491210935
2.83,84.33995456963493,46.26630325317383
2.84,84.32826281556108,46.28340301513672
2.85,84.41116128044766,46.30050277709961
2.86,84.44254046462447,46.3176025390625
2.87,84.52565104702305,46.33470230102539
2.88,84.48906461819786,46.351802062988284
2.89,84.34979678772184,46.36890182495117
2.9,84.20114055548406,46.38600158691406
2.91,83.97282772203843,46.37670059204102
2.92,84.15906663623481,46.36739959716797
2.93,83.98332871334078,46.35809860229492
2.94,83.79694149097014,46.34879760742187
2.95,83.8617621346617,46.33949661254883
2.96,83.88772978504686,46.330195617675784
2.97,84.03846159477065,46.32089462280273
2.98,84.11014387862141,46.31159362792969
2.99,84.04341271227547,46.30229263305664
3.0,83.87895044281802,46.292991638183594
3.01,83.97309979379645,46.27399215698242
3.02,83.98167675802073,46.25499267578125
3.03,84.11169985095232,46.235993194580075
3.04,84.17069477148358,46.216993713378905
3.05,84.02426358640277,46.197994232177734
3.06,84.04177960504228,46.178994750976564
3.07,84.06323159799166,46.15999526977539
3.08,83.83720306824216,46.140995788574216
3.09,84.02531332982048,46.121996307373045
3.1,84.09442288498762,46.102996826171875
3.11,83.98936659632005,46.14229736328125
3.12,84.06210384168594,46.18159790039063
3.13,83.7926576735319,46.2208984375
3.14,83.62860267318335,46.260198974609374
3.15,83.51941888687868,46.29949951171875
3.16,83.48325759183614,46.338800048828126
3.17,83.68466016015671,46.378100585937496
3.18,83.58377666881307,46.41740112304687
3.19,83.7207356802862,46.45670166015625
3.2,83.69322884591683,46.496002197265625
3.21,83.76065546289193,46.493701171875
3.22,84.13801092323621,46.491400146484374
3.23,84.18177240626112,46.48909912109375
3.24,84.28188679899304,46.48679809570312
3.25,84.3353063338327,46.4844970703125
3.26,84.32147275026571,46.48219604492188
3.27,84.22608373858156,46.47989501953125
3.28,84.26740867165401,46.477593994140626
3.29,84.32478335980555,46.47529296875
3.3,84.16496815636073,46.472991943359375
3.31,84.15184241965628,46.4284927368164
3.32,84.16479953862857,46.383993530273436
3.33,84.09958309953603,46.33949432373047
3.34,84.33453380701314,46.2949951171875
3.35,84.42619736031672,46.25049591064453
3.36,84.61360783186427,46.205996704101565
3.37,84.40899203824101,46.16149749755859
3.38,84.4223651429974,46.116998291015626
3.39,84.32477037689611,46.07249908447265
3.4,84.32416018127986,46.02799987792969
3.41,84.47293141534328,45.99469985961914
3.42,84.26165929759408,45.96139984130859
3.43,84.11811838894529,45.92809982299804
3.44,84.25915455262799,45.8947998046875
3.45,84.23588686751317,45.86149978637695
3.46,84.20124434262186,45.828199768066405
3.47,84.21222019348663,45.79489974975586
3.48,84.28079651550813,45.761599731445315
3.49,84.23323977110238,45.72829971313477
3.5,84.25246460302122,45.69499969482422
3.51,84.14100667892993,45.698299407958984
3.52,84.11259454155947,45.70159912109375
3.53,84.09909040889873,45.704898834228516
3.54,84.02136062640099,45.70819854736328
3.55,84.08513360405867,45.71149826049805
3.56,84.25838886081952,45.71479797363281
3.57,84.2678629194999,45.71809768676758
3.58,84.2906417686978,45.721397399902344
3.59,84.25857055008636,45.72469711303711
3.6,84.34526514104489,45.727996826171875
3.61,84.3759502676241,45.73189697265625
3.62,84.32009659444212,45.73579711914063
3.63,84.16819137888913,45.739697265625
3.64,84.14693350424126,45.743597412109374
3.65,84.11936322466588,45.74749755859375
3.66,84.11459140442385,45.751397705078126
3.67,83.99457541652308,45.7552978515625
3.68,84.07286320427055,45.75919799804687
3.69,84.09361904672211,45.76309814453125
3.7,84.19911671908167,45.766998291015625
3.71,84.26698038194925,45.80049819946289
3.72,84.29369216242367,45.833998107910155
3.73,84.39000911368147,45.86749801635742
3.74,84.48813544165095,45.900997924804685
3.75,84.55657697736919,45.93449783325195
3.76,84.5466252053134,45.96799774169922
3.77,84.59372416937386,46.00149765014648
3.78,84.53868240625535,46.03499755859375
3.79,84.7740499864233,46.06849746704101
3.8,84.76955902591186,46.10199737548828
3.81,84.65321306570891,46.08219757080078
3.82,84.66728198157968,46.06239776611328
3.83,84.56368853250831,46.042597961425784
3.84,84.52526109655722,46.02279815673828
3.85,84.70306769404787,46.00299835205078
3.86,84.68997162677815,45.98319854736328
3.87,84.7080123255532,45.96339874267578
3.88,84.88926747712478,45.943598937988284
3.89,84.90157776964674,45.92379913330078
3.9,84.8007378519509,45.90399932861328
3.91,84.69312031618927,45.96590042114258
3.92,84.59702061055785,46.027801513671875
3.93,84.69797357607244,46.08970260620117
3.94,84.75036639464344,46.15160369873047
3.95,84.77881443978922,46.213504791259766
3.96,84.67166615534832,46.27540588378906
3.97,84.54839321135435,46.33730697631836
3.98,84.50922841482199,46.399208068847656
3.99,84.52832873118285,46.46110916137695
4.0,84.60979087345089,46.52301025390625
4.01,84.61164406936895,46.534410095214845
4.02,84.70737472022778,46.54580993652344
4.03,84.42031266914945,46.55720977783203
4.04,84.57317323545345,46.568609619140624
4.05,84.46628495947672,46.58000946044922
4.06,84.5353805995833,46.591409301757814
4.07,84.43601212767824,46.60280914306641
4.08,84.45041378311414,46.614208984375
4.09,84.37537884726855,46.62560882568359
4.1,84.22976227628538,46.63700866699219
4.11,84.0550717415736,46.63190841674805
4.12,84.14256293670225,46.626808166503906
4.13,83.97416217345321,46.621707916259766
4.14,84.04137781125038,46.616607666015625
4.15,84.1969696655694,46.611507415771484
4.16,84.02023315099271,46.606407165527344
4.17,84.06548713329747,46.6013069152832
4.18,83.98905562708873,46.59620666503906
4.19,84.07939045157816,46.59110641479492
4.2,84.28658548231157,46.58600616455078
4.21,84.43237455534532,46.58200531005859
4.22,84.22283994239898,46.57800445556641
4.23,84.3043040656904,46.57400360107422
4.24,84.24466540126069,46.570002746582034
4.25,84.41719503508855,46.566001892089844
4.26,84.359178589383,46.56200103759765
4.27,84.19964862244662,46.55800018310547
4.28,84.18346524445892,46.55399932861328
4.29,84.26023171818048,46.5499984741211
4.3,84.27788912735855,46.545997619628906
4.31,84.24397763539854,46.55009841918945
4.32,84.12416759614904,46.55419921875
4.33,84.13136468872416,46.55830001831055
4.34,84.01795230433241,46.562400817871094
4.35,83.8590756114412,46.56650161743164
4.36,83.95376436552137,46.57060241699219
4.37,84.06439825040641,46.574703216552734
4.38,84.19845508553338,46.57880401611328
4.39,83.95736570421901,46.58290481567383
4.4,84.22859447696283,46.587005615234375
4.41,84.31902554028976,46.58110580444336
4.42,84.36891154267289,46.57520599365235
4.43,84.33284593959068,46.569306182861325
4.44,84.26612380580491,46.56340637207031
4.45,84.22152946645689,46.5575065612793
4.46,84.36983357295713,46.55160675048828
4.47,84.46103554649028,46.54570693969727
4.48,84.66950657782316,46.53980712890625
4.49,84.4359731532737,46.53390731811523
4.5,84.45749488631829,46.52800750732422
4.51,84.4791168199403,46.45470657348633
4.52,84.32339419416347,46.38140563964844
4.53,84.33075560411842,46.30810470581054
4.54,84.36032132230999,46.23480377197266
4.55,84.24909052800413,46.161502838134766
4.56,84.3051218916726,46.088201904296874
4.57,84.32792525327636,46.01490097045898
4.58,84.35911366160816,45.94160003662109
4.59,84.4199619324437,45.868299102783205
4.6,84.34812175227518,45.79499816894531
4.61,84.43225763467726,45.77909774780273
4.62,84.29627530495054,45.763197326660155
4.63,84.5882497436313,45.74729690551758
4.64,84.40375739489285,45.731396484375
4.65,84.30066284376413,45.71549606323242
4.66,84.2542425081904,45.69959564208985
4.67,84.30118208668249,45.683695220947264
4.68,84.05892153840706,45.66779479980469
4.69,84.20865231479573,45.65189437866211
4.7,84.23117662185997,45.63599395751953
4.71,84.37128805350697,45.629493713378906
4.72,84.17527361176715,45.62299346923828
4.73,84.06867604518874,45.616493225097656
4.74,84.17798465522067,45.60999298095703
4.75,84.25682504619265,45.603492736816406
4.76,84.25721437696276,45.59699249267578
4.77,84.16110296155759,45.590492248535156
4.78,84.26470916685632,45.58399200439453
4.79,84.18124055936279,45.577491760253906
4.8,84.24088272650997,45.57099151611328
4.81,84.34522618758969,45.58639297485352
4.82,84.4015103149144,45.60179443359375
4.83,84.30856199677962,45.61719589233398
4.84,84.45833294203072,45.63259735107422
4.85,84.52810775564173,45.64799880981445
4.86,84.51380345631061,45.66340026855469
4.87,84.28885699220321,45.678801727294925
4.88,84.19207889037052,45.69420318603515
4.89,84.42956848165532,45.70960464477539
4.9,84.47927275743635,45.725006103515625
4.91,84.30836727197507,45.697305297851564
4.92,84.39834107376745,45.6696044921875
4.93,84.48682290337413,45.64190368652344
4.94,84.47974057078801,45.614202880859374
4.95,84.35072520325456,45.58650207519531
4.96,84.29663876536674,45.55880126953125
4.97,84.37652168991457,45.53110046386719
4.98,84.45926845406575,45.50339965820312
4.99,84.58027248588684,45.47569885253906
5.0,84.44629518624194,45.447998046875
5.01,84.54164628763435,45.48609848022461
5.02,84.39217811195314,45.52419891357422
5.03,84.49946137835258,45.56229934692383
5.04,84.61943422820356,45.600399780273435
5.05,84.69210544296182,45.63850021362305
5.06,84.77981681451058,45.67660064697266
5.07,84.51020320021199,45.714701080322264
5.08,84.46832499814144,45.752801513671876
5.09,84.37395030484497,45.79090194702148
5.1,84.32010957699177,45.829002380371094
5.11,84.43718136399744,45.83970260620117
5.12,84.364697541569,45.85040283203125
5.13,84.36926217331407,45.86110305786133
5.14,84.58632528450275,45.871803283691406
5.15,84.4816638170644,45.882503509521484
5.16,84.29714501510936,45.89320373535156
5.17,84.19405075081379,45.90390396118164
5.18,84.15022771621477,45.91460418701172
5.19,84.30626425841503,45.9253044128418
5.2,84.20708247211643,45.936004638671875
5.21,84.29393879241316,45.96620483398438
5.22,84.32813298383316,45.996405029296874
5.23,84.14701131952854,46.026605224609376
5.24,84.2744885852071,46.05680541992187
5.25,84.1560964988855,46.087005615234375
5.26,84.23275966493487,46.11720581054688
5.27,84.2181819603356,46.147406005859374
5.28,84.26529319067113,46.177606201171876
5.29,84.24073998562562,46.20780639648437
5.3,83.93735852757375,46.238006591796875
5.31,83.91809845115459,46.20780563354492
5.32,83.94274708328109,46.17760467529297
5.33,83.96464634425773,46.147403717041016
5.34,83.9742399088139,46.11720275878906
5.35,83.81461501055908,46.08700180053711
5.36,83.63037398375387,46.056800842285156
5.37,83.8252096602056,46.0265998840332
5.38,83.73582658159748,45.99639892578125
5.39,83.86603477061516,45.9661979675293
5.4,83.97249087190106,45.935997009277344
5.41,83.90997801644707,46.00259857177734
5.42,83.83822575170588,46.06920013427734
5.43,83.89654195871117,46.13580169677734
5.44,84.0608853548694,46.20240325927735
5.45,83.9589202627754,46.269004821777344
5.46,83.87241803253886,46.33560638427734
5.47,83.87324670910168,46.40220794677734
5.48,83.92638117850086,46.46880950927735
5.49,83.9057366405281,46.53541107177735
5.5,83.85906266443232,46.602012634277344
5.51,83.80066241549764,46.5547119140625
5.52,83.86251307491536,46.50741119384766
5.53,83.89844560499743,46.46011047363281
5.54,83.97710318633551,46.41280975341797
5.55,83.76175531631895,46.365509033203125
5.56,83.88924485076271,46.31820831298828
5.57,83.70250292457737,46.27090759277343
5.58,83.88608524202017,46.22360687255859
5.59,83.76655593758267,46.17630615234375
5.6,83.97019771776756,46.129005432128906
5.61,83.77235956497246,46.21270599365235
5.62,83.75353247208575,46.296406555175786
5.63,83.72129194322042,46.38010711669922
5.64,83.67001357161655,46.46380767822266
5.65,83.60480816547232,46.5475082397461
5.66,83.57659011174361,46.63120880126953
5.67,83.3658745982525,46.714909362792966
5.68,83.32796553208387,46.7986099243164
5.69,83.57413434472679,46.882310485839845
5.7,83.71821311575331,46.96601104736328
5.71,83.74545881839258,46.909609985351565
5.72,83.69004059859785,46.85320892333984
5.73,83.80677138653972,46.796807861328126
5.74,83.81926828825762,46.7404067993164
5.75,83.9313808037007,46.68400573730469
5.76,83.82100278466689,46.62760467529297
5.77,83.99146565368908,46.57120361328125
5.78,84.03540286207527,46.51480255126953
5.79,84.15276326305393,46.45840148925781
5.8,83.98976826576252,46.402000427246094
5.81,84.2268103574897,46.46380157470703
5.82,84.14288715888298,46.525602722167974
5.83,84.2154962186414,46.58740386962891
5.84,84.03085374818876,46.64920501708984
5.85,83.9681507478727,46.71100616455078
5.86,83.97567801947653,46.77280731201172
5.87,83.9286219247487,46.834608459472655
5.88,83.82082156778459,46.89640960693359
5.89,84.03181281038877,46.95821075439453
5.9,84.09455253668057,47.02001190185547
5.91,84.1157065459481,46.93981170654297
5.92,84.23196814153796,46.85961151123047
5.93,84.02629828022447,46.779411315917976
5.94,84.05626426180768,46.69921112060547
5.95,84.06373714637743,46.61901092529297
5.96,84.12829129801649,46.53881072998047
5.97,84.0361934613781,46.45861053466797
5.98,84.02513189221781,46.37841033935547
5.99,84.01358508774467,46.29821014404297
6.0,84.28465147801414,46.21800994873047
6.01,84.197858320249,46.1647087097168
6.02,84.05154607905368,46.11140747070313
6.03,83.9302021221686,46.05810623168945
6.04,84.14249809234107,46.00480499267578
6.05,84.26111422039077,45.95150375366211
6.06,84.10804333880401,45.89820251464844
6.07,84.27075715595483,45.84490127563476
6.08,84.27986199241967,45.79160003662109
6.09,84.24505470393642,45.73829879760742
6.1,84.54038533175033,45.68499755859375
6.11,84.52175158284233,45.645697784423824
6.12,84.412103023259,45.606398010253905
6.13,84.32578304683365,45.567098236083986
6.14,84.38203471296319,45.52779846191406
6.15,84.37523599248199,45.48849868774414
6.16,84.38496987201378,45.44919891357422
6.17,84.33653979174159,45.409899139404295
6.18,84.12890078453819,45.370599365234376
6.19,84.3098861314142,45.33129959106445
6.2,84.29573011579542,45.29199981689453
6.21,84.30068880587207,45.286800384521484
6.22,84.1955685801722,45.28160095214844
6.23,84.16339872092267,45.27640151977539
6.24,84.00208443260583,45.271202087402344
6.25,84.09875330561,45.2660026550293
6.26,84.09903854681033,45.26080322265625
6.27,84.17882781160627,45.2556037902832
6.28,84.28888295249315,45.250404357910156
6.29,84.11609555054443,45.24520492553711
6.3,84.22595398553493,45.24000549316406
6.31,84.3027528062456,45.25000534057617
6.32,84.1660058076611,45.260005187988284
6.33,84.07367990689386,45.27000503540039
6.34,84.18663044867272,45.2800048828125
6.35,83.96719852945392,45.29000473022461
6.36,84.10413407339118,45.30000457763672
6.37,84.10726536775016,45.31000442504883
6.38,84.39537321407023,45.320004272460935
6.39,84.23122852467574,45.330004119873045
6.4,84.2471180231349,45.340003967285156
6.41,84.27609799355196,45.360903930664065
6.42,84.4292437076187,45.38180389404297
6.43,84.43427127971378,45.402703857421876
6.44,84.32438089007769,45.42360382080078
6.45,84.55066174342741,45.44450378417969
6.46,84.36256785392358,45.4654037475586
6.47,84.45025787225529,45.4863037109375
6.48,84.4487897187264,45.50720367431641
6.49,84.56584025664317,45.52810363769531
6.5,84.56240140987155,45.54900360107422
6.51,84.4504657534324,45.53270263671875
6.52,84.29611953644061,45.51640167236328
6.53,84.3370072097269,45.500100708007814
6.54,84.29373110397697,45.48379974365234
6.55,84.10909360543403,45.467498779296875
6.56,84.36255486810576,45.45119781494141
6.57,84.37896324331523,45.434896850585936
6.58,84.39758773831352,45.41859588623047
6.59,84.52268744604226,45.402294921875
6.6,84.5599572039486,45.38599395751953
6.61,84.43970174537374,45.37109451293945
6.62,84.53892939438586,45.356195068359376
6.63,84.76508120111947,45.341295623779295
6.64,84.5999725103271,45.32639617919922
6.65,84.59264487427001,45.31149673461914
6.66,84.53211135729362,45.29659729003906
6.67,84.54727520538555,45.281697845458986
6.68,84.4800524470754,45.266798400878905
6.69,84.46245183244034,45.25189895629883
6.7,84.41688327484871,45.23699951171875
6.71,84.54295925169261,45.242400360107425
6.72,84.68122196319091,45.24780120849609
6.73,84.63381249695665,45.25320205688477
6.74,84.41170034520287,45.258602905273435
6.75,84.385645225568,45.26400375366211
6.76,84.43575229848447,45.269404602050784
6.77,84.42258598027784,45.27480545043945
6.78,84.40179606908974,45.280206298828126
6.79,84.35990578216831,45.285607147216794
6.8,84.2530356070161,45.29100799560547
6.81,84.26704527425879,45.35690765380859
6.82,84.1229745943325,45.42280731201172
6.83,84.08818027698175,45.48870697021484
6.84,83.94765651897754,45.554606628417964
6.85,83.89488437953513,45.620506286621094
6.86,84.17371705152289,45.68640594482422
6.87,84.10124269966927,45.752305603027345
6.88,84.00579047413756,45.81820526123047
6.89,83.88789812500633,45.88410491943359
6.9,83.70230890093328,45.95000457763672
6.91,83.6955052806843,45.888404846191406
6.92,83.717760351783,45.826805114746094
6.93,83.56320662175456,45.76520538330078
6.94,83.70804562557049,45.70360565185547
6.95,83.65979081929184,45.642005920410156
6.96,83.63528073853928,45.580406188964844
6.97,83.6166306571353,45.51880645751953
6.98,83.83496354269612,45.45720672607422
6.99,83.76367037245963,45.395606994628906
7.0,83.71343975148363,45.334007263183594
7.01,83.74096931075546,45.343407440185544
7.02,83.72894397746147,45.3528076171875
7.03,83.52195137561736,45.36220779418945
7.04,83.76431735583277,45.37160797119141
7.05,83.69222645111961,45.38100814819336
7.06,83.8048040664739,45.39040832519531
7.07,83.69204537349495,45.39980850219727
7.08,83.70166215707705,45.40920867919922
7.09,83.69911401059953,45.418608856201175
7.1,83.64223707361077,45.428009033203125
7.11,83.73358841049445,45.42840805053711
7.12,83.66928935841985,45.42880706787109
7.13,83.7525620604408,45.42920608520508
7.14,83.81381251071896,45.429605102539064
7.15,83.52230024187081,45.43000411987305
7.16,83.63787963284827,45.43040313720703
7.17,83.60969478133504,45.43080215454101
7.18,83.67142320986194,45.431201171875
7.19,83.80479112365519,45.431600189208986
7.2,83.64081475109153,45.43199920654297
7.21,83.78758453287786,45.480299377441405
7.22,83.55093559498677,45.52859954833984
7.23,83.66438806935028,45.576899719238284
7.24,83.67166892783564,45.62519989013672
7.25,83.4781227822377,45.673500061035156
7.26,83.36537115267045,45.72180023193359
7.27,83.47601723189155,45.77010040283203
7.28,83.44424344436847,45.81840057373047
7.29,83.65878215625014,45.86670074462891
7.3,83.54182498693002,45.915000915527344
7.31,83.4472913996216,45.91960144042969
7.32,83.50597537676919,45.92420196533203
7.33,83.56088029102037,45.928802490234375
7.34,83.24821299298631,45.93340301513672
7.35,83.32888185671206,45.93800354003906
7.36,83.25434694274918,45.942604064941406
7.37,83.4957045127864,45.94720458984375
7.38,83.44629693352684,45.951805114746094
7.39,83.56876409847456,45.95640563964844
7.4,83.61915169079371,45.96100616455078
7.41,83.67332430042961,45.95910568237305
7.42,83.79910285431913,45.95720520019531
7.43,83.75889571242834,45.95530471801758
7.44,83.65657087778256,45.95340423583984
7.45,83.72339411360491,45.95150375366211
7.46,83.69639775503526,45.94960327148438
7.47,83.69930803054068,45.94770278930664
7.48,83.79380950491995,45.94580230712891
7.49,83.74065880170846,45.94390182495117
7.5,83.92590194763706,45.94200134277344
7.51,83.70602125900065,45.90050048828125
7.52,83.83250398263164,45.85899963378906
7.53,83.837694991155,45.817498779296876
7.54,83.7111372016572,45.775997924804685
7.55,83.54447411961151,45.7344970703125
7.56,83.75840402075002,45.692996215820315
7.57,83.66921176433468,45.651495361328124
7.58,83.43373100887081,45.60999450683594
7.59,83.53011115768373,45.56849365234375
7.6,83.58888887449082,45.52699279785156
7.61,83.5074353118541,45.58739395141602
7.62,83.52326931861991,45.647795104980474
7.63,83.44924805851406,45.70819625854492
7.64,83.35608350257793,45.76859741210937
7.65,83.3597300843274,45.82899856567383
7.66,83.1375246744326,45.889399719238284
7.67,83.01592793216984,45.94980087280273
7.68,83.00356834803137,46.01020202636718
7.69,82.8648164745668,46.070603179931645
7.7,83.1084189232315,46.131004333496094
7.71,83.010852597039,46.10660400390625
7.72,82.92303782634137,46.08220367431641
7.73,83.20510755641078,46.05780334472656
7.74,83.00231891521385,46.03340301513672
7.75,83.09444146678808,46.009002685546875
7.76,83.14607819552843,45.98460235595703
7.77,83.1005568605663,45.96020202636719
7.78,83.06362948392884,45.93580169677734
7.79,83.29359410039575,45.9114013671875
7.8,83.39085514775394,45.887001037597656
7.81,83.33911664177612,45.87950057983399
7.82,83.39126829432944,45.87200012207031
7.83,83.24805819584671,45.86449966430664
7.84,83.42042352806646,45.856999206542966
7.85,83.44579324516816,45.8494987487793
7.86,83.5250976559914,45.84199829101563
7.87,83.55251223289928,45.83449783325195
7.88,83.54981128031595,45.82699737548828
7.89,83.54704575687799,45.81949691772461
7.9,83.90586614668692,45.81199645996094
7.91,83.83484703640534,45.83319625854492
7.92,83.74006366097751,45.8543960571289
7.93,83.81911296109648,45.87559585571289
7.94,83.78645862707805,45.896795654296874
7.95,83.65033807470924,45.91799545288086
7.96,83.51841107040765,45.939195251464845
7.97,83.640685449644,45.960395050048824
7.98,83.72475245489093,45.98159484863282
7.99,83.77052205051709,46.002794647216795
8.0,83.66015290494383,46.02399444580078
8.01,83.63233278790347,46.01599655151367
8.02,83.80063653050087,46.007998657226565
8.03,83.46848655443344,46.00000076293945
8.04,83.38070110400952,45.99200286865234
8.05,83.60599748740132,45.984004974365234
8.06,83.60978527556814,45.976007080078126
8.07,83.55146544705188,45.96800918579102
8.08,83.44620652781207,45.9600112915039
8.09,83.26422882200009,45.952013397216795
8.1,83.31834443040331,45.94401550292969
8.11,83.28266537804976,45.93901443481445
8.12,83.23661650576248,45.93401336669922
8.13,83.19389449324872,45.929012298583984
8.14,83.4591027492654,45.92401123046875
8.15,83.29044572905192,45.919010162353516
8.16,83.36997967280695,45.91400909423828
8.17,83.39005467917629,45.90900802612305
8.18,83.35254671453315,45.90400695800781
8.19,83.27151159777374,45.89900588989258
8.2,83.10424296167355,45.894004821777344
8.21,82.8107776104204,45.87620468139648
8.22,82.96750603363802,45.858404541015624
8.23,83.01843989400838,45.84060440063477
8.24,83.17806595091946,45.8228042602539
8.25,83.18937466412815,45.80500411987305
8.26,83.27602720940946,45.78720397949219
8.27,83.23540401647983,45.76940383911133
8.28,83.1920375431914,45.75160369873047
8.29,83.26043596871237,45.733803558349614
8.3,83.42707390876447,45.71600341796875
8.31,83.37405257190697,45.73390350341797
8.32,83.45425928332938,45.75180358886719
8.33,83.41118446127498,45.7697036743164
8.34,83.5185015152272,45.787603759765624
8.35,83.3418012796096,45.805503845214844
8.36,83.24233080285701,45.823403930664064
8.37,83.18724696838606,45.84130401611328
8.38,83.08658006530055,45.8592041015625
8.39,83.10763270022977,45.87710418701172
8.4,82.96939911054294,45.89500427246094
8.41,83.06921542140256,45.93470306396485
8.42,82.97943792754317,45.97440185546875
8.43,83.10603448788662,46.01410064697266
8.44,83.13272922131655,46.05379943847656
8.45,83.1436738852377,46.09349822998047
8.46,83.15238243066443,46.13319702148438
8.47,82.94663854847406,46.17289581298829
8.48,82.94885330081112,46.21259460449219
8.49,82.95892307087142,46.25229339599609
8.5,83.09597512780674,46.2919921875
8.51,83.05946753294288,46.28389282226563
8.52,83.0075292382989,46.27579345703125
8.53,83.13388939890362,46.267694091796876
8.54,83.12676732803084,46.2595947265625
8.55,83.191934379907,46.251495361328125
8.56,83.14419599578436,46.24339599609375
8.57,83.14833428493739,46.235296630859374
8.58,83.18032247426235,46.227197265625
8.59,83.10975937758015,46.21909790039062
8.6,83.04580341121707,46.21099853515625
8.61,83.23470103744931,46.284699249267575
8.62,83.13542342391953,46.3583999633789
8.63,83.42926923825551,46.43210067749024
8.64,83.38968026777326,46.50580139160157
8.65,83.32652652814102,46.5795021057129
8.66,83.26475776418621,46.65320281982422
8.67,83.21754017689763,46.72690353393555
8.68,83.07694713640647,46.80060424804688
8.69,83.2931553893454,46.874304962158206
8.7,83.2761304248209,46.94800567626953
8.71,83.37278744436215,46.90150604248046
8.72,83.47364044622917,46.8550064086914
8.73,83.50980611584629,46.80850677490234
8.74,83.31292433450712,46.76200714111328
8.75,83.23280493630311,46.71550750732422
8.76,83.07849352258327,46.66900787353516
8.77,83.13860753782598,46.6225082397461
8.78,82.97408682249595,46.576008605957036
8.79,83.09637465526976,46.529508972167974
8.8,83.24710361666602,46.483009338378906
8.81,83.22865164735468,46.460907745361325
8.82,83.23045741242542,46.43880615234375
8.83,83.20290873278351,46.41670455932617
8.84,83.1289651453307,46.3946029663086
8.85,83.11026205074785,46.372501373291016
8.86,83.08701823199034,46.35039978027344
8.87,82.87070461454397,46.32829818725586
8.88,83.01662354856639,46.30619659423828
8.89,82.99055281347117,46.284095001220706
8.9,82.8626157142795,46.261993408203125
8.91,83.12984170335947,46.24719467163086
8.92,83.29160700663783,46.23239593505859
8.93,83.20387595487553,46.21759719848633
8.94,82.97679133193614,46.202798461914064
8.95,83.16262570810427,46.1879997253418
8.96,83.21844299671284,46.17320098876953
8.97,83.26215177259435,46.15840225219726
8.98,83.27249212017985,46.143603515625
8.99,83.18798198747523,46.128804779052736
9.0,83.18715670310776,46.11400604248047
9.01,83.16849218790044,46.132006072998045
9.02,83.0964777592871,46.15000610351562
9.03,83.09158038910427,46.1680061340332
9.04,83.05263211178888,46.18600616455078
9.05,83.19149593666185,46.20400619506836
9.06,83.01599234097301,46.222006225585936
9.07,83.33978779718073,46.24000625610352
9.08,83.24029272405444,46.2580062866211
9.09,83.19998130817632,46.27600631713867
9.1,83.12005158879381,46.29400634765625
9.11,83.08993078111558,46.28610687255859
9.12,83.05296066682585,46.27820739746094
9.13,83.06102664168625,46.27030792236328
9.14,83.05821767947606,46.26240844726562
9.15,83.04884408094989,46.25450897216797
9.16,83.29136184736224,46.24660949707031
9.17,83.17189613037374,46.23871002197266
9.18,83.20539127805735,46.230810546875
9.19,83.27829796323715,46.22291107177735
9.2,83.14207532638308,46.21501159667969
9.21,83.10077596219304,46.21801071166992
9.22,83.13446949073295,46.22100982666016
9.23,83.12923584658165,46.22400894165039
9.24,83.1999426200902,46.22700805664063
9.25,83.17303079334424,46.23000717163086
9.26,83.09638754326842,46.23300628662109
9.27,83.11632646846192,46.23600540161133
9.28,83.10589271172731,46.23900451660156
9.29,83.12582633478907,46.2420036315918
9.3,83.21392894660956,46.24500274658203
9.31,83.33012083886878,46.22230072021485
9.32,83.2389125203008,46.199598693847655
9.33,83.24293707161944,46.17689666748047
9.34,83.26976989457643,46.154194641113286
9.35,83.07882857481853,46.131492614746094
9.36,83.16966550868888,46.10879058837891
9.37,83.2180947656325,46.086088562011724
9.38,83.45057834321578,46.06338653564453
9.39,83.4443984238008,46.04068450927734
9.4,83.33924570991327,46.017982482910156
9.41,83.40330809046912,46.03908462524414
9.42,83.54097210437061,46.060186767578124
9.43,83.42756462696762,46.08128890991211
9.44,83.40821463844294,46.10239105224609
9.45,83.57885203433678,46.12349319458008
9.46,83.46617445918977,46.144595336914065
9.47,83.54157945968636,46.165697479248045
9.48,83.38900891150023,46.18679962158203
9.49,83.38055909375726,46.20790176391601
9.5,83.31279528675363,46.22900390625
9.51,83.3399297727088,46.21650314331055
9.52,83.43016029199573,46.204002380371094
9.53,83.42078509534846,46.19150161743164
9.54,83.59752375598033,46.17900085449219
9.55,83.45853444198428,46.166500091552734
9.56,83.49680262531814,46.15399932861328
9.57,83.36410609099403,46.14149856567383
9.58,83.44748512747253,46.128997802734375
9.59,83.5385491690441,46.11649703979492
9.6,83.48836026618581,46.10399627685547
9.61,83.55550400611159,46.09539566040039
9.62,83.4978619877802,46.086795043945315
9.63,83.49436094962894,46.07819442749023
9.64,83.37633757149048,46.069593811035155
9.65,83.0954467219921,46.06099319458008
9.66,83.30143302661811,46.052392578125
9.67,83.39009341143837,46.043791961669925
9.68,83.37672486265876,46.03519134521484
9.69,83.34047186220103,46.026590728759764
9.7,83.46939073446795,46.01799011230469
9.71,83.09524051530069,46.0871910095215
9.72,83.00605436088517,46.156391906738286
9.73,83.06031795407982,46.22559280395508
9.74,83.26351926804749,46.294793701171876
9.75,83.12009025830076,46.36399459838867
9.76,83.07241115331375,46.43319549560547
9.77,83.20875728541168,46.50239639282226
9.78,83.31233071566862,46.57159729003906
9.79,83.37623429399753,46.64079818725585
9.8,83.16789908383795,46.709999084472656
9.81,83.26872488140117,46.66259994506836
9.82,83.35843924884142,46.61520080566407
9.83,83.18569957039142,46.56780166625977
9.84,83.26627364165908,46.52040252685547
9.85,83.35467652316386,46.47300338745118
9.86,83.55486429415508,46.42560424804688
9.87,83.41627201976874,46.37820510864258
9.88,83.29723931504074,46.33080596923828
9.89,83.38529713746338,46.283406829833986
9.9,83.48578953227543,46.23600769042969
9.91,83.4981462081207,46.24430770874024
9.92,83.57405679477709,46.25260772705078
9.93,83.50092384145712,46.26090774536133
9.94,83.5853794682817,46.26920776367187
9.95,83.41060340482157,46.27750778198242
9.96,83.21922974368795,46.28580780029297
9.97,83.22257668153445,46.294107818603514
9.98,83.2565270980662,46.302407836914064
9.99,83.42795203709481,46.31070785522461
10.0,83.4711345240786,46.319007873535156
10.01,83.42646696982538,46.27270660400391
10.02,83.34473764901624,46.22640533447266
10.03,83.51227385777807,46.18010406494141
10.04,83.64961394666922,46.13380279541016
10.05,83.58604514887152,46.0875015258789
10.06,83.60952672074636,46.04120025634765
10.07,83.67019462540546,45.9948989868164
10.08,83.44253868011157,45.94859771728515
10.09,83.44902849798078,45.902296447753905
10.1,83.48931622758455,45.855995178222656
10.11,83.59590791339971,45.89599533081055
10.12,83.48151367559834,45.935995483398436
10.13,83.4067168348106,45.97599563598634
10.14,83.38689803279192,46.01599578857422
10.15,83.5587349258231,46.05599594116211
10.16,83.55728746606863,46.09599609375
10.17,83.69771707366154,46.135996246337896
10.18,83.8370218338486,46.17599639892578
10.19,83.49283007867469,46.21599655151367
10.2,83.57581460247205,46.25599670410156
10.21,83.69935976922963,46.122097778320295
10.22,83.87884685450175,45.98819885253905
10.23,83.93786369732389,45.854299926757804
10.24,84.01779679318749,45.72040100097656
10.25,83.89299372327834,45.58650207519531
10.26,83.83953324218115,45.45260314941407
10.27,83.85893319439845,45.31870422363282
10.28,83.85714651813731,45.184805297851575
10.29,83.88147542780864,45.05090637207033
10.3,84.00961322500375,44.91700744628906
10.31,83.99298165587915,44.93070678710937
10.32,83.95149090105465,44.94440612792969
10.33,83.96429655540038,44.95810546875
10.34,84.1342695484225,44.97180480957031
10.35,83.88538599238917,44.985504150390625
10.36,84.01123306092823,44.999203491210935
10.37,83.91480878592199,45.01290283203125
10.38,83.96509977534241,45.02660217285156
10.39,83.80863518474433,45.04030151367188
10.4,83.75661841573974,45.05400085449219
10.41,84.0698945884679,45.14800109863281
10.42,83.95477480527396,45.242001342773435
10.43,83.89365415557702,45.33600158691406
10.44,84.0609631303598,45.43000183105468
10.45,84.01498465814956,45.524002075195305
10.46,84.11237411009857,45.61800231933594
10.47,84.02605204208227,45.71200256347657
10.48,84.0428424190577,45.80600280761719
10.49,84.13408799322217,45.900003051757814
10.5,84.05175346891976,45.99400329589844
10.51,84.1656815409426,45.97550277709961
10.52,84.09399503511,45.95700225830078
10.53,83.98934068219545,45.93850173950195
10.54,84.15770477635866,45.92000122070313
10.55,84.2876887832932,45.9015007019043
10.56,84.116186318413,45.883000183105466
10.57,84.21092277430844,45.86449966430664
10.58,84.2341091560229,45.84599914550781
10.59,84.39029484838662,45.82749862670899
10.6,84.30434300969485,45.808998107910156
10.61,84.2447043314878,45.78309860229492
10.62,84.20092000802859,45.75719909667969
10.63,84.17863323668097,45.73129959106445
10.64,84.25805793005046,45.70540008544921
10.65,84.24127202044554,45.679500579833984
10.66,84.27669503603933,45.65360107421875
10.67,84.19075568117778,45.62770156860351
10.68,84.29462676218553,45.60180206298828
10.69,84.35516609983956,45.57590255737305
10.7,84.2779670031732,45.55000305175781
10.71,84.15043522778923,45.516703033447264
10.72,84.2879483845736,45.483403015136716
10.73,84.27673397366631,45.45010299682617
10.74,84.12604788792413,45.416802978515626
10.75,84.07405585070453,45.38350296020508
10.76,83.9358754125267,45.35020294189453
10.77,83.92469740042642,45.31690292358399
10.78,83.72189995365771,45.28360290527344
10.79,83.83804451620692,45.25030288696289
10.8,83.76631008032136,45.217002868652344
10.81,83.72143424333764,45.26640319824219
10.82,84.02252698823219,45.31580352783203
10.83,84.11343737039705,45.365203857421875
10.84,84.13661032848043,45.41460418701172
10.85,84.03566207455167,45.464004516601555
10.86,84.20101082165175,45.5134048461914
10.87,84.25600745450328,45.56280517578124
10.88,84.37684636253255,45.612205505371094
10.89,84.35565954000944,45.66160583496094
10.9,84.35843841423096,45.71100616455078
10.91,84.4033937036189,45.69190521240235
10.92,84.40070501029558,45.672804260253905
10.93,84.32255031407993,45.65370330810547
10.94,84.31337826184192,45.634602355957036
10.95,84.2986507925596,45.615501403808594
10.96,84.40222470125973,45.59640045166015
10.97,84.44624321720697,45.57729949951172
10.98,84.11574544636726,45.55819854736328
10.99,84.08565218278603,45.53909759521484
11.0,84.04905742061771,45.519996643066406
11.01,84.26224331083976,45.51389770507812
11.02,84.41828620046151,45.507798767089845
11.03,84.33960399989891,45.50169982910156
11.04,84.29201768414094,45.495600891113284
11.05,84.24498982009466,45.489501953125
11.06,84.26111422039077,45.483403015136716
11.07,84.30052005224192,45.47730407714844
11.08,84.10780994711006,45.471205139160155
11.09,84.0649556538625,45.46510620117188
11.1,84.02063489423618,45.459007263183594
11.11,84.05749567744871,45.54300765991211
11.12,84.11233521045898,45.62700805664062
11.13,84.25564408169241,45.71100845336915
11.14,84.17498824131164,45.795008850097666
11.15,84.31877887360315,45.87900924682618
11.16,84.29457483984062,45.96300964355469
11.17,84.12185940463202,46.047010040283205
11.18,84.00037397947156,46.131010437011724
11.19,84.02945404561132,46.21501083374024
11.2,83.95822070964401,46.29901123046875
11.21,83.88497162361271,46.22891082763671
11.22,83.98849847532232,46.15881042480468
11.23,83.92622575212484,46.08871002197265
11.24,83.84489276513055,46.01860961914062
11.25,83.7565795984509,45.948509216308594
11.26,83.9431615947303,45.87840881347657
11.27,83.98534995472092,45.808308410644536
11.28,83.9188884984701,45.73820800781251
11.29,83.9642836002715,45.66810760498048
11.3,84.01471251854673,45.59800720214844
11.31,84.09693814566889,45.64370651245117
11.32,83.9719596865187,45.689405822753905
11.33,84.10259113683483,45.735105133056635
11.34,84.08294262658623,45.78080444335937
11.35,83.99355177990091,45.8265037536621
11.36,84.15491624051695,45.87220306396484
11.37,83.89865280589649,45.91790237426757
11.38,83.91035359407516,45.963601684570314
11.39,84.0195074236972,46.00930099487305
11.4,84.04232397235698,46.05500030517578
11.41,84.01538638884502,46.02000045776367
11.42,84.09971275520677,45.98500061035156
11.43,84.09097418664285,45.95000076293945
11.44,83.99936326535041,45.915000915527344
11.45,84.01731730139664,45.880001068115234
11.46,83.97951304144614,45.845001220703125
11.47,83.86186571242783,45.810001373291016
11.48,84.11103856095316,45.775001525878906
11.49,84.06666676438752,45.7400016784668
11.5,84.15267247545282,45.70500183105469
11.51,84.15945574108044,45.680301666259766
11.52,83.99458837398865,45.655601501464844
11.53,84.10582613078577,45.63090133666992
11.54,83.88629242765572,45.606201171875
11.55,84.16638195783709,45.58150100708008
11.56,84.1554350343848,45.556800842285156
11.57,84.13775155295747,45.532100677490234
11.58,84.08010347338909,45.50740051269531
11.59,84.02435430471087,45.48270034790039
11.6,84.03859120331757,45.45800018310547
11.61,84.20308657496207,45.43369979858399
11.62,84.43771401878242,45.4093994140625
11.63,84.42926968951863,45.38509902954101
11.64,84.42302765570525,45.36079864501953
11.65,84.30587481433787,45.33649826049805
11.66,84.16854159219368,45.31219787597656
11.67,84.22739424995498,45.28789749145508
11.68,84.11221851159418,45.263597106933595
11.69,84.09756048401334,45.23929672241211
11.7,84.04137781125038,45.214996337890625
11.71,83.98842073336229,45.236096954345705
11.72,83.85168303201291,45.257197570800784
11.73,83.65743728165329,45.278298187255864
11.74,83.55615018505667,45.299398803710936
11.75,83.64032340612259,45.320499420166016
11.76,83.7197525224103,45.341600036621095
11.77,83.77708284601346,45.36270065307617
11.78,83.89858805558805,45.38380126953125
11.79,83.83047163653957,45.40490188598633
11.8,83.70528395485402,45.426002502441406
11.81,83.7173463972244,45.40230178833008
11.82,83.6455860443923,45.37860107421875
11.83,83.73930033139663,45.35490036010742
11.84,83.5726996764816,45.331199645996094
11.85,83.4365075705976,45.307498931884766
11.86,83.55023774361094,45.28379821777344
11.87,83.56245702275973,45.26009750366211
11.88,83.3365482066306,45.23639678955078
11.89,83.4994639632926,45.21269607543945
11.9,83.4851565435661,45.188995361328125
11.91,83.4337568371391,45.20079574584961
11.92,83.49245543661779,45.2125961303711
11.93,83.5454045566661,45.224396514892575
11.94,83.50837846254373,45.23619689941406
11.95,83.76225995736684,45.24799728393555
11.96,83.72233979237156,45.25979766845703
11.97,83.68656140109533,45.27159805297852
11.98,83.62217698134893,45.2833984375
11.99,83.55735208454033,45.29519882202148
12.0,83.51945764917208,45.30699920654297
12.01,83.78670451390592,45.30479965209961
12.02,83.65814851206449,45.30260009765625
12.03,83.68773837059462,45.30040054321289
12.04,83.79784744826223,45.29820098876953
12.05,83.65050617630963,45.29600143432617
12.06,83.46672987579521,45.293801879882814
12.07,83.35099777989224,45.291602325439456
12.08,83.51680891315021,45.28940277099609
12.09,83.34335657963203,45.28720321655273
12.1,83.40493498248838,45.285003662109375
12.11,83.24285967548428,45.3316047668457
12.12,83.31292433450712,45.37820587158203
12.13,83.26459005062823,45.424806976318365
12.14,83.23019944478742,45.47140808105469
12.15,83.46341678126299,45.51800918579102
12.16,83.35536064928569,45.56461029052735
12.17,83.35489595953861,45.61121139526367
12.18,83.33186317311049,45.6578125
12.19,83.31112413010747,45.70441360473633
12.2,83.43305302099367,45.751014709472656
12.21,83.61811741597744,45.75051345825195
12.22,83.48193996455218,45.75001220703125
12.23,83.53991893237925,45.74951095581055
12.24,83.47072117970899,45.749009704589845
12.25,83.31341471688185,45.74850845336914
12.26,83.28892317737112,45.748007202148436
12.27,83.2984264472983,45.74750595092773
12.28,83.1681698484737,45.747004699707034
12.29,83.20026502108274,45.74650344848633
12.3,83.25034146825031,45.746002197265625
12.31,83.23652621370307,45.73350143432617
12.32,83.18177955988386,45.72100067138672
12.33,83.09406771960901,45.708499908447266
12.34,83.08380933210303,45.69599914550781
12.35,83.09534361861442,45.68349838256836
12.36,82.97429287880692,45.670997619628906
12.37,83.05676167647107,45.65849685668945
12.38,82.98094476880888,45.64599609375
12.39,83.1076842557225,45.63349533081055
12.4,83.15093849476817,45.620994567871094
12.41,83.21706297411656,45.60229721069336
12.42,83.3309081135667,45.58359985351562
12.43,83.45210237173107,45.56490249633789
12.44,83.49921849830585,45.54620513916016
12.45,83.61023774746822,45.52750778198242
12.46,83.25855247503219,45.508810424804686
12.47,83.35249508314658,45.49011306762695
12.48,83.21655997807174,45.47141571044922
12.49,83.15851929808979,45.452718353271486
12.5,83.170065213265,45.43402099609375
12.51,83.1572429141548,45.47741775512695
12.52,83.06337177495712,45.52081451416016
12.53,83.05768939372473,45.56421127319336
12.54,83.12429239831944,45.60760803222656
12.55,82.92785297761948,45.65100479125977
12.56,83.05966081009171,45.69440155029297
12.57,83.2201067774864,45.73779830932617
12.58,83.07759146223111,45.781195068359374
12.59,83.153400928703,45.82459182739258
12.6,83.30158787337416,45.86798858642578
12.61,83.35164316757692,45.86628952026367
12.62,83.26644135691262,45.86459045410156
12.63,83.35608350257793,45.862891387939456
12.64,83.28220089097807,45.861192321777345
12.65,83.3941861711567,45.859493255615234
12.66,83.48722345434918,45.857794189453124
12.67,83.24789049910788,45.85609512329101
12.68,83.48479483680961,45.85439605712891
12.69,83.77053499068927,45.8526969909668
12.7,83.6916832188333,45.85099792480469
12.71,83.60285614455559,45.85929794311524
12.72,83.67921522907497,45.86759796142578
12.73,83.87329850152277,45.87589797973633
12.74,83.63256551895944,45.88419799804687
12.75,83.51303615192371,45.89249801635742
12.76,83.53804520234107,45.90079803466797
12.77,83.54468088295367,45.909098052978514
12.78,83.52050423449387,45.917398071289064
12.79,83.43244606030567,45.92569808959961
12.8,83.4987146502529,45.933998107910156
12.81,83.38973191067542,45.917799377441405
12.82,83.2975877116741,45.90160064697265
12.83,83.3349219817257,45.88540191650391
12.84,83.2638417921966,45.86920318603516
12.85,83.32237090148338,45.853004455566406
12.86,83.31347924098597,45.836805725097655
12.87,83.24256299063283,45.82060699462891
12.88,83.45788864060444,45.80440826416016
12.89,83.42121122922245,45.78820953369141
12.9,83.25528866314146,45.772010803222656
12.91,83.32233218495206,45.841209411621094
12.92,83.29940712815237,45.91040802001953
12.93,83.16947210359363,45.97960662841796
12.94,83.17987116714514,46.0488052368164
12.95,83.00360699043337,46.11800384521484
12.96,83.03742253406449,46.18720245361329
12.97,83.03463973742619,46.256401062011726
12.98,83.2847297807063,46.325599670410156
12.99,83.09877828157948,46.394798278808594
13.0,83.07692136342547,46.46399688720703
13.01,82.97532316419965,46.454996490478514
13.02,83.07455026627464,46.44599609375
13.03,83.06149051157483,46.43699569702149
13.04,83.1963575631467,46.42799530029297
13.05,83.28863931334266,46.41899490356445
13.06,83.22008098230872,46.409994506835936
13.07,83.37839022493216,46.40099411010742
13.08,83.40657480240564,46.39199371337891
13.09,83.42309656184595,46.38299331665039
13.1,83.38906055419451,46.373992919921875
13.11,83.25472105021258,46.40419464111328
13.12,83.15690770383638,46.43439636230469
13.13,83.0564266687361,46.4645980834961
13.14,83.0548160640579,46.4947998046875
13.15,83.14393171875024,46.525001525878906
13.16,83.05663282726228,46.55520324707032
13.17,83.10682070332854,46.58540496826172
13.18,83.04238916621016,46.615606689453124
13.19,82.91078814798531,46.645808410644534
13.2,82.94369632420677,46.67601013183594
13.21,83.1375117832442,46.62720947265624
13.22,83.09722526532573,46.57840881347656
13.23,83.28037521402251,46.529608154296874
13.24,83.16213576970287,46.48080749511718
13.25,82.96360404529769,46.4320068359375
13.26,83.01010547958748,46.38320617675782
13.27,82.96764769170645,46.334405517578126
13.28,83.0876110475861,46.28560485839844
13.29,83.23212131329575,46.23680419921876
13.3,83.08260440248488,46.18800354003906
13.31,83.08454389407815,46.21710357666016
13.32,83.00283414410232,46.246203613281246
13.33,83.10630515179932,46.27530364990234
13.34,83.13822080009021,46.304403686523436
13.35,82.860453592282,46.33350372314453
13.36,83.13529451370964,46.36260375976562
13.37,83.14607819552843,46.391703796386714
13.38,83.09414504654262,46.42080383300782
13.39,82.90022569983724,46.449903869628905
13.4,83.0295251818845,46.47900390625
13.41,82.98604494845657,46.428802490234375
13.42,82.89394390311787,46.37860107421875
13.43,82.90007122657168,46.328399658203125
13.44,83.14207532638308,46.27819824218751
13.45,83.07563271947191,46.22799682617188
13.46,83.07104522812021,46.17779541015625
13.47,83.01777003380217,46.127593994140625
13.48,83.2046626329894,46.077392578125
13.49,83.4640432265752,46.027191162109375
13.5,83.39066148564898,45.97698974609375
13.51,83.56046672450218,45.97139205932617
13.52,83.40777562564024,45.96579437255859
13.53,83.40944129798638,45.96019668579102
13.54,83.26876358547591,45.95459899902344
13.55,83.39079059369396,45.94900131225586
13.56,83.48482067298052,45.94340362548828
13.57,83.7405294231088,45.9378059387207
13.58,83.7686133888073,45.93220825195313
13.59,83.79814512101282,45.92661056518555
13.6,83.70814910836538,45.92101287841797
13.61,83.71217205159395,45.89911117553711
13.62,83.84036175627423,45.877209472656254
13.63,83.74618336116218,45.855307769775386
13.64,83.95522820970345,45.833406066894526
13.65,83.99226900357291,45.81150436401367
13.66,83.88691398609748,45.78960266113281
13.67,83.82629699289792,45.76770095825195
13.68,83.92186092017225,45.74579925537109
13.69,83.90438978240127,45.723897552490236
13.7,83.83856233243793,45.701995849609375
13.71,83.85660275087922,45.699195098876956
13.72,83.85195490744601,45.69639434814453
13.73,83.95248189305356,45.69359359741211
13.74,83.89557071892631,45.690792846679685
13.75,83.71299993614879,45.687992095947266
13.76,83.81988959834136,45.68519134521485
13.77,83.6735829538766,45.68239059448242
13.78,83.60621725433593,45.67958984375
13.79,83.67478569765669,45.676789093017575
13.8,83.60531233351799,45.673988342285156
13.81,83.73847231680205,45.6910903930664
13.82,83.65269151248528,45.70819244384766
13.83,83.82779855916182,45.725294494628905
13.84,83.81660185862899,45.74239654541015
13.85,84.02355080140026,45.759498596191406
13.86,83.75874044121612,45.77660064697265
13.87,83.64737692805737,45.7937026977539
13.88,83.6949620377569,45.810804748535155
13.89,83.72326474834283,45.82790679931641
13.9,83.84030997402348,45.845008850097656
13.91,83.80877755907032,45.75260848999024
13.92,83.84425841652026,45.66020812988282
13.93,83.753810655053,45.5678077697754
13.94,83.94349838603635,45.47540740966797
13.95,83.93750101119552,45.383007049560554
13.96,83.82466599650398,45.29060668945312
13.97,83.95137431382234,45.1982063293457
13.98,83.90060827698288,45.105805969238276
13.99,83.94137402141556,45.01340560913086
14.0,83.94722904261741,44.92100524902344
14.01,83.86112772223986,44.934305572509764
14.02,83.85864836067573,44.94760589599609
14.03,83.92204224624288,44.960906219482425
14.04,84.06543528157133,44.97420654296875
14.05,84.28371693355355,44.98750686645508
14.06,84.21355005576805,45.000807189941405
14.07,84.10812113610729,45.01410751342773
14.08,84.04522081104615,45.027407836914065
14.09,84.08711717633057,45.04070816040039
14.1,84.10125566535979,45.05400848388672
14.11,84.07972751605745,45.10410766601562
14.12,84.02647971908644,45.15420684814453
14.13,84.06727602764227,45.20430603027344
14.14,84.196956692503,45.25440521240235
14.15,84.32586094477301,45.30450439453126
14.16,84.2359906760631,45.35460357666016
14.17,84.3741191319558,45.404702758789064
14.18,84.30171431233337,45.45480194091797
14.19,84.11416350324323,45.50490112304688
14.2,84.12948433753208,45.55500030517578
14.21,84.0671982492315,45.53020095825195
14.22,84.08854328849934,45.505401611328125
14.23,84.1296269841273,45.4806022644043
14.24,83.93861497822529,45.45580291748047
14.25,84.17846460526091,45.43100357055664
14.26,84.02020723210676,45.40620422363281
14.27,83.98457255131169,45.381404876708984
14.28,83.7784028004095,45.356605529785156
14.29,83.80475229520506,45.33180618286133
14.3,83.77228192310882,45.3070068359375
14.31,83.89671030751222,45.30190582275391
14.32,83.91181705974805,45.29680480957031
14.33,84.07125573767888,45.29170379638672
14.34,84.09014443518922,45.28660278320312
14.35,83.91206313045076,45.28150177001953
14.36,84.14288715888298,45.27640075683594
14.37,83.99950580158894,45.27129974365234
14.38,83.99070117914133,45.26619873046875
14.39,84.12633317540875,45.26109771728515
14.4,84.08875072400406,45.25599670410156
14.41,83.96266421703301,45.25129699707031
14.42,84.0126974060435,45.24659729003906
14.43,83.8499352718957,45.24189758300781
14.44,84.07465217709374,45.23719787597656
14.45,83.99505484341496,45.23249816894531
14.46,84.06791121934366,45.22779846191406
14.47,83.80074007051198,45.22309875488281
14.48,83.855191553601,45.21839904785156
14.49,83.763385700567,45.21369934082031
14.5,83.6309945933548,45.20899963378906
14.51,83.95292233703913,45.21979904174805
14.52,83.83029040942198,45.23059844970703
14.53,84.03948550501529,45.241397857666016
14.54,84.01424599453874,45.252197265625
14.55,83.83865295044276,45.262996673583984
14.56,83.74349221810287,45.27379608154297
14.57,83.73048348277415,45.28459548950195
14.58,83.73052229401534,45.29539489746094
14.59,83.54979835720279,45.30619430541992
14.6,83.47145745007946,45.316993713378906
14.61,83.47486758677535,45.28739471435547
14.62,83.71086555460872,45.25779571533203
14.63,83.71967490492912,45.22819671630859
14.64,83.7548845856103,45.19859771728515
14.65,83.75507867018054,45.16899871826172
14.66,83.71183572466289,45.13939971923828
14.67,83.89163401790768,45.10980072021484
14.68,83.81630415309861,45.08020172119141
14.69,83.87206843584174,45.050602722167966
14.7,83.80559358030531,45.02100372314453
14.71,83.87713765651814,45.05870361328125
14.72,83.81334654483288,45.096403503417974
14.73,83.73255342819122,45.13410339355469
14.74,83.64706659257796,45.17180328369141
14.75,83.61792349016149,45.209503173828125
14.76,83.65333806712162,45.24720306396484
14.77,83.66397424676636,45.28490295410156
14.78,83.65165703026423,45.322602844238276
14.79,83.58294942348708,45.360302734375
14.8,83.74798179336742,45.39800262451172
14.81,83.46497321564269,45.358402252197266
14.82,83.59435671921416,45.31880187988281
14.83,83.60127903171696,45.27920150756836
14.84,83.47247790034788,45.239601135253906
14.85,83.58159223299171,45.20000076293945
14.86,83.61150467530184,45.16040039062501
14.87,83.67143614237787,45.120800018310554
14.88,83.71609160372168,45.081199645996094
14.89,83.64883809867584,45.04159927368164
14.9,83.77980041051549,45.00199890136719
14.91,83.8379668439102,44.9989990234375
14.92,83.79848162128057,44.99599914550781
14.93,83.76106952451104,44.99299926757813
14.94,83.84041353854097,44.98999938964844
14.95,83.90431207937762,44.98699951171875
14.96,83.64519812928567,44.98399963378906
14.97,83.56036333303254,44.98099975585937
14.98,83.77250190848257,44.97799987792969
14.99,83.7831780163994,44.975
15.0,83.684530824823,44.97200012207031
15.01,83.73964965128155,45.06300048828125
15.02,83.68250027318597,45.15400085449218
15.03,83.71557416584048,45.245001220703124
15.04,84.01451813338599,45.33600158691406
15.05,83.89616641199439,45.42700195312501
15.06,84.01883353687211,45.51800231933594
15.07,84.15778259662618,45.609002685546876
15.08,84.01162182387382,45.70000305175782
15.09,84.03601201202896,45.79100341796875
15.1,83.82514493824391,45.88200378417969
15.11,83.7324369930824,45.85640335083008
15.12,83.63211298664793,45.83080291748047
15.13,83.69273734701942,45.80520248413086
15.14,83.8520584791555,45.77960205078125
15.15,84.01394793821174,45.75400161743164
15.16,83.94139992813926,45.72840118408203
15.17,83.87817353200512,45.70280075073242
15.18,83.85629202752331,45.67720031738281
15.19,83.8749947121514,45.6515998840332
15.2,83.82607693690291,45.625999450683594
15.21,83.72906041014166,45.653899383544925
15.22,83.62958529570868,45.681799316406256
15.23,83.65839421054551,45.70969924926758
15.24,83.49498105435836,45.73759918212891
15.25,83.2598554375671,45.765499114990234
15.26,83.3149633022768,45.79339904785156
15.27,83.2956844453852,45.82129898071289
15.28,83.23023813990763,45.84919891357421
15.29,83.39352770776664,45.877098846435544
15.3,83.31982853502508,45.904998779296875
15.31,83.29540056983515,45.93429870605469
15.32,82.99240107078751,45.9635986328125
15.33,83.07018186610149,45.992898559570314
15.34,83.11365835399536,46.02219848632812
15.35,83.16961393397483,46.05149841308594
15.36,83.05431355859453,46.080798339843746
15.37,82.92171175308135,46.11009826660156
15.38,82.8986294830334,46.139398193359376
15.39,82.77184375691542,46.168698120117185
15.4,82.92861259981211,46.197998046875
15.41,82.76044127425429,46.1849983215332
15.42,82.95140287790183,46.17199859619141
15.43,82.99135136232438,46.15899887084961
15.44,82.96505923154045,46.145999145507815
15.45,82.88582168684765,46.132999420166016
15.46,83.05844961033662,46.119999694824216
15.47,83.09173504069274,46.10699996948242
15.48,83.20058742269994,46.094000244140624
15.49,83.27809152979171,46.08100051879883
15.5,83.0989458280633,46.06800079345703
15.51,83.20359223581254,45.973401641845705
15.52,83.1218561753693,45.87880249023438
15.53,83.09259851470675,45.78420333862305
15.54,83.13044756234505,45.689604187011724
15.55,83.12228154505786,45.59500503540038
15.56,83.01592793216984,45.50040588378906
15.57,83.14514998477294,45.40580673217773
15.58,83.19932361193553,45.3112075805664
15.59,83.19909148447121,45.21660842895508
15.6,83.23648751712116,45.12200927734375
15.61,83.14593638521659,45.17590866088867
15.62,83.18239850277078,45.22980804443359
15.63,83.08660583977974,45.28370742797852
15.64,83.01363499505477,45.33760681152344
15.65,83.01744798658807,45.39150619506837
15.66,83.16419867798966,45.44540557861328
15.67,82.90776288001256,45.499304962158206
15.68,82.98424183673168,45.55320434570313
15.69,83.12114722830701,45.607103729248045
15.7,83.13813056141463,45.66100311279297
15.71,83.29429087914453,45.643003082275385
15.72,83.21231681552939,45.62500305175781
15.73,83.12368656176389,45.60700302124023
15.74,83.04826428793454,45.589002990722655
15.75,83.01103293623792,45.57100296020508
15.76,82.92235547664059,45.5530029296875
15.77,83.28592972650837,45.535002899169925
15.78,83.29439410587368,45.51700286865235
15.79,83.39803371509433,45.49900283813477
15.8,83.26020375601139,45.48100280761719
15.81,83.11722873908226,45.45620269775391
15.82,83.19486166294485,45.431402587890624
15.83,83.30662047129198,45.406602478027345
15.84,83.28085259829875,45.38180236816407
15.85,83.26357087186936,45.35700225830078
15.86,83.39720738944939,45.3322021484375
15.87,83.52255866178754,45.307402038574224
15.88,83.43568105437053,45.28260192871094
15.89,83.48306382246577,45.25780181884765
15.9,83.72361403477983,45.233001708984375
15.91,83.85024598347417,45.274600982666016
15.92,83.81985076639367,45.316200256347656
15.93,83.78020157853256,45.3577995300293
15.94,83.60439449026252,45.39939880371094
15.95,83.5918619120868,45.44099807739257
15.96,83.54267787384303,45.48259735107422
15.97,83.56015655028516,45.52419662475586
15.98,83.55505814683416,45.5657958984375
15.99,83.50557486583506,45.60739517211914
16.0,83.45635164337033,45.64899444580078
16.01,83.49804285521364,45.67759552001954
16.02,83.45620956871034,45.70619659423828
16.03,83.52215811108701,45.734797668457034
16.04,83.31616346585689,45.763398742675776
16.05,83.4142189000801,45.79199981689453
16.06,83.65355789626717,45.82060089111327
16.07,83.4904918092404,45.84920196533203
16.08,83.33657401985225,45.87780303955077
16.09,83.35705161457554,45.906404113769526
16.1,83.6385778501408,45.93500518798828
16.11,83.67228969063945,45.90710449218751
16.12,83.80255203106061,45.87920379638672
16.13,83.73023767845542,45.851303100585945
16.14,83.33352808729335,45.823402404785156
16.15,83.44340397494446,45.79550170898438
16.16,83.47336918479944,45.767601013183594
16.17,83.20918287739674,45.739700317382805
16.18,83.14798620057455,45.71179962158203
16.19,83.32769450745508,45.68389892578124
16.2,83.30296859664516,45.65599822998047
16.21,83.30689146164681,45.682898712158206
16.22,83.26966668310678,45.709799194335936
16.23,83.21603118899705,45.73669967651367
16.24,83.30280084460905,45.7636001586914
16.25,83.2956973488308,45.79050064086914
16.26,83.25162501375246,45.81740112304688
16.27,83.20192862013175,45.84430160522461
16.28,83.24623934023683,45.871202087402345
16.29,83.29380055305452,45.898102569580075
16.3,83.53588720826568,45.92500305175781
16.31,83.42867520507222,45.95290374755859
16.32,83.38673019627025,45.980804443359375
16.33,83.2930392601431,46.00870513916015
16.34,83.46700112643693,46.03660583496094
16.35,83.27045367217839,46.064506530761726
16.36,83.23087016147778,46.0924072265625
16.37,83.29203281044771,46.12030792236329
16.38,83.10022176451939,46.14820861816406
16.39,83.31563436041746,46.17610931396485
16.4,83.19353341800337,46.204010009765625
16.41,83.26324834824496,46.19241027832031
16.42,83.21078208125103,46.180810546874994
16.43,83.21590221630686,46.169210815429686
16.44,83.14864369387159,46.15761108398437
16.45,83.19037404303045,46.14601135253906
16.46,83.22992857919776,46.13441162109375
16.47,83.33039186744337,46.12281188964844
16.48,83.39426363760879,46.111212158203124
16.49,83.3607369429446,46.099612426757815
16.5,83.29266506659754,46.0880126953125
16.51,83.26586080483149,46.08971099853515
16.52,83.13987088736462,46.091409301757814
16.53,83.25472105021258,46.09310760498047
16.54,83.35311466084082,46.09480590820313
16.55,83.33980070404193,46.09650421142578
16.56,83.55176268187279,46.098202514648435
16.57,83.33206967319092,46.099900817871095
16.58,83.13939390732929,46.10159912109375
16.59,83.13463707319377,46.10329742431641
16.6,83.0716637588921,46.10499572753906
16.61,83.22551740163343,46.10609664916992
16.62,83.44030443211243,46.10719757080078
16.63,83.31726039711991,46.10829849243164
16.64,83.27000212061698,46.1093994140625
16.65,83.39293380184064,46.11050033569336
16.66,83.44984216493465,46.11160125732422
16.67,83.43194241375126,46.112702178955075
16.68,83.53043419774622,46.11380310058594
16.69,83.35249508314658,46.1149040222168
16.7,83.31087894211034,46.116004943847656
16.71,83.21360651914422,46.0868049621582
16.72,83.24127306264268,46.05760498046875
16.73,83.22237031716263,46.028404998779294
16.74,83.2032956209457,45.99920501708985
16.75,83.14109557210021,45.97000503540039
16.76,83.1856350957873,45.94080505371093
16.77,82.97464059941186,45.91160507202149
16.78,83.14785728062506,45.88240509033203
16.79,82.98979290764612,45.853205108642584
16.8,82.93496652235622,45.824005126953125
16.81,83.04108790639725,45.84820480346679
16.82,82.98756472926681,45.87240447998047
16.83,83.17869777437019,45.896604156494135
16.84,83.01541266264394,45.92080383300781
16.85,82.78131748236494,45.94500350952149
16.86,83.03646916329843,45.96920318603516
16.87,83.01623709465295,45.993402862548834
16.88,83.10716870151477,46.0176025390625
16.89,83.18464219003914,46.041802215576176
16.9,83.15851929808979,46.066001892089844
16.91,83.1630382889301,46.02180252075195
16.92,83.03337718766221,45.97760314941405
16.93,83.00919090935307,45.93340377807617
16.94,82.91815844399734,45.88920440673827
16.95,83.00157183616598,45.84500503540039
16.96,83.0339053960895,45.800805664062494
16.97,82.92550975819832,45.75660629272461
16.98,83.14551095500664,45.712406921386716
16.99,83.03311952562441,45.668207550048834
17.0,83.01127768260693,45.62400817871094
17.01,82.8519662519074,45.64570617675781
17.02,82.97421560766033,45.66740417480469
17.03,82.93661459135994,45.68910217285156
17.04,82.85353628109158,45.71080017089844
17.05,82.95417140244894,45.73249816894531
17.06,82.87514499165859,45.75419616699218
17.07,82.77779934352651,45.77589416503906
17.08,82.89174275607246,45.79759216308593
17.09,82.74874377350618,45.81929016113281
17.1,82.85714611499895,45.84098815917969
17.11,82.86866465780975,45.8049903869629
17.12,82.80891851093077,45.7689926147461
17.13,82.83138351850668,45.7329948425293
17.14,82.93541716459784,45.6969970703125
17.15,82.83267026671348,45.66099929809571
17.16,82.92472440085466,45.62500152587891
17.17,82.90293543904836,45.589003753662105
17.18,82.95773836031843,45.55300598144531
17.19,82.86911511988394,45.51700820922851
17.2,82.97662390864339,45.48101043701172
17.21,82.94361906730826,45.58860931396486
17.22,82.7905794922057,45.696208190917964
17.23,82.89632529394422,45.8038070678711
17.24,82.92865122476232,45.9114059448242
17.25,82.79826606464248,46.019004821777344
17.26,82.82475049278358,46.126603698730484
17.27,82.91367185904944,46.23420257568359
17.28,82.86165047775934,46.34180145263672
17.29,82.81395550128474,46.44940032958983
17.3,82.8050073882453,46.55699920654297
17.31,82.79154431469338,46.48479919433595
17.32,82.78210216033256,46.41259918212891
17.33,82.74834508262487,46.34039916992189
17.34,82.6458105606994,46.26819915771485
17.35,82.49341849646943,46.1959991455078
17.36,82.39367932991037,46.12379913330078
17.37,82.69327710584668,46.05159912109374
17.38,82.63851664112455,45.97939910888672
17.39,82.72097275197027,45.907199096679676
17.4,82.57016864612984,45.834999084472656
17.41,82.7597081464004,45.8738998413086
17.42,82.78742777792414,45.91280059814454
17.43,82.83068867863072,45.95170135498047
17.44,82.70549784847739,45.990602111816415
17.45,82.62568397781251,46.029502868652344
17.46,82.55015404090675,46.06840362548829
17.47,82.57032281172432,46.107304382324216
17.48,82.57738888926895,46.14620513916016
17.49,82.52603824796176,46.18510589599609
17.5,82.60115881796962,46.22400665283203
17.51,82.80279455711285,46.146405792236315
17.52,82.93460600944445,46.06880493164063
17.53,83.01612115865431,45.99120407104492
17.54,83.1907093207944,45.91360321044923
17.55,82.99956246782341,45.836002349853516
17.56,83.0019324945969,45.75840148925783
17.57,82.94903357265147,45.68080062866211
17.58,83.05360489962717,45.60319976806643
17.59,82.81991260268474,45.525598907470716
17.6,82.78673312243671,45.447998046875
17.61,82.72120421149269,45.52149810791014
17.62,82.46379661767565,45.59499816894531
17.63,82.59385402010804,45.66849822998046
17.64,82.67732914052111,45.741998291015626
17.65,82.74729048556925,45.81549835205077
17.66,82.76961850631848,45.888998413085936
17.67,82.67032949302569,45.962498474121105
17.68,82.8127203623688,46.03599853515625
17.69,82.68828235582777,46.10949859619142
17.7,82.55092477689027,46.18299865722656
17.71,82.66111277476179,46.190199279785155
17.72,82.64172978308804,46.19739990234375
17.73,82.80575358215394,46.20460052490235
17.74,82.75981104134189,46.21180114746094
17.75,82.6080848638822,46.21900177001953
17.76,82.6440111490788,46.226202392578124
17.77,82.72090845771595,46.233403015136716
17.78,82.62747033831957,46.240603637695315
17.79,82.82731745986474,46.24780426025391
17.8,82.74331651557706,46.2550048828125
17.81,82.76391402926163,46.30520401000976
17.82,82.80511031134316,46.355403137207034
17.83,82.73369064673406,46.40560226440429
17.84,82.80952319932672,46.45580139160156
17.85,82.77247403564186,46.506000518798835
17.86,82.71170821026317,46.556199645996095
17.87,82.82251166437572,46.60639877319337
17.88,82.8104816965606,46.65659790039062
17.89,82.56702113004084,46.706797027587896
17.9,82.6028292662948,46.756996154785156
17.91,82.74725190287757,46.718696594238274
17.92,82.47467148126356,46.68039703369139
17.93,82.5317923228495,46.64209747314453
17.94,82.63022702333599,46.60379791259765
17.95,82.57854518528752,46.56549835205078
17.96,82.60246947599755,46.5271987915039
17.97,82.81373677809725,46.48889923095703
17.98,82.60198119041888,46.450599670410156
17.99,82.70045130035354,46.41230010986329
18.0,82.7885726794393,46.374000549316406
18.01,82.60573331666579,46.37310104370117
18.02,82.68807665495932,46.37220153808594
18.03,82.84594365498748,46.3713020324707
18.04,82.71877390265777,46.37040252685547
18.05,82.56305791722117,46.369503021240234
18.06,82.63200058101555,46.368603515625
18.07,82.54180463170717,46.36770401000977
18.08,82.41523441444899,46.36680450439453
18.09,82.48260018106541,46.3659049987793
18.1,82.29269228646834,46.36500549316406
18.11,82.29273076303998,46.35050506591797
18.12,82.3441563149897,46.336004638671874
18.13,82.49172347275687,46.32150421142578
18.14,82.36544829708362,46.307003784179685
18.15,82.44775525879179,46.292503356933594
18.16,82.70518926515251,46.2780029296875
18.17,82.63282310697952,46.263502502441405
18.18,82.53818240397807,46.249002075195314
18.19,82.48547643617593,46.234501647949216
18.2,82.49669302341107,46.220001220703125
18.21,82.41380972804959,46.18670196533203
18.22,82.59728473055004,46.15340270996094
18.23,82.62387193400562,46.12010345458984
18.24,82.59727188131434,46.086804199218754
18.25,82.38226442804611,46.053504943847656
18.26,82.6341211640943,46.02020568847656
18.27,82.57163322508819,45.986906433105474
18.28,82.5247410400377,45.95360717773437
18.29,82.58813632770338,45.920307922363286
18.3,82.63179495016419,45.88700866699219
18.31,82.5291336070677,45.88760681152344
18.32,82.57695206843542,45.888204956054686
18.33,82.38402248999431,45.88880310058594
18.34,82.42744743142943,45.889401245117185
18.35,82.49362395507248,45.88999938964844
18.36,82.31293219970001,45.89059753417969
18.37,82.43821078202788,45.891195678710936
18.38,82.48078970691495,45.89179382324219
18.39,82.4761929894781,45.892391967773435
18.4,82.54948607263141,45.89299011230469
18.41,82.56161910723706,45.88159027099609
18.42,82.64543782382654,45.8701904296875
18.43,82.80036305002216,45.8587905883789
18.44,82.70194274903459,45.84739074707031
18.45,82.77648729524597,45.83599090576172
18.46,82.87684395001914,45.824591064453124
18.47,83.09637465526976,45.813191223144536
18.48,82.97918034920887,45.80179138183593
18.49,82.9893936364882,45.790391540527345
18.5,83.08114818574613,45.77899169921875
18.51,82.87656078908304,45.771592712402345
18.52,82.92729935685732,45.76419372558594
18.53,83.113445682778,45.75679473876953
18.54,83.22305390012424,45.749395751953124
18.55,82.96366843379964,45.74199676513672
18.56,82.86634801505308,45.734597778320314
18.57,82.89761254647081,45.72719879150391
18.58,83.0092553155427,45.719799804687504
18.59,82.99532484124938,45.71240081787109
18.6,82.99862219483747,45.70500183105469
18.61,83.06618082431889,45.67320175170899
18.62,83.14108268063497,45.64140167236328
18.63,83.22412442247857,45.60960159301759
18.64,83.22060333270362,45.57780151367187
18.65,83.04852197346928,45.54600143432618
18.66,83.09310113597478,45.51420135498047
18.67,83.11300744640992,45.48240127563476
18.68,83.06400316264794,45.450601196289064
18.69,82.90209869690663,45.41880111694336
18.7,83.07577446981757,45.387001037597656
18.71,83.0506736632902,45.332300567626945
18.72,83.23776450907334,45.277600097656254
18.73,83.029821486849,45.22289962768554
18.74,83.29669736617039,45.16819915771485
18.75,83.2931424860967,45.11349868774414
18.76,83.22114503397452,45.05879821777343
18.77,83.22069361612633,45.00409774780274
18.78,83.31372443280948,44.94939727783203
18.79,83.26889259912335,44.89469680786134
18.8,83.36569387402251,44.839996337890625
18.81,83.24818719345305,44.92949600219725
18.82,83.33570927910301,45.018995666503905
18.83,83.1745071534507,45.108495330810534
18.84,83.20152883899716,45.197994995117185
18.85,83.13203311865017,45.28749465942384
18.86,83.0914386252746,45.37699432373047
18.87,83.31794436968006,45.46649398803712
18.88,83.20898942635952,45.55599365234375
18.89,83.16822142273999,45.64549331665041
18.9,82.97324972136366,45.73499298095703
18.91,82.92995160333483,45.72309265136719
18.92,83.09109066002358,45.71119232177734
18.93,82.94524146973285,45.6992919921875
18.94,82.92498189465593,45.687391662597655
18.95,82.77671883242225,45.67549133300781
18.96,82.81584682560036,45.66359100341797
18.97,82.9123072395275,45.65169067382813
18.98,82.89135659293746,45.63979034423828
18.99,82.85264831193862,45.627890014648436
19.0,82.92903747475906,45.615989685058594
19.01,82.85551170507,45.61429138183594
19.02,82.91246172419271,45.61259307861328
19.03,82.59056471670341,45.610894775390626
19.04,82.61896280877768,45.609196472167966
19.05,82.53014828098438,45.60749816894531
19.06,82.49944110794077,45.60579986572266
19.07,82.66919826423923,45.6041015625
19.08,82.60347175091738,45.602403259277345
19.09,82.7092137512179,45.600704956054685
19.1,82.74820361189785,45.59900665283203
19.11,82.6869453047563,45.66300506591796
19.12,82.79097828481899,45.727003479003905
19.13,82.6624496169613,45.79100189208983
19.14,82.56643660066541,45.85500030517578
19.15,82.59077029624727,45.918998718261705
19.16,82.51747815109631,45.98299713134766
19.17,82.69467849214469,46.04699554443361
19.18,82.52346952929376,46.11099395751953
19.19,82.70715649371166,46.17499237060548
19.2,82.72366027415126,46.238990783691406
19.21,82.80113495316722,46.209992980957026
19.22,82.82237013026344,46.18099517822266
19.23,82.95762246517509,46.15199737548828
19.24,83.03119995602634,46.12299957275391
19.25,82.70796653580094,46.09400177001953
19.26,82.72043268101058,46.06500396728515
19.27,82.61319284542378,46.036006164550784
19.28,82.84679298232012,46.0070083618164
19.29,82.79204602460875,45.97801055908204
19.3,82.64224389159898,45.949012756347656
19.31,82.76768912249801,45.88851242065431
19.32,82.54320473393558,45.82801208496094
19.33,82.64784134877158,45.76751174926759
19.34,82.699718438257,45.70701141357422
19.35,82.56452243311557,45.646511077880845
19.36,82.74480835072939,45.5860107421875
19.37,82.58308693471707,45.52551040649413
19.38,82.5800869259053,45.46501007080078
19.39,82.53207489419415,45.40450973510741
19.4,82.55650629462002,45.34400939941406
19.41,82.61835881653496,45.33170928955078
19.42,82.7091237456668,45.3194091796875
19.43,82.71842029199223,45.307109069824214
19.44,82.65289272098526,45.29480895996093
19.45,82.59950123594315,45.282508850097656
19.46,82.68807665495932,45.270208740234374
19.47,82.88842178250718,45.2579086303711
19.48,82.8895416382518,45.24560852050781
19.49,82.9389965950283,45.23330841064453
19.5,82.89241210763726,45.22100830078125
19.51,82.93527553404711,45.24920806884766
19.52,82.943606191162,45.27740783691406
19.53,82.84403911861423,45.30560760498047
19.54,82.81925641038889,45.333807373046874
19.55,82.80684714826658,45.36200714111328
19.56,82.95337303249033,45.39020690917968
19.57,82.92154438536522,45.41840667724609
19.58,82.806409720955,45.44660644531249
19.59,82.8423147599706,45.474806213378905
19.6,82.76095575188015,45.50300598144531
19.61,82.79989990986216,45.54990539550781
19.62,82.70195560640926,45.596804809570315
19.63,82.83772728398687,45.6437042236328
19.64,82.85062787811881,45.69060363769531
19.65,82.82505286288043,45.737503051757805
19.66,82.80390096898313,45.784402465820314
19.67,82.75788177183291,45.83130187988282
19.68,82.84726912227468,45.87820129394531
19.69,82.80255011827798,45.92510070800782
19.7,82.64767425767177,45.97200012207031
19.71,82.65111893911126,45.92449951171874
19.72,82.52384199102251,45.87699890136719
19.73,82.64147272943224,45.829498291015625
19.74,82.73590898159225,45.78199768066407
19.75,82.61158012159045,45.7344970703125
19.76,82.63203913682865,45.68699645996093
19.77,82.71838171603181,45.639495849609375
19.78,82.74811358513453,45.59199523925781
19.79,82.66679442876621,45.54449462890626
19.8,82.60510367309197,45.49699401855469
19.81,82.50857817326934,45.52389526367187
19.82,82.4977845468336,45.55079650878906
19.83,82.50820574598798,45.57769775390624
19.84,82.52564009395019,45.60459899902344
19.85,82.44448812463536,45.63150024414063
19.86,82.32407932653956,45.65840148925781
19.87,82.45468770860248,45.68530273437501
19.88,82.48270290359869,45.71220397949219
19.89,82.22562848414321,45.73910522460938
19.9,82.2649850806676,45.76600646972656
19.91,82.29298727374743,45.761705780029295
19.92,82.27457723584779,45.75740509033203
19.93,82.32919134843542,45.75310440063477
19.94,82.23409650447118,45.7488037109375
19.95,82.0524855171143,45.744503021240234
19.96,82.10853118705947,45.74020233154297
19.97,82.13720506815652,45.7359016418457
19.98,82.24924515816383,45.73160095214844
19.99,82.12164393352705,45.72730026245117
20.0,82.06469084211027,45.722999572753906
20.01,82.07926029337794,45.72289962768555
20.02,82.15567662009163,45.722799682617186
20.03,82.22288496383773,45.72269973754883
20.04,82.21707116241144,45.722599792480466
20.05,82.24544344141047,45.72249984741211
20.06,82.09856440444128,45.72239990234375
20.07,82.27510302522505,45.72229995727539
20.08,82.09092318983903,45.72220001220703
20.09,82.22420543752378,45.72210006713867
20.1,82.27297422982292,45.72200012207031
20.11,82.27744986171064,45.734300994873045
20.12,82.32753649749861,45.74660186767578
20.13,82.50543825506861,45.75890274047851
20.14,82.46619749990894,45.77120361328125
20.15,82.51899363525868,45.783504486083984
20.16,82.4519532074821,45.79580535888672
20.17,82.45526542590856,45.80810623168946
20.18,82.4509775279174,45.82040710449219
20.19,82.52319981615284,45.83270797729492
20.2,82.5786222719766,45.845008850097656
20.21,82.37154963854503,45.78830795288085
20.22,82.4365291623258,45.731607055664064
20.23,82.41474668258368,45.674906158447264
20.24,82.43315313791224,45.61820526123048
20.25,82.36503769949195,45.56150436401367
20.26,82.2984446310589,45.504803466796865
20.27,82.2433534947797,45.44810256958008
20.28,82.40735387104336,45.39140167236328
20.29,82.44356383832752,45.334700775146494
20.3,82.40981810471327,45.27799987792969
20.31,82.51736256389239,45.27260055541992
20.32,82.49434306219803,45.26720123291015
20.33,82.51119803031183,45.26180191040039
20.34,82.38385566579221,45.256402587890626
20.35,82.17532294002213,45.25100326538086
20.36,82.01157933326263,45.24560394287109
20.37,82.15640706764164,45.240204620361325
20.38,82.20588000788537,45.234805297851565
20.39,82.0734835903105,45.2294059753418
20.4,82.26802424578636,45.22400665283203
20.41,82.15166562387402,45.29110565185548
20.42,82.17541265465735,45.358204650878925
20.43,82.1549461757888,45.42530364990235
20.44,81.91503664649925,45.4924026489258
20.45,81.91426888474331,45.55950164794922
20.46,82.01992749130633,45.62660064697267
20.47,82.00763587261953,45.69369964599609
20.48,82.06602285276209,45.760798645019534
20.49,81.95919539047442,45.827897644042956
20.5,81.91963689167267,45.894996643066406
20.51,82.02816722988436,45.89589920043945
20.52,81.98317061631285,45.8968017578125
20.53,82.1347833533854,45.89770431518555
20.54,82.24090457269995,45.898606872558595
20.55,82.17189459872786,45.89950942993164
20.56,81.99951238918032,45.900411987304686
20.57,81.92565131877957,45.90131454467773
20.58,81.80549425849496,45.902217102050784
20.59,81.83917999645618,45.90311965942383
20.6,81.73197627533187,45.904022216796875
20.61,81.82989462325968,45.916020202636716
20.62,81.79663276063675,45.928018188476564
20.63,81.91868995943648,45.940016174316405
20.64,82.13029879067447,45.95201416015625
20.65,82.10764721916698,45.964012145996094
20.66,82.21532770222528,45.976010131835935
20.67,82.31671623754194,45.98800811767578
20.68,82.21942357828874,46.000006103515624
20.69,82.26948614267482,46.01200408935547
20.7,82.29503295822944,46.02400207519531
20.71,82.41269309056096,46.03250350952148
20.72,82.45629248389437,46.04100494384765
20.73,82.36253564253795,46.04950637817383
20.74,82.32365600413907,46.0580078125
20.75,82.45340389961272,46.06650924682617
20.76,82.48126479395349,46.07501068115234
20.77,82.4221975832328,46.08351211547851
20.78,82.36610268911066,46.09201354980469
20.79,82.35431761791206,46.10051498413086
20.8,82.28379161462097,46.10901641845703
20.81,82.20405975466097,46.10631484985352
20.82,82.214584173357,46.10361328125
20.83,82.27507737692376,46.100911712646486
20.84,82.24939902387092,46.098210144042966
20.85,82.37374386803772,46.09550857543945
20.86,82.25941342646885,46.09280700683594
20.87,82.35944340927284,46.09010543823242
20.88,82.40038490963732,46.08740386962891
20.89,82.37836339407555,46.08470230102539
20.9,82.37937714073139,46.082000732421875
20.91,82.44901334840776,46.0646011352539
20.92,82.48227917356117,46.047201538085936
20.93,82.32689508687935,46.02980194091797
20.94,82.39956996097705,46.01240234375
20.95,82.36335682627164,45.99500274658203
20.96,82.23215414391134,45.97760314941406
20.97,82.38722426142157,45.96020355224609
20.98,82.37183193543817,45.942803955078126
20.99,82.36390856139194,45.92540435791016
21.0,82.36850214878379,45.90800476074219
21.01,82.3799930911129,45.895704650878905
21.02,82.38178962621163,45.88340454101563
21.03,82.23800694236012,45.87110443115234
21.04,82.11199023759576,45.858804321289064
21.05,82.15029447510061,45.84650421142578
21.06,82.09794950707474,45.834204101562506
21.07,82.11054255202426,45.82190399169922
21.08,82.05471391375386,45.80960388183594
21.09,82.01816051443359,45.79730377197266
21.1,82.00689968782451,45.785003662109375
21.11,81.91336037131335,45.88310470581053
21.12,81.98542367463583,45.981205749511716
21.13,81.87252086513432,46.07930679321287
21.14,81.8344477156428,46.177407836914064
21.15,81.93197949952435,46.27550888061522
21.16,81.6838153433834,46.373609924316405
21.17,81.71393582901456,46.4717109680176
21.18,81.7747048603206,46.56981201171875
21.19,81.78680639661512,46.66791305541994
21.2,81.66022249731743,46.766014099121094
21.21,81.80085246165987,46.71271209716796
21.22,81.65911736753934,46.659410095214845
21.23,81.59809756781105,46.60610809326172
21.24,81.57906308708614,46.552806091308604
21.25,81.76027752103167,46.49950408935547
21.26,81.58747220834182,46.446202087402334
21.27,81.69730306246373,46.39290008544922
21.28,81.69349495241337,46.33959808349609
21.29,81.624753401411,46.28629608154298
21.3,81.67021374541807,46.232994079589844
21.31,81.80188822309272,46.20299453735352
21.32,81.83371870076131,46.172994995117186
21.33,81.78611595192226,46.14299545288087
21.34,82.09197359594808,46.11299591064453
21.35,82.02253317400032,46.082996368408196
21.36,82.00570899154607,46.05299682617188
21.37,81.83242694552483,46.02299728393554
21.38,81.74842082519388,45.99299774169922
21.39,81.84345834916303,45.96299819946289
21.4,81.93876225262872,45.93299865722656
21.41,81.85236075651619,45.92470016479492
21.42,81.94594203865702,45.91640167236328
21.43,82.05279288036903,45.90810317993164
21.44,82.0279111322374,45.8998046875
21.45,82.03325085090471,45.89150619506836
21.46,81.88224363472557,45.88320770263672
21.47,82.16839583913968,45.874909210205075
21.48,82.07806907189479,45.86661071777344
21.49,81.95145187114626,45.8583122253418
21.5,82.06861645949725,45.850013732910156
21.51,82.05461145807232,45.88831176757813
21.52,81.8180584574163,45.92660980224609
21.53,81.74735983640088,45.964907836914065
21.54,81.6928687951636,46.003205871582026
21.55,81.82841105872035,46.04150390625
21.56,81.71624908737503,46.07980194091796
21.57,81.53655161629533,46.118099975585935
21.58,81.69698358673347,46.156398010253895
21.59,81.66436201956238,46.19469604492187
21.6,81.76320507544425,46.232994079589844
21.61,81.78885217577852,46.26429367065429
21.62,81.82014299333417,46.29559326171875
21.63,81.74955851962166,46.326892852783196
21.64,81.95067113991242,46.358192443847656
21.65,81.85640920694443,46.3894920349121
21.66,81.83686499874706,46.42079162597656
21.67,81.9893409974706,46.45209121704102
21.68,81.93493572155073,46.48339080810547
21.69,81.94415026224445,46.51469039916993
21.7,81.92785239834897,46.545989990234375
21.71,82.16128320588304,46.600492095947274
21.72,82.20530316489352,46.65499420166015
21.73,82.34546493246833,46.70949630737305
21.74,82.37616910305705,46.76399841308593
21.75,82.3812378312041,46.81850051879883
21.76,82.26607507013986,46.87300262451173
21.77,82.23637865036865,46.927504730224605
21.78,82.194555030063,46.982006835937504
21.79,82.12855625076502,47.03650894165038
21.8,82.16506375640245,47.09101104736328
21.81,82.13363016842338,47.05241088867188
21.82,82.20634148373603,47.01381072998047
21.83,82.17460522470331,46.97521057128907
21.84,82.13561621422602,46.93661041259766
21.85,82.06730364242932,46.89801025390624
21.86,82.29920136506564,46.85941009521484
21.87,82.32093650437021,46.82080993652343
21.88,82.1408825551511,46.78220977783203
21.89,81.97802454239316,46.74360961914062
21.9,81.99609411576402,46.70500946044922
21.91,81.89059160200625,46.69470748901367
21.92,81.88624164883879,46.68440551757812
21.93,81.91083959282768,46.674103546142575
21.94,81.93929976582345,46.66380157470703
21.95,81.93804557111154,46.653499603271484
21.96,82.05459865111662,46.64319763183594
21.97,82.12151581171413,46.63289566040039
21.98,82.05750585569619,46.62259368896484
21.99,82.18419210941167,46.612291717529295
22.0,82.32112892033001,46.60198974609375
22.01,82.36184277194687,46.60469055175781
22.02,82.51533337949824,46.607391357421875
22.03,82.49974930719102,46.61009216308594
22.04,82.53252444051213,46.61279296875
22.05,82.49262234679928,46.61549377441406
22.06,82.50333216572042,46.618194580078125
22.07,82.56101532463887,46.62089538574219
22.08,82.44923158942014,46.62359619140625
22.09,82.43862156196623,46.62629699707031
22.1,82.64166551963662,46.628997802734375
22.11,82.61315429400773,46.5895980834961
22.12,82.46888088023458,46.55019836425781
22.13,82.70764509005268,46.51079864501954
22.14,82.73738788983601,46.47139892578125
22.15,82.7132254769462,46.431999206542976
22.16,82.64071442347684,46.392599487304686
22.17,82.65253282167458,46.353199768066396
22.18,82.67397389930781,46.31380004882813
22.19,82.7253448198812,46.27440032958984
22.2,82.6524814075513,46.23500061035156
22.21,82.66707723112552,46.28800201416016
22.22,82.6298157663027,46.34100341796874
22.23,82.50496309841625,46.39400482177735
22.24,82.55501615792407,46.44700622558593
22.25,82.70046415761229,46.50000762939453
22.26,82.63347856028794,46.55300903320313
22.27,82.67597932265214,46.60601043701171
22.28,82.77072469651792,46.65901184082032
22.29,82.82927327308353,46.7120132446289
22.3,82.73449438607503,46.7650146484375
22.31,82.52194116065627,46.71921463012696
22.32,82.5211769843658,46.673414611816405
22.33,82.50385868553737,46.62761459350587
22.34,82.68549255959582,46.58181457519531
22.35,82.66518760636166,46.53601455688476
22.36,82.71317404394942,46.49021453857422
22.37,82.85721046217637,46.44441452026366
22.38,82.74269920841337,46.398614501953126
22.39,82.64110000234143,46.35281448364257
22.4,82.58129463277498,46.30701446533203
22.41,82.67252769836797,46.31641311645508
22.42,82.63993041589276,46.32581176757813
22.43,82.49651324377527,46.33521041870117
22.44,82.55306358536882,46.34460906982422
22.45,82.44045724732132,46.354007720947266
22.46,82.5331281189222,46.363406372070315
22.47,82.51335559087158,46.37280502319336
22.48,82.55771382904851,46.38220367431641
22.49,82.64058589738852,46.39160232543945
22.5,82.49458704568487,46.4010009765625
22.51,82.67348540243353,46.395999908447266
22.52,82.68388555547972,46.39099884033203
22.53,82.69032009115368,46.3859977722168
22.54,82.57286656481173,46.38099670410156
22.55,82.7165429390184,46.37599563598633
22.56,82.57661802975406,46.370994567871094
22.57,82.40483833717488,46.36599349975586
22.58,82.487222758388,46.360992431640625
22.59,82.55084770313,46.35599136352539
22.6,82.44063696586706,46.350990295410156
22.61,82.64529644109463,46.376391601562496
22.62,82.69385565838373,46.40179290771484
22.63,82.67911605922004,46.42719421386718
22.64,82.6545379849554,46.45259552001953
22.65,82.39829941489766,46.47799682617187
22.66,82.42295488597857,46.50339813232422
22.67,82.23306442351453,46.52879943847657
22.68,82.33074358807414,46.55420074462891
22.69,82.23451959654415,46.579602050781254
22.7,82.31856339268913,46.605003356933594
22.71,82.35586367645737,46.60470199584961
22.72,82.50098210994891,46.604400634765625
22.73,82.55261398311691,46.60409927368164
22.74,82.51112097509926,46.603797912597656
22.75,82.36761678258966,46.60349655151367
22.76,82.60503942388263,46.60319519042969
22.77,82.34966027625238,46.6028938293457
22.78,82.31899952956765,46.60259246826172
22.79,82.26070854737742,46.602291107177734
22.8,82.19818252803954,46.60198974609375
22.81,82.27505172862648,46.571291351318365
22.82,82.35175157315847,46.540592956542966
22.83,82.43519414821064,46.50989456176758
22.84,82.41526008458715,46.47919616699219
22.85,82.31998725559306,46.44849777221679
22.86,82.44030320300945,46.417799377441405
22.87,82.5653060829199,46.38710098266601
22.88,82.59783082126927,46.35640258789063
22.89,82.56916657327375,46.32570419311523
22.9,82.4732206020524,46.295005798339844
22.91,82.46049064991894,46.31620559692383
22.92,82.30394706442894,46.337405395507815
22.93,82.33869744225169,46.3586051940918
22.94,82.56970615020991,46.37980499267579
22.95,82.56817735346975,46.401004791259766
22.96,82.43497592577744,46.42220458984375
22.97,82.5120841678424,46.44340438842773
22.98,82.37442395679564,46.46460418701172
22.99,82.53715483611553,46.4858039855957
23.0,82.61805039581574,46.50700378417969
23.01,82.54942184505505,46.54790420532227
23.02,82.54468191888428,46.58880462646484
23.03,82.48516826358684,46.62970504760742
23.04,82.31208561330956,46.67060546875
23.05,82.39560434958048,46.71150588989258
23.06,82.36170163199859,46.752406311035145
23.07,82.48961114075448,46.79330673217773
23.08,82.37618193508332,46.8342071533203
23.09,82.59865317715175,46.87510757446289
23.1,82.57655379162355,46.91600799560547
23.11,82.70221275411281,46.797307586669945
23.12,82.78363293625212,46.67860717773438
23.13,82.78292543301767,46.55990676879885
23.14,82.8087383914098,46.44120635986328
23.15,82.68032449000452,46.322505950927756
23.16,82.75334164631863,46.20380554199219
23.17,82.85881914973218,46.08510513305662
23.18,83.0062862189042,45.96640472412109
23.19,82.98182054608742,45.847704315185524
23.2,83.07138026533582,45.72900390625
23.21,83.14459563915399,45.74790420532227
23.22,83.06615505300795,45.76680450439453
23.23,82.98524642513317,45.7857048034668
23.24,83.14740606158891,45.80460510253906
23.25,83.13586171938078,45.82350540161133
23.26,83.01427907531583,45.8424057006836
23.27,83.08484029719813,45.86130599975586
23.28,82.9923495510649,45.88020629882813
23.29,83.10249012018346,45.899106597900385
23.3,83.05485471838728,45.918006896972656
23.31,83.14407997046986,45.93700637817383
23.32,83.12848175406683,45.956005859375
23.33,83.19474560228447,45.97500534057617
23.34,83.2160698808236,45.994004821777345
23.35,83.28400723686612,46.013004302978516
23.36,83.06873864408861,46.032003784179686
23.37,83.06283058741778,46.051003265380864
23.38,83.13061514075214,46.070002746582034
23.39,82.87468164240076,46.089002227783205
23.4,82.87124517583324,46.108001708984375
23.41,82.88797126796213,46.14200057983399
23.42,82.7937827245158,46.175999450683605
23.43,82.49965941568357,46.209998321533206
23.44,82.58063938646256,46.24399719238282
23.45,82.71713443149225,46.27799606323242
23.46,82.6260695216116,46.31199493408204
23.47,82.58888154381127,46.34599380493164
23.48,82.52991708891037,46.37999267578125
23.49,82.51930187102866,46.413991546630854
23.5,82.50473194162063,46.44799041748047
23.51,82.48238189589456,46.4242919921875
23.52,82.51842853784223,46.400593566894536
23.53,82.50141872980109,46.37689514160156
23.54,82.48723559906097,46.353196716308595
23.55,82.45743509341992,46.329498291015625
23.56,82.33700400884958,46.30579986572266
23.57,82.37509121641868,46.28210144042969
23.58,82.43805673981484,46.25840301513673
23.59,82.35126402917479,46.23470458984375
23.6,82.37860720599271,46.21100616455078
23.61,82.26976826462216,46.18860626220704
23.62,82.12799249181094,46.16620635986328
23.63,82.05675023369362,46.14380645751954
23.64,81.91797336570654,46.12140655517578
23.65,82.09194797620692,46.09900665283204
23.66,81.91506223861974,46.07660675048828
23.67,81.7802281141202,46.054206848144524
23.68,81.79311003570128,46.03180694580078
23.69,81.92493469460254,46.009407043457024
23.7,81.94816258603798,45.98700714111328
23.71,81.92452519648003,46.04350585937501
23.72,81.91707762795167,46.10000457763672
23.73,81.93007910195215,46.15650329589844
23.74,81.83173630829396,46.213002014160146
23.75,81.89078351436585,46.269500732421875
23.76,81.93850629458422,46.325999450683604
23.77,82.02675869777342,46.38249816894531
23.78,81.91770464386586,46.43899688720703
23.79,81.91242627120889,46.49549560546874
23.8,81.94023401914279,46.55199432373047
23.81,81.97672525098464,46.5256950378418
23.82,81.96188970630449,46.499395751953124
23.83,81.85928731508393,46.473096466064455
23.84,81.83012483275559,46.44679718017578
23.85,81.82919120736187,46.4204978942871
23.86,81.96436007053437,46.39419860839844
23.87,81.86267715178164,46.367899322509764
23.88,81.93224824477751,46.341600036621095
23.89,81.85113280947657,46.31530075073242
23.9,81.75630175594931,46.28900146484375
23.91,81.90895863110579,46.303602600097655
23.92,81.73191236657838,46.31820373535157
23.93,81.84476298203244,46.33280487060547
23.94,81.68276755182677,46.347406005859376
23.95,81.63946259267274,46.36200714111328
23.96,81.79162680465068,46.376608276367186
23.97,81.71044683276105,46.39120941162109
23.98,81.77357977593242,46.405810546875
23.99,81.82765649226084,46.42041168212891
24.0,81.66003085531014,46.43501281738281
24.01,81.63753365196709,46.44911193847656
24.02,81.78624381183069,46.46321105957031
24.03,81.58731896302605,46.47731018066406
24.04,81.43645500094863,46.49140930175781
24.05,81.47476088993244,46.50550842285156
24.06,81.74260464591168,46.51960754394531
24.07,81.82731118334651,46.53370666503906
24.08,81.73011015001715,46.547805786132805
24.09,81.95867061149329,46.56190490722656
24.1,81.74968635095095,46.57600402832031
24.11,81.58868540550469,46.50810317993165
24.12,81.62832998316914,46.44020233154297
24.13,81.5300663819541,46.37230148315431
24.14,81.64816865554222,46.30440063476563
24.15,81.60095197126293,46.23649978637697
24.16,81.6486541138007,46.16859893798828
24.17,81.88014551454786,46.1006980895996
24.18,81.8110505190976,46.032797241210936
24.19,81.93478215026207,45.964896392822254
24.2,82.05171071084416,45.896995544433594
24.21,81.79589112746027,45.862196350097655
24.22,81.88869807878031,45.82739715576172
24.23,81.97375547451684,45.79259796142578
24.24,81.93868546517339,45.757798767089845
24.25,81.77497334751163,45.722999572753906
24.26,81.7250359306884,45.68820037841797
24.27,81.78490128777692,45.653401184082036
24.28,81.7916779503251,45.61860198974609
24.29,81.85804652448147,45.58380279541016
24.3,81.84874089741812,45.54900360107422
24.31,82.08132253595107,45.53720397949219
24.32,82.10630205976486,45.525404357910155
24.33,82.24840531309903,45.513604736328126
24.34,82.31071312644207,45.50180511474609
24.35,82.31870449567046,45.49000549316406
24.36,82.31136730099844,45.478205871582034
24.37,82.25206605232785,45.46640625
24.38,82.5476234830613,45.45460662841797
24.39,82.23074386151784,45.442807006835935
24.4,82.36125255114949,45.431007385253906
24.41,82.53697501239722,45.45370788574219
24.42,82.37800409296052,45.476408386230474
24.43,82.49906870128143,45.49910888671875
24.44,82.59857608111386,45.521809387207036
24.45,82.480686985573,45.54450988769531
24.46,82.32626650689662,45.5672103881836
24.47,82.28126514274793,45.589910888671874
24.48,82.23421189311041,45.61261138916016
24.49,82.10484161346147,45.635311889648435
24.5,82.18919724661716,45.65801239013672
24.51,82.24616146601345,45.618110656738274
24.52,82.43964851628964,45.578208923339844
24.53,82.43822361888546,45.538307189941406
24.54,82.535992410403,45.498405456542976
24.55,82.41001062452037,45.45850372314453
24.56,82.21549435570873,45.4186019897461
24.57,82.1822311102291,45.378700256347656
24.58,82.30517840337608,45.33879852294923
24.59,82.278155201622,45.29889678955079
24.6,82.28907552889713,45.258995056152344
24.61,81.90238183269085,45.294394683837886
24.62,82.06663763055505,45.329794311523436
24.63,81.98964824243505,45.36519393920898
24.64,82.03016480525088,45.40059356689453
24.65,81.85342242648522,45.43599319458007
24.66,81.87994082133558,45.47139282226563
24.67,82.05511093012399,45.50679244995118
24.68,81.93624108331518,45.54219207763672
24.69,82.14962812655737,45.57759170532227
24.7,82.23464780647811,45.61299133300781
24.71,82.37901783740558,45.58959197998047
24.72,82.40998495519976,45.566192626953125
24.73,82.14679617539842,45.54279327392578
24.74,82.07058891090817,45.51939392089844
24.75,82.13074724143613,45.495994567871094
24.76,82.12770420944423,45.47259521484375
24.77,82.00049819662317,45.449195861816406
24.78,82.13076005433302,45.42579650878906
24.79,82.25506651102718,45.40239715576172
24.8,82.14216392884387,45.378997802734375
24.81,82.11563512807686,45.42869720458984
24.82,82.05771077073723,45.478396606445315
24.83,82.30610191363107,45.52809600830077
24.84,82.13643626594863,45.57779541015625
24.85,82.01015814009044,45.627494812011726
24.86,82.18629412144315,45.67719421386719
24.87,82.29816245994688,45.726893615722666
24.88,82.30571711706183,45.77659301757812
24.89,82.28683112710723,45.8262924194336
24.9,82.29359007548358,45.87599182128906
24.91,82.27189701854734,45.78529205322264
24.92,82.36141935246481,45.694592285156226
24.93,82.51207132523552,45.60389251708984
24.94,82.61682956945151,45.51319274902342
24.95,82.50873228135578,45.42249298095703
24.96,82.4705885086267,45.33179321289061
24.97,82.52425298425035,45.24109344482422
24.98,82.76591410924414,45.15039367675781
24.99,82.51390782816787,45.05969390869142
25.0,82.64279656003174,44.968994140625
25.01,82.44202337266141,45.039395141601574
25.02,82.63869657542342,45.10979614257812
25.03,82.8050073882453,45.18019714355469
25.04,82.78045562724351,45.25059814453124
25.05,82.57961155434684,45.32099914550781
25.06,82.67384534735886,45.39140014648436
25.07,82.6636065083591,45.46180114746093
25.08,82.82546460548394,45.53220214843748
25.09,82.80113495316722,45.60260314941405
25.1,82.5907445987903,45.673004150390625
25.11,82.74804928033357,45.63660430908204
25.12,82.69170859581648,45.60020446777344
25.13,82.73772225353181,45.56380462646485
25.14,82.71847172662012,45.52740478515625
25.15,82.85038336869067,45.49100494384766
25.16,82.7120168057493,45.45460510253906
25.17,82.61293583615333,45.41820526123046
25.18,82.66977673253807,45.381805419921875
25.19,82.78000540620289,45.345405578613274
25.2,82.74335509735126,45.30900573730469
25.21,82.68733099145601,45.26630554199218
25.22,82.8590508020265,45.22360534667969
25.23,82.90289682008734,45.180905151367185
25.24,82.84339569911106,45.13820495605469
25.25,82.91131596635032,45.09550476074219
25.26,82.90948791966782,45.05280456542968
25.27,82.93849444005821,45.01010437011719
25.28,82.8121027963649,44.967404174804685
25.29,82.90579326712559,44.92470397949219
25.3,82.86098125040553,44.88200378417969
25.31,82.79290794006366,44.89250259399414
25.32,82.68009308768131,44.903001403808595
25.33,82.55513177149683,44.913500213623045
25.34,82.55337188476345,44.9239990234375
25.35,82.44326858129331,44.93449783325195
25.36,82.57230128296175,44.9449966430664
25.37,82.76573403649918,44.95549545288086
25.38,82.62202135658379,44.96599426269531
25.39,82.61492766845609,44.97649307250977
25.4,82.57362455942013,44.98699188232422
25.41,82.67161498967782,45.04719238281251
25.42,82.62257395739363,45.1073928833008
25.43,82.4172046064542,45.16759338378907
25.44,82.2966105274775,45.227793884277354
25.45,82.33877441691101,45.287994384765625
25.46,82.46654415424179,45.34819488525392
25.47,82.27857840701999,45.40839538574218
25.48,82.4402005068815,45.468595886230474
25.49,82.37153680687958,45.52879638671874
25.5,82.38057054668688,45.58899688720703
25.51,82.36389573032164,45.53189620971679
25.52,82.32114174806865,45.474795532226565
25.53,82.3686946203252,45.417694854736325
25.54,82.35299609987123,45.3605941772461
25.55,82.35356063055256,45.30349349975586
25.56,82.23640429263729,45.24639282226564
25.57,82.29261533335205,45.18929214477539
25.58,82.39461617000755,45.132191467285175
25.59,82.31214974848976,45.07509078979493
25.6,82.35595348959087,45.01799011230469
25.61,82.38149447981493,45.05209197998046
25.62,82.41542694058258,45.08619384765625
25.63,82.40003198016184,45.12029571533203
25.64,82.41622913250727,45.154397583007814
25.65,82.48086674796339,45.18849945068359
25.66,82.47278405682275,45.222601318359374
25.67,82.3582116644712,45.25670318603516
25.68,82.55082201188458,45.29080505371094
25.69,82.47700189973969,45.32490692138673
25.7,82.32576621025805,45.3590087890625
25.71,82.44998901635091,45.3903076171875
25.72,82.62714904903437,45.4216064453125
25.73,82.79784152482235,45.4529052734375
25.74,82.69703130501792,45.4842041015625
25.75,82.81802123194291,45.5155029296875
25.76,82.8552350179472,45.5468017578125
25.77,82.72304304031482,45.5781005859375
25.78,82.77044171692609,45.6093994140625
25.79,82.77469932462347,45.6406982421875
25.8,82.59309593265573,45.6719970703125
25.81,82.60397289065752,45.69819717407226
25.82,82.43274237159832,45.72439727783203
25.83,82.38979085876814,45.750597381591795
25.84,82.33573394522614,45.776797485351565
25.85,82.35371459380146,45.802997589111335
25.86,82.32297612498569,45.82919769287109
25.87,82.19737498622816,45.85539779663086
25.88,82.10450853103583,45.881597900390624
25.89,82.12867156533491,45.90779800415039
25.9,82.06852680317812,45.933998107910156
25.91,82.2937311570598,45.877597045898426
25.92,82.34295034338294,45.8211959838867
25.93,82.13730757538941,45.764794921874994
25.94,82.23468626947779,45.70839385986327
25.95,82.3462860310973,45.65199279785156
25.96,82.43912220139984,45.59559173583983
25.97,82.4340773658605,45.53919067382813
25.98,82.59148982666565,45.4827896118164
25.99,82.72646357346964,45.4263885498047
26.0,82.52533184634278,45.36998748779297
26.01,82.59471490329796,45.37868804931641
26.02,82.49317451471063,45.38738861083984
26.03,82.50330648186988,45.39608917236328
26.04,82.49680859613753,45.404789733886716
26.05,82.3056914639892,45.413490295410156
26.06,82.35394553894466,45.42219085693359
26.07,82.37734965365725,45.43089141845703
26.08,82.30838505844356,45.43959197998046
26.09,82.43601569407913,45.4482925415039
26.1,82.51058158961874,45.456993103027344
26.11,82.58721123652272,45.4648941040039
26.12,82.57264816023122,45.47279510498047
26.13,82.29587945692161,45.48069610595703
26.14,82.19419613002114,45.4885971069336
26.15,82.22315418576757,45.496498107910156
26.16,82.34277073134602,45.504399108886716
26.17,82.245045964853,45.51230010986328
26.18,82.21878258896041,45.52020111083984
26.19,82.39606635764746,45.52810211181641
26.2,82.28885749995243,45.53600311279297
26.21,82.37088239326603,45.55550308227539
26.22,82.40591641841712,45.57500305175781
26.23,82.3682326890036,45.594503021240236
26.24,82.58380643166605,45.61400299072265
26.25,82.69204286719857,45.63350296020508
26.26,82.7606084793073,45.6530029296875
26.27,82.67754768349822,45.67250289916992
26.28,82.60595176499699,45.692002868652345
26.29,82.5133684335784,45.71150283813476
26.3,82.34364313450317,45.73100280761719
26.31,82.48328071904025,45.72110137939453
26.32,82.44925726485235,45.71119995117188
26.33,82.55424540284116,45.70129852294922
26.34,82.5289666360082,45.69139709472656
26.35,82.4174741463259,45.681495666503906
26.36,82.61075770135973,45.67159423828125
26.37,82.53978799156867,45.66169281005859
26.38,82.7408473007386,45.651791381835935
26.39,82.63870942788084,45.64188995361328
26.4,82.7686280864817,45.631988525390625
26.41,82.67732914052111,45.60219116210937
26.42,82.66513618830257,45.57239379882812
26.43,82.60989673456676,45.542596435546876
26.44,82.42928299237214,45.51279907226562
26.45,82.46502915178279,45.483001708984375
26.46,82.37998025878979,45.45320434570312
26.47,82.31080291495276,45.423406982421874
26.48,82.16188552505628,45.39360961914062
26.49,82.17464367365879,45.36381225585938
26.5,82.2858436000163,45.334014892578125
26.51,82.33720927257689,45.364514160156254
26.52,82.48272858424201,45.39501342773437
26.53,82.38243125063711,45.425512695312506
26.54,82.36130387461314,45.45601196289062
26.55,82.37580980672736,45.48651123046875
26.56,82.15194754373162,45.517010498046865
26.57,82.34284770790929,45.547509765624994
26.58,82.14120289763731,45.57800903320312
26.59,82.00006290429444,45.608508300781246
26.6,82.13259230887921,45.639007568359375
26.61,82.22687205748765,45.59560623168946
26.62,82.27116605776945,45.55220489501953
26.63,82.46446423917365,45.50880355834962
26.64,82.52230077553297,45.46540222167969
26.65,82.58787935741127,45.42200088500977
26.66,82.62035071421141,45.37859954833984
26.67,82.82821816045235,45.33519821166991
26.68,82.97352016896004,45.291796875
26.69,83.03820198041969,45.24839553833007
26.7,82.92677148761908,45.204994201660156
26.71,82.73427576784673,45.236794281005864
26.72,82.82095479579176,45.26859436035156
26.73,82.82639103008378,45.30039443969727
26.74,82.83103609820441,45.332194519042964
26.75,82.63538067480273,45.36399459838867
26.76,82.68677817413246,45.39579467773438
26.77,82.66813131690819,45.42759475708007
26.78,82.48575892822163,45.45939483642579
26.79,82.40725119544,45.49119491577148
26.8,82.46586368531408,45.52299499511719
26.81,82.562711060096,45.527993774414064
26.82,82.73688634555913,45.53299255371094
26.83,82.72027837534591,45.53799133300781
26.84,82.78122743759013,45.542990112304686
26.85,82.56359747419742,45.54798889160156
26.86,82.45441810788559,45.55298767089844
26.87,82.50099495169277,45.557986450195315
26.88,82.4409322181889,45.562985229492185
26.89,82.58645317955647,45.56798400878906
26.9,82.61034649277953,45.57298278808594
26.91,82.54830428922615,45.61188354492188
26.92,82.5859649413185,45.650784301757824
26.93,82.44867956859457,45.68968505859375
26.94,82.47634706731732,45.728585815429696
26.95,82.46650563705771,45.767486572265625
26.96,82.39974963495055,45.80638732910157
26.97,82.44788363484346,45.8452880859375
26.98,82.35203383612445,45.88418884277344
26.99,82.2727690461791,45.92308959960937
27.0,82.28890880085461,45.96199035644531
27.01,82.18978685059822,45.92729034423828
27.02,82.11494329678636,45.892590332031254
27.03,82.38560732561982,45.857890319824214
27.04,82.11671131587707,45.82319030761719
27.05,82.43486039637091,45.788490295410156
27.06,82.48566904433643,45.75379028320313
27.07,82.34758183569903,45.7190902709961
27.08,82.4922242734049,45.68439025878907
27.09,82.48017337982274,45.64969024658203
27.1,82.48384569609559,45.614990234375
27.11,82.4252011434,45.619791412353514
27.12,82.3304100477439,45.62459259033203
27.13,82.45609991003481,45.62939376831054
27.14,82.518402851642,45.634194946289064
27.15,82.46423313911852,45.63899612426758
27.16,82.46586368531408,45.64379730224609
27.17,82.5313170903153,45.648598480224614
27.18,82.31958959894816,45.65339965820313
27.19,82.23781462356882,45.65820083618164
27.2,82.26438238370675,45.663002014160156
27.21,82.38705743397776,45.66340103149414
27.22,82.43975121207379,45.66380004882812
27.23,82.4365291623258,45.66419906616211
27.24,82.50297259217675,45.664598083496095
27.25,82.413578698983,45.66499710083008
27.26,82.22870538379539,45.66539611816406
27.27,82.33384811125019,45.665795135498044
27.28,82.33056398935082,45.666194152832034
27.29,82.44739580637882,45.66659317016602
27.3,82.43688859104992,45.6669921875
27.31,82.43357674174538,45.66939239501953
27.32,82.47879949230092,45.671792602539064
27.33,82.56408564631414,45.67419281005859
27.34,82.49626925744002,45.67659301757813
27.35,82.56088686054112,45.678993225097656
27.36,82.52512634825767,45.681393432617185
27.37,82.24169950676047,45.68379364013672
27.38,82.41749981681286,45.68619384765625
27.39,82.39085600840494,45.688594055175784
27.4,82.32110326485571,45.69099426269531
27.41,82.42896208863525,45.69459457397461
27.42,82.57276378614964,45.698194885253905
27.43,82.38073736756283,45.701795196533205
27.44,82.25629748427349,45.705395507812504
27.45,82.45769186069482,45.7089958190918
27.46,82.33569545860259,45.7125961303711
27.47,82.33479743993995,45.71619644165039
27.48,82.25815678424374,45.71979675292969
27.49,82.39697754402037,45.72339706420898
27.5,82.18312829649422,45.72699737548828
27.51,82.23913521713177,45.77309646606446
27.52,82.21081530287788,45.81919555664062
27.53,82.29464818753583,45.8652946472168
27.54,82.3557353720659,45.91139373779296
27.55,82.28672852661416,45.95749282836914
27.56,82.1969135355455,46.003591918945304
27.57,82.22507721237,46.04969100952148
27.58,82.37500139285048,46.095790100097645
27.59,82.26427979720988,46.14188919067382
27.6,82.3284986181124,46.18798828125
27.61,82.33549019676222,46.14999008178712
27.62,82.28903705318001,46.11199188232422
27.63,82.37187043050653,46.073993682861335
27.64,82.34165457522197,46.03599548339844
27.65,82.46754560418495,45.997997283935554
27.66,82.41606227569979,45.959999084472656
27.67,82.27727032112503,45.92200088500976
27.68,82.29311552925108,45.884002685546875
27.69,82.21262281161286,45.84600448608398
27.7,82.13893488627946,45.808006286621094
27.71,82.0710500068639,45.836106109619145
27.72,82.17897564690657,45.86420593261719
27.73,82.11630133874068,45.89230575561523
27.74,82.05808217990125,45.92040557861328
27.75,82.07983669397306,45.94850540161133
27.76,82.22524387573445,45.97660522460938
27.77,82.14352860010207,46.00470504760742
27.78,82.21136652684017,46.03280487060547
27.79,82.22237216138117,46.06090469360351
27.8,82.24063532171175,46.08900451660156
27.81,82.2432252780595,46.055204772949224
27.82,82.35275232585701,46.02140502929687
27.83,82.25036068780095,45.987605285644534
27.84,82.36859196880847,45.95380554199219
27.85,82.459412211749,45.92000579833984
27.86,82.42615099860323,45.8862060546875
27.87,82.23691713884953,45.85240631103515
27.88,82.24825144832141,45.818606567382815
27.89,82.24791807513031,45.78480682373046
27.9,82.2484566013902,45.751007080078125
27.91,82.53533734384222,45.779106140136726
27.92,82.51008073325116,45.80720520019532
27.93,82.59331436427671,45.835304260253906
27.94,82.59037198611342,45.86340332031251
27.95,82.46193499508081,45.891502380371094
27.96,82.50371742395815,45.919601440429695
27.97,82.50013455706342,45.94770050048828
27.98,82.34643998754599,45.975799560546875
27.99,82.33796618478264,46.00389862060546
28.0,82.36200957385985,46.03199768066406
28.01,82.37297395962442,45.99539947509765
28.02,82.4309196084274,45.95880126953125
28.03,82.51347117526905,45.922203063964844
28.04,82.54937046301195,45.885604858398445
28.05,82.49350838457678,45.84900665283203
28.06,82.47384974279807,45.81240844726563
28.07,82.48437215372958,45.77581024169922
28.08,82.4523768596169,45.73921203613282
28.09,82.4381979451713,45.70261383056641
28.1,82.28776735956151,45.666015625
28.11,82.32990973851534,45.65561447143555
28.12,82.27720619953479,45.6452133178711
28.13,82.25647700197482,45.634812164306645
28.14,82.39416699943331,45.624411010742186
28.15,82.37991609718927,45.614009857177734
28.16,82.50688299381731,45.60360870361328
28.17,82.41184599130546,45.593207550048824
28.18,82.45264645699665,45.58280639648437
28.19,82.52805472012508,45.57240524291992
28.2,82.67088225536129,45.56200408935547
28.21,82.63259177113838,45.57170486450195
28.22,82.41301396262796,45.58140563964844
28.23,82.45246672536119,45.59110641479492
28.24,82.37832489749003,45.600807189941406
28.25,82.2521173417604,45.61050796508789
28.26,82.3456573770922,45.620208740234375
28.27,82.41560021157596,45.62990951538086
28.28,82.28158575885712,45.639610290527344
28.29,82.25656676089893,45.64931106567383
28.3,82.28999894880631,45.65901184082031
28.31,82.2910121516123,45.67491226196289
28.32,82.44099640354622,45.69081268310547
28.33,82.39190833167483,45.706713104248045
28.34,82.40153996573979,45.72261352539063
28.35,82.42155580396833,45.7385139465332
28.36,82.46654415424179,45.75441436767578
28.37,82.56418841957523,45.77031478881836
28.38,82.56987316247603,45.786215209960936
28.39,82.60046494439977,45.80211563110352
28.4,82.57636107738197,45.818016052246094
28.41,82.57061829618269,45.79431457519531
28.42,82.531997829234,45.77061309814452
28.43,82.55421971106703,45.74691162109375
28.44,82.60196834081788,45.723210144042966
28.45,82.67151214957786,45.69950866699219
28.46,82.88317658459994,45.6758071899414
28.47,82.86705587468202,45.652105712890624
28.48,82.95199520950149,45.628404235839845
28.49,82.55501615792407,45.60470275878907
28.5,82.29333356383664,45.58100128173828
28.51,82.49904301809453,45.53970184326171
28.52,82.67112649977267,45.49840240478516
28.53,82.53348775817338,45.45710296630859
28.54,82.57042558886727,45.41580352783204
28.55,82.5666164564749,45.37450408935547
28.56,82.76700741225795,45.33320465087891
28.57,82.9207204236869,45.29190521240235
28.58,82.91110998825188,45.25060577392579
28.59,82.91405807416055,45.20930633544923
28.6,83.10979804469292,45.168006896972656
28.61,83.07821001737346,45.17610549926758
28.62,83.04088176716435,45.1842041015625
28.63,83.18798198747523,45.19230270385742
28.64,83.21993910890292,45.200401306152344
28.65,83.17140616466551,45.208499908447266
28.66,83.29178765054546,45.21659851074219
28.67,83.30072331416106,45.22469711303711
28.68,83.35505085597705,45.23279571533203
28.69,83.45773364864506,45.24089431762695
28.7,83.16110432515416,45.248992919921875
28.71,83.17756307274516,45.28529434204102
28.72,83.07631569952248,45.32159576416015
28.73,82.9969091084312,45.3578971862793
28.74,82.92592175042316,45.39419860839843
28.75,83.02048813717332,45.43050003051758
28.76,82.96771208177753,45.46680145263672
28.77,82.8974838207684,45.503102874755854
28.78,82.83146072311726,45.539404296875006
28.79,82.66556038776828,45.575705718994136
28.8,82.63685868430332,45.61200714111328
28.81,82.38583831547717,45.5930061340332
28.82,82.4309581173001,45.574005126953125
28.83,82.42672861592986,45.55500411987305
28.84,82.48352468616768,45.53600311279297
28.85,82.56179895779945,45.51700210571289
28.86,82.43972553812175,45.49800109863281
28.87,82.55114315273974,45.479000091552734
28.88,82.5560823750533,45.459999084472656
28.89,82.52390620864689,45.44099807739258
28.9,82.35479234057354,45.4219970703125
28.91,82.42627935783425,45.456597900390626
28.92,82.46613330474207,45.49119873046876
28.93,82.28463805549626,45.52579956054688
28.94,82.36543546589338,45.560400390625006
28.95,82.43786418725094,45.595001220703125
28.96,82.34042296345041,45.62960205078125
28.97,82.34196247960406,45.66420288085937
28.98,82.33248827158064,45.698803710937504
28.99,82.20804639186099,45.733404541015624
29.0,82.3086031132564,45.76800537109375
29.01,82.21685322887724,45.74390411376953
29.02,82.19217092304221,45.71980285644531
29.03,82.25027093226295,45.695701599121094
29.04,82.27348719005182,45.671600341796875
29.05,82.3328089874719,45.647499084472656
29.06,82.27619308172507,45.623397827148445
29.07,82.29156364436876,45.59929656982422
29.08,82.20241257376534,45.57519531250001
29.09,82.23980192858937,45.55109405517578
29.1,82.31055920339483,45.52699279785156
29.11,82.39367932991037,45.56369400024413
29.12,82.40270786402986,45.60039520263672
29.13,82.4662616951008,45.63709640502929
29.14,82.4944586332784,45.673797607421875
29.15,82.46817472328465,45.710498809814446
29.16,82.74255774251267,45.74720001220703
29.17,82.79848476739882,45.78390121459962
29.18,82.76639001672736,45.82060241699219
29.19,82.67675064579944,45.85730361938477
29.2,82.62229123116703,45.894004821777344
29.21,82.65519352438048,45.887804412841795
29.22,82.56046292972763,45.88160400390625
29.23,82.73769653322353,45.875403594970706
29.24,82.6722577417518,45.86920318603516
29.25,82.6953856181787,45.86300277709961
29.26,82.67995167530988,45.85680236816406
29.27,82.77977386443017,45.85060195922851
29.28,82.72294016823263,45.84440155029297
29.29,82.75847341209166,45.83820114135742
29.3,82.80963899097354,45.832000732421875
29.31,82.90682312715464,45.77590103149415
29.32,82.8480283753029,45.719801330566405
29.33,82.85085951896251,45.66370162963868
29.34,82.96534254362057,45.607601928710935
29.35,83.02122241917749,45.551502227783196
29.36,83.12144369671071,45.49540252685547
29.37,83.27480153128828,45.439302825927726
29.38,83.07041381366577,45.383203125
29.39,83.19999420420702,45.327103424072256
29.4,83.1454078205742,45.27100372314453
29.41,83.24065390075742,45.2842041015625
29.42,83.2271167624465,45.29740447998047
29.43,83.2794720583239,45.31060485839844
29.44,83.04195111721398,45.32380523681641
29.45,83.02604685879068,45.337005615234375
29.46,83.16740912990319,45.350205993652345
29.47,83.02348325248333,45.36340637207031
29.48,82.92818772595358,45.376606750488286
29.49,82.68366700412626,45.38980712890625
29.5,82.71593859019679,45.40300750732422
29.51,82.6814557949127,45.40420684814453
29.52,82.77652588475286,45.40540618896485
29.53,82.99551804375469,45.40660552978515
29.54,83.0038388450343,45.40780487060547
29.55,82.87519647498941,45.40900421142578
29.56,82.71922395715592,45.410203552246095
29.57,82.65135030088499,45.41140289306641
29.58,82.86542136701738,45.412602233886716
29.59,82.68659818749566,45.41380157470703
29.6,82.79719828474448,45.415000915527344
29.61,82.86938539771614,45.436101531982416
29.62,82.92357855828683,45.4572021484375
29.63,82.8735490163346,45.478302764892575
29.64,82.79910228262291,45.499403381347655
29.65,82.73988277369926,45.52050399780273
29.66,82.77026163925586,45.541604614257814
29.67,82.62787516098567,45.56270523071289
29.68,82.6441011191946,45.583805847167966
29.69,82.79632348224838,45.60490646362305
29.7,82.80119927859172,45.626007080078125
29.71,82.86646384642184,45.61840591430664
29.72,82.95350180157864,45.61080474853516
29.73,82.88321519896752,45.60320358276367
29.74,83.03505200065247,45.595602416992186
29.75,83.06527883081459,45.5880012512207
29.76,83.0542620196586,45.58040008544922
29.77,83.22144168065569,45.57279891967774
29.78,82.85331750564113,45.56519775390625
29.79,82.87188870347633,45.557596588134764
29.8,82.85535727346931,45.54999542236328
29.81,82.83081735246195,45.61049575805663
29.82,83.06755959528256,45.67099609375
29.83,82.99625221532571,45.73149642944335
29.84,83.13303860121488,45.791996765136716
29.85,83.10233545858654,45.85249710083009
29.86,83.24893538154076,45.91299743652344
29.87,83.19639625039929,45.97349777221681
29.88,83.26497708217076,46.03399810791016
29.89,83.23713246132723,46.09449844360353
29.9,83.19831772859548,46.154998779296875
29.91,83.32020278958176,46.111298370361325
29.92,83.39608410959065,46.06759796142577
29.93,83.4678277977778,46.02389755249023
29.94,83.31200809762167,45.980197143554676
29.95,83.50083340615578,45.93649673461914
29.96,83.37481423495574,45.89279632568359
29.97,83.37415584804867,45.84909591674805
29.98,83.1330128195347,45.8053955078125
29.99,83.01489739471715,45.761695098876956
30.0,82.95254891269187,45.717994689941406
30.01,82.957133131018,45.73439636230469
30.02,83.03184410442455,45.750798034667966
30.03,83.09100044692929,45.76719970703125
30.04,83.10131727333271,45.783601379394526
30.05,83.13811767017926,45.80000305175781
30.06,83.12237177513173,45.81640472412109
30.07,83.14020606334313,45.83280639648437
30.08,83.13315461882517,45.84920806884765
30.09,83.31342762170067,45.86560974121093
30.1,83.21543791544973,45.88201141357422
30.11,82.98738441556172,45.8938102722168
30.12,83.20776424167919,45.905609130859375
30.13,83.39616157692424,45.91740798950195
30.14,83.42248963737482,45.92920684814453
30.15,83.5093474585252,45.94100570678711
30.16,83.59283139229923,45.95280456542969
30.17,83.63850027029773,45.964603424072266
30.18,83.78947400098976,45.976402282714844
30.19,83.58771260030024,45.98820114135742
30.2,83.7795157112151,46.0
30.21,83.81564402533023,45.95139923095702
30.22,83.68866960507418,45.90279846191407
30.23,83.60917767237109,45.85419769287109
30.24,83.70679737213672,45.80559692382813
30.25,83.59713595233679,45.756996154785156
30.26,83.57255750282162,45.70839538574218
30.27,83.68252613993089,45.65979461669922
30.28,83.55402426847762,45.611193847656246
30.29,83.65368720766418,45.56259307861329
30.3,83.46740154485644,45.51399230957031
30.31,83.50237081293886,45.520993041992185
30.32,83.52498136521187,45.527993774414064
30.33,83.56055719209058,45.534994506835936
30.34,83.63347058725545,45.541995239257815
30.35,83.84725540842668,45.54899597167969
30.36,83.73242405585307,45.55599670410156
30.37,83.75362304412612,45.56299743652344
30.38,83.74094343497956,45.56999816894531
30.39,83.7131939721835,45.57699890136719
30.4,83.61036702537884,45.58399963378906
30.41,83.87565507359945,45.555400848388665
30.42,83.79998940688063,45.526802062988274
30.43,83.96478885103814,45.49820327758789
30.44,83.71192627415479,45.46960449218749
30.45,83.59466695689991,45.44100570678711
30.46,83.57748195185395,45.41240692138671
30.47,83.47373086680369,45.38380813598633
30.48,83.64245688816992,45.35520935058594
30.49,83.55393380442575,45.326610565185554
30.5,83.6008201232679,45.298011779785156
30.51,83.54638669028905,45.375211334228524
30.52,83.63310855934937,45.45241088867187
30.53,83.52857349554952,45.52961044311524
30.54,83.6082598078984,45.606809997558585
30.55,83.58060989245972,45.68400955200195
30.56,83.55954912744443,45.76120910644529
30.57,83.59407233517462,45.83840866088867
30.58,83.63222935198252,45.91560821533201
30.59,83.43373100887081,45.99280776977538
30.6,83.46448238743366,46.07000732421875
30.61,83.54972081854483,46.05290679931641
30.62,83.68062494483078,46.035806274414064
30.63,83.49658300223412,46.018705749511724
30.64,83.4847690006427,46.00160522460938
30.65,83.52502012879606,45.98450469970703
30.66,83.49750025350099,45.967404174804685
30.67,83.83703477915593,45.95030364990234
30.68,83.6783228463396,45.933203125
30.69,83.39901498211475,45.91610260009765
30.7,83.60619139938746,45.89900207519531
30.71,83.59266334865964,45.9134017944336
30.72,83.58950933014528,45.927801513671874
30.73,83.72577445226533,45.94220123291016
30.74,83.55251223289928,45.956600952148435
30.75,83.55215038025982,45.97100067138672
30.76,83.37558881111573,45.985400390625
30.77,83.373381278545,45.99980010986328
30.78,83.42440081126439,46.014199829101564
30.79,83.42366474845811,46.02859954833984
30.8,83.37956502537753,46.042999267578125
30.81,83.37667322378435,46.04649963378906
30.82,83.5359388964207,46.05
30.83,83.47304625510063,46.05350036621094
30.84,83.49604040526484,46.057000732421876
30.85,83.33843258231774,46.06050109863281
30.86,83.16859533664893,46.06400146484375
30.87,83.16975576447696,46.067501831054685
30.88,83.24752930670562,46.07100219726563
30.89,83.45804363270773,46.074502563476564
30.9,83.44446299860675,46.0780029296875
30.91,83.2569528121989,46.009101867675774
30.92,83.22611071110978,45.94020080566404
30.93,83.09165771488051,45.87129974365234
30.94,82.99979431677546,45.80239868164061
30.95,83.01919993097657,45.733497619628906
30.96,83.02263301993563,45.66459655761718
30.97,83.00483067114928,45.595695495605476
30.98,82.94515133584855,45.52679443359374
30.99,82.97030058332653,45.45789337158204
31.0,82.8488133693799,45.38899230957031
31.01,82.93327984369031,45.409392547607425
31.02,83.00571945542937,45.42979278564453
31.03,82.99154456020476,45.45019302368164
31.04,83.02756700584644,45.47059326171875
31.05,83.25087681357847,45.49099349975586
31.06,83.0877914701437,45.511393737792964
31.07,83.15890608303432,45.53179397583008
31.08,83.22863874910321,45.55219421386718
31.09,83.2729049734463,45.572594451904294
31.1,83.41455462861562,45.592994689941406
31.11,83.39079059369396,45.56639556884766
31.12,83.39391503885773,45.53979644775391
31.13,83.43070267486297,45.51319732666016
31.14,83.41879648499413,45.48659820556641
31.15,83.40989322746032,45.45999908447266
31.16,83.1742944043976,45.4333999633789
31.17,83.27931723212444,45.40680084228515
31.18,83.19854985498041,45.380201721191405
31.19,83.0318054554502,45.35360260009765
31.2,83.00328497069151,45.327003479003906
31.21,83.09310113597478,45.38340377807618
31.22,83.06222497488076,45.43980407714843
31.23,83.24680692425179,45.49620437622071
31.24,83.26847975580337,45.55260467529296
31.25,83.25170241396236,45.609004974365234
31.26,83.17188323652083,45.66540527343751
31.27,83.25506935791684,45.72180557250976
31.28,83.42937254859022,45.77820587158204
31.29,83.44314567750969,45.83460617065429
31.3,83.52525271049002,45.89100646972656
31.31,83.38816971995934,45.827105712890635
31.32,83.28747805644525,45.763204956054686
31.33,83.25192171475244,45.69930419921876
31.34,83.4259246007265,45.63540344238281
31.35,83.34351146534843,45.57150268554686
31.36,83.35949773320233,45.50760192871094
31.37,83.35876195677594,45.44370117187499
31.38,83.42175358299986,45.379800415039064
31.39,83.56098368280982,45.315899658203115
31.4,83.5531713236488,45.25199890136719
31.41,83.52887068964854,45.25049896240235
31.42,83.52063344301304,45.2489990234375
31.43,83.56576562296341,45.24749908447266
31.44,83.7443590719636,45.24599914550781
31.45,83.65918303442324,45.24449920654297
31.46,83.69346166168775,45.24299926757813
31.47,83.73195831626327,45.24149932861328
31.48,83.66340524238454,45.23999938964844
31.49,83.75850753466763,45.23849945068359
31.5,83.71153820524862,45.23699951171875
31.51,83.72131781596,45.243099212646484
31.52,83.75850753466763,45.24919891357422
31.53,83.67293632100872,45.25529861450195
31.54,83.86594413781356,45.26139831542969
31.55,83.78291919361651,45.26749801635742
31.56,83.78153449851867,45.273597717285156
31.57,83.85271875030722,45.27969741821289
31.58,83.93353094737515,45.285797119140625
31.59,83.68009468338262,45.29189682006836
31.6,83.65839421054551,45.297996520996094
31.61,83.69147627366416,45.27389602661133
31.62,83.75425057758129,45.249795532226564
31.63,83.68233213944143,45.2256950378418
31.64,83.64892861408967,45.201594543457034
31.65,83.52335976607,45.17749404907227
31.66,83.54093333708498,45.1533935546875
31.67,83.60683777429865,45.12929306030273
31.68,83.60383861581096,45.10519256591797
31.69,83.55790780442825,45.0810920715332
31.7,83.7483828851978,45.05699157714844
31.71,83.6301671143986,45.07779159545899
31.72,83.85612371927921,45.09859161376953
31.73,83.79599671215357,45.11939163208008
31.74,83.54751098191767,45.14019165039062
31.75,83.47134119664717,45.16099166870117
31.76,83.5147028749716,45.181791687011724
31.77,83.53281179182346,45.20259170532226
31.78,83.6023390567399,45.223391723632815
31.79,83.41941630905549,45.244191741943354
31.8,83.45429803049917,45.264991760253906
31.81,83.51347544165557,45.305793762207024
31.82,83.51957393610624,45.346595764160156
31.83,83.84130678515938,45.387397766113274
31.84,83.83489881696903,45.428199768066406
31.85,83.85152767482046,45.46900177001954
31.86,83.75528569397,45.509803771972656
31.87,83.67755979820936,45.55060577392579
31.88,83.70402925175358,45.591407775878906
31.89,83.71928681806291,45.63220977783204
31.9,83.51890205715961,45.673011779785156
31.91,83.84442671285647,45.668111419677736
31.92,83.77591818900508,45.66321105957031
31.93,83.6925368703605,45.65831069946289
31.94,83.8157216872857,45.65341033935547
31.95,83.80664195687841,45.64850997924805
31.96,83.85257633866246,45.643609619140626
31.97,83.82374694997003,45.638709259033206
31.98,83.88085388951568,45.63380889892578
31.99,83.81908707325027,45.62890853881836
32.0,83.73278629865176,45.62400817871094
32.01,83.75000020071009,45.56880645751954
32.02,83.58608392662283,45.51360473632811
32.03,83.70238651036394,45.45840301513672
32.04,83.6969151336494,45.40320129394532
32.05,83.54840266686422,45.34799957275393
32.06,83.62650815496247,45.29279785156249
32.07,83.70058856779217,45.237596130371095
32.08,83.57359149583446,45.1823944091797
32.09,83.5762152818131,45.12719268798827
32.1,83.48793396084008,45.071990966796875
32.11,83.47309792381046,45.03259201049806
32.12,83.56362019505298,44.99319305419924
32.13,83.55380457015089,44.953794097900385
32.14,83.53518941973792,44.91439514160157
32.15,83.47870407382048,44.87499618530275
32.16,83.53431072721902,44.83559722900393
32.17,83.27582077877845,44.796198272705084
32.18,83.36818530388572,44.75679931640626
32.19,83.45264482591669,44.71740036010744
32.2,83.21102712190903,44.678001403808594
32.21,83.34725458059368,44.7636016845703
32.22,83.32406153212315,44.84920196533201
32.23,83.21671474592361,44.93480224609371
32.24,83.23030263179464,45.020402526855484
32.25,83.25977803356731,45.10600280761719
32.26,83.46371385942592,45.19160308837889
32.27,83.54760144249248,45.277203369140665
32.28,83.5978857068592,45.36280364990237
32.29,83.42194728120475,45.44840393066408
32.3,83.36803039524406,45.53400421142578
32.31,83.46145349539186,45.519904327392574
32.32,83.55839890726271,45.505804443359374
32.33,83.71999831133807,45.49170455932617
32.34,83.74813705460718,45.47760467529296
32.35,83.66462084500348,45.46350479125976
32.36,83.80075301301785,45.44940490722656
32.37,83.74961204356293,45.43530502319336
32.38,83.74368628947295,45.42120513916015
32.39,83.7176309908735,45.40710525512695
32.4,83.66098053223361,45.39300537109375
32.41,83.6515923753378,45.41070480346679
32.42,83.33359261918564,45.42840423583985
32.43,83.30263309274184,45.44610366821289
32.44,83.45624831633289,45.463803100585935
32.45,83.78183214229387,45.48150253295899
32.46,83.61863455258602,45.499201965332034
32.47,83.88411699124345,45.51690139770508
32.48,83.74218547673242,45.53460083007812
32.49,83.68639326327106,45.552300262451176
32.5,83.83250398263164,45.56999969482422
32.51,84.00358757246347,45.55719909667969
32.52,84.03002429340232,45.54439849853515
32.53,83.93883518188527,45.53159790039062
32.54,83.86082993764491,45.51879730224609
32.55,83.87275468189877,45.50599670410157
32.56,83.68903175321546,45.49319610595703
32.57,83.6345178866815,45.4803955078125
32.58,83.64948463842046,45.46759490966797
32.59,83.67940922595143,45.454794311523436
32.6,83.6330051229487,45.441993713378906
32.61,83.61296553257588,45.426194000244145
32.62,83.43931000765154,45.41039428710938
32.63,83.59299943610775,45.39459457397461
32.64,83.52134409165495,45.37879486083985
32.65,83.5899875996172,45.362995147705085
32.66,83.38483236427867,45.347195434570324
32.67,83.45985188454686,45.33139572143555
32.68,83.70119650304771,45.31559600830079
32.69,83.6825520066798,45.299796295166026
32.7,83.62412922780985,45.28399658203125
32.71,83.47575888398481,45.30599670410156
32.72,83.52023289692895,45.32799682617187
32.73,83.48164285395427,45.34999694824218
32.74,83.55604679625755,45.3719970703125
32.75,83.57396631988125,45.39399719238281
32.76,83.72334236748809,45.41599731445312
32.77,83.49325639652047,45.437997436523446
32.78,83.5961664471632,45.459997558593756
32.79,83.7298883782021,45.481997680664065
32.8,83.77162196872062,45.503997802734375
32.81,83.80978712594187,45.493798065185544
32.82,83.9070511299374,45.48359832763671
32.83,83.82342334323486,45.47339859008789
32.84,83.90323719124183,45.46319885253906
32.85,83.8279021159516,45.45299911499023
32.86,83.73581364410632,45.4427993774414
32.87,83.90580139359501,45.43259963989258
32.88,83.94730676551102,45.42239990234375
32.89,83.93781188497186,45.41220016479492
32.9,84.0334976626414,45.402000427246094
32.91,83.8905915873291,45.500900268554666
32.92,83.84713889359513,45.59980010986331
32.93,83.89493617863651,45.69869995117188
32.94,83.70652573212982,45.797599792480455
32.95,83.84921028045137,45.8964996337891
32.96,83.65813558057548,45.99539947509767
32.97,83.68561724473244,46.09429931640624
32.98,83.51789424380684,46.193199157714815
32.99,83.48768851280141,46.29209899902346
33.0,83.24857418687176,46.39099884033203
33.01,83.30295569263639,46.29650039672853
33.02,83.4232644349618,46.20200195312497
33.03,83.24665212841944,46.10750350952148
33.04,83.19943967578912,46.01300506591798
33.05,83.19693787287999,45.91850662231449
33.06,83.10946293001437,45.824008178710926
33.07,83.21613436722116,45.72950973510743
33.08,83.43176161792304,45.635011291503936
33.09,83.39577424061605,45.540512847900374
33.1,83.43392472098049,45.446014404296875
33.11,83.51175705016671,45.47701339721679
33.12,83.30016845016411,45.508012390136706
33.13,83.47612057116619,45.539011383056646
33.14,83.5113823656484,45.57001037597656
33.15,83.40117120755727,45.60100936889647
33.16,83.56364604341812,45.63200836181639
33.17,83.61521501917426,45.66300735473632
33.18,83.67864617286794,45.69400634765624
33.19,83.60341201574096,45.72500534057615
33.2,83.7257097687023,45.756004333496094
33.21,83.62830530171487,45.736103820800786
33.22,83.68829452389676,45.71620330810548
33.23,83.70634463903676,45.69630279541016
33.24,83.74118925501205,45.67640228271484
33.25,83.94958665306419,45.65650177001953
33.26,83.81618765977412,45.63660125732422
33.27,83.74820174683289,45.6167007446289
33.28,83.75673486766023,45.596800231933585
33.29,83.72103321604439,45.57689971923828
33.3,83.5591355642204,45.55699920654297
33.31,83.4552150494766,45.52049865722655
33.32,83.41963583062942,45.483998107910146
33.33,83.48718469953663,45.447497558593746
33.34,83.51352712287645,45.410997009277324
33.35,83.47613348858002,45.37449645996092
33.36,83.32247414561087,45.33799591064452
33.37,83.42906261777799,45.30149536132813
33.38,83.43615888356508,45.2649948120117
33.39,83.41698222428492,45.22849426269531
33.4,83.4446567231745,45.191993713378906
33.41,83.20016185269716,45.22289428710937
33.42,83.18421666081821,45.253794860839854
33.43,83.39527070476014,45.28469543457032
33.44,83.42392301573965,45.31559600830078
33.45,83.56827296518102,45.346496582031264
33.46,83.52271371392946,45.37739715576172
33.47,83.4834901153774,45.40829772949218
33.48,83.5592260310882,45.439198303222646
33.49,83.59753668278394,45.47009887695313
33.5,83.48523405225873,45.500999450683594
33.51,83.59895863728265,45.50829925537109
33.52,83.5479632852814,45.5155990600586
33.53,83.5322949206674,45.5228988647461
33.54,83.5691130624812,45.530198669433595
33.55,83.39967346716779,45.537498474121094
33.56,83.58135957287031,45.54479827880859
33.57,83.56395622411154,45.55209808349609
33.58,83.69770413911473,45.55939788818359
33.59,83.79566021687504,45.566697692871095
33.6,83.67697135095364,45.573997497558594
33.61,83.64798467003881,45.53969802856446
33.62,83.7631786667671,45.505398559570324
33.63,83.84818752999338,45.47109909057617
33.64,83.95614797673561,45.43679962158203
33.65,83.89216494916971,45.402500152587905
33.66,83.79321417534891,45.36820068359377
33.67,83.96108371405087,45.333901214599614
33.68,83.85431117966229,45.29960174560548
33.69,83.81355364062235,45.265302276611344
33.7,83.7103610684023,45.23100280761719
33.71,83.7779498737096,45.19550323486329
33.72,83.6464006690441,45.16000366210938
33.73,83.82343628749229,45.12450408935548
33.74,83.96798232740996,45.089004516601555
33.75,83.89000886344957,45.053504943847656
33.76,83.83416094544613,45.01800537109376
33.77,83.6751736813652,44.98250579833983
33.78,83.57325544740368,44.94700622558593
33.79,83.64329735826547,44.911506652832024
33.8,83.55909679272062,44.876007080078125
33.81,83.55455413033629,44.91180572509767
33.82,83.57188541079337,44.9476043701172
33.83,83.73260517715447,44.98340301513672
33.84,83.4329755365276,45.01920166015627
33.85,83.40418609371497,45.055000305175795
33.86,83.53789013596905,45.09079895019532
33.87,83.56850560708753,45.12659759521484
33.88,83.7223786017253,45.16239624023439
33.89,83.7507765177029,45.19819488525391
33.9,83.69028634390686,45.23399353027344
33.91,83.92945087891728,45.25699462890625
33.92,84.02479493718971,45.27999572753907
33.93,83.9233374381585,45.30299682617188
33.94,84.02417286814362,45.32599792480468
33.95,84.06992051501659,45.34899902343751
33.96,84.01385722552152,45.37200012207032
33.97,83.96909649668537,45.39500122070312
33.98,83.95710661252551,45.41800231933593
33.99,83.98300479871418,45.44100341796875
34.0,84.16898260257658,45.46400451660156
34.01,84.03450858210047,45.4414047241211
34.02,83.87738367636712,45.418804931640615
34.03,83.99714101419904,45.39620513916015
34.04,84.0665889862586,45.37360534667969
34.05,84.19176754609558,45.351005554199226
34.06,84.07064646000316,45.32840576171875
34.07,84.21072816229373,45.305805969238286
34.08,83.94765651897754,45.28320617675782
34.09,83.98830412048973,45.26060638427734
34.1,84.10323942778152,45.238006591796875
34.11,84.26511149415632,45.24940567016601
34.12,84.32310857273939,45.26080474853515
34.13,84.40738136146088,45.272203826904295
34.14,84.4108235522841,45.28360290527343
34.15,84.37375550454237,45.29500198364257
34.16,84.52802976434323,45.30640106201171
34.17,84.3067835185838,45.31780014038086
34.18,84.2690569482479,45.32919921875
34.19,84.34517424966343,45.340598297119136
34.2,84.33101527171198,45.35199737548828
34.21,84.35243921966313,45.35329818725586
34.22,84.2417002448136,45.35459899902344
34.23,84.29114800043243,45.355899810791016
34.24,84.22129591735938,45.357200622558594
34.25,84.29709309198887,45.35850143432617
34.26,84.13924293751964,45.35980224609375
34.27,84.30436897236947,45.36110305786133
34.28,84.26399536272004,45.362403869628906
34.29,84.28943460684982,45.363704681396484
34.3,84.31047031176455,45.36500549316406
34.31,84.3100678761952,45.35330505371093
34.32,84.44196232561669,45.34160461425781
34.33,84.56180335622196,45.32990417480469
34.34,84.63459289941966,45.31820373535155
34.35,84.52055576518222,45.30650329589843
34.36,84.62312785119778,45.29480285644531
34.37,84.68636111764292,45.283102416992186
34.38,84.80619310939102,45.27140197753906
34.39,84.84029569385362,45.259701538085935
34.4,84.82169402592753,45.24800109863281
34.41,84.68548940198181,45.232801055908205
34.42,84.76588824219957,45.21760101318359
34.43,84.63307111794946,45.20240097045898
34.44,84.53135742506124,45.18720092773438
34.45,84.63369543689753,45.17200088500976
34.46,84.71753765406102,45.15680084228515
34.47,84.83295114339833,45.14160079956055
34.48,84.69793454125595,45.12640075683594
34.49,84.80667484699961,45.11120071411133
34.5,84.63841692349749,45.09600067138672
34.51,84.6889047287667,45.17970123291014
34.52,84.74937720959213,45.26340179443362
34.53,84.65274477229396,45.347102355957034
34.54,84.6571610880946,45.430802917480456
34.55,84.61298358701103,45.51450347900388
34.56,84.54156829009032,45.59820404052736
34.57,84.6471513677498,45.68190460205078
34.58,84.60071374434986,45.76560516357419
34.59,84.68778579416981,45.84930572509767
34.6,84.62276368760226,45.933006286621094
34.61,84.67886711160435,45.88260574340821
34.62,84.62704915966022,45.83220520019533
34.63,84.56565823639022,45.781804656982416
34.64,84.43155611236891,45.731404113769536
34.65,84.33679946824019,45.68100357055666
34.66,84.44746449375658,45.63060302734378
34.67,84.42120899959653,45.580202484130865
34.68,84.56890862753376,45.529801940917984
34.69,84.72720016072674,45.479401397705104
34.7,84.34632987230313,45.42900085449219
34.71,84.31428700652539,45.41660079956055
34.72,84.38212562420311,45.40420074462891
34.73,84.23312298839517,45.39180068969727
34.74,84.36743111022044,45.379400634765624
34.75,84.53960536374595,45.367000579833984
34.76,84.40796587948361,45.354600524902345
34.77,84.65790257260718,45.3422004699707
34.78,84.48907761374878,45.32980041503906
34.79,84.59912724742186,45.31740036010742
34.8,84.42711320542783,45.30500030517578
34.81,84.33548810601049,45.31059951782227
34.82,84.38582705198664,45.31619873046875
34.83,84.40493939694464,45.321797943115236
34.84,84.34738162563168,45.32739715576172
34.85,84.45785219480588,45.3329963684082
34.86,84.45609163494247,45.33859558105469
34.87,84.44404754008956,45.34419479370117
34.88,84.3513354949794,45.34979400634766
34.89,84.1847494799787,45.355393218994145
34.9,84.29730078456677,45.360992431640625
34.91,84.34899172984991,45.41679382324217
34.92,84.26345027796093,45.472595214843764
34.93,84.2941724422097,45.52839660644532
34.94,84.41353188862814,45.58419799804687
34.95,84.15525345634916,45.63999938964846
34.96,84.25069969381573,45.69580078125001
34.97,84.35271190569738,45.751602172851555
34.98,84.61286654135739,45.80740356445311
34.99,84.54112630468714,45.8632049560547
35.0,84.48949347190576,45.91900634765625
35.01,84.45159611181096,45.8558059692383
35.02,84.6616490703232,45.792605590820294
35.03,84.87799359820481,45.72940521240234
35.04,84.84513363160099,45.66620483398438
35.05,84.97831900051926,45.60300445556643
35.06,84.83481329543253,45.53980407714843
35.07,84.8602343598681,45.47660369873047
35.08,84.92360825052107,45.41340332031252
35.09,84.88705953769058,45.350202941894516
35.1,84.89032261008266,45.28700256347656
35.11,84.95219611603926,45.30180206298828
35.12,84.88151050001001,45.3166015625
35.13,84.79546503718306,45.33140106201172
35.14,84.60959580108695,45.34620056152344
35.15,84.55904713630014,45.36100006103515
35.16,84.50565424982365,45.37579956054687
35.17,84.50440655911325,45.39059906005859
35.18,84.42980231934848,45.40539855957031
35.19,84.48305428577751,45.420198059082026
35.2,84.5359655606324,45.43499755859375
35.21,84.45769627708084,45.42019882202148
35.22,84.33895479860799,45.40540008544922
35.23,84.20607051517077,45.390601348876956
35.24,84.31130114952664,45.37580261230469
35.25,84.22852959946005,45.36100387573242
35.26,84.30648494379136,45.346205139160155
35.27,84.315650132733,45.33140640258789
35.28,84.46074969205065,45.31660766601562
35.29,84.23678221835951,45.30180892944336
35.3,84.29347149379153,45.287010192871094
35.31,84.25626700699078,45.2535087585449
35.32,83.8855413809442,45.22000732421874
35.33,84.03203313626183,45.18650588989257
35.34,83.78977165886761,45.15300445556639
35.35,83.81891880234744,45.11950302124022
35.36,83.87581045314148,45.08600158691406
35.37,84.01516608479632,45.052500152587896
35.38,84.14929391729596,45.018998718261706
35.39,84.17171948696235,44.98549728393554
35.4,84.21801328930707,44.951995849609375
35.41,84.06690009899019,44.92939682006836
35.42,84.28164018663526,44.906797790527335
35.43,84.24536614672463,44.88419876098633
35.44,84.30540748263262,44.86159973144532
35.45,84.58683240336501,44.83900070190429
35.46,84.67352002876146,44.81640167236328
35.47,84.54328424437026,44.793802642822264
35.48,84.53270930593754,44.77120361328126
35.49,84.48618613105143,44.74860458374023
35.5,84.34953709121436,44.72600555419922
35.51,84.61849782954911,44.77260513305663
35.52,84.69492888739846,44.819204711914075
35.53,84.58970610563183,44.865804290771486
35.54,84.74545306800272,44.912403869628896
35.55,84.60509619431022,44.959003448486314
35.56,84.39965292456571,45.00560302734376
35.57,84.44607431795373,45.05220260620117
35.58,84.48072818100627,45.09880218505858
35.59,84.42630128606552,45.14540176391603
35.6,84.60663072884157,45.19200134277344
35.61,84.7077260534776,45.19920196533203
35.62,84.50142383859242,45.20640258789062
35.63,84.4400395313032,45.21360321044922
35.64,84.52656093494134,45.220803833007814
35.65,84.47249610928519,45.228004455566406
35.66,84.3150140057982,45.235205078125
35.67,84.41809134898485,45.24240570068359
35.68,84.40713456557005,45.24960632324218
35.69,84.36265875467633,45.256806945800776
35.7,84.55398984959395,45.264007568359375
35.71,84.42067639687313,45.260107421875
35.72,84.42463848176045,45.25620727539063
35.73,84.30521276147104,45.25230712890625
35.74,84.26281434797022,45.248406982421876
35.75,84.27759060373569,45.2445068359375
35.76,84.30045514704453,45.240606689453124
35.77,84.00919854951768,45.23670654296875
35.78,84.04428759493155,45.23280639648437
35.79,83.9004528744736,45.22890625
35.8,84.06150755979999,45.225006103515625
35.81,84.16569451159936,45.27710571289065
35.82,84.13472343728034,45.329205322265636
35.83,84.19000327274482,45.38130493164063
35.84,84.19659344704937,45.433404541015655
35.85,83.93092746367044,45.485504150390646
35.86,83.80955414843181,45.53760375976563
35.87,83.81651125254203,45.58970336914062
35.88,83.61726414406932,45.64180297851565
35.89,83.57873570614254,45.69390258789063
35.9,83.46670404242374,45.746002197265625
35.91,83.67386747313003,45.7363021850586
35.92,83.6561312118627,45.72660217285156
35.93,83.52224855793543,45.71690216064453
35.94,83.48727512744657,45.7072021484375
35.95,83.43693374462678,45.69750213623047
35.96,83.31422772241969,45.687802124023435
35.97,83.33714191174015,45.67810211181641
35.98,83.48687466136003,45.66840209960938
35.99,83.47595264487738,45.65870208740234
36.0,83.47467382714207,45.64900207519531
36.01,83.48628042313067,45.72030105590819
36.02,83.41095203845076,45.79160003662111
36.03,83.25248931813863,45.86289901733399
36.04,83.39157815493269,45.93419799804686
36.05,83.14350629366895,46.00549697875974
36.06,83.0864898546549,46.07679595947267
36.07,83.19090275058093,46.148094940185544
36.08,83.26847975580337,46.21939392089842
36.09,83.38806643513846,46.290692901611344
36.1,83.46287429206883,46.36199188232422
36.11,83.34444078266912,46.338494110107426
36.12,83.23132160692565,46.31499633789063
36.13,83.2590168961525,46.29149856567383
36.14,83.40478003970769,46.268000793457034
36.15,83.38192756122035,46.24450302124024
36.16,83.40811134120895,46.22100524902345
36.17,83.50234497405246,46.19750747680664
36.18,83.37775764350506,46.17400970458985
36.19,83.56636014400465,46.15051193237306
36.2,83.66339231048926,46.12701416015625
36.21,83.6242197298541,46.03821334838869
36.22,83.76990092342767,45.94941253662112
36.23,83.8145632362599,45.860611724853555
36.24,84.04288130262472,45.77181091308592
36.25,83.90381996106333,45.68301010131836
36.26,83.91834453106719,45.5942092895508
36.27,83.69872597139185,45.50540847778316
36.28,83.71937737158457,45.4166076660156
36.29,83.66247414847888,45.32780685424803
36.3,83.66269398962825,45.23900604248047
36.31,83.73317441680558,45.29550399780276
36.32,83.66292676292477,45.35200195312502
36.33,83.62977923504711,45.40849990844727
36.34,83.516692628141,45.46499786376956
36.35,83.49121524821925,45.52149581909182
36.36,83.64594809930338,45.57799377441407
36.37,83.63033519573027,45.634491729736325
36.38,83.55207284051046,45.69098968505862
36.39,83.49315304663972,45.74748764038087
36.4,83.38893144748879,45.803985595703125
36.41,83.35971717592307,45.774286651611334
36.42,83.45440135632929,45.74458770751952
36.43,83.40749155914827,45.71488876342773
36.44,83.45601583073254,45.68518981933594
36.45,83.54248403552596,45.65549087524413
36.46,83.4105259307807,45.62579193115234
36.47,83.4634555305586,45.59609298706055
36.48,83.34880348045392,45.56639404296876
36.49,83.34515068133521,45.53669509887695
36.5,83.43540985462553,45.506996154785156
36.51,83.33689668546027,45.55539627075194
36.52,83.18916834092546,45.60379638671876
36.53,83.08502071674741,45.65219650268555
36.54,83.03380233089858,45.700596618652334
36.55,83.08293946300952,45.748996734619126
36.56,83.2338239267516,45.79739685058595
36.57,83.24322085775619,45.84579696655273
36.58,83.16856954945581,45.89419708251952
36.59,83.32018988423822,45.94259719848634
36.6,83.50218994081803,45.990997314453125
36.61,83.53490513635843,45.99559783935547
36.62,83.60343787025968,46.00019836425781
36.63,83.55554277677784,46.004798889160156
36.64,83.44656815096502,46.0093994140625
36.65,83.45938690363155,46.013999938964844
36.66,83.36469989425905,46.01860046386719
36.67,83.56420178423542,46.02320098876953
36.68,83.3665845881954,46.027801513671875
36.69,83.29089733604003,46.03240203857422
36.7,83.30028458433614,46.03700256347656
36.71,83.14194641101604,46.03450164794922
36.72,83.17082594398276,46.03200073242188
36.73,83.15198276858119,46.029499816894536
36.74,83.21723063980264,46.026998901367186
36.75,83.05460990778646,46.024497985839844
36.76,83.02526102551492,46.0219970703125
36.77,82.96207160632508,46.01949615478515
36.78,82.97858792055715,46.01699523925781
36.79,82.87282825832226,46.01449432373047
36.8,82.95263905059544,46.011993408203125
36.81,82.79713396087412,46.03389434814454
36.82,82.78897146721927,46.055795288085946
36.83,83.07694713640647,46.07769622802734
36.84,82.8059336984287,46.09959716796876
36.85,82.95842085558233,46.12149810791016
36.86,82.80433838966839,46.14339904785157
36.87,82.87147684549691,46.16529998779297
36.88,82.90429998144516,46.18720092773439
36.89,83.01657202132596,46.209101867675784
36.9,82.95552348936725,46.23100280761719
36.91,82.92987435283776,46.255402374267575
36.92,83.14801198457644,46.27980194091798
36.93,83.13211046324696,46.30420150756836
36.94,83.18669248245007,46.328601074218746
36.95,83.04432174910329,46.35300064086915
36.96,83.21439324325704,46.377400207519536
36.97,83.16196815952846,46.40179977416992
36.98,83.39008050068334,46.426199340820304
36.99,83.3076786266057,46.450598907470706
37.0,83.33280533180677,46.474998474121094
37.01,83.25559827100913,46.43669738769532
37.02,83.18822699455987,46.39839630126952
37.03,83.37018622010913,46.360095214843746
37.04,83.29789739818207,46.32179412841798
37.05,83.28896188613976,46.2834930419922
37.06,83.54499102844665,46.2451919555664
37.07,83.41591046226732,46.20689086914063
37.08,83.51715776866364,46.168589782714854
37.09,83.59182313299523,46.13028869628906
37.1,83.48290880713138,46.09198760986328
37.11,83.59593376675808,46.043790435791024
37.12,83.68865667122648,45.99559326171877
37.13,83.55912264038615,45.94739608764648
37.14,83.52892237563277,45.899198913574224
37.15,83.46968782326248,45.85100173950197
37.16,83.68493176468282,45.80280456542972
37.17,83.59285724518186,45.754607391357425
37.18,83.59310284776616,45.70641021728517
37.19,83.6616141871443,45.65821304321292
37.2,83.41185590680843,45.610015869140625
37.21,83.3719935199172,45.61961364746094
37.22,83.09942269205709,45.62921142578125
37.23,83.17865909123282,45.638809204101555
37.24,83.29763932605212,45.648406982421875
37.25,83.2660156185219,45.65800476074219
37.26,83.31193066938334,45.6676025390625
37.27,83.29269087302197,45.67720031738282
37.28,83.17457162374222,45.686798095703125
37.29,83.37416875757089,45.69639587402344
37.3,83.24177613337,45.70599365234375
37.31,83.25878468543044,45.71379470825196
37.32,83.00875294792624,45.721595764160156
37.33,82.99544076272558,45.72939682006836
37.34,83.04231186336217,45.73719787597657
37.35,83.01779579760627,45.744998931884766
37.36,83.02221434914627,45.75279998779297
37.37,83.15185384553342,45.76060104370117
37.38,83.28560715958302,45.768402099609375
37.39,83.19065773955597,45.77620315551758
37.4,83.35809072497376,45.78400421142578
37.41,83.24047331230798,45.81520385742187
37.42,83.11090650575072,45.846403503417974
37.43,83.3671654913065,45.877603149414064
37.44,83.48847653146899,45.90880279541015
37.45,83.32973365595535,45.940002441406264
37.46,83.22443397239442,45.97120208740235
37.47,83.2740274234381,46.002401733398436
37.48,83.20196730867963,46.033601379394526
37.49,83.31580212537489,46.06480102539063
37.5,83.16009867287774,46.09600067138672
37.51,83.1572686995919,46.1052001953125
37.52,83.16555247545763,46.114399719238286
37.53,83.14886285888161,46.123599243164065
37.54,82.90563878867293,46.132798767089845
37.55,83.12297760689594,46.141998291015625
37.56,83.06460878166735,46.151197814941405
37.57,83.06268884811549,46.160397338867185
37.58,83.28203315985385,46.169596862792964
37.59,83.3351413920964,46.17879638671875
37.6,83.35923956566538,46.18799591064453
37.61,83.40012537017893,46.152796936035166
37.62,83.24859998646498,46.117597961425794
37.63,83.2284839701635,46.0823989868164
37.64,83.23798379150513,46.047200012207036
37.65,83.14069593714241,46.01200103759767
37.66,83.28160738160477,45.9768020629883
37.67,83.54013214852934,45.94160308837891
37.68,83.40320479627346,45.90640411376954
37.69,83.32579089724027,45.871205139160175
37.7,83.33428956521448,45.83600616455078
37.71,83.45822445701013,45.83750534057617
37.72,83.46166015597511,45.83900451660156
37.73,83.43534528332265,45.84050369262695
37.74,83.36538406151254,45.842002868652344
37.75,83.38440632333054,45.843502044677734
37.76,83.47274916032941,45.845001220703125
37.77,83.4476917707614,45.846500396728516
37.78,83.39733650256156,45.847999572753906
37.79,83.4307414165638,45.8494987487793
37.8,83.3304951165401,45.85099792480469
37.81,83.30735601756625,45.88929977416994
37.82,83.28038811628225,45.92760162353517
37.83,83.33425084591418,45.96590347290039
37.84,83.38315402745118,46.00420532226565
37.85,83.25501775672949,46.042507171630874
37.86,83.47666310340743,46.0808090209961
37.87,83.60798832782265,46.119110870361325
37.88,83.44826004112502,46.15741271972658
37.89,83.25810095574035,46.195714569091805
37.9,83.21721774243618,46.23401641845703
37.91,82.99229803135829,46.20431594848633
37.92,83.20141277368639,46.17461547851562
37.93,83.26455134752345,46.14491500854492
37.94,83.3351542985978,46.11521453857422
37.95,83.27148579463048,46.08551406860351
37.96,83.46062685561745,46.05581359863281
37.97,83.20954398660123,46.02611312866211
37.98,83.22890961259402,45.99641265869141
37.99,83.31218876365101,45.9667121887207
38.0,83.40696216379492,45.93701171875
38.01,83.49973526711877,45.96790924072265
38.02,83.29571025227739,45.998806762695324
38.03,83.37357492058361,46.02970428466797
38.04,83.170065213265,46.06060180664062
38.05,83.31655061724283,46.09149932861327
38.06,83.18482271791623,46.12239685058594
38.07,83.31526011612108,46.15329437255859
38.08,83.2936199069641,46.18419189453124
38.09,83.29701995457131,46.215089416503915
38.1,83.25166371385292,46.24598693847656
38.11,83.24599424773763,46.32468795776366
38.12,83.13321907308809,46.403388977050746
38.13,83.12609703092936,46.4820899963379
38.14,83.21421268329577,46.560791015624986
38.15,83.36189871044333,46.63949203491208
38.16,83.31089184673276,46.718193054199176
38.17,83.2321471103394,46.79689407348632
38.18,83.20043266984572,46.875595092773416
38.19,83.27434996793842,46.954296112060504
38.2,83.2628613207202,47.032997131347656
38.21,83.21635362115977,47.01159744262696
38.22,83.1448663658533,46.99019775390626
38.23,83.16048546149521,46.96879806518555
38.24,83.14558830587295,46.94739837646484
38.25,83.28129772537997,46.92599868774414
38.26,83.35860705688941,46.90459899902344
38.27,83.3654227880448,46.88319931030273
38.28,83.31598279551794,46.86179962158202
38.29,83.39357935186014,46.840399932861324
38.3,83.2994200318863,46.819000244140625
38.31,83.2992522834232,46.77580032348631
38.32,83.31931232322269,46.73260040283202
38.33,83.23675839338338,46.68940048217773
38.34,83.2351524932864,46.646200561523415
38.35,83.18880727593641,46.603000640869126
38.36,83.28334920859581,46.55980072021484
38.37,83.3013685071789,46.51660079956055
38.38,83.45730742149888,46.47340087890623
38.39,83.51140820593302,46.430200958251945
38.4,83.51144696636746,46.387001037597656
38.41,83.79765331414451,46.412901306152335
38.42,83.59222385070846,46.438801574707036
38.43,83.75612673074572,46.46470184326172
38.44,83.71578114080106,46.4906021118164
38.45,83.9265236528053,46.5165023803711
38.46,84.00455943728858,46.54240264892579
38.47,84.04538930895237,46.568302917480466
38.48,83.84963750717321,46.59420318603515
38.49,83.89606281304803,46.62010345458985
38.5,83.84748843833262,46.64600372314453
38.51,83.74446257720203,46.61780319213868
38.52,83.80551592304222,46.5896026611328
38.53,83.8533401843541,46.56140213012695
38.54,83.73878282179528,46.5332015991211
38.55,83.80542532294744,46.50500106811524
38.56,83.8279668389777,46.47680053710937
38.57,83.6911529223496,46.44860000610352
38.58,83.78254390129139,46.42039947509767
38.59,83.96638234418268,46.39219894409179
38.6,83.8891024081042,46.36399841308594
38.61,83.70734065347278,46.31329956054689
38.62,83.6388235198813,46.26260070800783
38.63,83.68076721038321,46.211901855468746
38.64,83.85818227017288,46.161203002929696
38.65,83.74950853514227,46.110504150390646
38.66,83.7224044746328,46.05980529785159
38.67,83.88967217946389,46.009106445312504
38.68,83.70346011117942,45.958407592773455
38.69,83.6962166728981,45.9077087402344
38.7,83.72903453620573,45.85700988769531
38.71,83.77546526902144,45.83210906982422
38.72,83.97585940367787,45.807208251953135
38.73,83.83624511723781,45.78230743408204
38.74,83.74149976504249,45.757406616210936
38.75,83.64556018335722,45.732505798339844
38.76,83.68857906816129,45.70760498046875
38.77,83.86708352516727,45.682704162597645
38.78,83.96420586951925,45.65780334472655
38.79,83.85763849955666,45.63290252685547
38.8,83.80529589432557,45.608001708984375
38.81,83.72228804658054,45.679802703857455
38.82,83.68150440654632,45.75160369873049
38.83,83.50111763155347,45.82340469360352
38.84,83.59919132189744,45.8952056884766
38.85,83.6883333253589,45.96700668334964
38.86,83.50332685454605,46.03880767822267
38.87,83.40212666965941,46.1106086730957
38.88,83.35574789173104,46.182409667968784
38.89,83.02262013765777,46.254210662841814
38.9,83.10096928739767,46.326011657714844
38.91,83.1538521640051,46.35021133422851
38.92,82.94984479835715,46.37441101074219
38.93,83.17577077571883,46.39861068725586
38.94,82.99155744007145,46.42281036376953
38.95,83.13323196394367,46.44701004028321
38.96,83.0752332418757,46.47120971679688
38.97,83.08410573391274,46.495409393310545
38.98,82.9992662168559,46.51960906982421
38.99,83.01013124220225,46.543808746337895
39.0,83.05303797463009,46.56800842285156
39.01,82.94951000631535,46.55970687866211
39.02,83.03174104051293,46.551405334472655
39.03,82.9030126769974,46.543103790283205
39.04,82.93845581281577,46.534802246093754
39.05,82.8564382976965,46.5265007019043
39.06,83.02084883669941,46.51819915771484
39.07,82.95780274654415,46.50989761352539
39.08,83.02468131482634,46.50159606933594
39.09,83.13439214503877,46.49329452514648
39.1,83.1846937694126,46.48499298095703
39.11,83.29382635965486,46.40299301147463
39.12,83.22128690840825,46.320993041992224
39.13,83.3665200435302,46.23899307250976
39.14,83.3883246473106,46.156993103027354
39.15,83.34944885964333,46.07499313354495
39.16,83.19435873400126,45.99299316406255
39.17,83.4414667539282,45.91099319458009
39.18,83.45097872224069,45.828993225097676
39.19,83.41198503125929,45.74699325561527
39.2,83.58913447124536,45.66499328613281
39.21,83.7027745580569,45.673693847656246
39.22,83.6637285400914,45.682394409179686
39.23,83.89730600462606,45.69109497070312
39.24,83.7233682405445,45.69979553222657
39.25,83.68319867670205,45.70849609375
39.26,83.64505589397196,45.71719665527343
39.27,83.50472216833583,45.72589721679688
39.28,83.64462918875638,45.734597778320314
39.29,83.49140902704936,45.743298339843754
39.3,83.59054342801986,45.75199890136719
39.31,83.4455220289893,45.69099960327146
39.32,83.51372092759718,45.63000030517576
39.33,83.60004450158877,45.569001007080075
39.34,83.68004295064836,45.50800170898434
39.35,83.74776184019078,45.44700241088865
39.36,83.76335982132802,45.38600311279296
39.37,83.75844283846163,45.32500381469727
39.38,83.73120796075975,45.26400451660154
39.39,83.7832427221576,45.203005218505844
39.4,83.73516677082199,45.142005920410156
39.41,83.79553079579397,45.17210464477538
39.42,83.70840781563247,45.20220336914063
39.43,83.60268809084009,45.232302093505865
39.44,83.77219134098006,45.26240081787109
39.45,83.55191776111967,45.29249954223634
39.46,83.65173461620893,45.32259826660157
39.47,83.73047054569575,45.35269699096679
39.48,83.7384852544986,45.38279571533202
39.49,83.82174059828145,45.412894439697276
39.5,83.80530883718326,45.4429931640625
39.51,83.9205463147624,45.49279403686523
39.52,84.00549243280973,45.54259490966798
39.53,83.90802243617284,45.5923957824707
39.54,84.0584419292804,45.64219665527343
39.55,83.99399233160663,45.69199752807616
39.56,83.92109028930133,45.74179840087891
39.57,84.01434966642857,45.79159927368164
39.58,84.05689941190668,45.84140014648436
39.59,83.71351736607441,45.89120101928712
39.6,83.8002870834356,45.941001892089844
39.61,83.75426351649666,45.97050247192382
39.62,83.77419709958063,46.0000030517578
39.63,83.68304347566884,46.0295036315918
39.64,83.55885124009757,46.05900421142578
39.65,83.40537398781525,46.08850479125976
39.66,83.28412335977191,46.11800537109373
39.67,83.20713230784379,46.14750595092773
39.68,83.40332100224809,46.17700653076171
39.69,83.34214331316616,46.20650711059569
39.7,83.27160190880662,46.23600769042969
39.71,83.42547262782418,46.250806427001955
39.72,83.33777433907436,46.265605163574214
39.73,83.32080934185517,46.28040390014648
39.74,83.32944972239052,46.29520263671875
39.75,83.27975590673005,46.310001373291016
39.76,83.5049547217675,46.32480010986328
39.77,83.43267851307426,46.33959884643555
39.78,83.34575732440918,46.35439758300782
39.79,83.19367526889917,46.36919631958008
39.8,83.22885801951418,46.383995056152344
39.81,83.23730014723009,46.32969589233396
39.82,83.24405931962247,46.27539672851561
39.83,83.26379018829077,46.22109756469726
39.84,83.31576341036973,46.166798400878875
39.85,83.44487627795648,46.112499237060526
39.86,83.28533620384844,46.05820007324218
39.87,83.28672969517876,46.003900909423834
39.88,83.2943682991854,45.94960174560545
39.89,83.22903859536362,45.8953025817871
39.9,83.06311406638517,45.84100341796875
39.91,83.09797277472651,45.856703186035155
39.92,83.12923584658165,45.87240295410157
39.93,83.2135936220586,45.88810272216797
39.94,83.03217906257906,45.90380249023437
39.95,83.22683300376151,45.91950225830079
39.96,83.10081462721598,45.93520202636719
39.97,82.84824714377025,45.95090179443359
39.98,82.84690880002097,45.966601562499996
39.99,82.99948518491135,45.98230133056641
40.0,83.05628493489776,45.99800109863281
40.01,83.10736203415527,45.979101562500006
40.02,83.06409336108537,45.960202026367185
40.03,83.31109832082763,45.94130249023437
40.04,83.20811245114453,45.922402954101564
40.05,83.22443397239442,45.90350341796876
40.06,83.1367125315155,45.884603881835936
40.07,83.11383880483126,45.86570434570313
40.08,83.2369776744899,45.846804809570315
40.09,83.1374215449534,45.827905273437494
40.1,83.03011779234221,45.80900573730469
40.11,83.17073568761401,45.82300567626953
40.12,82.8810013230855,45.83700561523437
40.13,82.72084416348662,45.85100555419922
40.14,82.71067956280044,45.86500549316406
40.15,82.7127754387665,45.8790054321289
40.16,82.4398667449074,45.89300537109374
40.17,82.58563088440826,45.907005310058594
40.18,82.39117683795804,45.92100524902343
40.19,82.55744405995266,45.935005187988274
40.2,82.78710617779915,45.949005126953125
40.21,82.61449074834673,45.97500381469726
40.22,82.51833863615892,46.0010025024414
40.23,82.41920691316808,46.02700119018554
40.24,82.43016868992717,46.05299987792969
40.25,82.3076795889692,46.07899856567383
40.26,82.25755411229649,46.10499725341796
40.27,82.25547683441918,46.13099594116212
40.28,82.4779263734674,46.156994628906254
40.29,82.6618583200398,46.182993316650396
40.3,82.73998565631561,46.20899200439453
40.31,82.75365031946161,46.21149368286133
40.32,82.96937335424965,46.213995361328124
40.33,82.91593766720885,46.21649703979492
40.34,82.81082907375433,46.21899871826172
40.35,82.81495905843617,46.221500396728516
40.36,82.85158018143592,46.224002075195315
40.37,82.85602647811174,46.22650375366211
40.38,82.79574457137292,46.22900543212891
40.39,82.80891851093077,46.2315071105957
40.4,82.63818247794636,46.2340087890625
40.41,82.7966836944812,46.24740829467773
40.42,82.60085042935656,46.26080780029297
40.43,82.58339529016857,46.274207305908206
40.44,82.63236043562107,46.28760681152344
40.45,82.69598989191253,46.30100631713868
40.46,82.70039987132854,46.314405822753905
40.47,82.66435206488285,46.32780532836914
40.48,82.84725625360926,46.34120483398437
40.49,82.58753244815105,46.35460433959961
40.5,82.58838044985119,46.368003845214844
40.51,82.74146460099414,46.36460418701172
40.52,82.8803320175931,46.36120452880859
40.53,83.1320460094138,46.35780487060547
40.54,83.05772804872274,46.35440521240234
40.55,83.10153637596189,46.35100555419922
40.56,83.1448663658533,46.3476058959961
40.57,82.9561802212748,46.34420623779297
40.58,83.03988972568452,46.340806579589845
40.59,83.13856886401192,46.337406921386716
40.6,83.1999684121466,46.334007263183594
40.61,83.14393171875024,46.33320693969726
40.62,83.12407326569343,46.33240661621094
40.63,83.01889076297651,46.33160629272461
40.64,83.10451362266886,46.330805969238284
40.65,83.08211469985648,46.33000564575195
40.66,83.00580962221639,46.32920532226562
40.67,82.91925275208776,46.3284049987793
40.68,82.8697457688447,46.32760467529297
40.69,82.77576695943506,46.32680435180664
40.7,82.8908030940126,46.32600402832031
40.71,82.78754355412205,46.329104614257815
40.72,82.61929693309447,46.33220520019531
40.73,82.61608422726367,46.335305786132814
40.74,82.74390810376974,46.33840637207031
40.75,82.71425414024014,46.34150695800781
40.76,82.58092204141576,46.344607543945315
40.77,82.59334006213346,46.34770812988281
40.78,82.71533424358294,46.350808715820314
40.79,82.70557499439856,46.35390930175781
40.8,82.73512452258448,46.35700988769531
40.81,82.75846055032441,46.316609191894514
40.82,82.69514133793425,46.27620849609374
40.83,82.75048644703689,46.23580780029297
40.84,82.62380767749784,46.19540710449216
40.85,82.84216034066908,46.15500640869139
40.86,82.93458025855216,46.11460571289062
40.87,82.9385459430621,46.074205017089845
40.88,82.96872944821679,46.03380432128905
40.89,83.10801936681506,45.99340362548827
40.9,83.0979469984843,45.9530029296875
40.91,83.17132880179088,45.97860412597656
40.92,83.19928492400233,46.00420532226563
40.93,83.53392307022399,46.029806518554686
40.94,83.63526780881779,46.055407714843746
40.95,83.66732365268516,46.08100891113282
40.96,83.68662606953427,46.10661010742188
40.97,83.76922803834601,46.13221130371094
40.98,83.89487142976228,46.15781249999999
40.99,83.72895691442194,46.183413696289065
41.0,83.61467203688005,46.209014892578125
41.01,83.53539617159046,46.188513946533206
41.02,83.4490026673488,46.16801300048827
41.03,83.4101127365037,46.14751205444336
41.04,83.60749707928215,46.12701110839844
41.05,83.69678578884594,46.10651016235352
41.06,83.70409392694125,46.08600921630859
41.07,83.58697581738552,46.06550827026367
41.08,83.65177340919477,46.04500732421876
41.09,83.76118597952582,46.024506378173825
41.1,83.77037970868903,46.004005432128906
41.11,83.84410306620599,46.00280532836914
41.12,83.76612892257022,46.00160522460938
41.13,83.73079397295561,46.00040512084961
41.14,83.59946278769063,45.99920501708984
41.15,83.54712329429466,45.99800491333008
41.16,83.70183031023932,45.996804809570314
41.17,83.57363027069688,45.99560470581055
41.18,83.55733916084398,45.99440460205078
41.19,83.69264034356873,45.993204498291014
41.2,83.46747904530665,45.99200439453125
41.21,83.60589406776734,46.005804443359374
41.22,83.48992339509866,46.0196044921875
41.23,83.4958595400002,46.03340454101562
41.24,83.61961711654787,46.04720458984375
41.25,83.5524088463509,46.061004638671875
41.26,83.56554590920076,46.0748046875
41.27,83.43168413405662,46.08860473632813
41.28,83.45243817649524,46.10240478515625
41.29,83.37353619215789,46.116204833984376
41.3,83.36999258200584,46.1300048828125
41.31,83.36285394756247,46.131204223632814
41.32,83.33712900508485,46.13240356445313
41.33,83.27970429789295,46.133602905273435
41.34,83.25085101363244,46.13480224609375
41.35,83.36974730739782,46.13600158691406
41.36,83.32253867322304,46.137200927734376
41.37,83.36044004810482,46.13840026855469
41.38,83.29430378248217,46.139599609375
41.39,83.32053832886442,46.14079895019531
41.4,83.29358119711307,46.141998291015625
41.41,83.47369211512289,46.1646987915039
41.42,83.26025535880585,46.18739929199219
41.43,83.23087016147778,46.21009979248047
41.44,83.383450962737,46.23280029296875
41.45,83.47329168161475,46.25550079345704
41.46,83.25000607034211,46.278201293945315
41.47,83.11791189009534,46.30090179443359
41.48,83.02839149820592,46.32360229492187
41.49,83.02688422621002,46.34630279541016
41.5,83.07351936502408,46.36900329589844
41.51,83.14814090464587,46.40530319213867
41.52,83.18651195254411,46.44160308837892
41.53,83.27220828415282,46.47790298461914
41.54,83.25314722448468,46.51420288085937
41.55,83.39306291164466,46.550502777099595
41.56,83.23361754843553,46.58680267333985
41.57,83.4409889095351,46.62310256958008
41.58,83.56315492516423,46.6594024658203
41.59,83.34073000067411,46.69570236206055
41.6,83.33649658019927,46.73200225830078
41.61,83.28402013940722,46.72240142822266
41.62,83.25490165411644,46.71280059814453
41.63,83.49802993610476,46.703199768066405
41.64,83.33656111324092,46.693598937988284
41.65,83.44810505810668,46.683998107910156
41.66,83.47925307054818,46.674397277832036
41.67,83.39858890493625,46.66479644775391
41.68,83.6375046655051,46.65519561767579
41.69,83.50566530370398,46.64559478759766
41.7,83.35595442140303,46.63599395751953
41.71,83.56365896760218,46.646794128417966
41.72,83.50076880954195,46.6575942993164
41.73,83.48916120644539,46.66839447021484
41.74,83.36861130339237,46.679194641113284
41.75,83.26478356628705,46.68999481201172
41.76,83.24582655307765,46.70079498291015
41.77,83.16279331894133,46.711595153808595
41.78,83.23306290797888,46.72239532470704
41.79,83.07734661812341,46.73319549560547
41.8,82.98693363215604,46.743995666503906
41.81,83.03318394109638,46.77029571533205
41.82,83.22956742576385,46.796595764160166
41.83,83.16311564794887,46.822895812988286
41.84,83.19275968797328,46.84919586181642
41.85,83.14436358804824,46.87549591064454
41.86,83.19634466739784,46.90179595947266
41.87,83.32522304402889,46.92809600830078
41.88,83.517609989858,46.95439605712892
41.89,83.45836653338516,46.98069610595704
41.9,83.55394672785873,47.006996154785156
41.91,83.63438859010125,46.93039627075197
41.92,83.70739239464436,46.85379638671873
41.93,83.67178532068594,46.77719650268554
41.94,83.6426767030179,46.700596618652355
41.95,83.74799473179857,46.62399673461911
41.96,83.79617790219876,46.547396850585926
41.97,83.71944205270145,46.47079696655274
41.98,83.67715241227036,46.394197082519554
41.99,83.64907085269606,46.31759719848631
42.0,83.78262154791038,46.240997314453125
42.01,83.7153542552252,46.176897430419935
42.02,83.82064035109819,46.1127975463867
42.03,83.85833763352991,46.04869766235351
42.04,83.93356980564671,45.98459777832032
42.05,83.70877000647802,45.92049789428713
42.06,83.84288616039008,45.8563980102539
42.07,83.80196961303366,45.79229812622071
42.08,83.95080433296303,45.72819824218752
42.09,84.02548180776978,45.664098358154284
42.1,84.00286191706003,45.599998474121094
42.11,84.01013157080052,45.58199844360352
42.12,83.98305662501245,45.56399841308595
42.13,83.88809236363099,45.54599838256836
42.14,83.84116438320574,45.52799835205079
42.15,83.78661392397998,45.50999832153321
42.16,83.85073794465076,45.49199829101563
42.17,83.77753577036965,45.47399826049805
42.18,83.62522818451758,45.45599822998047
42.19,83.75418588301937,45.437998199462896
42.2,83.82706071888606,45.41999816894531
42.21,83.98783766980898,45.46869888305663
42.22,83.94698292035832,45.51739959716795
42.23,83.7141512199126,45.56610031127928
42.24,83.84346872058303,45.61480102539063
42.25,83.95907571942259,45.66350173950195
42.26,83.84932679672212,45.71220245361327
42.27,83.77831221497158,45.76090316772463
42.28,83.86352296538512,45.809603881835955
42.29,83.86107593357667,45.858304595947274
42.3,83.8305104709474,45.907005310058594
42.31,83.81733965287432,45.92010421752931
42.32,83.76092719071404,45.933203125000006
42.33,83.77291599938142,45.946302032470705
42.34,83.68297880861414,45.95940093994141
42.35,83.72043814505669,45.97249984741212
42.36,83.86932347968798,45.985598754882815
42.37,83.77602171374467,45.998697662353514
42.38,83.67607898018312,46.01179656982423
42.39,83.67711361340028,46.024895477294926
42.4,83.71500498601813,46.037994384765625
42.41,83.64766140275256,46.042895507812496
42.42,83.53597766254747,46.047796630859374
42.43,83.61560286474952,46.05269775390625
42.44,83.59051757549503,46.05759887695312
42.45,83.56085444308299,46.0625
42.46,83.55171098882248,46.06740112304688
42.47,83.40257857931687,46.07230224609375
42.48,83.57833502075984,46.077203369140626
42.49,83.60000572059927,46.082104492187504
42.5,83.65807092314543,46.087005615234375
42.51,83.60700583218484,46.14930419921874
42.52,83.59493841534719,46.21160278320314
42.53,83.58713092930824,46.273901367187506
42.54,83.45289022243698,46.336199951171864
42.55,83.49729354855039,46.39849853515623
42.56,83.6716559953017,46.460797119140636
42.57,83.54057150951961,46.523095703124994
42.58,83.41133941000437,46.58539428710936
42.59,83.42715139049008,46.64769287109376
42.6,83.54309139633767,46.709991455078125
42.61,83.46355886205757,46.68659210205079
42.62,83.51617580685722,46.663192749023445
42.63,83.52622180436711,46.639793395996094
42.64,83.58715678130936,46.61639404296875
42.65,83.65777349928906,46.59299468994141
42.66,83.46728529424861,46.56959533691408
42.67,83.49562699923348,46.54619598388672
42.68,83.46980407554338,46.52279663085938
42.69,83.46964907252016,46.499397277832045
42.7,83.238254670202,46.47599792480469
42.71,83.46857697221651,46.51359710693359
42.72,83.4916803177893,46.55119628906249
42.73,83.58549580109936,46.58879547119139
42.74,83.55447658947153,46.62639465332032
42.75,83.51892789860757,46.66399383544922
42.76,83.63480233950983,46.70159301757812
42.77,83.6385778501408,46.73919219970705
42.78,83.62879661138243,46.77679138183595
42.79,83.27145999149123,46.81439056396485
42.8,83.29112959153923,46.85198974609375
42.81,83.22544001359677,46.91419067382816
42.82,83.28103323054385,46.97639160156252
42.83,83.28112999516524,47.03859252929688
42.84,83.31420191265912,47.10079345703129
42.85,83.18337850038445,47.162994384765646
42.86,83.178478570044,47.225195312500006
42.87,83.42372931524102,47.28739624023437
42.88,83.36347356375532,47.349597167968774
42.89,83.41416724959615,47.41179809570314
42.9,83.40170058453234,47.4739990234375
42.91,83.25616588692836,47.412300109863295
42.92,83.23833206419634,47.35060119628905
42.93,83.2984264472983,47.28890228271484
42.94,83.0887322480821,47.22720336914063
42.95,83.31291142972727,47.165504455566385
42.96,83.38123041601519,47.10380554199218
42.97,83.37631175211125,47.042106628417976
42.98,83.35572207554003,46.980407714843764
42.99,83.45805654872282,46.91870880126952
43.0,83.42988910122325,46.85700988769531
43.01,83.18593167917312,46.942508697509744
43.02,83.1651914617221,47.02800750732424
43.03,83.07836465651884,47.11350631713868
43.04,82.96772495979475,47.19900512695311
43.05,82.97394515893058,47.28450393676755
43.06,83.08960859396673,47.370002746582045
43.07,83.11703539496563,47.45550155639648
43.08,82.84437369774334,47.541000366210916
43.09,82.76458929291579,47.62649917602541
43.1,83.0353096656886,47.711997985839844
43.11,82.94141726082572,47.627099609375016
43.12,83.00437984036242,47.542201232910195
43.13,83.07113543038103,47.45730285644531
43.14,83.10090484563781,47.37240447998048
43.15,83.21947479678404,47.28750610351565
43.16,83.17549999871046,47.20260772705083
43.17,83.15068065039168,47.11770935058594
43.18,83.17184455496808,47.03281097412112
43.19,83.12751497029379,46.94791259765629
43.2,83.23874483277385,46.863014221191406
43.21,83.2684410517946,46.886112976074216
43.22,83.33780015248591,46.909211730957026
43.23,83.2003166052995,46.932310485839835
43.24,83.26992471190081,46.95540924072266
43.25,83.37250343745707,46.97850799560547
43.26,83.53561584571413,47.00160675048828
43.27,83.16898214502544,47.0247055053711
43.28,83.19060615833352,47.04780426025391
43.29,83.14723846625874,47.07090301513672
43.3,83.21087235934621,47.09400177001953
43.31,83.10917937196791,47.013802337646446
43.32,82.97634057730198,46.93360290527342
43.33,83.27225989066721,46.85340347290038
43.34,83.40215249303543,46.7732040405273
43.35,83.351720614267,46.69300460815427
43.36,83.23914470330926,46.61280517578124
43.37,83.16929159237428,46.53260574340821
43.38,83.22950293416167,46.45240631103512
43.39,83.18963256849132,46.37220687866209
43.4,82.84437369774334,46.29200744628906
43.41,82.78381302846725,46.39100646972654
43.42,82.86953984238957,46.49000549316409
43.43,82.92755685465636,46.58900451660157
43.44,83.01558012506446,46.68800354003905
43.45,83.04648626864076,46.7870025634766
43.46,83.16229048693688,46.88600158691408
43.47,83.03719063256362,46.985000610351555
43.48,83.05404297935928,47.083999633789034
43.49,83.06771422451546,47.182998657226584
43.5,83.07565849225304,47.28199768066406
43.51,83.23692607890945,47.218898010253916
43.52,83.28378789382052,47.155798339843734
43.53,83.26931834486898,47.09269866943359
43.54,83.25363743090318,47.02959899902345
43.55,83.19491324548655,46.9664993286133
43.56,83.18215350426937,46.903399658203114
43.57,83.09078135818989,46.840299987792974
43.58,83.13699613652786,46.77720031738283
43.59,83.24678112493639,46.71410064697264
43.6,83.29701995457131,46.6510009765625
43.61,83.31771207679765,46.620101165771494
43.62,83.41472249313674,46.58920135498048
43.63,83.43094803912018,46.55830154418945
43.64,83.75734300678252,46.52740173339844
43.65,83.76908569761736,46.496501922607436
43.66,83.5030167863981,46.46560211181642
43.67,83.47431214309496,46.434702301025396
43.68,83.36540987919972,46.40380249023438
43.69,83.29511669476882,46.37290267944338
43.7,83.409906139749,46.342002868652344
43.71,83.40927343877931,46.330403137207036
43.72,83.44849251592238,46.31880340576172
43.73,83.41009982419904,46.30720367431641
43.74,83.3669976746443,46.29560394287109
43.75,83.50364984281231,46.28400421142578
43.76,83.45397513769238,46.27240447998047
43.77,83.3796424850384,46.26080474853515
43.78,83.42831362069174,46.24920501708984
43.79,83.39018378675154,46.23760528564453
43.8,83.35838761562987,46.22600555419922
43.81,83.13663518477789,46.238405609130865
43.82,83.29123281630947,46.250805664062504
43.83,83.41452880331967,46.26320571899414
43.84,83.26264200552212,46.27560577392579
43.85,83.33396690465364,46.28800582885743
43.86,83.56934570555705,46.30040588378906
43.87,83.66306901343205,46.3128059387207
43.88,83.57567242616254,46.32520599365235
43.89,83.55780441454174,46.337606048583986
43.9,83.78467272304988,46.350006103515625
43.91,83.68370308105393,46.329904937744146
43.92,83.68027574807846,46.30980377197265
43.93,83.73494683447451,46.28970260620117
43.94,83.60798832782265,46.26960144042969
43.95,83.6918901642583,46.249500274658196
43.96,83.63396191209556,46.22939910888672
43.97,83.62401286811061,46.20929794311524
43.98,83.52441929698945,46.18919677734375
43.99,83.50629837015761,46.16909561157226
44.0,83.4937473093275,46.14899444580078
44.01,83.47242623182994,46.19729537963866
44.02,83.46371385942592,46.245596313476575
44.03,83.34003302771424,46.293897247314455
44.04,83.47201288426211,46.342198181152334
44.05,83.59267627508746,46.39049911499022
44.06,83.66758229685729,46.438800048828135
44.07,83.79250237102906,46.487100982666014
44.08,83.59361990701773,46.53540191650389
44.09,83.4434168898267,46.58370285034181
44.1,83.30387187974299,46.63200378417969
44.11,83.23130870846728,46.60280380249024
44.12,83.28059455257412,46.57360382080079
44.13,83.0500165574544,46.544403839111325
44.14,83.1326132040031,46.51520385742188
44.15,83.1370992657432,46.48600387573243
44.16,83.10857359048926,46.456803894042984
44.17,83.14718689849882,46.42760391235352
44.18,83.0532827829142,46.398403930664074
44.19,83.23319189396668,46.36920394897462
44.2,83.21645679958377,46.340003967285156
44.21,83.18123798674675,46.33180236816406
44.22,83.34227238364701,46.32360076904297
44.23,83.39153942232579,46.315399169921875
44.24,83.33821316761444,46.30719757080078
44.25,83.19399765774845,46.29899597167969
44.26,83.21952638695551,46.290794372558594
44.27,83.41629784533454,46.2825927734375
44.28,83.24124726418482,46.274391174316406
44.29,83.11702250536585,46.26618957519531
44.3,83.15325911214661,46.25798797607422
44.31,83.01971521225593,46.34039001464848
44.32,83.01242413092821,46.42279205322268
44.33,83.09151595098488,46.50519409179688
44.34,83.24043461480859,46.58759613037114
44.35,83.07890589466106,46.66999816894534
44.36,83.13869777676041,46.75240020751954
44.37,82.96957940470787,46.834802246093744
44.38,82.91080102158398,46.917204284668
44.39,82.95726190302467,46.999606323242205
44.4,83.04111367381935,47.082008361816406
44.41,82.77134210821553,47.06250839233399
44.42,82.89529549911894,47.04300842285156
44.43,82.84344717257936,47.02350845336914
44.44,83.03359620070866,47.00400848388672
44.45,82.98912316302369,46.98450851440429
44.46,82.73209603403302,46.96500854492187
44.47,82.76636429196354,46.945508575439455
44.48,82.66126702523312,46.92600860595704
44.49,82.75106519966776,46.906508636474605
44.5,82.61522323271463,46.88700866699219
44.51,82.87964984362219,46.79080810546877
44.52,83.20132250072285,46.69460754394529
44.53,82.94157177260786,46.59840698242187
44.54,82.91144470279175,46.50220642089845
44.55,82.92102940883653,46.406005859375036
44.56,82.99328978851958,46.30980529785155
44.57,82.91085251598865,46.21360473632813
44.58,83.11516641343178,46.11740417480471
44.59,83.06253422356,46.02120361328123
44.6,83.14435069632964,45.92500305175781
44.61,83.21725643453857,45.969602966308585
44.62,83.27260823505759,46.01420288085936
44.63,83.4351386553213,46.05880279541016
44.64,83.31449872514715,46.10340270996093
44.65,83.29371022998482,46.148002624511705
44.66,83.2947683033031,46.19260253906248
44.67,83.2678862953239,46.23720245361328
44.68,83.24111827195549,46.28180236816405
44.69,83.24703911827012,46.326402282714824
44.7,83.25869438134819,46.371002197265625
44.71,83.2946779797087,46.3780029296875
44.72,83.20267660031797,46.385003662109376
44.73,83.17083883775372,46.39200439453125
44.74,83.07944713456631,46.39900512695313
44.75,83.36053040734791,46.406005859375
44.76,83.23820307422575,46.41300659179687
44.77,83.08074869488927,46.42000732421875
44.78,83.28586521307334,46.427008056640624
44.79,83.07422810894673,46.4340087890625
44.8,83.03364773323216,46.441009521484375
44.81,82.92471152617509,46.442709350585936
44.82,82.81197413707059,46.4444091796875
44.83,82.81833002569088,46.446109008789065
44.84,82.77969668391121,46.447808837890626
44.85,82.68965155602928,46.44950866699219
44.86,82.80431265900786,46.45120849609375
44.87,82.79337106066852,46.45290832519531
44.88,82.77193379658657,46.45460815429688
44.89,82.6864053448879,46.45630798339844
44.9,82.78063571600256,46.4580078125
44.91,82.75196548556079,46.50270767211913
44.92,82.76294936778449,46.547407531738294
44.93,82.78214075114822,46.59210739135742
44.94,82.71758448153038,46.63680725097656
44.95,82.67438526621605,46.68150711059572
44.96,82.59802356056193,46.72620697021485
44.97,82.5740099817417,46.77090682983398
44.98,82.46739153456714,46.81560668945311
44.99,82.33070510261693,46.86030654907228
45.0,82.29088389774776,46.905006408691406
45.01,82.33228301373806,46.89690628051758
45.02,82.36819419478526,46.88880615234375
45.03,82.20068208735869,46.880706024169925
45.04,82.24331502975313,46.872605895996095
45.05,82.27809107968694,46.864505767822266
45.06,82.30855180621562,46.856405639648436
45.07,82.15684277474394,46.84830551147461
45.08,82.41212835724022,46.840205383300784
45.09,82.56861415109417,46.832105255126955
45.1,82.65804064951905,46.824005126953125
45.11,82.65758433725361,46.84310455322265
45.12,82.6647634078524,46.86220397949218
45.13,82.79227758354394,46.88130340576172
45.14,82.84634258091971,46.90040283203125
45.15,82.68753669139697,46.919502258300774
45.16,82.73279046025581,46.9386016845703
45.17,82.81169108697493,46.95770111083984
45.18,82.73394141111507,46.97680053710937
45.19,82.68344845306164,46.995899963378896
45.2,82.72202718130607,47.01499938964844
45.21,82.6157758107901,47.00919799804688
45.22,82.53466943551557,47.003396606445314
45.23,82.38316270552997,46.997595214843756
45.24,82.45485460450524,46.99179382324218
45.25,82.40109077629353,46.985992431640625
45.26,82.31152122480125,46.98019104003907
45.27,82.31602355970479,46.974389648437494
45.28,82.26722918451053,46.968588256835936
45.29,82.34763315490305,46.96278686523437
45.3,82.25956730168666,46.95698547363281
45.31,82.33926192392224,46.987487792968764
45.32,82.50551530762765,47.017990112304695
45.33,82.489829435491,47.048492431640625
45.34,82.58313832725234,47.07899475097658
45.35,82.37446245246966,47.109497070312514
45.36,82.33523361982157,47.139999389648445
45.37,82.31681885672864,47.170501708984375
45.38,82.39433383407511,47.20100402832033
45.39,82.35842978527536,47.23150634765626
45.4,82.37940280528464,47.26200866699219
45.41,82.45873177224644,47.24170761108399
45.42,82.278155201622,47.221406555175776
45.43,82.22812846072554,47.20110549926758
45.44,82.26141381552614,47.18080444335938
45.45,82.40299021430934,47.160503387451165
45.46,82.55006412194304,47.140202331542966
45.47,82.4411247743358,47.11990127563477
45.48,82.3624201639037,47.09960021972657
45.49,82.3974138885745,47.079299163818355
45.5,82.35247006165972,47.058998107910156
45.51,82.5096440904787,47.10049972534179
45.52,82.45104171718505,47.14200134277345
45.53,82.58146165676058,47.18350296020508
45.54,82.88055082870675,47.22500457763671
45.55,82.95128698718405,47.266506195068345
45.56,82.81522924793894,47.30800781250001
45.57,82.8982175586109,47.349509429931636
45.58,82.68394983534454,47.39101104736327
45.59,82.68630249558905,47.43251266479493
45.6,82.71483276615392,47.47401428222656
45.61,82.72220720649844,47.427812957763685
45.62,82.67734199598236,47.3816116333008
45.63,82.39383333065643,47.335410308837886
45.64,82.25468183377666,47.28920898437501
45.65,82.39272966182318,47.243007659912124
45.66,82.28016222810265,47.196806335449246
45.67,82.37717000410717,47.15060501098633
45.68,82.35748032035329,47.10440368652345
45.69,82.40958708124158,47.05820236206057
45.7,82.50062254152638,47.012001037597656
45.71,82.41732012348811,46.97690048217774
45.72,82.40995928588316,46.941799926757824
45.73,82.45928382672231,46.90669937133791
45.74,82.45812836597966,46.87159881591796
45.75,82.33678591641964,46.83649826049805
45.76,82.34377142947488,46.80139770507813
45.77,82.45005320523377,46.766297149658186
45.78,82.3459781186317,46.73119659423827
45.79,82.53786128833391,46.696096038818354
45.8,82.50279280569875,46.66099548339844
45.81,82.44635596631049,46.65909652709961
45.82,82.43758177723066,46.65719757080078
45.83,82.51949451867723,46.65529861450195
45.84,82.42905194161861,46.65339965820312
45.85,82.43319164730664,46.6515007019043
45.86,82.51786344236069,46.649601745605466
45.87,82.56074555014902,46.64770278930664
45.88,82.62155871546653,46.64580383300781
45.89,82.32114174806865,46.64390487670899
45.9,82.3513923300832,46.642005920410156
45.91,82.25682321523772,46.67000579833984
45.92,82.29754681556336,46.69800567626954
45.93,82.44418002862373,46.72600555419922
45.94,82.468418668071,46.7540054321289
45.95,82.5606684718043,46.7820053100586
45.96,82.42149162617932,46.81000518798829
45.97,82.47831157238309,46.83800506591797
45.98,82.29446862818665,46.86600494384765
45.99,82.19127368741952,46.89400482177735
46.0,82.27211502502202,46.92200469970703
46.01,82.13082411883249,46.901804351806646
46.02,82.3186916681217,46.88160400390625
46.03,82.41626763794837,46.861403656005855
46.04,82.4701648097074,46.84120330810547
46.05,82.39153616779912,46.821002960205085
46.06,82.46328306451618,46.800802612304686
46.07,82.40906086232046,46.7806022644043
46.08,82.38458712700856,46.76040191650391
46.09,82.33894119546297,46.74020156860351
46.1,82.13682066660283,46.720001220703125
46.11,82.24716157693355,46.71340255737305
46.12,82.3333991063439,46.70680389404297
46.13,82.18383323199525,46.70020523071289
46.14,82.18091097362928,46.693606567382815
46.15,82.16985685056908,46.687007904052734
46.16,82.12674326282817,46.68040924072266
46.17,82.49746350978327,46.67381057739258
46.18,82.4506950954366,46.6672119140625
46.19,82.52206959445085,46.660613250732425
46.2,82.60124876475686,46.654014587402344
46.21,82.5484070526647,46.61591262817383
46.22,82.68085157428287,46.577810668945325
46.23,82.56290375840892,46.53970870971681
46.24,82.64739148850302,46.50160675048828
46.25,82.79656791189234,46.463504791259766
46.26,82.88163201727262,46.42540283203125
46.27,82.72516479127472,46.38730087280272
46.28,82.78163907124618,46.349198913574206
46.29,82.86217813969375,46.3110969543457
46.3,82.80275596148336,46.27299499511719
46.31,82.78821248485066,46.2217948913574
46.32,82.56644944750245,46.17059478759764
46.33,82.67107507986661,46.11939468383789
46.34,82.73111869836042,46.0681945800781
46.35,82.8352437931104,46.01699447631834
46.36,82.99909877089074,45.965794372558584
46.37,82.91618870763149,45.91459426879883
46.38,83.00171352331326,45.86339416503904
46.39,83.03336430455082,45.812194061279286
46.4,83.07451160736231,45.76099395751953
46.41,83.1035083126223,45.840596008300764
46.42,83.13938101599598,45.920198059082054
46.43,83.14134051012972,45.99980010986329
46.44,83.14225580806483,46.07940216064452
46.45,83.12238466514627,46.15900421142581
46.46,83.1320073371259,46.23860626220704
46.47,82.90330875613537,46.318208312988276
46.48,83.01104581761678,46.39781036376951
46.49,83.00146879104392,46.4774124145508
46.5,83.22594303647817,46.55701446533203
46.51,83.02922887744869,46.51331329345704
46.52,82.92489177178001,46.46961212158202
46.53,83.2385771454158,46.42591094970703
46.54,83.12866222099379,46.38220977783204
46.55,83.12805636851408,46.338508605957045
46.56,83.2599973449935,46.294807434082024
46.57,83.25472105021258,46.25110626220703
46.58,82.9605069905868,46.207405090332045
46.59,82.94764290924202,46.163703918457024
46.6,82.98103492213887,46.12000274658203
46.61,83.21755307428907,46.09090270996094
46.62,83.21991331375122,46.061802673339855
46.63,83.09876539339541,46.032702636718746
46.64,83.25643679520829,46.00360260009766
46.65,83.23869323664569,45.97450256347657
46.66,83.19594489967879,45.94540252685549
46.67,83.27446608411145,45.91630249023438
46.68,83.36763021525257,45.88720245361329
46.69,83.27382099528572,45.8581024169922
46.7,83.21644390227728,45.829002380371094
46.71,83.2337981294481,45.868703460693354
46.72,83.09654219933041,45.908404541015614
46.73,83.13239406040968,45.948105621337874
46.74,83.1016265947755,45.98780670166016
46.75,83.08775280815058,46.02750778198242
46.76,83.1687500598916,46.06720886230468
46.77,83.19766003893004,46.10690994262697
46.78,83.15814540683178,46.14661102294923
46.79,82.88900101729268,46.18631210327149
46.8,82.87244213924778,46.22601318359375
46.81,82.93895796766894,46.207012176513665
46.82,83.09102622209409,46.18801116943359
46.83,83.1176798762289,46.169010162353516
46.84,83.27521439027954,46.15000915527342
46.85,83.16635186580332,46.13100814819335
46.86,83.23277913915753,46.11200714111328
46.87,83.31347924098597,46.0930061340332
46.88,83.21013723913823,46.07400512695312
46.89,83.23342406899658,46.05500411987304
46.9,83.12159837608776,46.03600311279297
46.91,83.0086885419315,45.97830276489259
46.92,83.15619860731213,45.92060241699217
46.93,83.11764120728265,45.862902069091795
46.94,83.28560715958302,45.805201721191416
46.95,83.42485278126333,45.747501373290994
46.96,83.49314012790913,45.689801025390615
46.97,83.54221266225987,45.632100677490236
46.98,83.49338558396134,45.574400329589864
46.99,83.55177560513786,45.51669998168944
47.0,83.58212218225482,45.45899963378906
47.01,83.59054342801986,45.52649993896483
47.02,83.58181196784814,45.594000244140645
47.03,83.33592869051014,45.66150054931641
47.04,83.36677822234088,45.72900085449218
47.05,83.60193831478263,45.79650115966795
47.06,83.64513347685535,45.86400146484376
47.07,83.58230314092458,45.93150177001953
47.08,83.4997611056014,45.99900207519529
47.09,83.56310322858987,46.066502380371105
47.1,83.6675952290764,46.134002685546875
47.11,83.5669417427218,46.08300170898438
47.12,83.69761359731505,46.0320007324219
47.13,83.63666422451338,45.98099975585937
47.14,83.482275829343,45.92999877929688
47.15,83.43253645856609,45.878997802734396
47.16,83.5903883129309,45.827996826171905
47.17,83.52232608384449,45.77699584960938
47.18,83.46401739361951,45.725994873046886
47.19,83.4680215494655,45.6749938964844
47.2,83.70805856091636,45.623992919921875
47.21,83.76400680350183,45.64529266357422
47.22,83.94891304670126,45.66659240722656
47.23,83.93086270090892,45.687892150878895
47.24,84.00466310320174,45.70919189453125
47.25,84.20906748224847,45.730491638183594
47.26,83.95503389336946,45.751791381835936
47.27,83.98891309971677,45.77309112548829
47.28,83.8839616040077,45.79439086914063
47.29,83.9533757364664,45.81569061279297
47.3,84.06167607403164,45.83699035644531
47.31,84.20485098539267,45.81809082031249
47.32,84.00628289140273,45.799191284179685
47.33,84.17920399043287,45.78029174804687
47.34,83.97946121624125,45.76139221191405
47.35,83.97732344047444,45.74249267578124
47.36,83.98411906765122,45.723593139648436
47.37,83.81864698047659,45.70469360351563
47.38,83.83993455318377,45.6857940673828
47.39,83.83677587319923,45.666894531249994
47.4,83.96708193131516,45.64799499511719
47.41,84.28191275820959,45.68659591674804
47.42,84.30856199677962,45.72519683837892
47.43,84.57189904255516,45.763797760009766
47.44,84.3820217256472,45.80239868164062
47.45,84.48295032510411,45.8409996032715
47.46,84.30280473110912,45.87960052490235
47.47,84.30358360598083,45.9182014465332
47.48,84.4981227596071,45.95680236816405
47.49,84.4714695645902,45.99540328979493
47.5,84.38106066703737,46.03400421142578
47.51,84.25394402645027,45.980903625488295
47.52,84.15416399224901,45.92780303955077
47.53,84.12971775929631,45.874702453613274
47.54,84.30995104024207,45.82160186767579
47.55,84.09822172102744,45.7685012817383
47.56,84.15636886737667,45.715400695800774
47.57,84.15859971160738,45.66230010986329
47.58,83.78543625939938,45.609199523925795
47.59,83.71569058922432,45.55609893798827
47.6,83.7552209990083,45.50299835205078
47.61,83.66221551220235,45.535197448730464
47.62,83.62614614212602,45.56739654541014
47.63,83.60161513648444,45.599595642089845
47.64,83.63587550680816,45.63179473876953
47.65,83.72347173281014,45.663993835449205
47.66,83.72740448630194,45.69619293212889
47.67,83.5940077025058,45.72839202880859
47.68,83.61198300769432,45.760591125488276
47.69,83.62527990030524,45.79279022216795
47.7,83.57860645268835,45.824989318847656
47.71,83.58004117163236,45.8018913269043
47.72,83.5272425893306,45.778793334960945
47.73,83.55505814683416,45.755695343017585
47.74,83.50656968508662,45.73259735107422
47.75,83.62111683056685,45.70949935913086
47.76,83.65033807470924,45.6864013671875
47.77,83.61371535807987,45.66330337524413
47.78,83.39337277558205,45.640205383300774
47.79,83.57363027069688,45.61710739135742
47.8,83.45906400098022,45.59400939941406
47.81,83.44221581005463,45.62080764770509
47.82,83.36409318225088,45.6476058959961
47.83,83.37508533620246,45.67440414428711
47.84,83.40180387779652,45.70120239257814
47.85,83.51298447085475,45.72800064086915
47.86,83.55286116297226,45.75479888916016
47.87,83.59281846585942,45.78159713745117
47.88,83.54849312792174,45.8083953857422
47.89,83.4819787181474,45.83519363403321
47.9,83.57090312730568,45.86199188232422
47.91,83.44718807819305,45.878893280029295
47.92,83.34560243660594,45.89579467773438
47.93,83.24493648424823,45.912696075439456
47.94,83.2628871225272,45.929597473144526
47.95,83.23133450538499,45.94649887084962
47.96,83.31134350914759,45.96340026855469
47.97,83.307394730618,45.98030166625976
47.98,83.53779968065183,45.99720306396484
47.99,83.36268613523985,46.01410446166992
48.0,83.22876773166291,46.031005859375
48.01,83.09754746724138,46.02140579223633
48.02,83.18758223984852,46.01180572509765
48.03,83.35596732951602,46.00220565795898
48.04,82.92131264572943,45.99260559082031
48.05,83.03485875213772,45.98300552368164
48.06,83.11689360942302,45.97340545654297
48.07,83.02264590221446,45.9638053894043
48.08,83.13266476724354,45.95420532226563
48.09,83.04777468651992,45.94460525512695
48.1,83.00733602181386,45.93500518798828
48.11,82.69924272249376,45.90770492553712
48.12,82.80410681386756,45.88040466308595
48.13,82.8137496441591,45.85310440063476
48.14,82.87506776669234,45.8258041381836
48.15,82.86840725145989,45.79850387573243
48.16,82.96073878498416,45.771203613281266
48.17,82.80902143645928,45.74390335083008
48.18,82.81016005166049,45.71660308837891
48.19,82.86071098627872,45.68930282592775
48.2,82.79989990986216,45.66200256347656
48.21,82.6083675658013,45.73560180664062
48.22,82.75579818602117,45.80920104980466
48.23,82.76691737526632,45.88280029296872
48.24,82.7232873617664,45.95639953613282
48.25,82.72948553189613,46.029998779296875
48.26,82.88496572641124,46.10359802246093
48.27,82.90043166441517,46.17719726562503
48.28,82.79852336203285,46.25079650878909
48.29,82.91815844399734,46.32439575195313
48.3,82.90643692889417,46.39799499511719
48.31,82.92690023605886,46.42809448242189
48.32,83.00323344759079,46.45819396972657
48.33,82.9635782899039,46.488293457031254
48.34,83.12155970623,46.51839294433596
48.35,82.9912354437041,46.54849243164064
48.36,82.99461643398719,46.578591918945314
48.37,82.92723498247003,46.608691406249996
48.38,82.68906016182582,46.6387908935547
48.39,82.77900849526644,46.66889038085938
48.4,82.80422260172749,46.69898986816406
48.41,82.82025999965849,46.686090850830084
48.42,82.77990249870837,46.67319183349609
48.43,82.59834479321609,46.660292816162105
48.44,82.73551032163176,46.647393798828126
48.45,82.86834289993489,46.63449478149413
48.46,82.85566613681462,46.621595764160155
48.47,82.66544469689697,46.608696746826176
48.48,82.71076956919806,46.59579772949219
48.49,82.71913394615834,46.5828987121582
48.5,82.63921067449961,46.56999969482422
48.51,82.74065439488098,46.590599822998044
48.52,82.70689933832237,46.61119995117188
48.53,82.80530329232404,46.6318000793457
48.54,82.72821244480947,46.65240020751953
48.55,82.7086737186459,46.67300033569335
48.56,82.64491085244047,46.69360046386719
48.57,82.9785492839794,46.71420059204102
48.58,82.91591191921495,46.734800720214835
48.59,82.87702414359396,46.755400848388675
48.6,82.78243661436716,46.7760009765625
48.61,82.7825137961634,46.704101562500014
48.62,82.68062017122207,46.63220214843753
48.63,82.83355812880343,46.56030273437499
48.64,82.80096770718046,46.48840332031251
48.65,82.79874206512902,46.41650390625003
48.66,82.83628608267533,46.34460449218754
48.67,82.87483609200945,46.27270507812501
48.68,82.83247725384531,46.20080566406252
48.69,82.83605446220533,46.128906250000036
48.7,82.84407772386388,46.0570068359375
48.71,82.89991675345006,46.09710617065429
48.72,82.84437369774334,46.137205505371085
48.73,82.83178240938189,46.17730484008787
48.74,82.74131027571437,46.21740417480469
48.75,82.64817553147793,46.257503509521484
48.76,82.55793221387748,46.29760284423828
48.77,82.46609478765394,46.3377021789551
48.78,82.5985632317777,46.37780151367188
48.79,82.61607137656578,46.417900848388676
48.8,82.61151586986252,46.45800018310547
48.81,82.57902055377669,46.43360061645507
48.82,82.40587791539419,46.40920104980468
48.83,82.46549135444764,46.3848014831543
48.84,82.56830582323936,46.36040191650389
48.85,82.46108764278988,46.33600234985351
48.86,82.45084914945707,46.31160278320312
48.87,82.31394554367958,46.28720321655273
48.88,82.40209182873554,46.26280364990233
48.89,82.43382063535516,46.23840408325195
48.9,82.65358681472577,46.21400451660156
48.91,82.56792041423039,46.26730346679686
48.92,82.50757647421558,46.3206024169922
48.93,82.43421856780884,46.37390136718751
48.94,82.34010223272989,46.427200317382805
48.95,82.2133919702927,46.480499267578146
48.96,82.31331701313488,46.533798217773445
48.97,82.43649065215183,46.58709716796874
48.98,82.23680174831236,46.64039611816405
48.99,82.40291320963969,46.69369506835939
49.0,82.3785045482994,46.74699401855469
49.01,82.35783957670719,46.78309478759765
49.02,82.42215907640647,46.819195556640636
49.03,82.44812754961698,46.8552963256836
49.04,82.3601106082196,46.89139709472656
49.05,82.1901841936044,46.92749786376952
49.06,82.31790918953766,46.963598632812506
49.07,82.23484012156645,46.999699401855466
49.08,82.33292444534567,47.035800170898426
49.09,82.28182942751788,47.071900939941415
49.1,82.37407749613419,47.108001708984375
49.11,82.59357134302412,46.99970169067385
49.12,82.79175014421835,46.89140167236333
49.13,82.8606595074474,46.78310165405273
49.14,83.1307956099948,46.674801635742206
49.15,82.96957940470787,46.566501617431676
49.16,83.04992636666022,46.45820159912115
49.17,83.00208706273574,46.34990158081055
49.18,82.95113246635293,46.24160156250003
49.19,82.99814562015244,46.13330154418951
49.2,83.20907970348225,46.025001525878906
49.21,83.31818956807393,46.03440170288086
49.22,83.36680404024393,46.04380187988281
49.23,83.22044856123574,46.053202056884764
49.24,83.21542501822218,46.06260223388672
49.25,83.19769872648547,46.07200241088867
49.26,83.307175356777,46.08140258789062
49.27,83.25255381864586,46.09080276489258
49.28,83.05967369524296,46.10020294189454
49.29,83.09328156449308,46.10960311889649
49.3,83.07292659970139,46.11900329589844
49.31,83.06458301060027,46.06720352172849
49.32,82.97700382824567,46.01540374755858
49.33,82.84738494030834,45.963603973388665
49.34,82.73361348770118,45.91180419921872
49.35,82.72502334036419,45.86000442504881
49.36,82.69746844333704,45.8082046508789
49.37,82.69700559103512,45.75640487670899
49.38,82.85141288451096,45.70460510253904
49.39,82.7100623773931,45.652805328369126
49.4,82.70261133384338,45.60100555419922
49.41,82.56777909781914,45.647704315185536
49.42,82.66049577431569,45.69440307617189
49.43,82.67403817531975,45.741101837158205
49.44,82.62437313562388,45.78780059814452
49.45,82.67941173827678,45.834499359130874
49.46,82.86459768422411,45.8811981201172
49.47,82.83312063094705,45.927896881103514
49.48,82.99979431677546,45.97459564208983
49.49,82.94836399251766,46.02129440307618
49.5,82.86410862450253,46.0679931640625
49.51,82.94216406910601,46.02139434814454
49.52,83.09587202410123,45.97479553222655
49.53,82.81268176442609,45.92819671630859
49.54,83.19644783341673,45.88159790039063
49.55,82.99260714983785,45.83499908447267
49.56,83.21102712190903,45.78840026855468
49.57,83.23068958364145,45.74180145263672
49.58,83.27018274109463,45.69520263671876
49.59,83.44685228399203,45.64860382080077
49.6,83.39268849348838,45.60200500488281
49.61,83.20975033506988,45.637004852294915
49.62,83.2220091801276,45.67200469970702
49.63,83.30432352312837,45.70700454711914
49.64,83.16386345365203,45.74200439453124
49.65,83.21782391974041,45.777004241943345
49.66,83.17024572532388,45.81200408935545
49.67,83.20165780054855,45.84700393676758
49.68,83.09699328033325,45.88200378417968
49.69,83.11566910295089,45.91700363159178
49.7,83.07559406030772,45.952003479003906
49.71,83.07960177486305,45.95690383911133
49.72,83.14351918532209,45.96180419921875
49.73,83.12689623162942,45.96670455932617
49.74,83.46326178417047,45.971604919433595
49.75,83.20798348459093,45.976505279541016
49.76,83.1450855258851,45.981405639648436
49.77,83.27400161990506,45.986305999755864
49.78,83.26339025856274,45.991206359863284
49.79,83.08265595021392,45.996106719970705
49.8,83.17228294642598,46.001007080078125
49.81,83.23844815525533,45.96120605468748
49.82,83.33006921442835,45.921405029296864
49.83,83.34449241156108,45.88160400390625
49.84,83.38769202819894,45.8418029785156
49.85,83.31033694887063,45.802001953124986
49.86,83.35506376402009,45.76220092773437
49.87,83.34573150976532,45.72239990234375
49.88,83.46092392881513,45.68259887695311
49.89,83.52544652881569,45.64279785156249
49.9,83.57236362984382,45.602996826171875
49.91,83.50244832962204,45.6303970336914
49.92,83.58530191311489,45.65779724121094
49.93,83.50375319918945,45.68519744873047
49.94,83.356006053861,45.71259765625
49.95,83.26100360112243,45.73999786376954
49.96,83.45732033745702,45.767398071289065
49.97,83.44726556925846,45.79479827880859
49.98,83.37813202814147,45.82219848632812
49.99,83.46572237727052,45.84959869384766
50.0,83.40644568214245,45.87699890136719
50.01,83.43041856933169,45.88599853515625
50.02,83.46292595763042,45.894998168945314
50.03,83.47544886702443,45.903997802734374
50.04,83.40479295160058,45.91299743652343
50.05,83.39432819301302,45.9219970703125
50.06,83.51222217694497,45.93099670410157
50.07,83.62952064931251,45.939996337890626
50.08,83.71668665926197,45.948995971679686
50.09,83.81691250844177,45.95799560546875
50.1,83.90359980333734,45.96699523925781
50.11,83.73154432660418,45.97409591674805
50.12,83.76138007139701,45.98119659423828
50.13,83.77129846261705,45.98829727172851
50.14,83.62500839259835,45.99539794921875
50.15,83.57302279888584,46.002498626708984
50.16,83.60189953335386,46.00959930419921
50.17,83.50398575127186,46.016699981689456
50.18,83.55814043190678,46.023800659179685
50.19,83.55943281268422,46.03090133666992
50.2,83.64726055218513,46.038002014160156
50.21,83.54487472381932,46.0213005065918
50.22,83.64072424006775,46.00459899902344
50.23,83.4804027458631,45.98789749145509
50.24,83.67900829932125,45.971195983886716
50.25,83.45511172314278,45.95449447631836
50.26,83.57551732487191,45.93779296875
50.27,83.60990162536837,45.92109146118163
50.28,83.69915281456977,45.904389953613276
50.29,83.89269588211181,45.88768844604492
50.3,83.68594058535294,45.87098693847656
50.31,83.68189240583118,45.90968856811526
50.32,83.56951372575767,45.948390197753916
50.33,83.4349191133502,45.98709182739258
50.34,83.45500839687293,46.02579345703127
50.35,83.43138711290202,46.064495086669936
50.36,83.54018383799765,46.1031967163086
50.37,83.45694577507686,46.14189834594726
50.38,83.34867440491587,46.180599975585956
50.39,83.2781818443926,46.219301605224615
50.4,83.50628545041008,46.25800323486328
50.41,83.37058640623522,46.278402709960936
50.42,83.4175374771943,46.2988021850586
50.43,83.51589155583277,46.31920166015625
50.44,83.61089706585727,46.3396011352539
50.45,83.55521322913934,46.36000061035157
50.46,83.54778236378898,46.380400085449224
50.47,83.69946324665551,46.40079956054687
50.48,83.5724024044214,46.42119903564453
50.49,83.38860868116171,46.44159851074219
50.5,83.4037212678915,46.461997985839844
50.51,83.44962260361982,46.47999649047851
50.52,83.57462549524377,46.497994995117196
50.53,83.62081947240797,46.51599349975586
50.54,83.69743251386264,46.53399200439453
50.55,83.69661764075087,46.551990509033196
50.56,83.4851565435661,46.56998901367188
50.57,83.590207345509,46.58798751831055
50.58,83.53158422543886,46.60598602294921
50.59,83.56323247005574,46.62398452758789
50.6,83.59930766432626,46.64198303222656
50.61,83.7404388581485,46.56958541870119
50.62,83.5030167863981,46.49718780517581
50.63,83.68647086532282,46.42479019165039
50.64,83.57984728997438,46.35239257812501
50.65,83.69059675954973,46.27999496459964
50.66,83.73686158412946,46.20759735107426
50.67,83.7763969914619,46.13519973754883
50.68,83.97575575553884,46.062802124023456
50.69,83.99703735292731,45.99040451049808
50.7,84.11477293858687,45.918006896972656
50.71,84.14497516469154,45.8919059753418
50.72,84.05722346900413,45.86580505371094
50.73,84.02610388166117,45.83970413208009
50.74,83.81126265769205,45.813603210449216
50.75,83.97508204419425,45.78750228881836
50.76,83.91568947738031,45.7614013671875
50.77,83.96041006156358,45.73530044555663
50.78,84.05664016667848,45.709199523925776
50.79,84.05737901663278,45.68309860229492
50.8,84.0105462485893,45.65699768066406
50.81,83.95388095441326,45.683497619628916
50.82,83.88240773956568,45.709997558593756
50.83,83.84131973079752,45.736497497558595
50.84,83.68419455342308,45.762997436523456
50.85,83.86660446363238,45.78949737548829
50.86,83.8286529045905,45.81599731445313
50.87,83.97457676245932,45.84249725341797
50.88,84.06087239229117,45.86899719238282
50.89,83.93997506427195,45.89549713134766
50.9,84.0208033674951,45.9219970703125
50.91,84.03583056287572,45.910298156738286
50.92,84.04795568255524,45.89859924316406
50.93,83.90257672122411,45.88690032958984
50.94,83.74950853514227,45.87520141601563
50.95,83.94620569454044,45.8635025024414
50.96,83.7397790292016,45.851803588867185
50.97,83.85337902405848,45.84010467529297
50.98,83.58697581738552,45.828405761718756
50.99,83.6164367330434,45.81670684814453
51.0,83.5997601078746,45.80500793457031
51.01,83.64706659257796,45.768607330322276
51.02,83.53171344252827,45.73220672607421
51.03,83.64130609750366,45.695806121826166
51.04,83.88087978689857,45.65940551757813
51.05,83.78955165081996,45.62300491333009
51.06,83.98606257767344,45.58660430908203
51.07,84.00785086125605,45.55020370483399
51.08,84.05101464368971,45.513803100585946
51.09,84.00800636319607,45.47740249633788
51.1,83.99875424823891,45.441001892089844
51.11,84.14191449421476,45.4588020324707
51.12,84.01168661778554,45.47660217285156
51.13,84.16524053920791,45.49440231323242
51.14,84.04263504018553,45.51220245361328
51.15,84.19966159572041,45.53000259399413
51.16,84.20508451168783,45.54780273437499
51.17,84.27814871354732,45.56560287475586
51.18,84.41707812493115,45.58340301513671
51.19,84.3755346889918,45.60120315551757
51.2,84.42639222114819,45.61900329589844
51.21,84.57538359284027,45.65890274047851
51.22,84.48280737928263,45.69880218505858
51.23,84.3437070098534,45.738701629638655
51.24,84.40309495780149,45.778601074218756
51.25,84.2565135822242,45.81850051879883
51.26,84.15778259662618,45.8583999633789
51.27,84.21065031755082,45.898299407959
51.28,84.08447241850048,45.938198852539074
51.29,84.2588820178567,45.978098297119146
51.3,84.1636840717321,46.01799774169922
51.31,84.10439339184869,46.04129867553712
51.32,84.15799011751545,46.06459960937501
51.33,84.10438042591632,46.08790054321289
51.34,84.19388210395182,46.11120147705079
51.35,84.07081498339471,46.13450241088868
51.36,84.17780305285955,46.15780334472657
51.37,84.12078312390744,46.181104278564455
51.38,84.06232420726595,46.20440521240236
51.39,84.02068673214401,46.22770614624024
51.4,83.9190568696902,46.251007080078125
51.41,83.94285071104744,46.23530654907227
51.42,83.90754325772743,46.2196060180664
51.43,83.96534592415824,46.203905487060545
51.44,83.99355177990091,46.18820495605469
51.45,84.02193084672925,46.17250442504882
51.46,84.2010756885554,46.156803894042966
51.47,84.11228334428685,46.14110336303711
51.48,84.0511831474037,46.125402832031256
51.49,84.05631611070541,46.109702301025386
51.5,84.07415955948986,46.09400177001953
51.51,84.11341143713908,46.10260162353516
51.52,83.89538942145579,46.111201477050784
51.53,84.11131085652035,46.1198013305664
51.54,84.0035616561451,46.12840118408203
51.55,84.30392111954261,46.137001037597656
51.56,84.21671582550367,46.14560089111328
51.57,84.51516819437019,46.15420074462891
51.58,84.4995393564704,46.16280059814453
51.59,84.55343082718433,46.171400451660155
51.6,84.36506114946326,46.18000030517578
51.61,84.31488418426962,46.138300323486334
51.62,84.27337888389587,46.09660034179689
51.63,84.35116669066441,46.05490036010742
51.64,84.2745924175398,46.01320037841798
51.65,84.06557787385671,45.97150039672853
51.66,84.16821732059041,45.92980041503909
51.67,84.15326908058518,45.888100433349614
51.68,84.1566023264342,45.846400451660166
51.69,84.39064552345862,45.804700469970726
51.7,84.35117967560572,45.76300048828125
51.71,84.29138164636113,45.76600036621094
51.72,84.32561426808846,45.76900024414062
51.73,84.55228678708359,45.77200012207031
51.74,84.58802868978067,45.775
51.75,84.66713887989779,45.77799987792969
51.76,84.63446283209262,45.780999755859376
51.77,84.6300796216088,45.783999633789065
51.78,84.41407745859568,45.786999511718754
51.79,84.51557111914224,45.789999389648436
51.8,84.5528458057113,45.792999267578125
51.81,84.37439185303008,45.80339965820313
51.82,84.41155096762976,45.81380004882813
51.83,84.22821818779454,45.82420043945313
51.84,84.26569551936534,45.83460083007813
51.85,84.2374699548495,45.84500122070313
51.86,84.26694144657552,45.855401611328126
51.87,84.27576053569022,45.86580200195312
51.88,84.37101533744891,45.87620239257813
51.89,84.30242827621092,45.88660278320313
51.9,84.33613729395881,45.897003173828125
51.91,84.43629794025313,45.88960342407227
51.92,84.06875382428312,45.88220367431641
51.93,83.97093618771449,45.874803924560545
51.94,84.06705565557186,45.86740417480469
51.95,84.00166977570144,45.86000442504883
51.96,83.90258967159163,45.852604675292966
51.97,83.97133781308395,45.84520492553711
51.98,83.94928871145497,45.83780517578125
51.99,83.99663566610349,45.830405426025386
52.0,83.96718557410118,45.82300567626953
52.01,83.98452072454567,45.85510559082031
52.02,84.11509710722235,45.8872055053711
52.03,83.89554481927567,45.919305419921876
52.04,84.09724931455328,45.95140533447265
52.05,84.19289617183125,45.98350524902342
52.06,84.01491986296605,46.01560516357422
52.07,83.89387430025425,46.047705078125
52.08,83.90349619980152,46.079804992675776
52.09,83.89835495468455,46.11190490722657
52.1,83.80695258823344,46.144004821777344
52.11,83.93799322827392,46.114704895019536
52.12,83.71093023243742,46.085404968261734
52.13,83.95381618279666,46.056105041503905
52.14,84.16299663651223,46.0268051147461
52.15,84.20891179433376,45.99750518798829
52.16,84.20250276675748,45.96820526123049
52.17,84.17227724611031,45.93890533447266
52.18,84.17986554833918,45.90960540771485
52.19,84.30800378627492,45.88030548095705
52.2,84.11415053655779,45.85100555419922
52.21,84.16738718813247,45.88370590209961
52.22,84.14677787377464,45.91640624999999
52.23,84.17336682745132,45.949106597900375
52.24,84.37179452735558,45.981806945800784
52.25,84.29670366909494,46.01450729370117
52.26,84.20752358345723,46.04720764160156
52.27,84.3300155536701,46.07990798950197
52.28,84.11289277281927,46.11260833740236
52.29,84.28058884326295,46.14530868530274
52.3,84.18179835005523,46.178009033203125
52.31,84.18152594041642,46.17010879516601
52.32,84.30236337027894,46.162208557128906
52.33,84.21310892864302,46.1543083190918
52.34,84.16928093378483,46.14640808105468
52.35,84.1494495500893,46.13850784301758
52.36,84.26403429741315,46.13060760498047
52.37,84.22884101170123,46.12270736694336
52.38,84.20162057153263,46.11480712890625
52.39,84.32577006384726,46.10690689086914
52.4,84.35488042461137,46.09900665283203
52.41,84.38726868266812,46.04880599975587
52.42,84.46303654111215,45.998605346679675
52.43,84.41004418217754,45.948404693603514
52.44,84.20749763569931,45.898204040527354
52.45,84.20317738975358,45.84800338745115
52.46,84.17689504399227,45.79780273437499
52.47,84.10563164024857,45.74760208129883
52.48,84.266707834522,45.69740142822267
52.49,84.10482126817762,45.64720077514647
52.5,84.00030918992243,45.59700012207031
52.51,84.03545470453857,45.596900939941406
52.52,84.00514255888213,45.5968017578125
52.53,83.91539159592867,45.596702575683594
52.54,83.90644892563834,45.59660339355469
52.55,83.7899916672041,45.59650421142578
52.56,83.79661793598123,45.596405029296875
52.57,83.9353313900714,45.59630584716797
52.58,83.94865396805052,45.59620666503906
52.59,83.9346578409027,45.596107482910156
52.6,83.88410404230164,45.59600830078125
52.61,83.73998603408157,45.61200790405273
52.62,83.94770833436789,45.62800750732421
52.63,84.07942934359897,45.6440071105957
52.64,83.79228235939641,45.66000671386718
52.65,83.87357041199591,45.676006317138665
52.66,83.79896048821108,45.692005920410146
52.67,83.86545213203075,45.70800552368164
52.68,83.90834620616731,45.724005126953124
52.69,83.85794922540718,45.7400047302246
52.7,83.90725834146257,45.756004333496094
52.71,83.8467375653506,45.72920455932618
52.72,83.93861497822529,45.702404785156254
52.73,83.9304223147932,45.67560501098634
52.74,84.25342492903108,45.6488052368164
52.75,84.25089435201228,45.622005462646484
52.76,84.24857144553663,45.59520568847657
52.77,84.2486882389524,45.56840591430663
52.78,84.03012797502674,45.541606140136714
52.79,84.16938470128555,45.51480636596679
52.8,84.13031428305388,45.488006591796875
52.81,84.233045133302,45.50340576171876
52.82,84.11485073900242,45.51880493164063
52.83,84.17742687716321,45.5342041015625
52.84,84.2083409398778,45.549603271484386
52.85,84.08884147711782,45.56500244140626
52.86,84.10966412338894,45.58040161132813
52.87,84.10672079015328,45.59580078125
52.88,83.86463644141269,45.61119995117188
52.89,84.0814258127501,45.626599121093754
52.9,83.86204697367248,45.641998291015625
52.91,83.84873126996663,45.610597991943365
52.92,83.9773882211585,45.579197692871084
52.93,84.02116623354951,45.547797393798824
52.94,83.93192481335313,45.516397094726564
52.95,83.96136872168597,45.48499679565428
52.96,83.96666736081077,45.45359649658203
52.97,84.028488519577,45.42219619750977
52.98,84.17771225175244,45.39079589843751
52.99,84.0218142105956,45.35939559936523
53.0,84.06932420540805,45.32799530029297
53.01,84.05133868944347,45.33159561157226
53.02,83.9574175226057,45.33519592285156
53.03,83.89162106838569,45.33879623413086
53.04,83.8890247121596,45.34239654541015
53.05,83.63442737906483,45.34599685668945
53.06,83.55516153502161,45.34959716796875
53.07,83.64760968004472,45.353197479248045
53.08,83.6956604932731,45.356797790527345
53.09,83.5364945450972,45.360398101806645
53.1,83.81008481989818,45.36399841308594
53.11,83.83918371402595,45.41119766235351
53.12,83.85125580007997,45.45839691162107
53.13,83.81285469335835,45.50559616088867
53.14,83.77137610402495,45.55279541015624
53.15,83.70251585949498,45.599994659423814
53.16,83.699631397609,45.64719390869138
53.17,83.6642975455726,45.694393157958984
53.18,83.68810051672101,45.74159240722655
53.19,83.72532166784887,45.78879165649412
53.2,83.51200253358272,45.83599090576172
53.21,83.54957866443199,45.85139236450195
53.22,83.643168054899,45.86679382324218
53.23,83.62478860096796,45.88219528198241
53.24,83.56467998130158,45.89759674072266
53.25,83.47621099308397,45.91299819946289
53.26,83.52151206359389,45.92839965820312
53.27,83.55004389652375,45.94380111694337
53.28,83.4695328203472,45.9592025756836
53.29,83.32042218057472,45.974604034423834
53.3,83.24462689620555,45.99000549316406
53.31,83.18598325894637,46.03410491943362
53.32,83.20922156763118,46.078204345703135
53.33,83.12194640521228,46.12230377197266
53.34,83.03242384011925,46.166403198242215
53.35,83.11561754498153,46.21050262451173
53.36,83.1238154629738,46.25460205078126
53.37,83.26296452797219,46.29870147705078
53.38,83.14833428493739,46.34280090332033
53.39,83.23969936402916,46.38690032958986
53.4,83.32660396316157,46.430999755859375
53.41,83.40710419652969,46.42380065917969
53.42,83.468796558465,46.4166015625
53.43,83.5724024044214,46.409402465820314
53.44,83.55811458439318,46.40220336914063
53.45,83.60421350768004,46.39500427246094
53.46,83.60130488590585,46.387805175781246
53.47,83.68081894334135,46.38060607910156
53.48,83.43062519148829,46.373406982421876
53.49,83.42300616869969,46.366207885742185
53.5,83.26691870125104,46.3590087890625
53.51,83.16370873495484,46.36220855712891
53.52,82.93922835937337,46.36540832519531
53.53,83.19039983360369,46.36860809326172
53.54,83.21932002636558,46.37180786132812
53.55,83.23861584248344,46.37500762939453
53.56,83.36014315379373,46.37820739746094
53.57,83.17175429804662,46.38140716552734
53.58,83.31591827044437,46.38460693359375
53.59,83.31737654320582,46.38780670166015
53.6,83.40118411917082,46.39100646972656
53.61,83.49409611667268,46.32970657348634
53.62,83.41124902322808,46.26840667724612
53.63,83.57690031645969,46.207106781005855
53.64,83.47449298502058,46.14580688476563
53.65,83.49770695870745,46.08450698852541
53.66,83.36449335375309,46.02320709228519
53.67,83.46197014732972,45.961907196044926
53.68,83.31798308519195,45.900607299804705
53.69,83.34740946993206,45.83930740356448
53.7,83.37731871086382,45.77800750732422
53.71,83.37387183881289,45.877607727050766
53.72,83.44545745377357,45.97720794677731
53.73,83.567743059825,46.07680816650387
53.74,83.2842781904389,46.176408386230484
53.75,83.41664649086412,46.27600860595703
53.76,83.32483587249413,46.37560882568358
53.77,83.31660223749557,46.475209045410196
53.78,83.171303014174,46.57480926513675
53.79,83.09424814917672,46.6744094848633
53.8,83.02377954666683,46.774009704589844
53.81,83.2046626329894,46.729809570312476
53.82,83.18862674373571,46.68560943603514
53.83,83.1205027336012,46.64140930175781
53.84,83.07248847016996,46.59720916748044
53.85,83.01548995297088,46.55300903320311
53.86,83.1665194803953,46.50880889892578
53.87,83.14244918151267,46.46460876464844
53.88,83.28343952604763,46.42040863037108
53.89,83.08777858281167,46.37620849609374
53.9,82.96758330166035,46.332008361816406
53.91,83.02933193980117,46.2860076904297
53.92,83.04595802019921,46.240007019042956
53.93,83.11326523236887,46.19400634765625
53.94,83.33783887261073,46.14800567626954
53.95,83.35416020342144,46.1020050048828
53.96,83.39295962379346,46.056004333496084
53.97,83.4677502971657,46.010003662109376
53.98,83.47274916032941,45.96400299072267
53.99,83.42057848537709,45.918002319335926
54.0,83.46211222689297,45.87200164794922
54.01,83.31247266780717,45.91870193481444
54.02,83.25279892080118,45.9654022216797
54.03,83.18234692410891,46.01210250854493
54.04,83.31997049355108,46.05880279541015
54.05,83.2504059679255,46.105503082275376
54.06,83.16279331894133,46.15220336914063
54.07,83.30762700911741,46.198903656005854
54.08,83.45751407694898,46.24560394287108
54.09,83.39993169730995,46.29230422973634
54.1,83.23490741710864,46.33900451660156
54.11,83.24692302122048,46.30210418701173
54.12,83.33817444740266,46.26520385742189
54.13,83.17059385627634,46.228303527832026
54.14,83.35679345082649,46.19140319824219
54.15,83.24879348354163,46.15450286865236
54.16,83.36406736476759,46.117602539062524
54.17,83.29655542747187,46.08070220947266
54.18,83.26584790369712,46.04380187988282
54.19,83.18901359869135,46.00690155029299
54.2,83.38507766107585,45.970001220703125
54.21,83.47406671508067,46.05760116577147
54.22,83.45737200129956,46.14520111083982
54.23,83.41560055646119,46.23280105590817
54.24,83.33830351481024,46.320401000976574
54.25,83.5729323245497,46.40800094604492
54.26,83.49408319786912,46.49560089111327
54.27,83.25954582178383,46.583200836181675
54.28,83.16912397498886,46.67080078125002
54.29,83.05405586407477,46.75840072631837
54.3,83.14099244040625,46.84600067138672
54.31,83.39977675917667,46.80810165405271
54.32,83.45902525270404,46.770202636718736
54.33,83.1733660361576,46.732303619384766
54.34,83.29714899010659,46.69440460205076
54.35,83.30393640015166,46.65650558471678
54.36,83.39281760310249,46.618606567382805
54.37,83.41813147072462,46.58070755004883
54.38,83.33869071763259,46.54280853271483
54.39,83.33372168304517,46.50490951538085
54.4,83.34611872984308,46.467010498046875
54.41,83.24480748916048,46.46181030273438
54.42,83.1323424972532,46.456610107421874
54.43,83.18505482547462,46.451409912109376
54.44,83.21555399054257,46.44620971679688
54.45,83.04948829778508,46.441009521484375
54.46,83.20779003494793,46.43580932617187
54.47,83.19879487762691,46.430609130859374
54.48,83.29452313937509,46.425408935546876
54.49,83.088461612787,46.42020874023437
54.5,83.00307887838454,46.415008544921875
54.51,82.95442894196479,46.39490814208985
54.52,83.04969444770005,46.374807739257804
54.53,83.17089041284757,46.35470733642578
54.54,83.10697536909913,46.334606933593754
54.55,82.93958888233156,46.314506530761726
54.56,83.14103111478398,46.29440612792968
54.57,83.02202111557072,46.274305725097655
54.58,82.82023426652434,46.25420532226563
54.59,82.67054802675145,46.23410491943359
54.6,82.7863214761157,46.21400451660156
54.61,82.82100626228794,46.2160041809082
54.62,82.73581896151721,46.218003845214845
54.63,82.7001170119769,46.22000350952148
54.64,82.62762455739833,46.22200317382813
54.65,82.70475210642772,46.224002838134766
54.66,82.70368492968763,46.2260025024414
54.67,82.80285888318198,46.22800216674805
54.68,82.71075671113827,46.230001831054686
54.69,82.82685424432663,46.232001495361324
54.7,83.08850027494502,46.23400115966797
54.71,83.20287004401678,46.256902313232416
54.72,83.23768711534285,46.27980346679687
54.73,83.36524206430452,46.30270462036132
54.74,83.34760308180743,46.32560577392579
54.75,83.24248559467158,46.348506927490234
54.76,83.06257287968538,46.37140808105468
54.77,82.8998652624415,46.39430923461915
54.78,83.01205056824614,46.4172103881836
54.79,83.0291129323786,46.44011154174805
54.8,83.09066537015067,46.4630126953125
54.81,83.01439501002818,46.449311828613276
54.82,83.0495784883414,46.43561096191406
54.83,83.05951907349392,46.42191009521484
54.84,83.23321769117624,46.40820922851562
54.85,83.08465987784474,46.3945083618164
54.86,83.02620144938103,46.38080749511719
54.87,82.9173216250358,46.36710662841797
54.88,83.01814360935307,46.35340576171875
54.89,82.93401373993329,46.33970489501953
54.9,83.10143326880629,46.32600402832031
54.91,83.07594199310927,46.37970428466796
54.92,83.15932509834126,46.43340454101564
54.93,83.02185364665382,46.48710479736329
54.94,83.24832909093547,46.54080505371093
54.95,83.14438937148844,46.594505310058615
54.96,82.99231091128344,46.648205566406254
54.97,83.20612637730098,46.7019058227539
54.98,83.1870793329082,46.75560607910155
54.99,83.01558012506446,46.80930633544923
55.0,83.24707781730467,46.863006591796875
55.01,83.17921355039469,46.87870483398437
55.02,83.29609735613973,46.894403076171876
55.03,83.18380402746158,46.910101318359374
55.04,83.30640109847042,46.92579956054687
55.05,83.07898321453959,46.94149780273437
55.06,83.09854629441921,46.95719604492188
55.07,83.29479411005335,46.972894287109376
55.08,83.30243953310496,46.988592529296874
55.09,83.2702859528841,47.00429077148438
55.1,83.20025212503104,47.019989013671875
55.11,83.2247564208356,46.96749114990236
55.12,83.17811752825406,46.914993286132834
55.13,83.18475824365193,46.862495422363274
55.14,83.28376208877532,46.80999755859376
55.15,83.28182672177898,46.75749969482424
55.16,83.1836621849816,46.705001831054716
55.17,83.07610951656987,46.65250396728516
55.18,82.94417274254266,46.60000610351564
55.19,82.84930238396355,46.54750823974612
55.2,82.72068985743817,46.49501037597656
55.21,82.63602328600497,46.48140869140625
55.22,82.72479187549874,46.46780700683594
55.23,82.80619100773248,46.45420532226563
55.24,82.91414819114924,46.44060363769531
55.25,83.04915330471896,46.427001953125
55.26,83.19508088885753,46.41340026855469
55.27,83.42221845906941,46.39979858398437
55.28,83.38213412332232,46.38619689941406
55.29,83.52834090923213,46.37259521484375
55.3,83.47618515824531,46.35899353027344
55.31,83.36018187910868,46.34509506225585
55.32,83.38263761951777,46.33119659423828
55.33,83.4174083484458,46.3172981262207
55.34,83.46371385942592,46.30339965820312
55.35,83.41946796116454,46.28950119018554
55.36,83.3541343874763,46.27560272216797
55.37,83.39649726911895,46.261704254150395
55.38,83.322448334573,46.24780578613281
55.39,83.30751086982723,46.23390731811523
55.4,83.33058545955222,46.220008850097656
55.41,83.60281736291394,46.25740890502929
55.42,83.53127410483206,46.294808959960946
55.43,83.52911619821607,46.332209014892584
55.44,83.41268230502105,46.369609069824214
55.45,83.26342896139766,46.407009124755874
55.46,83.45516338630169,46.444409179687504
55.47,83.58347937705281,46.481809234619135
55.48,83.39516741554169,46.51920928955077
55.49,83.14484058233914,46.55660934448243
55.5,83.53675298697173,46.59400939941406
55.51,83.51426358201154,46.55020828247071
55.52,83.54482303289981,46.50640716552733
55.53,83.42132744774062,46.46260604858398
55.54,83.56686419610924,46.41880493164063
55.55,83.45524088107005,46.37500381469728
55.56,83.57935612411393,46.3312026977539
55.57,83.55102605741554,46.28740158081055
55.58,83.57833502075984,46.2436004638672
55.59,83.58563798576422,46.19979934692382
55.6,83.67403559837079,46.15599822998047
55.61,83.63856492016447,46.20229873657225
55.62,83.714202963189,46.248599243164044
55.63,83.69366860931153,46.294899749755864
55.64,83.53380677330088,46.34120025634765
55.65,83.69111412023383,46.38750076293944
55.66,83.6465558360942,46.43380126953122
55.67,83.80721144813573,46.48010177612304
55.68,83.6347635504593,46.526402282714834
55.69,83.64762261072019,46.57270278930662
55.7,83.75962031332165,46.61900329589844
55.71,83.70734065347278,46.58070220947266
55.72,83.71691950765775,46.542401123046886
55.73,83.90842391105892,46.50410003662111
55.74,83.81060254977716,46.46579895019531
55.75,83.67214743229351,46.42749786376953
55.76,83.82132638672964,46.389196777343756
55.77,83.71673840332193,46.35089569091795
55.78,83.7815862626155,46.312594604492176
55.79,83.77021148668453,46.2742935180664
55.8,83.73277336139546,46.235992431640625
55.81,83.70436556300234,46.2341926574707
55.82,83.73124677216884,46.23239288330078
55.83,83.73784484245954,46.23059310913086
55.84,83.76412326055848,46.22879333496093
55.85,83.64204311982786,46.226993560791016
55.86,83.64744158135471,46.22519378662109
55.87,83.78491860725723,46.22339401245117
55.88,83.69770413911473,46.22159423828125
55.89,83.74384154673092,46.21979446411133
55.9,83.5909312163719,46.217994689941406
55.91,83.69867423289878,46.161595916748055
55.92,83.48095820980673,46.10519714355467
55.93,83.62142711790501,46.048798370361325
55.94,83.63198369192665,45.992399597167974
55.95,83.5341298205094,45.93600082397459
55.96,83.7366416455562,45.879602050781244
55.97,83.70488296624279,45.82320327758789
55.98,83.76235053412609,45.76680450439455
55.99,83.88023235352543,45.71040573120116
56.0,83.85071205192126,45.65400695800781
56.01,83.98174154038385,45.745205688476545
56.02,83.92218471686436,45.836404418945335
56.03,83.87454152442652,45.92760314941407
56.04,83.67027221994638,46.0188018798828
56.05,83.38529713746338,46.11000061035153
56.06,83.44107931242344,46.201199340820324
56.07,83.46446947092133,46.29239807128906
56.08,83.47710229746544,46.38359680175779
56.09,83.63104631092548,46.47479553222658
56.1,83.40427647666439,46.56599426269531
56.11,83.25812675680976,46.56099624633789
56.12,83.1117958577579,46.555998229980474
56.13,83.09983511607403,46.55100021362305
56.14,83.3036783186669,46.54600219726562
56.15,83.34641559917854,46.5410041809082
56.16,83.29678769085969,46.536006164550784
56.17,83.17858172498505,46.53100814819336
56.18,83.28028489823227,46.52601013183594
56.19,83.32355821281143,46.52101211547852
56.2,83.30209112632524,46.516014099121094
56.21,83.42037187566157,46.515812683105466
56.22,83.41674979338318,46.515611267089845
56.23,83.34596384170403,46.51540985107422
56.24,83.37930682676784,46.5152084350586
56.25,83.22015836785376,46.51500701904297
56.26,83.44154424233709,46.51480560302734
56.27,83.44238370240629,46.51460418701172
56.28,83.3354511484056,46.51440277099609
56.29,83.27544662391189,46.51420135498047
56.3,83.30087816025747,46.513999938964844
56.31,83.21899758845605,46.556001281738304
56.32,83.07753991607319,46.59800262451173
56.33,83.21617305907169,46.64000396728516
56.34,83.4492222278481,46.68200531005862
56.35,83.29891678700373,46.724006652832045
56.36,83.32484877819746,46.76600799560548
56.37,83.32182887086344,46.8080093383789
56.38,83.22585275020803,46.85001068115236
56.39,83.35952354997801,46.89201202392579
56.4,83.47384712190004,46.93401336669922
56.41,83.52189969178993,46.865113067626964
56.42,83.50268087988746,46.79621276855467
56.43,83.59217214514311,46.72731246948242
56.44,83.45819862495493,46.658412170410166
56.45,83.6641552940209,46.58951187133787
56.46,83.51387597153567,46.520611572265615
56.47,83.61295260457945,46.45171127319336
56.48,83.60379983394144,46.382810974121114
56.49,83.68694941210369,46.31391067504882
56.5,83.81367013211634,46.24501037597656
56.51,83.80407927016516,46.21610946655274
56.52,83.93476146367583,46.1872085571289
56.53,83.93346618360918,46.15830764770508
56.54,84.02610388166117,46.129406738281254
56.55,84.13967090248681,46.10050582885743
56.56,84.05886968870578,46.07160491943359
56.57,84.00453352082027,46.042704010009764
56.58,83.88257607418511,46.013803100585946
56.59,83.91457566248602,45.98490219116211
56.6,83.8855931771612,45.95600128173828
56.61,83.81649830881932,45.94580154418946
56.62,83.63517730079536,45.935601806640626
56.63,83.79987292489434,45.925402069091795
56.64,83.6862639265981,45.91520233154297
56.65,83.8155793070615,45.90500259399415
56.66,83.77338185286595,45.89480285644532
56.67,83.90020682079492,45.884603118896486
56.68,83.8187505316135,45.87440338134766
56.69,83.67580739002354,45.86420364379883
56.7,83.79677324229796,45.85400390625
56.71,83.63921142020615,45.84400405883789
56.72,83.479078685024,45.834004211425786
56.73,83.50513559688267,45.824004364013675
56.74,83.5262734895318,45.814004516601564
56.75,83.49815912723858,45.80400466918945
56.76,83.65232944298032,45.79400482177734
56.77,83.64178451513378,45.78400497436523
56.78,83.56884164596862,45.77400512695312
56.79,83.77411945686548,45.76400527954102
56.8,83.72138249782648,45.754005432128906
56.81,83.60497622131864,45.76990509033204
56.82,83.48214665049734,45.78580474853516
56.83,83.43152916643173,45.80170440673828
56.84,83.55578832453959,45.81760406494141
56.85,83.55962667066287,45.83350372314454
56.86,83.4227737294056,45.849403381347656
56.87,83.34631234021928,45.86530303955078
56.88,83.3886215918028,45.88120269775391
56.89,83.41512278613793,45.89710235595703
56.9,83.40016410477972,45.913002014160156
56.91,83.37357492058361,45.903801727294926
56.92,83.40213958134692,45.89460144042968
56.93,83.4068846914451,45.88540115356445
56.94,83.4182541408294,45.87620086669922
56.95,83.25892659194433,45.867000579833984
56.96,83.33715481839646,45.85780029296875
56.97,83.33680633902706,45.84860000610352
56.98,83.23201812516115,45.83939971923829
56.99,83.18997428965643,45.83019943237304
57.0,83.20132250072285,45.82099914550781
57.01,83.11554020805748,45.84069900512695
57.02,83.229631917391,45.8603988647461
57.03,83.46780196423644,45.88009872436523
57.04,83.33612228905042,45.89979858398437
57.05,83.27069880068159,45.91949844360351
57.06,83.4070654603173,45.93919830322266
57.07,83.40561931482465,45.9588981628418
57.08,83.38710460105047,45.97859802246093
57.09,83.47862656815917,45.99829788208008
57.1,83.43477705693458,46.01799774169922
57.11,83.48984588422924,46.04379882812499
57.12,83.48762392127226,46.06959991455077
57.13,83.51698980110326,46.095401000976565
57.14,83.45663579305308,46.12120208740234
57.15,83.69897172945227,46.14700317382812
57.16,83.71985601244117,46.17280426025389
57.17,83.72112377051053,46.198605346679685
57.18,83.67342776176044,46.224406433105464
57.19,83.51882453283966,46.25020751953124
57.2,83.3437696085289,46.27600860595703
57.21,83.38192756122035,46.2715087890625
57.22,83.49601456735789,46.26700897216797
57.23,83.58200585178486,46.26250915527344
57.24,83.55839890726271,46.258009338378905
57.25,83.6437111297098,46.253509521484375
57.26,83.70139052540253,46.249009704589845
57.27,83.60047109306704,46.24450988769531
57.28,83.5453528655827,46.24001007080078
57.29,83.66993597719556,46.23551025390625
57.3,83.42999241194175,46.23101043701172
57.31,83.5075515904184,46.23020858764649
57.32,83.66381906356125,46.22940673828125
57.33,83.47376961849348,46.22860488891602
57.34,83.54947527969861,46.22780303955078
57.35,83.4612726675914,46.22700119018555
57.36,83.43768278040653,46.226199340820315
57.37,83.34916489249215,46.22539749145508
57.38,83.38503892997863,46.224595642089845
57.39,83.52707461162936,46.22379379272461
57.4,83.38159189835036,46.222991943359375
57.41,83.55237007641175,46.20919265747071
57.42,83.60947500982996,46.19539337158203
57.43,83.54973374165199,46.181594085693355
57.44,83.59209458682507,46.16779479980469
57.45,83.43327256050962,46.15399551391601
57.46,83.50275839671457,46.14019622802734
57.47,83.46355886205757,46.126396942138676
57.48,83.40104209147674,46.11259765625
57.49,83.47156078653165,46.09879837036132
57.5,83.69207124171506,46.084999084472656
57.51,83.53512480983646,46.10759963989258
57.52,83.68112934142599,46.130200195312504
57.53,83.7009119373341,46.152800750732425
57.54,83.75459992864737,46.17540130615234
57.55,83.92670498391314,46.19800186157226
57.56,83.90661080629597,46.22060241699219
57.57,83.8655298170584,46.24320297241211
57.58,83.9401175501145,46.26580352783203
57.59,83.9667450927024,46.288404083251955
57.6,83.9249305379216,46.311004638671875
57.61,84.02397847203896,46.28080444335938
57.62,84.00387265222949,46.25060424804689
57.63,83.92618689555333,46.220404052734374
57.64,83.91596145655878,46.19020385742188
57.65,83.67262593811964,46.16000366210939
57.66,83.69497497209183,46.12980346679689
57.67,83.8547384193789,46.099603271484376
57.68,83.92715831253973,46.06940307617188
57.69,83.81022719545548,46.03920288085939
57.7,83.66873326827113,46.009002685546875
57.71,83.63405241946036,46.009500885009764
57.72,83.63793135254777,46.00999908447265
57.73,83.5983252196941,46.01049728393555
57.74,83.5548126001453,46.01099548339844
57.75,83.48637085055088,46.01149368286133
57.76,83.53179097282988,46.01199188232422
57.77,83.6164108765148,46.01249008178711
57.78,83.45759157280874,46.01298828125
57.79,83.59584328002131,46.01348648071289
57.8,83.48652586909948,46.01398468017578
57.81,83.60673435414495,46.00498657226562
57.82,83.61123318995801,45.99598846435546
57.83,83.6477648482162,45.98699035644531
57.84,83.66637960484945,45.97799224853515
57.85,83.79280003428593,45.968994140625
57.86,83.97848949661048,45.95999603271484
57.87,83.88207107083352,45.95099792480469
57.88,83.92766345159444,45.94199981689453
57.89,83.96897989722885,45.93300170898437
57.9,83.90381996106333,45.92400360107422
57.91,83.88306813019501,45.911903381347656
57.92,84.26012789469486,45.899803161621094
57.93,84.04295906978575,45.88770294189453
57.94,83.97034022925884,45.87560272216797
57.95,83.96057847443204,45.8635025024414
57.96,83.84522935924517,45.851402282714844
57.97,83.8774613669207,45.83930206298828
57.98,84.05337371105605,45.82720184326172
57.99,84.1345418815903,45.815101623535156
58.0,83.93038345725023,45.803001403808594
58.01,83.93529253139205,45.869201660156236
58.02,83.88679744371424,45.93540191650393
58.03,83.77620288219288,46.00160217285157
58.04,83.8752795736337,46.06780242919921
58.05,83.86840418837552,46.134002685546854
58.06,83.82247841514322,46.20020294189454
58.07,83.65787695100522,46.26640319824218
58.08,83.8402840829041,46.33260345458982
58.09,83.84161748075073,46.398803710937514
58.1,83.84602553373203,46.465003967285156
58.11,83.8550232464613,46.503103637695304
58.12,83.83563669173911,46.54120330810545
58.13,83.69236872653356,46.57930297851563
58.14,83.64557311387426,46.617402648925776
58.15,83.44738180592405,46.65550231933592
58.16,83.58469439888643,46.69360198974607
58.17,83.6601399732999,46.73170166015625
58.18,83.69867423289878,46.769801330566395
58.19,83.58191537258641,46.80790100097654
58.2,83.58421614455757,46.84600067138672
58.21,83.83005093377366,46.81110076904297
58.22,83.81143092090967,46.77620086669923
58.23,83.76826400851644,46.74130096435548
58.24,83.89985716618797,46.706401062011714
58.25,83.6083373737153,46.67150115966797
58.26,83.49920557910602,46.63660125732422
58.27,83.56433102655082,46.601701354980456
58.28,83.60611383456602,46.56680145263671
58.29,83.75301491850882,46.531901550292964
58.3,83.79510370693554,46.49700164794922
58.31,83.79177762791876,46.45850143432615
58.32,83.86883146399269,46.420001220703114
58.33,83.7552209990083,46.381501007080075
58.34,83.74771008654415,46.34300079345701
58.35,83.6233147116153,46.30450057983397
58.36,83.47100535385314,46.26600036621093
58.37,83.60964307036669,46.22750015258789
58.38,83.6368193825325,46.18899993896483
58.39,83.71870468945018,46.15049972534179
58.4,83.66873326827113,46.11199951171875
58.41,83.5962052272622,46.101799774169926
58.42,83.55567201239694,46.09160003662109
58.43,83.67720414411112,46.081400299072264
58.44,83.59626986078054,46.07120056152344
58.45,83.53403936722806,46.0610008239746
58.46,83.62874489450735,46.05080108642578
58.47,83.53535740559862,46.040601348876955
58.48,83.45952898099603,46.03040161132813
58.49,83.58735067144512,46.02020187377929
58.5,83.6164496613092,46.01000213623047
58.51,83.67481156320926,46.03350143432617
58.52,83.53022745203427,46.05700073242188
58.53,83.64609033537567,46.08050003051758
58.54,83.73179013284083,46.10399932861328
58.55,83.56054426814637,46.12749862670898
58.56,83.56289644245237,46.15099792480469
58.57,83.64438351048963,46.17449722290039
58.58,83.82057563090052,46.197996520996085
58.59,83.76264814382272,46.2214958190918
58.6,83.93266311498707,46.2449951171875
58.61,83.78192272963473,46.27229614257812
58.62,83.68110347489694,46.29959716796874
58.63,83.51943180764215,46.326898193359376
58.64,83.48046733459881,46.35419921875
58.65,83.52685494873646,46.38150024414062
58.66,83.4693519837946,46.40880126953123
58.67,83.42511105038383,46.436102294921874
58.68,83.43099969479925,46.463403320312494
58.69,83.36115001490555,46.49070434570311
58.7,83.1648691286918,46.51800537109375
58.71,83.19370105998412,46.51860580444336
58.72,83.1002346528164,46.51920623779297
58.73,83.19960732372057,46.519806671142575
58.74,83.14558830587295,46.520407104492186
58.75,83.14698062761906,46.5210075378418
58.76,83.29423926580392,46.52160797119141
58.77,83.37425912425435,46.52220840454102
58.78,83.27422095006334,46.52280883789062
58.79,83.26099070036435,46.52340927124023
58.8,83.29922647598234,46.524009704589844
58.81,83.42281246926547,46.56080856323244
58.82,83.39604537593733,46.59760742187501
58.83,83.22315708270193,46.63440628051758
58.84,83.1084189232315,46.67120513916018
58.85,83.2695634717011,46.70800399780275
58.86,83.3750207882466,46.74480285644532
58.87,83.23499770829005,46.78160171508789
58.88,83.14305508643874,46.818400573730486
58.89,83.30312344482842,46.855199432373055
58.9,83.25377933303051,46.891998291015625
58.91,83.1874274990896,46.87989883422852
58.92,83.17520343392131,46.8677993774414
58.93,83.32796553208387,46.855699920654295
58.94,83.25519836095516,46.84360046386719
58.95,83.13682855168936,46.83150100708007
58.96,83.13222648020961,46.819401550292966
58.97,83.13113076767947,46.80730209350586
58.98,83.23699057338752,46.795202636718756
58.99,83.35395367597222,46.783103179931636
59.0,83.28254925616041,46.77100372314453
59.01,83.43699831654433,46.7780044555664
59.02,83.2354943079306,46.78500518798828
59.03,83.32682981277625,46.792005920410155
59.04,83.30974333925002,46.79900665283203
59.05,83.39989296276315,46.806007385253906
59.06,83.50516143620082,46.813008117675786
59.07,83.63937951062626,46.82000885009766
59.08,83.62851216876741,46.82700958251953
59.09,83.5410754838429,46.83401031494141
59.1,83.59583035334863,46.84101104736328
59.11,83.51270022526128,46.741609191894554
59.12,83.6174580691207,46.64220733642583
59.13,83.51512924865537,46.54280548095702
59.14,83.6635474932986,46.443403625488294
59.15,83.68458255894448,46.34400177001957
59.16,83.62764591469247,46.24459991455084
59.17,83.47721855490947,46.14519805908204
59.18,83.45214111840015,46.04579620361331
59.19,83.39280469213658,45.94639434814458
59.2,83.47462215794451,45.84699249267578
59.21,83.41816375030668,45.92179336547851
59.22,83.49925725591135,45.996594238281226
59.23,83.47637891963261,46.07139511108395
59.24,83.32849467667704,46.14619598388673
59.25,83.27881404797014,46.22099685668945
59.26,83.31627961117822,46.29579772949218
59.27,83.47600431448672,46.370598602294955
59.28,83.4255242818082,46.44539947509768
59.29,83.34734493269025,46.5202003479004
59.3,83.58194122378096,46.595001220703125
59.31,83.67204397175426,46.596701049804686
59.32,83.6852680375639,46.59840087890625
59.33,83.79465073509321,46.600100708007815
59.34,83.64425420628362,46.601800537109376
59.35,83.49667343523373,46.60350036621094
59.36,83.60268809084009,46.6052001953125
59.37,83.49989029807448,46.60690002441406
59.38,83.47830362829102,46.60859985351563
59.39,83.51626625046644,46.61029968261719
59.4,83.56900966566252,46.61199951171875
59.41,83.58181196784814,46.58719940185547
59.42,83.57889081041951,46.56239929199218
59.43,83.52095646474821,46.53759918212891
59.44,83.36880493989156,46.51279907226563
59.45,83.48258585898033,46.48799896240234
59.46,83.61340508504976,46.46319885253906
59.47,83.41495492121405,46.43839874267578
59.48,83.4979782596792,46.41359863281251
59.49,83.55116821275969,46.388798522949216
59.5,83.62224162490668,46.36399841308594
59.51,83.57241532928258,46.365298461914065
59.52,83.57656426137659,46.366598510742186
59.53,83.76939625936308,46.367898559570314
59.54,83.90604745547715,46.369198608398435
59.55,83.78830925785424,46.37049865722656
59.56,83.86169739859035,46.37179870605469
59.57,83.82355278585398,46.37309875488281
59.58,83.91135082151128,46.37439880371094
59.59,83.95084319523288,46.37569885253906
59.6,84.00335432574198,46.37699890136719
59.61,84.05159792649621,46.34719924926758
59.62,83.90550352969413,46.317399597167984
59.63,83.99558610183924,46.28759994506836
59.64,83.80622778263387,46.25780029296875
59.65,83.67776672617205,46.22800064086915
59.66,83.59930766432626,46.19820098876955
59.67,83.6920583076045,46.16840133666992
59.68,83.68534563909394,46.13860168457032
59.69,83.87777212949484,46.10880203247072
59.7,84.04122227842751,46.079002380371094
59.71,83.927650499292,46.08510208129883
59.72,84.14277043882596,46.09120178222656
59.73,84.14703725796564,46.0973014831543
59.74,84.226460022982,46.10340118408203
59.75,84.08729868084404,46.109500885009766
59.76,84.08042757521169,46.1156005859375
59.77,84.11520084131763,46.121700286865234
59.78,84.12397308440612,46.12779998779297
59.79,84.18988652001345,46.1338996887207
59.8,84.31270319753301,46.13999938964844
59.81,84.34360313495235,46.09410018920896
59.82,84.36526892575465,46.048200988769516
59.83,84.48519848893089,46.00230178833007
59.84,84.57491551474769,45.9564025878906
59.85,84.546742205142,45.91050338745116
59.86,84.58917297165908,45.864604187011714
59.87,84.37039198811412,45.81870498657227
59.88,84.48278138914627,45.77280578613279
59.89,84.63472296684664,45.72690658569335
59.9,84.76174243765294,45.681007385253906
59.91,84.72422001488248,45.66230697631836
59.92,84.75899597749928,45.643606567382804
59.93,84.77887952887693,45.62490615844727
59.94,84.90719911261534,45.60620574951172
59.95,84.88052054991175,45.587505340576165
59.96,84.78829818050095,45.56880493164062
59.97,84.65409762347117,45.55010452270508
59.98,84.3875414249931,45.53140411376954
59.99,84.50947535992242,45.51270370483398
60.0,84.54030733478798,45.49400329589844
60.01,84.65830583747727,45.529103851318354
60.02,84.4827553990139,45.56420440673829
60.03,84.56406557028718,45.59930496215821
60.04,84.64122646562448,45.63440551757812
60.05,84.52094570479409,45.66950607299803
60.06,84.60768410382066,45.70460662841798
60.07,84.63630979750323,45.739707183837886
60.08,84.71189005859432,45.7748077392578
60.09,84.6568553920406,45.80990829467774
60.1,84.74329254969724,45.845008850097656
60.11,84.79070662808506,45.83140869140625
60.12,84.75161589980176,45.81780853271485
60.13,84.52241448540707,45.80420837402344
60.14,84.52130964924336,45.790608215332036
60.15,84.43884429181787,45.77700805664063
60.16,84.5779060359701,45.76340789794923
60.17,84.32776945552668,45.74980773925781
60.18,84.36104852002055,45.73620758056641
60.19,84.40209481260844,45.722607421875004
60.2,84.39295739957552,45.709007263183594
60.21,84.31344317201405,45.73280563354492
60.22,84.3087956668419,45.75660400390624
60.23,84.20988484616188,45.78040237426757
60.24,84.3345078396941,45.80420074462891
60.25,84.26505958090235,45.827999114990234
60.26,84.24316010604453,45.85179748535156
60.27,84.22617456577368,45.8755958557129
60.28,84.16310040013911,45.89939422607423
60.29,84.08025904218597,45.92319259643555
60.3,84.01424599453874,45.946990966796875
60.31,83.94716427356688,45.96319198608399
60.32,84.05529209793623,45.9793930053711
60.33,84.08055721611562,45.9955940246582
60.34,84.15712112549915,46.01179504394532
60.35,84.12316910492106,46.02799606323243
60.36,84.01858730966784,46.04419708251953
60.37,84.03165728641697,46.06039810180664
60.38,83.96472407521387,46.07659912109376
60.39,84.08899705399823,46.09280014038086
60.4,83.97705136187422,46.10900115966797
60.41,84.05158496463407,46.09640045166016
60.42,83.94877055339389,46.08379974365234
60.43,84.08303337656574,46.07119903564453
60.44,84.01368875922674,46.05859832763672
60.45,83.93967713971925,46.0459976196289
60.46,83.93869269713113,46.03339691162109
60.47,83.88288684623399,46.02079620361328
60.48,83.87984389470088,46.00819549560547
60.49,83.87647728923385,45.99559478759765
60.5,83.95441208261188,45.982994079589844
60.51,83.94029889590716,45.93279495239259
60.52,83.90603450484278,45.882595825195295
60.53,84.03526029538365,45.83239669799804
60.54,83.88086683820663,45.78219757080079
60.55,83.85423349983074,45.73199844360354
60.56,83.96596777540533,45.68179931640624
60.57,83.93707356069301,45.63160018920899
60.58,83.97290545678146,45.581401062011736
60.59,84.01795230433241,45.53120193481444
60.6,84.23155291763658,45.48100280761719
60.61,84.16249078974722,45.5286033630371
60.62,84.2367562660941,45.57620391845701
60.63,83.98532404121597,45.62380447387696
60.64,84.38128145028783,45.67140502929687
60.65,84.31776624572323,45.71900558471678
60.66,84.35077714288987,45.766606140136695
60.67,84.28422314449323,45.814206695556635
60.68,84.14768572019217,45.86180725097655
60.69,84.28645568267082,45.90940780639646
60.7,84.0700371845352,45.957008361816406
60.71,84.08373344948234,45.96480712890625
60.72,84.03577872029648,45.97260589599609
60.73,84.04035388947814,45.980404663085935
60.74,84.29574309646911,45.98820343017578
60.75,84.32609463880698,45.996002197265625
60.76,84.3267178244807,46.00380096435547
60.77,84.55268980032697,46.011599731445315
60.78,84.52231050051913,46.01939849853516
60.79,84.52548206837741,46.027197265625
60.8,84.78680105464854,46.034996032714844
60.81,84.49039016953935,45.99019775390623
60.82,84.73245783839548,45.945399475097645
60.83,84.65619196247964,45.90060119628906
60.84,84.59657848022519,45.855802917480446
60.85,84.6054993333902,45.81100463867186
60.86,84.61933018365276,45.766206359863276
60.87,84.60413386619571,45.72140808105469
60.88,84.4285941614194,45.67660980224608
60.89,84.67041723968647,45.63181152343749
60.9,84.59229377975655,45.587013244628906
60.91,84.63967861025844,45.650312042236315
60.92,84.48911660040751,45.71361083984377
60.93,84.46603807748772,45.776909637451176
60.94,84.3343130849287,45.840208435058585
60.95,84.46980631554023,45.90350723266604
60.96,84.51932096234556,45.966806030273446
60.97,84.36530788383777,46.030104827880855
60.98,84.42817845316313,46.093403625488264
60.99,84.46746739926832,46.156702423095716
61.0,84.52032180184688,46.220001220703125
61.01,84.65403258230184,46.25230178833007
61.02,84.69624304118172,46.28460235595704
61.03,84.72191661928943,46.31690292358399
61.04,84.49236552024348,46.349203491210936
61.05,84.4818067619184,46.381504058837876
61.06,84.55042773842722,46.413804626464845
61.07,84.35568551058468,46.44610519409179
61.08,84.20381309466532,46.47840576171874
61.09,84.18668233776211,46.51070632934571
61.1,84.00065905378462,46.543006896972656
61.11,84.35930844500764,46.52920608520508
61.12,84.23265585837586,46.51540527343751
61.13,84.11750894148238,46.50160446166992
61.14,83.90260262196014,46.48780364990235
61.15,83.84409012035296,46.47400283813477
61.16,83.82212892254077,46.4602020263672
61.17,84.04096305737586,46.44640121459961
61.18,84.03817645631923,46.43260040283204
61.19,84.30995104024207,46.41879959106446
61.2,84.05661424217764,46.404998779296875
61.21,84.10604655366645,46.3493995666504
61.22,84.08740239779685,46.29380035400392
61.23,84.04498750653177,46.23820114135744
61.24,84.19315562709276,46.18260192871093
61.25,84.21754620118648,46.12700271606445
61.26,84.2742160256381,46.071403503417976
61.27,84.17140818033448,46.01580429077146
61.28,84.30381726914395,45.960205078124986
61.29,84.3691063373836,45.90460586547851
61.3,84.27788912735855,45.84900665283203
61.31,84.21364087620192,45.86650619506837
61.32,84.27387857154427,45.88400573730469
61.33,84.41577912862918,45.90150527954102
61.34,84.48319723180788,45.91900482177736
61.35,84.43055579856254,45.93650436401368
61.36,84.42768480093807,45.95400390625
61.37,84.3760022150251,45.971503448486324
61.38,84.31910343510786,45.98900299072266
61.39,84.25236078432096,46.00650253295899
61.4,84.21248616290401,46.02400207519531
61.41,84.25289285583598,46.002001953125
61.42,84.25307453917712,45.98000183105468
61.43,84.40801783673913,45.958001708984376
61.44,84.3617367635978,45.93600158691407
61.45,84.23545865792092,45.91400146484374
61.46,84.36076283483189,45.89200134277343
61.47,84.17302957533029,45.870001220703124
61.48,84.15158302805939,45.84800109863282
61.49,84.22359249754844,45.8260009765625
61.5,84.14540314423662,45.80400085449219
61.51,84.19827346109251,45.799800872802734
61.52,84.33040505350128,45.79560089111328
61.53,84.2105854469592,45.79140090942383
61.54,84.13231135624241,45.787200927734375
61.55,84.14339294673222,45.78300094604492
61.56,84.08049239565116,45.77880096435547
61.57,84.08444648970804,45.774600982666016
61.58,84.06651120816565,45.77040100097656
61.59,83.99373318340452,45.76620101928711
61.6,84.11157018604172,45.762001037597656
61.61,84.12341548532272,45.79380111694335
61.62,84.06365936960376,45.82560119628905
61.63,84.04369785960995,45.85740127563477
61.64,83.96152418059991,45.889201354980464
61.65,83.77149256620424,45.92100143432616
61.66,83.71953260630707,45.95280151367186
61.67,83.76559839028302,45.98460159301757
61.68,83.72930621273234,46.01640167236327
61.69,83.62138833195625,46.048201751708966
61.7,83.72418324386791,46.08000183105469
61.71,83.59851912278268,46.074702453613284
61.72,83.73671927090201,46.069403076171874
61.73,83.65622173122235,46.06410369873047
61.74,83.63317320713227,46.05880432128906
61.75,83.64810104641477,46.053504943847656
61.76,83.73547726968664,46.04820556640625
61.77,83.66293969478407,46.04290618896484
61.78,83.59575279333352,46.03760681152344
61.79,83.56974636939123,46.03230743408203
61.8,83.33843258231774,46.027008056640625
61.81,83.20390174754161,46.00760803222655
61.82,83.25070911400071,45.988208007812496
61.83,83.22175122558232,45.968807983398435
61.84,83.1357199177816,45.94940795898437
61.85,83.15519298469823,45.930007934570305
61.86,83.11059716703751,45.910607910156244
61.87,83.25678510650155,45.89120788574219
61.88,83.1423073742956,45.871807861328115
61.89,83.05526703179366,45.85240783691406
61.9,83.07712754738552,45.8330078125
61.91,83.18892333245458,45.859007263183585
61.92,83.3170152000933,45.88500671386719
61.93,83.14494371641977,45.911006164550784
61.94,83.17519053981204,45.93700561523437
61.95,83.24572335644777,45.963005065917976
61.96,83.33897466694067,45.98900451660157
61.97,83.5728935498492,46.01500396728515
61.98,83.49476143367,46.041003417968746
61.99,83.43130962920951,46.06700286865235
62.0,83.44566409455183,46.09300231933594
62.01,83.62602978102356,46.1104019165039
62.02,83.68134920708424,46.127801513671876
62.03,83.39137158113323,46.14520111083984
62.04,83.37367819642948,46.16260070800781
62.05,83.52927125644463,46.180000305175774
62.06,83.54932020271848,46.197399902343754
62.07,83.5281729304265,46.21479949951172
62.08,83.40922178982649,46.232199096679686
62.09,83.52373447745637,46.24959869384766
62.1,83.66287503549756,46.266998291015625
62.11,83.59098292155348,46.23829956054688
62.12,83.63454374600953,46.20960083007814
62.13,83.7228831241426,46.180902099609376
62.14,83.71442287229212,46.15220336914063
62.15,83.67398386750949,46.12350463867188
62.16,83.70957200328161,46.09480590820314
62.17,83.70848542789055,46.066107177734374
62.18,83.64438351048963,46.03740844726563
62.19,83.79828748642826,46.008709716796886
62.2,83.886046394742,45.980010986328125
62.21,83.72063218971162,45.976809692382815
62.22,83.72202931786538,45.9736083984375
62.23,83.80133542681716,45.97040710449219
62.24,83.69854488673609,45.96720581054687
62.25,83.6970832820433,45.96400451660156
62.26,83.6016797720941,45.96080322265625
62.27,83.54562424394896,45.957601928710936
62.28,83.5417603744625,45.954400634765626
62.29,83.61959125952755,45.95119934082031
62.3,83.71887285973041,45.947998046875
62.31,83.72149892524908,45.97809829711915
62.32,83.59072439580554,46.00819854736329
62.33,83.78106862236673,46.038298797607425
62.34,83.77753577036965,46.06839904785158
62.35,83.66746590693036,46.09849929809572
62.36,83.79905108481131,46.12859954833985
62.37,83.78477625319847,46.15869979858398
62.38,83.73678395871768,46.188800048828135
62.39,83.85737956178762,46.218900299072274
62.4,83.96075984232544,46.249000549316406
62.41,83.91956198436394,46.20600051879884
62.42,83.8002611984968,46.163000488281234
62.43,83.79084581995383,46.120000457763666
62.44,83.72231391947405,46.0770004272461
62.45,83.74535531253849,46.0340003967285
62.46,83.706292898189,45.99100036621093
62.47,83.86336759722475,45.948000335693365
62.48,83.82809628510486,45.9050003051758
62.49,83.7518504288075,45.86200027465819
62.5,83.7731359855877,45.819000244140625
62.51,83.86330286053375,45.83789978027343
62.52,83.68941976995062,45.85679931640625
62.53,83.7618070743052,45.87569885253907
62.54,83.81995431827418,45.894598388671874
62.55,83.81315239276263,45.91349792480468
62.56,83.9955731442967,45.9323974609375
62.57,84.03284964054535,45.95129699707031
62.58,83.95683456667759,45.97019653320312
62.59,84.12906936630631,45.98909606933594
62.6,84.02485973618111,46.00799560546875
62.61,83.94032480246496,46.004695892333984
62.62,83.9088124360567,46.00139617919922
62.63,83.8941850932315,45.99809646606445
62.64,83.87385527105954,45.99479675292969
62.65,83.78112038631966,45.99149703979492
62.66,83.65801919721939,45.988197326660156
62.67,83.77533586353671,45.98489761352539
62.68,83.72555452825299,45.981597900390625
62.69,83.6228751330949,45.97829818725586
62.7,83.72246915691903,45.974998474121094
62.71,83.95757297786166,45.95439834594727
62.72,83.88791107424098,45.93379821777344
62.73,83.98432637431551,45.91319808959962
62.74,83.84293794343638,45.89259796142578
62.75,83.96590299912631,45.87199783325195
62.76,83.92702878995006,45.85139770507813
62.77,83.81216869239614,45.83079757690429
62.78,83.84276964859434,45.81019744873046
62.79,83.95310369666312,45.78959732055664
62.8,83.90887719031045,45.76899719238281
62.81,84.00348390721395,45.82479782104495
62.82,84.06469639621119,45.880598449707044
62.83,83.89739665437226,45.93639907836914
62.84,83.8283292883856,45.99219970703128
62.85,84.0642038077751,46.04800033569338
62.86,83.87344093076325,46.10380096435548
62.87,83.72591675619194,46.15960159301758
62.88,83.81152152425065,46.21540222167971
62.89,83.6605796497539,46.27120285034181
62.9,83.59630864090352,46.327003479003906
62.91,83.73558076943611,46.333901977539064
62.92,83.77141492474239,46.34080047607422
62.93,83.63809944168159,46.34769897460937
62.94,83.59910083339766,46.35459747314453
62.95,83.8217923747974,46.36149597167969
62.96,83.76496434170454,46.368394470214845
62.97,83.75707128477418,46.37529296875
62.98,83.92063697706313,46.38219146728515
62.99,83.89764270393023,46.38908996582031
63.0,83.8172361026089,46.39598846435547
63.01,83.80272028553408,46.42098922729492
63.02,83.73939089574128,46.44598999023438
63.03,83.63486698794736,46.47099075317383
63.04,83.67772792715957,46.49599151611328
63.05,83.86485654801407,46.52099227905273
63.06,83.95601843177836,46.54599304199219
63.07,84.07285024076883,46.57099380493164
63.08,84.02115327403408,46.59599456787109
63.09,84.07125573767888,46.62099533081055
63.1,84.10405627793187,46.64599609375
63.11,84.10774511614143,46.56029739379885
63.12,84.26774611279403,46.474598693847696
63.13,84.24871419305579,46.38889999389648
63.14,84.00751394087969,46.30320129394533
63.15,84.05508470370458,46.21750259399417
63.16,83.95426958463759,46.13180389404302
63.17,83.993849800046,46.0461051940918
63.18,84.0458170351652,45.96040649414065
63.19,84.09311340849125,45.8747077941895
63.2,84.06312789594656,45.78900909423828
63.21,84.00816186528003,45.883808135986314
63.22,83.81282880647862,45.97860717773435
63.23,83.87582340144316,46.07340621948238
63.24,83.65298892730767,46.16820526123048
63.25,83.78513860922224,46.263004302978516
63.26,83.79646262980843,46.35780334472655
63.27,83.5387817695736,46.45260238647465
63.28,83.47603014929739,46.547401428222685
63.29,83.53309607164093,46.64220046997072
63.3,83.39614866569949,46.73699951171875
63.31,83.42201184732303,46.747499084472665
63.32,83.34786123132439,46.757998657226565
63.33,83.32535210140702,46.76849822998047
63.34,83.12488534687333,46.77899780273438
63.35,83.16266438751322,46.78949737548829
63.36,83.18088983351817,46.79999694824219
63.37,83.20488187181492,46.81049652099609
63.38,83.17166404117415,46.820996093750004
63.39,83.16927869872326,46.83149566650391
63.4,83.11030071797757,46.84199523925781
63.41,83.20976323185768,46.91549530029295
63.42,83.09035606910854,46.98899536132814
63.43,83.15831301315384,47.062495422363284
63.44,82.93826267673856,47.135995483398425
63.45,83.02681981318169,47.20949554443362
63.46,83.08886112218705,47.28299560546876
63.47,82.99960110929293,47.3564956665039
63.48,83.16700943170952,47.429995727539044
63.49,83.2931424860967,47.503495788574234
63.5,83.1262388243216,47.576995849609375
63.51,82.90616659064703,47.495594787597675
63.52,83.07028495386785,47.41419372558592
63.53,82.95472511290227,47.33279266357421
63.54,82.97727428196015,47.25139160156251
63.55,82.7810602117097,47.16999053955081
63.56,82.60838041590003,47.08858947753905
63.57,82.7683708355455,47.00718841552735
63.58,82.83039272919818,46.925787353515645
63.59,82.86396705485248,46.84438629150389
63.6,82.77534247729989,46.76298522949219
63.61,82.79068240633653,46.69278717041017
63.62,82.85007451519189,46.62258911132815
63.63,82.90068912049739,46.55239105224609
63.64,82.88106567952526,46.48219299316407
63.65,82.99908589043888,46.41199493408206
63.66,83.12028360597041,46.34179687500004
63.67,83.28352984354841,46.271598815917976
63.68,83.22899990052225,46.20140075683596
63.69,83.29935551322666,46.13120269775394
63.7,83.45778531261553,46.061004638671875
63.71,83.25203781528766,46.085104370117186
63.72,83.33125658060393,46.10920410156249
63.73,83.26099070036435,46.1333038330078
63.74,83.27425965541536,46.157403564453126
63.75,83.32630712911151,46.18150329589844
63.76,83.46675570917067,46.20560302734375
63.77,83.5005104233365,46.229702758789074
63.78,83.58572846697756,46.253802490234385
63.79,83.60173148059982,46.27790222167969
63.8,83.41588463676149,46.302001953125
63.81,83.50615625298975,46.283202362060536
63.82,83.38934458929893,46.264402770996085
63.83,83.4399686517617,46.24560317993164
63.84,83.49835291412671,46.22680358886718
63.85,83.4377602670584,46.20800399780273
63.86,83.54866112715851,46.18920440673828
63.87,83.55035405197118,46.17040481567383
63.88,83.48748181999606,46.15160522460937
63.89,83.65560102802542,46.13280563354492
63.9,83.54951404896613,46.11400604248047
63.91,83.4967509492724,46.13430557250976
63.92,83.35030076399921,46.154605102539065
63.93,83.42378096868532,46.174904632568364
63.94,83.54369875935716,46.195204162597655
63.95,83.50981903586616,46.21550369262696
63.96,83.42884308380096,46.23580322265625
63.97,83.41474831846266,46.25610275268554
63.98,83.24830329138422,46.27640228271484
63.99,83.34680282084544,46.296701812744146
64.0,83.31766045620108,46.31700134277344
64.01,83.28056874802364,46.337001800537124
64.02,83.4626547136105,46.357002258300774
64.03,83.52858641702109,46.37700271606446
64.04,83.55047036041239,46.39700317382814
64.05,83.51025831713672,46.4170036315918
64.06,83.7081749790741,46.43700408935548
64.07,83.60286907177147,46.45700454711913
64.08,83.66433634147133,46.47700500488282
64.09,83.67235435356393,46.4970054626465
64.1,83.68012054975574,46.517005920410156
64.11,83.50835262272784,46.492004394531236
64.12,83.5164729789,46.46700286865232
64.13,83.5752588230407,46.44200134277344
64.14,83.43220069384567,46.416999816894524
64.15,83.45808238075604,46.39199829101561
64.16,83.59396892291653,46.366996765136726
64.17,83.82100278466689,46.34199523925781
64.18,83.54973374165199,46.31699371337889
64.19,83.60302419844,46.291992187500014
64.2,83.5042958212188,46.266990661621094
64.21,83.42056557226238,46.33989028930658
64.22,83.37380729132677,46.41278991699217
64.23,83.51578819194381,46.485689544677754
64.24,83.4372436900589,46.55858917236324
64.25,83.28691033379732,46.63148880004883
64.26,83.03918112825548,46.704388427734415
64.27,82.97902580240019,46.7772880554199
64.28,83.04215725777415,46.85018768310549
64.29,83.04603532474425,46.923087310791075
64.3,83.05853980575873,46.99598693847656
64.31,83.0101827674438,47.02348785400392
64.32,83.14278436268829,47.05098876953124
64.33,83.09323001346786,47.07848968505859
64.34,83.13055068749865,47.10599060058595
64.35,83.0525419195745,47.13349151611326
64.36,82.75626120282371,47.160992431640615
64.37,82.83067581125309,47.18849334716797
64.38,82.72800669428062,47.21599426269529
64.39,82.59749674036136,47.243495178222645
64.4,82.51579572311479,47.27099609375
64.41,82.48868660154315,47.2183959960938
64.42,82.55393710181544,47.165795898437516
64.43,82.73334343136942,47.113195800781234
64.44,82.55658337102182,47.06059570312503
64.45,82.46832879363404,47.00799560546875
64.46,82.74864088544486,46.95539550781255
64.47,82.8326445316514,46.902795410156266
64.48,82.62109607564456,46.850195312499984
64.49,82.77340016383837,46.79759521484378
64.5,82.63831100216571,46.7449951171875
64.51,82.62909606895707,46.80649490356449
64.52,82.62311370880585,46.86799468994139
64.53,82.75731585704257,46.929494476318375
64.54,82.7172115828404,46.99099426269537
64.55,82.38674944529451,47.052494049072266
64.56,82.52303285109599,47.11399383544926
64.57,82.48911034803854,47.175493621826156
64.58,82.51867255694378,47.23699340820314
64.59,82.38586398103688,47.29849319458013
64.6,82.39636153014614,47.35999298095703
64.61,82.48402546192804,47.31559448242186
64.62,82.47973681619231,47.27119598388668
64.63,82.65523208560408,47.22679748535157
64.64,82.71094958214024,47.182398986816395
64.65,82.80813370587926,47.13800048828122
64.66,82.68898302360738,47.093601989746105
64.67,82.63164072719358,47.04920349121093
64.68,82.71755876435236,47.00480499267576
64.69,82.67664780250526,46.96040649414064
64.7,82.9827349655306,46.91600799560547
64.71,82.64615759233664,46.97880706787104
64.72,82.62714904903437,47.0416061401367
64.73,82.66084283678327,47.10440521240236
64.74,82.74704612867386,47.16720428466793
64.75,82.72796811608494,47.230003356933594
64.76,82.7286368060833,47.292802429199256
64.77,82.79513993328602,47.355601501464825
64.78,82.85251962115181,47.41840057373049
64.79,82.56476652036076,47.48119964599615
64.8,82.55256260008036,47.54399871826172
64.81,82.54126514594435,47.494998931884744
64.82,82.66473769888682,47.44599914550784
64.83,82.73219891180806,47.39699935913087
64.84,82.66899258710959,47.34799957275389
64.85,82.52399611336301,47.29899978637699
64.86,82.6160328244781,47.250000000000014
64.87,82.72695222683599,47.20100021362304
64.88,82.71210681287452,47.152000427246136
64.89,82.45716548821153,47.10300064086916
64.9,82.70701505819808,47.05400085449219
64.91,82.83511511584108,47.03630142211916
64.92,82.76813931004473,47.0186019897461
64.93,82.77611426380975,47.00090255737304
64.94,82.70246990221614,46.98320312500001
64.95,82.64668456769749,46.96550369262695
64.96,82.71941683802991,46.947804260253925
64.97,82.78063571600256,46.93010482788087
64.98,82.89636391137459,46.912405395507804
64.99,82.73165880420272,46.894705963134776
65.0,82.77709186522071,46.87700653076172
65.01,82.82213852924961,46.94600524902348
65.02,82.69660702481305,47.01500396728514
65.03,82.81022438059054,47.08400268554689
65.04,82.70603787068117,47.15300140380865
65.05,82.53579974349762,47.22200012207031
65.06,82.57565446042014,47.29099884033207
65.07,82.53814387006778,47.35999755859373
65.08,82.6151332783191,47.428996276855486
65.09,82.4192839254505,47.497994995117246
65.1,82.35871205968598,47.566993713378906
65.11,82.28350946863,47.554894256591794
65.12,82.26087524684881,47.542794799804675
65.13,82.25155315888185,47.53069534301758
65.14,82.29375680826845,47.518595886230464
65.15,82.44462933549974,47.50649642944335
65.16,82.5052584659041,47.494396972656254
65.17,82.59305738592907,47.48229751586914
65.18,82.57771008179539,47.47019805908202
65.19,82.78435330628801,47.458098602294925
65.2,82.76226767706409,47.44599914550781
65.21,82.70857085549873,47.45269927978515
65.22,82.43912220139984,47.459399414062496
65.23,82.46045213414858,47.46609954833985
65.24,82.43195935114733,47.472799682617186
65.25,82.40785441552572,47.47949981689453
65.26,82.40503085116521,47.486199951171876
65.27,82.36063667083307,47.492900085449214
65.28,82.60514222262957,47.49960021972657
65.29,82.48487293206252,47.50630035400391
65.3,82.43097095359299,47.51300048828125
65.31,82.5845773247323,47.49420166015624
65.32,82.83176954191931,47.475402832031264
65.33,82.79849763227583,47.45660400390625
65.34,82.90587050640589,47.43780517578124
65.35,82.90166101808379,47.419006347656264
65.36,82.8908030940126,47.40020751953126
65.37,83.0063892670166,47.38140869140625
65.38,83.00444424468559,47.362609863281264
65.39,82.95572952262704,47.34381103515626
65.4,82.75363745806916,47.32501220703125
65.41,82.61097615633425,47.346211242675764
65.42,82.67871753611051,47.36741027832031
65.43,82.6388893623896,47.38860931396485
65.44,82.59546014908535,47.409808349609364
65.45,82.63791257741104,47.431007385253906
65.46,82.74501412215064,47.45220642089842
65.47,82.71808596730078,47.47340545654296
65.48,82.8195780729542,47.494604492187506
65.49,82.61321854637282,47.51580352783202
65.5,82.52021373855214,47.53700256347656
65.51,82.71638863698172,47.5089027404785
65.52,82.61955395225944,47.480802917480474
65.53,82.53551716577651,47.452703094482416
65.54,82.5870056614084,47.42460327148435
65.55,82.54347447976585,47.39650344848633
65.56,82.4997878321378,47.36840362548826
65.57,82.54829144380082,47.34030380249024
65.58,82.74104020682108,47.31220397949218
65.59,82.49362395507248,47.28410415649412
65.6,82.68482404398658,47.256004333496094
65.61,82.55172120785313,47.28090438842774
65.62,82.4027335322171,47.3058044433594
65.63,82.4697539511887,47.33070449829101
65.64,82.4544822984925,47.35560455322266
65.65,82.3439510426032,47.38050460815431
65.66,82.2558486908772,47.40540466308593
65.67,82.21777624347162,47.43030471801758
65.68,81.871318352169,47.45520477294923
65.69,82.00858331879617,47.48010482788085
65.7,82.23500679482491,47.5050048828125
65.71,82.11586573915466,47.51420516967772
65.72,82.11143934689181,47.52340545654297
65.73,82.16466647412254,47.532605743408205
65.74,82.16701173503,47.541806030273435
65.75,82.15806019777149,47.55100631713867
65.76,82.22837205021928,47.56020660400391
65.77,82.20105381993952,47.56940689086914
65.78,82.10454696358893,47.578607177734376
65.79,82.2859846749522,47.58780746459962
65.8,82.43966135325915,47.597007751464844
65.81,82.18298730975681,47.57390747070311
65.82,82.2375581988636,47.550807189941416
65.83,82.4255348756856,47.52770690917969
65.84,82.32059015620926,47.50460662841796
65.85,82.29537925262275,47.481506347656264
65.86,82.4020276585248,47.45840606689454
65.87,82.40695600343665,47.43530578613281
65.88,82.51361244519812,47.41220550537111
65.89,82.45108023075763,47.38910522460939
65.9,82.54561961705774,47.366004943847656
65.91,82.65117035281077,47.385803985595686
65.92,82.63038124498732,47.405603027343744
65.93,82.86847160300987,47.4254020690918
65.94,83.00342665930097,47.44520111083983
65.95,82.92957822626565,47.46500015258789
65.96,83.12581344450766,47.48479919433592
65.97,82.93558454631368,47.50459823608398
65.98,82.92347556158987,47.52439727783204
65.99,83.02676828277701,47.54419631958007
66.0,82.9269774851707,47.563995361328125
66.01,82.89953057127565,47.53629608154295
66.02,82.79946250090039,47.50859680175782
66.03,82.99178927784271,47.48089752197265
66.04,83.11287855358037,47.453198242187476
66.05,83.00078611872587,47.425498962402344
66.06,82.81694045835847,47.39779968261717
66.07,82.72989703688766,47.37010040283204
66.08,82.86881910181154,47.34240112304687
66.09,82.63005995004278,47.314701843261695
66.1,82.50597762373748,47.28700256347656
66.11,82.65539918434365,47.33660202026369
66.12,82.67720058596362,47.386201477050825
66.13,82.5824573774578,47.43580093383788
66.14,82.51723413376077,47.48540039062502
66.15,82.57661802975406,47.534999847412145
66.16,82.3930633283653,47.5845993041992
66.17,82.37895367617986,47.63419876098634
66.18,82.27357695825629,47.683798217773465
66.19,82.36702654110378,47.73339767456053
66.2,82.60309910953195,47.782997131347656
66.21,82.54210006513388,47.78169631958008
66.22,82.32989691009357,47.7803955078125
66.23,82.17067707320474,47.77909469604492
66.24,82.37604078284936,47.777793884277344
66.25,82.22997462167308,47.776493072509766
66.26,82.26574166082882,47.77519226074219
66.27,82.12781952341594,47.77389144897461
66.28,82.15374159052281,47.77259063720703
66.29,82.1679601014034,47.77128982543945
66.3,82.07663449405537,47.769989013671875
66.31,82.17402849145051,47.71919021606443
66.32,82.42749877551363,47.66839141845706
66.33,82.27748833471875,47.617592620849614
66.34,82.30683302959073,47.56679382324217
66.35,82.47265566138684,47.5159950256348
66.36,82.46495211813124,47.46519622802736
66.37,82.48642663861624,47.41439743041992
66.38,82.60642721236334,47.36359863281254
66.39,82.48049438322926,47.3127998352051
66.4,82.65296984236807,47.262001037597656
66.41,82.4266387642128,47.30490112304684
66.42,82.39127950354697,47.34780120849608
66.43,82.42653607659612,47.39070129394533
66.44,82.39479583858007,47.43360137939451
66.45,82.44118895976808,47.47650146484375
66.46,82.50407699912492,47.51940155029293
66.47,82.41463116735329,47.56230163574217
66.48,82.25575893234486,47.60520172119142
66.49,82.32438719805991,47.648101806640604
66.5,82.34348918066904,47.691001892089844
66.51,82.2825347862013,47.668901824951156
66.52,82.41287277884152,47.646801757812504
66.53,82.76028693127836,47.624701690673824
66.54,82.76402978901667,47.602601623535136
66.55,82.59245348838574,47.580501556396484
66.56,82.346029437336,47.5584014892578
66.57,82.35379157547987,47.536301422119145
66.58,82.43758177723066,47.514201354980464
66.59,82.33637539027629,47.49210128784178
66.6,82.5425496387542,47.470001220703125
66.61,82.25495110775758,47.4869010925293
66.62,82.2001180809101,47.503800964355484
66.63,82.33932606968905,47.52070083618164
66.64,82.36539697232868,47.537600708007815
66.65,82.42326294232824,47.554500579834
66.66,82.51404909847075,47.57140045166015
66.67,82.55831759957441,47.58830032348633
66.68,82.4771302985587,47.60520019531251
66.69,82.46459262823309,47.62210006713867
66.7,82.5547849310214,47.638999938964844
66.71,82.6576228990349,47.63110122680665
66.72,82.70325420640042,47.62320251464844
66.73,82.69598989191253,47.61530380249023
66.74,82.65146598189328,47.60740509033204
66.75,82.5897937956927,47.59950637817383
66.76,82.65287986742496,47.59160766601562
66.77,82.64044451880682,47.583708953857425
66.78,82.86001602340508,47.575810241699216
66.79,82.80657697243771,47.56791152954101
66.8,82.82121212843256,47.56001281738281
66.81,82.98367514852104,47.631612396240264
66.82,82.99725687642182,47.70321197509762
66.83,82.99151880047438,47.77481155395507
66.84,82.85129706366186,47.84641113281252
66.85,82.74614586954098,47.91801071166987
66.86,82.82990377042452,47.989610290527324
66.87,82.79728833820498,48.061209869384776
66.88,82.7599525219909,48.13280944824213
66.89,82.77496944844323,48.20440902709958
66.9,82.67889751417007,48.27600860595703
66.91,82.72511335456599,48.19420776367195
66.92,82.90736380623048,48.11240692138674
66.93,82.62826070989692,48.03060607910154
66.94,82.84026871590538,47.948805236816455
66.95,82.62773379327692,47.86700439453125
66.96,82.64664600846777,47.785203552246166
66.97,82.5812175448386,47.70340270996096
66.98,82.60524502144048,47.62160186767576
66.99,82.71025524758552,47.53980102539067
67.0,82.54157342330723,47.45800018310547
67.01,82.7016598870444,47.50849990844729
67.02,82.7331376744601,47.55899963378905
67.03,82.63973762771226,47.60949935913087
67.04,82.7106152725464,47.6599990844727
67.05,82.66095852443439,47.71049880981445
67.06,82.60574616655964,47.760998535156276
67.07,82.55853598520194,47.811498260498034
67.08,82.49861924608783,47.86199798583986
67.09,82.49174915480441,47.912497711181686
67.1,82.29491752692691,47.96299743652344
67.11,82.46635156841137,47.888198852539034
67.12,82.38935453439878,47.81340026855462
67.13,82.53143268729228,47.73860168457032
67.14,82.54996135747305,47.663803100585916
67.15,82.4038501022312,47.58900451660151
67.16,82.42920597541833,47.51420593261721
67.17,82.64965365539746,47.4394073486328
67.18,82.69023009588336,47.364608764648395
67.19,82.66160123508138,47.28981018066409
67.2,82.90964240170649,47.21501159667969
67.21,82.94388946661047,47.22120971679687
67.22,82.85924384585248,47.22740783691406
67.23,82.99884116204339,47.23360595703125
67.24,82.78017263101792,47.239804077148435
67.25,82.87807956703746,47.246002197265625
67.26,82.95820194170129,47.252200317382815
67.27,82.9929677887916,47.2583984375
67.28,82.91459877682728,47.26459655761719
67.29,82.7705060304272,47.27079467773438
67.3,82.93974339241066,47.27699279785156
67.31,83.00230603451212,47.333694458007834
67.32,82.74187613577712,47.39039611816403
67.33,82.82028573279663,47.447097778320305
67.34,82.73902113429848,47.50379943847658
67.35,82.68450264321334,47.56050109863277
67.36,82.58601633474927,47.61720275878905
67.37,82.68984440242242,47.67390441894532
67.38,82.32747235632425,47.73060607910151
67.39,82.44052143249374,47.78730773925779
67.4,82.57291795416677,47.84400939941406
67.41,82.5732005959053,47.81430740356448
67.42,82.51082559711774,47.78460540771485
67.43,82.45413566951207,47.75490341186523
67.44,82.48780058966076,47.72520141601564
67.45,82.4089838548144,47.695499420166016
67.46,82.4185779808751,47.66579742431643
67.47,82.34723543149022,47.6360954284668
67.48,82.25495110775758,47.60639343261718
67.49,82.26689577286079,47.5766914367676
67.5,82.33292444534567,47.54698944091797
67.51,82.29258968232128,47.59069061279299
67.52,82.2576054034401,47.634391784667955
67.53,82.34268092540103,47.67809295654298
67.54,82.38873854902073,47.721794128418004
67.55,82.36852781164299,47.76549530029297
67.56,82.46425881688643,47.809196472168
67.57,82.33747868160728,47.852897644042955
67.58,82.41020314455234,47.89659881591798
67.59,82.40110361026072,47.940299987793004
67.6,82.35496554781584,47.98400115966797
67.61,82.33575960298018,47.97130050659179
67.62,82.32094933209387,47.958599853515615
67.63,82.59765093146568,47.945899200439456
67.64,82.58402485100285,47.933198547363276
67.65,82.43878844160852,47.9204978942871
67.66,82.3822002655561,47.90779724121094
67.67,82.27239715147684,47.89509658813476
67.68,82.12502638553605,47.88239593505859
67.69,82.15427980838005,47.86969528198243
67.7,82.33979433182587,47.85699462890625
67.71,82.27757810510602,47.85739440917969
67.72,82.37288413721056,47.857794189453124
67.73,82.2471743989079,47.858193969726564
67.74,82.17536138914551,47.85859375
67.75,82.12341202475167,47.85899353027344
67.76,82.1058152428872,47.85939331054688
67.77,82.20222029659843,47.85979309082031
67.78,82.14829543757843,47.86019287109375
67.79,81.98093039015305,47.860592651367185
67.8,81.97548357065898,47.860992431640625
67.81,81.93190271524725,47.85639266967773
67.82,81.98894414024355,47.851792907714845
67.83,81.9701585328143,47.84719314575195
67.84,81.83485698857841,47.84259338378906
67.85,81.65790364683734,47.83799362182617
67.86,81.61053088027545,47.833393859863286
67.87,81.68546371199517,47.82879409790039
67.88,81.72403899930981,47.824194335937506
67.89,81.87153582726391,47.81959457397461
67.9,81.99083882210978,47.81499481201172
67.91,81.95748026539779,47.80649566650391
67.92,82.077671999988,47.797996520996094
67.93,82.01115681508732,47.78949737548828
67.94,82.02575992778632,47.780998229980476
67.95,81.78849416257795,47.772499084472656
67.96,81.84831879891814,47.76399993896485
67.97,81.89288177083384,47.75550079345703
67.98,82.08120725462672,47.74700164794922
67.99,82.0618603553677,47.73850250244141
68.0,82.1604373997071,47.730003356933594
68.01,82.1724841406434,47.74880371093751
68.02,82.04155528834625,47.7676040649414
68.03,82.16919042269193,47.78640441894532
68.04,82.29509708676582,47.80520477294923
68.05,82.22037224708012,47.824005126953125
68.06,82.21668657401656,47.84280548095704
68.07,82.17779651861817,47.86160583496093
68.08,82.08441594567205,47.88040618896485
68.09,82.29034523260802,47.89920654296876
68.1,82.34903160936743,47.918006896972656
68.11,82.36326700910138,47.892804718017565
68.12,82.39211366382813,47.86760253906248
68.13,82.34044862193504,47.842400360107426
68.14,82.51284188341782,47.817198181152335
68.15,82.50719120696786,47.791996002197244
68.16,82.29750833786586,47.766793823242196
68.17,82.39894110361242,47.741591644287105
68.18,82.56093824616822,47.716389465332014
68.19,82.48943136883538,47.691187286376966
68.2,82.41262891622253,47.665985107421875
68.21,82.34266809598431,47.702887725830045
68.22,82.29984266779486,47.73979034423827
68.23,82.23972500020633,47.77669296264649
68.24,82.30726913539351,47.81359558105466
68.25,82.27206372935493,47.85049819946289
68.26,82.3103924535894,47.88740081787112
68.27,82.39586102056889,47.92430343627929
68.28,82.2662289515882,47.96120605468751
68.29,82.25555377016912,47.998108673095736
68.3,82.24077635788869,48.035011291503906
68.31,82.2716661884772,48.02141036987304
68.32,82.23575041603588,48.00780944824219
68.33,82.36800172382853,47.99420852661133
68.34,82.4292958285346,47.98060760498046
68.35,82.2949944811196,47.96700668334962
68.36,82.12444982629157,47.953405761718756
68.37,82.08793853598684,47.93980484008789
68.38,82.33899251197447,47.92620391845704
68.39,82.20576463912509,47.91260299682618
68.4,82.14153605448561,47.89900207519531
68.41,82.16542259283564,47.91600189208983
68.42,82.04665213053416,47.93300170898437
68.43,82.00947955670317,47.95000152587891
68.44,81.97540676599921,47.96700134277343
68.45,81.92133882417933,47.98400115966797
68.46,81.89799958227363,48.00100097656249
68.47,81.96876329909104,48.01800079345703
68.48,82.12799249181094,48.03500061035157
68.49,82.08234726239225,48.052000427246085
68.5,82.23940446566432,48.069000244140625
68.51,82.08146343545745,48.03220138549803
68.52,82.06041311177614,47.99540252685548
68.53,82.0715751455022,47.95860366821288
68.54,82.0907438528823,47.92180480957028
68.55,81.98183927821937,47.885005950927734
68.56,81.95321812930031,47.848207092285136
68.57,81.84734669742154,47.81140823364259
68.58,81.90139661520224,47.77460937499999
68.59,81.88508381583713,47.73781051635739
68.6,81.9788822101635,47.701011657714844
68.61,81.8374405476054,47.707409667968754
68.62,81.92498588193982,47.713807678222665
68.63,82.04678019393454,47.72020568847656
68.64,82.02453068076495,47.72660369873047
68.65,82.0923194628449,47.73300170898438
68.66,82.13243855246739,47.73939971923828
68.67,81.90678339618059,47.74579772949219
68.68,81.90915056498592,47.7521957397461
68.69,82.03741902274648,47.758593749999996
68.7,82.03744463397734,47.764991760253906
68.71,82.2143021460451,47.76319274902344
68.72,82.05050688265656,47.76139373779297
68.73,82.13420675989245,47.7595947265625
68.74,82.26656236188668,47.75779571533203
68.75,82.13612874607291,47.75599670410156
68.76,82.28172683014306,47.754197692871095
68.77,82.38370167437097,47.75239868164063
68.78,82.36469125857003,47.75059967041015
68.79,82.47479987826858,47.748800659179686
68.8,82.58875305803555,47.74700164794922
68.81,82.58057514676793,47.74170150756836
68.82,82.43867290953048,47.736401367187504
68.83,82.49462556942629,47.73110122680664
68.84,82.56244128283569,47.72580108642578
68.85,82.43667036637397,47.72050094604493
68.86,82.47424777185607,47.71520080566406
68.87,82.59540875271621,47.7099006652832
68.88,82.72117849375198,47.70460052490235
68.89,82.55231853087516,47.699300384521486
68.9,82.8817221166381,47.694000244140625
68.91,82.81562809991526,47.68970108032227
68.92,82.85805984725992,47.685401916503906
68.93,82.8955529472256,47.68110275268555
68.94,82.93558454631368,47.67680358886719
68.95,83.01246277539157,47.67250442504883
68.96,82.84859460016497,47.668205261230476
68.97,82.74083444034109,47.66390609741211
68.98,82.64163981426303,47.65960693359375
68.99,82.780931576532,47.65530776977539
69.0,82.75676280582147,47.65100860595703
69.01,82.84344717257936,47.597608947753876
69.02,82.79672228869548,47.5442092895508
69.03,82.6636065083591,47.49080963134764
69.04,82.76646719104275,47.43740997314448
69.05,82.77695036992235,47.384010314941406
69.06,82.66612598874897,47.33061065673825
69.07,82.52691162141583,47.277210998535175
69.08,82.66910828046353,47.22381134033201
69.09,82.5427423135377,47.17041168212886
69.1,82.53742457206029,47.11701202392578
69.11,82.45992575285517,47.114411163330075
69.12,82.50324227226103,47.11181030273437
69.13,82.53251159631463,47.10920944213867
69.14,82.65930034250422,47.106608581542964
69.15,82.52897947992986,47.104007720947266
69.16,82.3184351173565,47.10140686035157
69.17,82.24834120275753,47.09880599975586
69.18,82.27157642131515,47.096205139160155
69.19,82.2664725975091,47.093604278564456
69.2,82.14243301858914,47.09100341796875
69.21,82.05608426464356,47.14440307617183
69.22,82.18740922410399,47.19780273437498
69.23,82.05444496772623,47.25120239257814
69.24,82.1909147945417,47.30460205078122
69.25,82.33205209897098,47.358001708984375
69.26,82.35302176031477,47.41140136718753
69.27,82.31422774184756,47.46480102539061
69.28,82.2760391909579,47.51820068359377
69.29,82.32026946411729,47.57160034179692
69.3,82.26283718408872,47.625
69.31,82.30976393661017,47.58640060424803
69.32,82.30277986622241,47.54780120849612
69.33,82.24854635593826,47.509201812744145
69.34,82.18664018697662,47.47060241699218
69.35,82.13204134906965,47.43200302124026
69.36,82.12318140307777,47.39340362548829
69.37,82.06647112800876,47.354804229736324
69.38,81.87861032169226,47.31620483398441
69.39,81.72979061014752,47.27760543823244
69.4,81.70989729069083,47.23900604248047
69.41,81.83972997310096,47.25660476684569
69.42,81.75066426121883,47.27420349121093
69.43,81.7249336810364,47.291802215576176
69.44,81.88649752523865,47.3094009399414
69.45,81.94695951770022,47.32699966430664
69.46,81.79939473445582,47.34459838867186
69.47,81.79126878537747,47.362197113037105
69.48,81.80741239481434,47.37979583740235
69.49,82.13278450459636,47.39739456176757
69.5,81.97706447185288,47.41499328613281
69.51,82.0720106275985,47.4261947631836
69.52,82.01840379272824,47.43739624023437
69.53,82.05376620114023,47.44859771728516
69.54,82.0900008875769,47.45979919433595
69.55,82.0132950243088,47.47100067138672
69.56,82.02999833970802,47.48220214843751
69.57,81.9374184773551,47.49340362548828
69.58,81.79290545130853,47.50460510253907
69.59,81.91557408186921,47.51580657958986
69.6,82.09422814882471,47.527008056640625
69.61,81.9727442267042,47.591407775878935
69.62,82.01935130110432,47.655807495117244
69.63,82.04899570658169,47.72020721435546
69.64,81.99156853650562,47.78460693359377
69.65,81.83020156932618,47.849006652832074
69.66,81.91520299535394,47.91340637207029
69.67,81.82021972522436,47.9778060913086
69.68,81.73571497818857,48.04220581054691
69.69,81.77308116146278,48.10660552978513
69.7,81.81674124902462,48.17100524902344
69.71,81.73165673181427,48.090504455566474
69.72,81.77644364232587,48.0100036621094
69.73,81.68830047831291,47.92950286865232
69.74,81.73602174756924,47.84900207519536
69.75,81.7908596214533,47.76850128173828
69.76,81.80362729407344,47.688000488281205
69.77,81.97262902165296,47.60749969482424
69.78,82.18076998879381,47.526998901367165
69.79,82.11257956458073,47.44649810791009
69.8,82.12891500747051,47.365997314453125
69.81,82.23449395456934,47.291197967529264
69.82,82.3209108489259,47.21639862060551
69.83,82.40408111766136,47.14159927368165
69.84,82.33205209897098,47.06679992675779
69.85,82.48306243296891,46.992000579834034
69.86,82.45992575285517,46.91720123291018
69.87,82.39471883773929,46.84240188598632
69.88,82.33994828220592,46.767602539062565
69.89,82.3043190304316,46.692803192138705
69.9,82.4074693811736,46.618003845214844
69.91,82.3719089255839,46.70230255126946
69.92,82.43438544299461,46.78660125732419
69.93,82.347838431879,46.87089996337893
69.94,82.41472101252549,46.95519866943354
69.95,82.48660640726115,47.03949737548828
69.96,82.33491289920794,47.1237960815429
69.97,82.24060967878349,47.20809478759763
69.98,82.2983291973637,47.29239349365237
69.99,82.30271573469268,47.37669219970698
70.0,82.20703369994065,47.46099090576172
70.01,82.41861648686489,47.492491912841814
70.02,82.30598647456586,47.52399291992187
70.03,82.12639732342262,47.55549392700196
70.04,82.47492827537356,47.58699493408206
70.05,82.38105817741437,47.61849594116211
70.06,82.32813942575896,47.649996948242205
70.07,82.21117423920157,47.68149795532226
70.08,82.45464919418737,47.71299896240235
70.09,82.38672377959689,47.74449996948245
70.1,82.308782688025,47.7760009765625
70.11,82.15171688199396,47.81430053710939
70.12,82.37009966667176,47.852600097656286
70.13,82.2805982632417,47.89089965820312
70.14,82.3015613714303,47.929199218750014
70.15,82.23278236450724,47.9674987792969
70.16,82.19599063806606,48.005798339843736
70.17,82.21784034189973,48.04409790039063
70.18,82.33189815597282,48.08239746093752
70.19,82.22367981080563,48.12069702148436
70.2,82.01732824931202,48.15899658203125
70.21,82.2684730723967,48.098296356201224
70.22,82.14891052345622,48.037596130371114
70.23,82.07808188068196,47.976895904540996
70.24,82.08813067945052,47.91619567871097
70.25,82.26297823930159,47.85549545288086
70.26,82.11850497788204,47.79479522705075
70.27,82.02390325614833,47.73409500122072
70.28,82.20577745787223,47.673394775390605
70.29,82.28610009998972,47.612694549560494
70.3,82.23549399454886,47.55199432373047
70.31,82.1724841406434,47.563695526123055
70.32,82.3390694867717,47.57539672851562
70.33,82.41785920405003,47.5870979309082
70.34,82.250706888192,47.59879913330079
70.35,82.38109667463854,47.61050033569335
70.36,82.4296038967337,47.62220153808593
70.37,82.29369268025428,47.63390274047852
70.38,82.40465865765346,47.645603942871084
70.39,82.3598796544322,47.65730514526366
70.4,82.27655216074149,47.66900634765625
70.41,82.27242279936036,47.65810546875001
70.42,82.26013151204995,47.64720458984375
70.43,82.39541184660153,47.6363037109375
70.44,82.2817140054757,47.625402832031256
70.45,82.50276712193217,47.614501953125
70.46,82.43051526852659,47.60360107421876
70.47,82.48032746137991,47.5927001953125
70.48,82.41595959467143,47.58179931640625
70.49,82.65311123166332,47.570898437500006
70.5,82.41874484022917,47.55999755859375
70.51,82.36038005471418,47.5796974182129
70.52,82.55809921423571,47.599397277832026
70.53,82.52972442909605,47.61909713745118
70.54,82.39383333065643,47.63879699707033
70.55,82.38535067060253,47.65849685668945
70.56,82.44303751093966,47.678196716308605
70.57,82.22614129675414,47.69789657592773
70.58,82.38024973778481,47.71759643554688
70.59,82.16323113969548,47.73729629516603
70.6,82.24500749943068,47.756996154785156
70.61,81.95771065429004,47.65229644775386
70.62,82.07899130712616,47.54759674072257
70.63,82.09433062923651,47.44289703369142
70.64,82.16116786842086,47.33819732666013
70.65,82.0805411863378,47.233497619628835
70.66,82.09365169770015,47.12879791259768
70.67,82.10154925145966,47.02409820556639
70.68,82.16888284150627,46.919398498535095
70.69,82.2834453446086,46.81469879150395
70.7,82.29312835480694,46.709999084472656
70.71,82.32251432187886,46.70779876708985
70.72,82.39921061361771,46.70559844970703
70.73,82.32866538625716,46.70339813232422
70.74,82.39075334307987,46.70119781494141
70.75,82.5840505474144,46.698997497558594
70.76,82.5199568739513,46.69679718017578
70.77,82.52092011826579,46.69459686279297
70.78,82.50179114176447,46.692396545410155
70.79,82.41542694058258,46.69019622802734
70.8,82.54856119794248,46.68799591064453
70.81,82.45472622302658,46.6845947265625
70.82,82.37901783740558,46.68119354248047
70.83,82.41509322876063,46.677792358398435
70.84,82.562646827375,46.674391174316405
70.85,82.5442066492412,46.670989990234375
70.86,82.53953109650476,46.667588806152345
70.87,82.48737684652951,46.664187622070315
70.88,82.48040450221247,46.660786437988286
70.89,82.54537555811632,46.65738525390625
70.9,82.59412384868483,46.65398406982422
70.91,82.39777323201601,46.64668502807618
70.92,82.31873015077096,46.63938598632813
70.93,82.52449701196363,46.632086944580074
70.94,82.50661330778283,46.62478790283203
70.95,82.45661344082671,46.617488861083984
70.96,82.59245348838574,46.61018981933594
70.97,82.54930623548057,46.602890777587895
70.98,82.69227428624347,46.59559173583984
70.99,82.47600681500114,46.5882926940918
71.0,82.68583967453576,46.58099365234375
71.01,82.74311074626664,46.602993774414074
71.02,82.79651645298995,46.62499389648437
71.03,82.80965185671708,46.64699401855469
71.04,82.75137386856511,46.66899414062502
71.05,82.74707185043533,46.69099426269531
71.06,82.71590001481505,46.712994384765636
71.07,82.72587204764132,46.73499450683593
71.08,82.75533517051392,46.756994628906256
71.09,82.60611881391574,46.77899475097658
71.1,82.5543738617718,46.800994873046875
71.11,82.41294978816458,46.78179626464843
71.12,82.44082952166916,46.76259765624998
71.13,82.48158579948382,46.74339904785157
71.14,82.48674765419099,46.72420043945312
71.15,82.60870166869299,46.70500183105467
71.16,82.71440844028592,46.685803222656254
71.17,82.75681425236873,46.66660461425781
71.18,82.57918757546257,46.64740600585937
71.19,82.51299599548604,46.62820739746095
71.2,82.7333820108184,46.6090087890625
71.21,82.62582534376773,46.63280792236326
71.22,82.4860671019141,46.656607055664054
71.23,82.47508235203146,46.68040618896485
71.24,82.62248399899633,46.70420532226561
71.25,82.62337073390752,46.728004455566406
71.26,82.67774051577672,46.751803588867205
71.27,82.80755475371674,46.77560272216796
71.28,82.72310733539868,46.79940185546876
71.29,82.9398335233566,46.82320098876955
71.3,82.87403810391369,46.84700012207031
71.31,82.53989074970617,46.85230102539063
71.32,82.68689387993098,46.857601928710935
71.33,82.54617196231005,46.862902832031246
71.34,82.92021832404656,46.868203735351564
71.35,83.04993925105639,46.87350463867187
71.36,82.99052705389471,46.878805541992186
71.37,82.89745807563992,46.884106445312504
71.38,82.8780409538662,46.88940734863281
71.39,82.8626671937185,46.89470825195312
71.4,82.90777575337636,46.90000915527344
71.41,82.93828842820254,46.878108978271506
71.42,82.87784788814491,46.85620880126954
71.43,82.9576482196444,46.83430862426757
71.44,82.87392226725137,46.81240844726564
71.45,82.98138265687048,46.79050827026367
71.46,82.74169608918363,46.76860809326174
71.47,82.95875566560616,46.74670791625977
71.48,82.9929677887916,46.724807739257805
71.49,83.01194751661968,46.702907562255874
71.5,83.01313261418566,46.681007385253906
71.51,82.74941897527123,46.72210693359377
71.52,82.76029979318751,46.76320648193358
71.53,82.6948584875756,46.80430603027345
71.54,82.6052707211532,46.84540557861332
71.55,82.60457683031296,46.886505126953125
71.56,82.75842196502869,46.92760467529299
71.57,82.59598696279102,46.9687042236328
71.58,82.68882874727841,47.00980377197267
71.59,82.70984379144686,47.050903320312536
71.6,82.56014177074506,47.092002868652344
71.61,82.83357099640493,47.04530334472654
71.62,82.8223958637294,46.99860382080074
71.63,82.85342045875831,46.95190429687501
71.64,82.76579834817132,46.905204772949205
71.65,82.82515579843536,46.8585052490234
71.66,82.92032131872065,46.81180572509767
71.67,82.88798413978928,46.76510620117187
71.68,82.98236146965642,46.718406677246065
71.69,82.87428264824445,46.671707153320334
71.7,82.82814095735296,46.62500762939453
71.71,82.77760639459783,46.62360763549805
71.72,82.59184959305018,46.62220764160156
71.73,82.64984645514403,46.62080764770508
71.74,82.56637236649522,46.619407653808594
71.75,82.51632228270014,46.61800765991211
71.76,82.59521601647435,46.616607666015625
71.77,82.59263337252948,46.61520767211914
71.78,82.66656304537749,46.613807678222656
71.79,82.61562160276918,46.61240768432617
71.8,82.63670445660735,46.61100769042969
71.81,82.62579964085779,46.65660629272463
71.82,82.65896613730737,46.702204895019506
71.83,82.56831867022181,46.74780349731444
71.84,82.41862932219682,46.79340209960939
71.85,82.30125354259424,46.83900070190426
71.86,82.2537457895578,46.884599304199206
71.87,82.43125335228957,46.93019790649415
71.88,82.56709821135091,46.975796508789024
71.89,82.60340750234269,47.02139511108396
71.9,82.4491674008571,47.066993713378906
71.91,82.43833915064867,47.03249511718753
71.92,82.35520932510573,46.997996520996104
71.93,82.24000707112002,46.96349792480468
71.94,82.29038370863097,46.9289993286133
71.95,82.16371812675659,46.894500732421875
71.96,81.98146804163996,46.8600021362305
71.97,81.9286074266399,46.82550354003907
71.98,82.10007603692257,46.791004943847646
71.99,82.19666999265188,46.75650634765627
72.0,82.32872952789626,46.722007751464844
72.01,82.40630144914127,46.694406890869125
72.02,82.26753694970994,46.66680603027345
72.03,82.42052896234232,46.63920516967772
72.04,82.37451378004901,46.611604309082004
72.05,82.56831867022181,46.58400344848633
72.06,82.55095046815168,46.55640258789061
72.07,82.5846801107463,46.52880172729493
72.08,82.76896251329643,46.50120086669921
72.09,82.69390708537385,46.47360000610349
72.1,82.65251996814226,46.44599914550781
72.11,82.68324275820585,46.41350097656249
72.12,82.69310996882388,46.38100280761716
72.13,82.92120965043968,46.348504638671876
72.14,83.11965200441541,46.31600646972655
72.15,83.02420466533187,46.28350830078123
72.16,83.10674337049721,46.25101013183595
72.17,82.87604595225675,46.218511962890624
72.18,82.77073755923813,46.18601379394529
72.19,82.71157962898052,46.15351562500001
72.2,82.77472505068255,46.12101745605469
72.21,82.55315350596612,46.10871582031251
72.22,82.6236149081244,46.096414184570314
72.23,82.6570830349153,46.084112548828124
72.24,82.66620311630534,46.07181091308595
72.25,82.63318296337604,46.05950927734375
72.26,82.61255032299722,46.04720764160155
72.27,82.5116475197689,46.034906005859376
72.28,82.56644944750245,46.022604370117186
72.29,82.61839736916535,46.01030273437499
72.3,82.6419482790098,45.99800109863281
72.31,82.7371821278975,46.0497009277344
72.32,82.73309909506808,46.10140075683591
72.33,82.9079431071967,46.153100585937494
72.34,82.67705917606581,46.204800415039074
72.35,82.75982390321407,46.25650024414059
72.36,82.63341430004472,46.308200073242176
72.37,82.83673645673844,46.359899902343756
72.38,82.63780975827542,46.41159973144527
72.39,82.59139988519195,46.46329956054685
72.4,82.46169105988413,46.51499938964844
72.41,82.5236878688259,46.526399993896476
72.42,82.78955035441538,46.53780059814453
72.43,82.593584191972,46.54920120239258
72.44,82.5327684804546,46.56060180664062
72.45,82.52490800682259,46.57200241088867
72.46,82.5620944270058,46.58340301513671
72.47,82.52072746895315,46.59480361938476
72.48,82.65685166511803,46.606204223632815
72.49,82.63323437149666,46.617604827880854
72.5,82.79712109610306,46.629005432128906
72.51,82.75433197469174,46.600605010986314
72.52,82.69695416308153,46.57220458984376
72.53,82.79991277484912,46.543804168701165
72.54,82.53705207968109,46.51540374755857
72.55,82.5411110074788,46.487003326416016
72.56,82.4157670679157,46.45860290527342
72.57,82.49504933117571,46.43020248413087
72.58,82.27759092945105,46.401802062988274
72.59,82.4035420821614,46.37340164184568
72.6,82.59223505790312,46.345001220703125
72.61,82.59498473328097,46.3199005126953
72.62,82.5130088381649,46.29479980468748
72.63,82.67698204344525,46.269699096679695
72.64,82.60507797340524,46.24459838867187
72.65,82.38327819870462,46.21949768066404
72.66,82.54387267679704,46.19439697265626
72.67,82.60393434139277,46.16929626464844
72.68,82.67061230143165,46.14419555664061
72.69,82.80298753539522,46.11909484863283
72.7,83.00649231519296,46.093994140625
72.71,82.9238746741469,46.1764945983886
72.72,82.83915562979918,46.25899505615232
72.73,82.9123587343999,46.34149551391604
72.74,83.00770957388782,46.42399597167964
72.75,82.9701975576177,46.50649642944336
72.76,82.89595199258096,46.58899688720708
72.77,83.22324736750988,46.67149734497068
72.78,83.22378907738602,46.753997802734396
72.79,83.22359560937072,46.83649826049812
72.8,83.1356038983813,46.91899871826172
72.81,82.95641200962754,46.85729904174802
72.82,83.04164190685347,46.79559936523441
72.83,83.06857112805989,46.73389968872071
72.84,83.2629516270622,46.672200012207014
72.85,83.17153510286987,46.6105003356934
72.86,83.15964742062754,46.548800659179705
72.87,83.09352643208123,46.48710098266601
72.88,82.90526546633983,46.425401306152395
72.89,82.88767521621344,46.3637016296387
72.9,82.95916774040911,46.302001953125
72.91,82.85941115068354,46.356501770019484
72.92,82.79560306013342,46.41100158691405
72.93,82.83018685164389,46.46550140380861
72.94,82.72546055266022,46.520001220703094
72.95,82.75896215998748,46.574501037597656
72.96,82.82489202892975,46.62900085449214
72.97,82.75839624150319,46.6835006713867
72.98,82.86835577023788,46.738000488281266
72.99,82.7885469512284,46.79250030517575
73.0,82.6874466976413,46.84700012207031
73.01,82.56810027165596,46.91750030517582
73.02,82.63842667404857,46.98800048828123
73.03,82.85798263025424,47.05850067138674
73.04,82.68400125925437,47.12900085449225
73.05,82.66161408931981,47.199501037597656
73.06,82.85007451519189,47.270001220703165
73.07,82.66746287148595,47.340501403808574
73.08,82.86493230486515,47.41100158691408
73.09,83.0132099034512,47.48150177001959
73.1,82.91930424911698,47.552001953125
73.11,82.78261670528101,47.54950103759766
73.12,82.69404850967915,47.54700012207031
73.13,82.68699672959764,47.544499206542966
73.14,82.59075744751829,47.541998291015624
73.15,82.5713248915965,47.53949737548828
73.16,82.62639080879795,47.53699645996094
73.17,82.37421864668609,47.5344955444336
73.18,82.43606704083184,47.53199462890625
73.19,82.58370364619573,47.529493713378905
73.2,82.78629574825463,47.52699279785156
73.21,82.82405568072916,47.45829315185553
73.22,82.78885569002291,47.389593505859395
73.23,82.88683855108641,47.32089385986326
73.24,82.88428353337092,47.25219421386723
73.25,82.72360883791028,47.183494567871094
73.26,82.80455710044427,47.11479492187496
73.27,82.70846799241554,47.046095275878926
73.28,82.5559667608149,46.97739562988279
73.29,82.53177947870897,46.90869598388666
73.3,82.52017520883653,46.839996337890625
73.31,82.5861062732916,46.82499694824218
73.32,82.58708275204629,46.80999755859376
73.33,82.65336830341906,46.79499816894531
73.34,82.61668821119201,46.77999877929687
73.35,82.53838791831815,46.76499938964845
73.36,82.61952825032495,46.75000000000001
73.37,82.69083435078066,46.73500061035156
73.38,82.66381217878846,46.72000122070314
73.39,82.71718586572035,46.705001831054695
73.4,82.76055703158069,46.69000244140625
73.41,82.78099589410836,46.673503112792986
73.42,82.90039304603732,46.65700378417969
73.43,82.93778627537624,46.6405044555664
73.44,82.93196656378103,46.624005126953136
73.45,83.0657040557136,46.607505798339844
73.46,83.18499035112036,46.59100646972658
73.47,83.18854937285253,46.57450714111329
73.48,83.11596556158503,46.558007812499994
73.49,83.1514026156533,46.54150848388673
73.5,83.11702250536585,46.52500915527344
73.51,82.93546866664626,46.5371078491211
73.52,83.1464262758975,46.54920654296875
73.53,83.03212753051132,46.56130523681641
73.54,83.04518497672768,46.57340393066407
73.55,82.77850682485563,46.58550262451172
73.56,83.00525574129826,46.59760131835938
73.57,83.01198616097211,46.60970001220703
73.58,83.03896210784362,46.62179870605469
73.59,83.11161540913977,46.63389739990235
73.6,83.07214054460039,46.64599609375
73.61,83.13274211213417,46.6427978515625
73.62,83.194642437321,46.639599609375
73.63,83.32530047844376,46.6364013671875
73.64,83.3481064737358,46.633203125
73.65,83.41492909585612,46.6300048828125
73.66,83.29656833098493,46.626806640625
73.67,83.23415929206091,46.6236083984375
73.68,83.32942391027225,46.620410156249996
73.69,83.2278390594638,46.6172119140625
73.7,83.42317404172458,46.614013671875
73.71,83.27046657366957,46.59281234741213
73.72,83.32062866647902,46.57161102294923
73.73,83.4030369433419,46.55040969848632
73.74,83.4659419597641,46.52920837402345
73.75,83.25038016805243,46.50800704956055
73.76,83.38983519652774,46.486805725097646
73.77,83.30360089429942,46.465604400634774
73.78,83.2315021854476,46.44440307617187
73.79,83.09784389355548,46.423201751708966
73.8,83.04590648385583,46.402000427246094
73.81,83.28362016109817,46.43390045166017
73.82,83.06413201757356,46.4658004760742
73.83,83.2408473885992,46.49770050048828
73.84,83.23098624733315,46.52960052490235
73.85,83.2199906992183,46.561500549316385
73.86,83.19651231221103,46.59340057373046
73.87,83.21841720179302,46.625300598144534
73.88,83.17096777551832,46.65720062255857
73.89,83.06614216735397,46.68910064697264
73.9,83.40560640286779,46.72100067138672
73.91,83.27784639040756,46.70999984741212
73.92,83.22149327143681,46.6989990234375
73.93,83.28010426679872,46.68799819946289
73.94,83.22613650722195,46.676997375488284
73.95,83.14589770969798,46.66599655151367
73.96,83.20361802843463,46.654995727539074
73.97,83.24027982490097,46.643994903564455
73.98,83.19072221610651,46.63299407958984
73.99,83.2049076646369,46.62199325561524
74.0,83.14521444368577,46.610992431640625
74.01,83.05431355859453,46.608192443847656
74.02,83.02037219820635,46.60539245605469
74.03,82.93464463579038,46.60259246826172
74.04,82.89004364500676,46.59979248046875
74.05,83.11377435808166,46.59699249267578
74.06,83.14584614235383,46.59419250488281
74.07,83.26364827763217,46.591392517089844
74.08,83.34082034923415,46.588592529296875
74.09,83.51586571485453,46.585792541503906
74.1,83.39248191831368,46.58299255371094
74.11,83.41238531769214,46.579393768310545
74.12,83.41664649086412,46.57579498291015
74.13,83.51003867635701,46.57219619750977
74.14,83.40857617926564,46.568597412109376
74.15,83.3309468320904,46.564998626708984
74.16,83.33137273644492,46.56139984130859
74.17,83.23335957590024,46.5578010559082
74.18,83.2212224200143,46.55420227050781
74.19,83.31006595291191,46.55060348510742
74.2,83.33465094578419,46.54700469970703
74.21,83.35255962238229,46.56160430908202
74.22,83.27631105194486,46.576203918457026
74.23,83.3124984772999,46.59080352783204
74.24,83.35837470732947,46.60540313720702
74.25,83.29403281260146,46.62000274658203
74.26,83.3380970070061,46.63460235595704
74.27,83.3837995396167,46.649201965332026
74.28,83.31622799102541,46.66380157470704
74.29,83.06495669146418,46.67840118408204
74.3,83.02961536160034,46.69300079345703
74.31,82.91904676413081,46.636801147460915
74.32,83.11215675558182,46.580601501464876
74.33,83.1053642743807,46.52440185546876
74.34,83.23395291332908,46.46820220947264
74.35,83.11537264484546,46.412002563476605
74.36,82.9366532181736,46.35580291748048
74.37,82.97103464335353,46.299603271484365
74.38,83.17273423295714,46.24340362548833
74.39,83.21824953491159,46.18720397949221
74.4,83.4256017628142,46.131004333496094
74.41,83.25308272374758,46.186804962158156
74.42,83.21194280335057,46.2426055908203
74.43,83.21091104997342,46.29840621948244
74.44,83.09103910967798,46.3542068481445
74.45,82.9489949429549,46.41000747680664
74.46,83.0482256351388,46.4658081054687
74.47,82.92865122476232,46.521608734130844
74.48,82.88615635033888,46.577409362792984
74.49,82.98306982461517,46.63320999145505
74.5,82.88947727852137,46.68901062011719
74.51,82.96142129259022,46.64320907592771
74.52,82.79902509309397,46.59740753173829
74.53,82.94670293039216,46.55160598754882
74.54,82.86643810611068,46.50580444335934
74.55,83.0838995412935,46.46000289916992
74.56,83.00361987123604,46.41420135498044
74.57,83.03772529211528,46.368399810791026
74.58,82.8601318503483,46.32259826660155
74.59,82.8146502709727,46.27679672241207
74.6,82.81790543443584,46.230995178222656
74.61,82.78925447848451,46.26669387817385
74.62,82.64130564477036,46.30239257812503
74.63,82.72319734855806,46.33809127807616
74.64,82.88197954366646,46.373789978027354
74.65,82.93801803803025,46.409488677978544
74.66,82.82509146370603,46.44518737792968
74.67,83.14391882706512,46.48088607788087
74.68,83.11517930288764,46.51658477783205
74.69,82.79559019548127,46.552283477783185
74.7,82.8501774662942,46.587982177734375
74.71,82.91577030531998,46.576383209228524
74.72,82.87330447308625,46.56478424072266
74.73,83.00077323814308,46.553185272216794
74.74,82.78794233942341,46.54158630371094
74.75,82.61101470724208,46.52998733520508
74.76,82.63589476356464,46.51838836669921
74.77,82.64845830198793,46.50678939819336
74.78,82.86807262380275,46.4951904296875
74.79,82.87542815017602,46.48359146118163
74.8,82.82478909353873,46.47199249267578
74.81,82.76253778059862,46.5125930786133
74.82,82.60695406104307,46.55319366455076
74.83,82.63110094792984,46.59379425048827
74.84,82.76639001672736,46.63439483642579
74.85,82.63350426439222,46.67499542236325
74.86,82.54190739109997,46.71559600830077
74.87,82.51370234430686,46.75619659423829
74.88,82.23722484734445,46.796797180175744
74.89,82.0877207736665,46.83739776611326
74.9,82.02106707344333,46.87799835205078
74.91,82.26439520702336,46.86419906616212
74.92,82.26036232593808,46.85039978027344
74.93,82.30986655146327,46.83660049438476
74.94,82.09483022216003,46.8228012084961
74.95,81.87417113666434,46.80900192260742
74.96,82.00979964285679,46.79520263671876
74.97,81.97150257652878,46.78140335083008
74.98,82.24352017666536,46.7676040649414
74.99,82.21227669138078,46.75380477905274
75.0,82.29722616835896,46.74000549316406
75.01,82.18631975590212,46.75910415649415
75.02,82.2547587691548,46.778202819824216
75.03,82.20023344570808,46.7973014831543
75.04,82.21743011239157,46.81640014648439
75.05,82.21658401726317,46.83549880981445
75.06,82.35424063598776,46.854597473144544
75.07,82.46405339485506,46.87369613647461
75.08,82.26665212631325,46.89279479980469
75.09,82.18790910016621,46.91189346313478
75.1,82.30247203510761,46.930992126464844
75.11,82.26637000970895,46.94999465942384
75.12,82.33732473353594,46.96899719238283
75.13,82.24861046635971,46.987999725341794
75.14,82.29646944343315,47.00700225830079
75.15,82.32329682234975,47.02600479125978
75.16,82.32925549027941,47.045007324218744
75.17,82.41142244331029,47.06400985717774
75.18,82.40577524071031,47.08301239013673
75.19,82.45694723669898,47.102014923095695
75.2,82.50575930763532,47.12101745605469
75.21,82.3784275550714,47.10101623535158
75.22,82.33277050153197,47.08101501464844
75.23,82.36810437497746,47.06101379394531
75.24,82.44012348482751,47.0410125732422
75.25,82.45160658381772,47.02101135253906
75.26,82.502394707766,47.001010131835926
75.27,82.44802484861573,46.98100891113282
75.28,82.51262355823421,46.96100769042968
75.29,82.40091110085784,46.941006469726545
75.3,82.29102497700426,46.92100524902344
75.31,82.42739608736123,46.904304504394524
75.32,82.45883447991598,46.88760375976563
75.33,82.34495174790406,46.87090301513672
75.34,82.29468666456471,46.854202270507805
75.35,82.21571228744195,46.83750152587892
75.36,82.01383278191275,46.82080078125001
75.37,82.15331870630037,46.804100036621094
75.38,82.1930425280508,46.7873992919922
75.39,82.48170136162766,46.77069854736329
75.4,82.54660870172482,46.753997802734375
75.41,82.79039939263065,46.7022972106934
75.42,82.94711497525975,46.65059661865236
75.43,82.95208534710422,46.598896026611314
75.44,82.82516866538423,46.54719543457034
75.45,82.7503449744794,46.4954948425293
75.46,82.71775164328494,46.443794250488324
75.47,82.69832986634755,46.39209365844728
75.48,82.88006172191032,46.340393066406236
75.49,82.88293202714748,46.28869247436526
75.5,82.81156242800044,46.23699188232422
75.51,82.88537761790803,46.21229324340819
75.52,83.0591969453123,46.1875946044922
75.53,82.95515005473605,46.16289596557616
75.54,82.94936836373181,46.13819732666013
75.55,82.81260456856766,46.11349868774414
75.56,82.8889109139709,46.08880004882811
75.57,82.90905022133981,46.06410140991212
75.58,82.95612871279594,46.039402770996084
75.59,83.06203169474858,46.014704132080055
75.6,83.33680633902706,45.99000549316406
75.61,83.18451324167545,46.024205017089855
75.62,83.25228291668341,46.058404541015655
75.63,83.10461673173539,46.092604064941405
75.64,83.15425183058083,46.1268035888672
75.65,83.066760679872,46.16100311279299
75.66,83.01725475855945,46.19520263671874
75.67,82.80393956487947,46.22940216064453
75.68,82.80844248119348,46.26360168457033
75.69,82.838229133815,46.29780120849608
75.7,82.87939242021181,46.332000732421875
75.71,82.9708285910883,46.34480056762694
75.72,82.97340426279334,46.35760040283203
75.73,82.77166367772004,46.370400238037114
75.74,82.93205669050131,46.38320007324218
75.75,82.91335001381063,46.395999908447266
75.76,82.75750878232189,46.40879974365235
75.77,82.82595355115488,46.42159957885742
75.78,82.94358043887249,46.434399414062504
75.79,82.7444611120362,46.44719924926759
75.8,82.75196548556079,46.459999084472656
75.81,82.69511562424529,46.50239868164064
75.82,82.76425487493616,46.54479827880857
75.83,82.64356129923446,46.58719787597656
75.84,82.80682141721627,46.62959747314454
75.85,82.83669785319934,46.67199707031247
75.86,82.73272616140905,46.71439666748046
75.87,82.59540875271621,46.75679626464844
75.88,82.54730234905234,46.79919586181637
75.89,82.518698243186,46.84159545898436
75.9,82.48437215372958,46.883995056152344
75.91,82.44058561769114,46.87829513549805
75.92,82.35715955641373,46.87259521484375
75.93,82.26373481023444,46.866895294189455
75.94,82.16310298544558,46.86119537353516
75.95,82.34904443927987,46.85549545288086
75.96,82.46463114497041,46.849795532226565
75.97,82.633440004139,46.844095611572264
75.98,82.60108172076238,46.83839569091797
75.99,82.65201868116142,46.832695770263676
76.0,82.5814359607518,46.826995849609375
76.01,82.79977126004759,46.81919555664062
76.02,82.7300642110828,46.811395263671876
76.03,82.88549346257591,46.803594970703124
76.04,82.60375444494287,46.79579467773437
76.05,82.86404427464662,46.787994384765625
76.06,82.57927751028646,46.78019409179687
76.07,82.52607677904612,46.772393798828126
76.08,82.65428091138067,46.764593505859374
76.09,82.51085128213862,46.75679321289062
76.1,82.58813632770338,46.748992919921875
76.11,82.69556561437919,46.709692382812484
76.12,82.71647864648563,46.670391845703094
76.13,82.79753276927315,46.63109130859375
76.14,82.69106576813451,46.59179077148436
76.15,82.68324275820585,46.55249023437497
76.16,82.7941686603021,46.51318969726564
76.17,82.93935711748279,46.47388916015625
76.18,82.88979907742342,46.43458862304685
76.19,82.78376157352865,46.395288085937516
76.2,82.81679892900654,46.355987548828125
76.21,82.87325299034309,46.39118881225583
76.22,82.83961887973419,46.426390075683585
76.23,82.8406290237191,46.46159133911134
76.24,82.67492518683626,46.496792602539045
76.25,82.74651883344471,46.5319938659668
76.26,82.54175325203475,46.56719512939455
76.27,82.49834957355932,46.60239639282226
76.28,82.61857728155938,46.63759765625001
76.29,82.5884703896808,46.67279891967777
76.3,82.47995509786311,46.70800018310547
76.31,82.66124131681124,46.70060119628906
76.32,82.55926822147268,46.69320220947266
76.33,82.40350357969314,46.685803222656254
76.34,82.6307410960668,46.67840423583984
76.35,82.71676153381672,46.671005249023445
76.36,82.75783032495383,46.66360626220703
76.37,82.8710778590553,46.65620727539062
76.38,82.84675437643783,46.64880828857422
76.39,82.91598916320864,46.64140930175782
76.4,83.09938402735797,46.634010314941406
76.41,83.04868946928124,46.59480972290042
76.42,83.16258702870432,46.55560913085939
76.43,83.04189958211391,46.51640853881835
76.44,82.93181206094592,46.47720794677737
76.45,82.8563610814464,46.43800735473633
76.46,82.94260185483346,46.398806762695344
76.47,82.94516421211473,46.35960617065431
76.48,82.93313821496457,46.32040557861327
76.49,82.98768064532351,46.28120498657229
76.5,82.80684714826658,46.24200439453125
76.51,82.87535092507784,46.276304626464864
76.52,82.94238296182532,46.31060485839843
76.53,82.82726599140766,46.34490509033204
76.54,82.8730213181968,46.379205322265655
76.55,82.9858775158285,46.41350555419922
76.56,82.81558950129492,46.44780578613283
76.57,82.84880050059455,46.482106018066396
76.58,82.94893056014729,46.51640625000001
76.59,83.0990360454707,46.550706481933624
76.6,83.04456654454103,46.58500671386719
76.61,83.11658425956801,46.62330627441408
76.62,82.94251172238336,46.66160583496097
76.63,82.94620719299509,46.699905395507805
76.64,82.8150491215548,46.7382049560547
76.65,82.68706101067177,46.77650451660159
76.66,82.56001330732693,46.81480407714842
76.67,82.51895510582791,46.85310363769532
76.68,82.62123743767496,46.89140319824221
76.69,82.53163819322903,46.92970275878905
76.7,82.50818006137887,46.96800231933594
76.71,82.44541241612431,46.909302520752
76.72,82.49607663690388,46.850602722167984
76.73,82.57150475273002,46.79190292358397
76.74,82.65587477398844,46.73320312500003
76.75,82.90297405801839,46.674503326416016
76.76,82.81103492724999,46.615803527832
76.77,82.90733805956783,46.55710372924806
76.78,82.9154613299689,46.49840393066405
76.79,82.9555363664385,46.43970413208003
76.8,82.95034698768667,46.381004333496094
76.81,82.89855224712622,46.324704742431614
76.82,82.84862033770469,46.26840515136722
76.83,83.02924176023924,46.212105560302746
76.84,83.05338586019438,46.155805969238266
76.85,83.00512693204728,46.09950637817387
76.86,82.99823578282574,46.04320678710939
76.87,82.86421158432398,45.98690719604491
76.88,82.8519533828772,45.930607604980516
76.89,82.88615635033888,45.87430801391604
76.9,82.90804609424703,45.81800842285156
76.91,82.81144663500886,45.802107238769544
76.92,82.7546792340959,45.786206054687504
76.93,82.80265303984869,45.770304870605464
76.94,82.71999548200117,45.754403686523446
76.95,82.7024184725635,45.738502502441406
76.96,82.7373364493274,45.72260131835939
76.97,82.75343167592587,45.70670013427735
76.98,82.907466792921,45.69079895019531
76.99,83.00713636774442,45.67489776611329
77.0,82.92813622616589,45.65899658203125
77.01,82.78608992550988,45.67719802856446
77.02,82.76255064268268,45.69539947509765
77.03,82.81376251022196,45.713600921630864
77.04,82.87756472549378,45.731802368164075
77.05,82.85575622206544,45.750003814697266
77.06,82.94045156544799,45.76820526123048
77.07,83.041654790607,45.78640670776367
77.08,82.91117435638016,45.80460815429688
77.09,82.99146728102562,45.82280960083009
77.1,82.90229179087224,45.84101104736328
77.11,83.04415425769588,45.87171096801759
77.12,82.96126676232034,45.9024108886719
77.13,83.02137700527635,45.933110809326166
77.14,82.90517535417845,45.96381072998048
77.15,83.07369977228119,45.99451065063479
77.16,82.96742876565166,46.02521057128905
77.17,83.02148006275554,46.055910491943365
77.18,82.88896240157736,46.08661041259767
77.19,82.85929532424404,46.11731033325194
77.2,82.80924015341972,46.14801025390625
77.21,82.71031953769965,46.16001052856444
77.22,82.73047571751354,46.172010803222655
77.23,82.89505092378792,46.18401107788086
77.24,82.88667121856773,46.19601135253905
77.25,82.85694020419913,46.208011627197266
77.26,83.04800660279957,46.22001190185548
77.27,82.81064895215552,46.23201217651367
77.28,82.97975990102324,46.244012451171876
77.29,82.77426198223071,46.25601272583009
77.3,82.78185775204223,46.26801300048828
77.31,82.77120061783145,46.27471160888672
77.32,82.80024726486073,46.28141021728515
77.33,82.83698094602826,46.288108825683594
77.34,82.88199241502838,46.29480743408203
77.35,82.84015290284594,46.30150604248046
77.36,82.8059465638844,46.308204650878906
77.37,82.70668075655581,46.314903259277344
77.38,82.74757342558307,46.321601867675774
77.39,82.83278607454231,46.32830047607422
77.4,82.90656566154772,46.334999084472656
77.41,83.02236893616862,46.3805999755859
77.42,82.8597843697615,46.426200866699205
77.43,82.99142864144955,46.471801757812514
77.44,83.04707893962386,46.51740264892575
77.45,83.0608591334337,46.56300354003906
77.46,83.10884425853666,46.60860443115231
77.47,83.05232288154342,46.65420532226561
77.48,83.15615992940685,46.69980621337892
77.49,83.34797739873746,46.74540710449216
77.5,83.35121721142468,46.79100799560547
77.51,83.3509461489854,46.6821067810058
77.52,83.13186553881388,46.57320556640628
77.53,83.21307773945331,46.46430435180661
77.54,83.0935650954176,46.35540313720694
77.55,83.12592945707625,46.24650192260742
77.56,83.09039473170732,46.13760070800775
77.57,83.11653270131481,46.02869949340823
77.58,83.01268176085384,45.919798278808564
77.59,82.9171413876583,45.810897064208895
77.6,82.8465098727255,45.701995849609375
77.61,82.68455406729507,45.79849624633793
77.62,82.74940611420759,45.89499664306649
77.63,82.51145488128024,45.99149703979491
77.64,82.70773509479923,46.087997436523466
77.65,82.8456991524715,46.184497833252024
77.66,82.84321554209792,46.28099822998044
77.67,83.01958639178618,46.377498626709
77.68,83.17158667817958,46.47399902343756
77.69,83.03893634075533,46.57049942016597
77.7,82.99991024137293,46.66699981689453
77.71,83.06542057232666,46.59380035400397
77.72,82.92265159031687,46.520600891113304
77.73,83.04311066119305,46.44740142822263
77.74,83.09263717782724,46.37420196533207
77.75,83.11022338352714,46.301002502441406
77.76,83.12777277875024,46.22780303955074
77.77,83.10562204848623,46.15460357666018
77.78,83.16602953052427,46.08140411376951
77.79,83.04496594839823,46.008204650878845
77.8,82.95875566560616,45.93500518798828
77.81,82.954712235894,45.928403472900385
77.82,82.862963200803,45.9218017578125
77.83,83.07576158341752,45.915200042724614
77.84,83.23868033761616,45.90859832763672
77.85,83.03619861313204,45.901996612548835
77.86,83.23114102859958,45.89539489746094
77.87,83.08123839349189,45.88879318237304
77.88,83.09029163146388,45.88219146728516
77.89,82.93159318217586,45.87558975219727
77.9,82.85944975951469,45.868988037109375
77.91,82.76311657537107,45.922288513183545
77.92,82.86422445430617,45.975588989257794
77.93,82.71941683802991,46.02888946533205
77.94,82.83618314020424,46.08218994140622
77.95,82.79686380089146,46.13549041748047
77.96,82.71872246793593,46.18879089355464
77.97,82.788636999984,46.24209136962889
77.98,82.62324222130671,46.29539184570314
77.99,82.56299368436525,46.348692321777314
78.0,82.24446898446251,46.40199279785156
78.01,82.51691305886897,46.437793731689474
78.02,82.46800781390188,46.47359466552734
78.03,82.44221593008261,46.50939559936524
78.04,82.6622053853678,46.54519653320315
78.05,82.75591394010037,46.580997467041016
78.06,82.66343940132364,46.61679840087893
78.07,82.57544889968983,46.65259933471679
78.08,82.70790224660132,46.688400268554695
78.09,82.83941299071428,46.72420120239261
78.1,82.89566879900401,46.76000213623047
78.11,82.6533425962255,46.72900238037108
78.12,82.84207026280966,46.698002624511695
78.13,82.80208697200139,46.66700286865235
78.14,83.09605245562784,46.63600311279296
78.15,83.08071003453473,46.60500335693357
78.16,83.02645910068479,46.574003601074224
78.17,83.19109618059234,46.54300384521484
78.18,83.01107158037746,46.51200408935545
78.19,83.00512693204728,46.48100433349611
78.2,82.90984837798193,46.45000457763672
78.21,82.88681280761101,46.4498046875
78.22,82.97533604280753,46.44960479736328
78.23,82.96039109350953,46.449404907226565
78.24,82.98990882525896,46.449205017089845
78.25,82.99652270040727,46.449005126953125
78.26,82.91880215376425,46.448805236816405
78.27,83.00456017253025,46.448605346679685
78.28,83.10118838956811,46.44840545654297
78.29,83.08768837151537,46.44820556640625
78.3,83.23630693319122,46.44800567626953
78.31,83.18058036459331,46.41190490722655
78.32,83.21872674109477,46.37580413818361
78.33,83.31802180071283,46.33970336914063
78.34,83.1582098707818,46.30360260009765
78.35,83.1637216281741,46.267501831054716
78.36,83.19831772859548,46.23140106201173
78.37,83.21806897076665,46.195300292968746
78.38,83.29518121178688,46.159199523925814
78.39,83.34141406956125,46.123098754882825
78.4,83.34487962876045,46.086997985839844
78.41,83.25828156331016,46.122598266601535
78.42,83.13046045298576,46.15819854736327
78.43,83.25187011454055,46.19379882812501
78.44,83.16458547614185,46.229399108886696
78.45,83.11842747762456,46.26499938964844
78.46,83.2180431759048,46.30059967041013
78.47,83.26417721797432,46.336199951171864
78.48,83.34551208545385,46.371800231933605
78.49,83.22208656656915,46.40740051269529
78.5,83.368921121899,46.44300079345703
78.51,83.37298108571113,46.46610183715821
78.52,83.3576260276169,46.48920288085937
78.53,83.29474249655685,46.512303924560555
78.54,83.33441862961371,46.53540496826174
78.55,83.48057067662792,46.55850601196289
78.56,83.25644969561355,46.58160705566407
78.57,83.1236478914204,46.604708099365226
78.58,83.1477928206878,46.627809143066415
78.59,83.05734149914744,46.6509101867676
78.6,83.04542977343772,46.67401123046875
78.61,83.05142096328233,46.677910614013676
78.62,83.05234865070855,46.681809997558595
78.63,83.07130294899532,46.685709381103514
78.64,83.15024231586914,46.68960876464844
78.65,83.19416530019696,46.69350814819336
78.66,83.23797089253056,46.69740753173828
78.67,83.45689411136625,46.701306915283205
78.68,83.1655911555472,46.70520629882813
78.69,83.13065381271622,46.70910568237304
78.7,83.12711536797636,46.71300506591797
78.71,83.08665738875008,46.66610488891605
78.72,83.25036726811739,46.61920471191407
78.73,82.9409022225913,46.5723045349121
78.74,83.08270749795895,46.52540435791018
78.75,82.90706771985153,46.4785041809082
78.76,82.97274746271117,46.43160400390622
78.77,82.91378772348833,46.38470382690431
78.78,83.00168776200475,46.337803649902334
78.79,82.66642164457713,46.290903472900354
78.8,82.6925057056122,46.24400329589844
78.81,82.52379061694099,46.290802001953146
78.82,82.59301883921141,46.337600708007784
78.83,82.63401834731737,46.38439941406249
78.84,82.58478289682428,46.4311981201172
78.85,82.56721383338348,46.47799682617184
78.86,82.83339085007485,46.52479553222655
78.87,82.80566352409001,46.57159423828126
78.88,82.98844054147794,46.618392944335895
78.89,82.9157059354077,46.665191650390604
78.9,83.0464476162588,46.71199035644531
78.91,83.11225986938972,46.73779220581053
78.92,82.98480852687725,46.76359405517577
78.93,82.78530522864277,46.789395904541024
78.94,82.89414985989214,46.81519775390623
78.95,82.95430017215689,46.840999603271484
78.96,82.9300031036862,46.8668014526367
78.97,82.89265667907544,46.892603302001945
78.98,82.91961323162808,46.918405151367196
78.99,82.96664320983277,46.944207000732405
79.0,82.91385209265601,46.970008850097656
79.01,82.84735920296053,46.97780838012696
79.02,82.83538533822208,46.98560791015625
79.03,82.94902069608494,46.99340744018555
79.04,83.0374354174907,47.00120697021485
79.05,83.02111936185821,47.00900650024414
79.06,83.01594081392848,47.01680603027344
79.07,82.96534254362057,47.02460556030273
79.08,82.86085255314731,47.032405090332034
79.09,82.83503790952746,47.04020462036134
79.1,83.04249223673011,47.048004150390625
79.11,83.04777468651992,47.03200378417968
79.12,82.94969027886928,47.01600341796873
79.13,82.89999398999288,47.000003051757815
79.14,82.94074771143282,46.98400268554687
79.15,82.83310776338053,46.96800231933592
79.16,82.9605069905868,46.952001953125006
79.17,82.81515205089318,46.93600158691406
79.18,82.91813269565864,46.920001220703114
79.19,82.76870526184051,46.904000854492196
79.2,82.7819735243453,46.88800048828125
79.21,82.5995911818279,46.89260101318359
79.22,82.70443066692599,46.89720153808594
79.23,82.87993300983534,46.90180206298828
79.24,82.85592352337547,46.906402587890625
79.25,82.88896240157736,46.91100311279297
79.26,82.95065602802964,46.91560363769531
79.27,82.85508058660436,46.920204162597656
79.28,83.01530960893065,46.9248046875
79.29,82.85311159959866,46.92940521240235
79.3,82.63512363102144,46.93400573730469
79.31,82.75642840365406,46.93630599975586
79.32,82.67029092828055,46.93860626220703
79.33,82.7601968979422,46.9409065246582
79.34,82.75772743124365,46.943206787109375
79.35,82.74016570104813,46.94550704956055
79.36,82.713958398888,46.94780731201172
79.37,82.73952268504577,46.95010757446289
79.38,82.63933919951852,46.95240783691406
79.39,82.66469913544594,46.954708099365234
79.4,82.67543939858984,46.957008361816406
79.41,82.68068444981759,46.941107940673845
79.42,82.76230626325632,46.925207519531256
79.43,82.7477406176368,46.909307098388666
79.44,82.78880423351718,46.893406677246105
79.45,82.82015706714586,46.877506256103516
79.46,82.72013692861307,46.861605834960955
79.47,82.60742951129382,46.845705413818365
79.48,82.5688967854668,46.829804992675776
79.49,82.58870166375326,46.813904571533214
79.5,82.46789226135121,46.798004150390625
79.51,82.52458691700157,46.73500366210934
79.52,82.40159130175445,46.672003173828145
79.53,82.4965004023802,46.609002685546855
79.54,82.40735387104336,46.54600219726557
79.55,82.37084389842853,46.483001708984375
79.56,82.36177861740993,46.42000122070309
79.57,82.32313005964248,46.357000732421895
79.58,82.33155178475319,46.294000244140605
79.59,82.44418002862373,46.23099975585932
79.6,82.51551317963965,46.167999267578125
79.61,82.55032103339785,46.162099456787104
79.62,82.57362455942013,46.15619964599609
79.63,82.53819524861683,46.15029983520508
79.64,82.83659491047239,46.14440002441406
79.65,82.61500477212473,46.13850021362304
79.66,82.71017809948157,46.13260040283203
79.67,82.75389468610808,46.12670059204101
79.68,82.71694155327928,46.12080078125
79.69,82.59296744360184,46.11490097045899
79.7,82.50834701140955,46.10900115966797
79.71,82.67925747087686,46.167301940917916
79.72,82.66805418845232,46.22560272216795
79.73,82.69964129506731,46.28390350341799
79.74,82.5444250162046,46.342204284667936
79.75,82.54112385234544,46.40050506591797
79.76,82.57135058603215,46.458805847168
79.77,82.50604183441072,46.51710662841795
79.78,82.70875086604825,46.57540740966799
79.79,82.51117234523697,46.63370819091802
79.8,82.53820809325659,46.69200897216797
79.81,82.5912071536275,46.68230743408203
79.82,82.62964869342525,46.6726058959961
79.83,82.59084738864219,46.66290435791016
79.84,82.55983345870945,46.653202819824216
79.85,82.61907846711857,46.64350128173829
79.86,82.65439659443983,46.63379974365235
79.87,82.54988428416254,46.624098205566405
79.88,82.54263955362518,46.61439666748048
79.89,82.43800539244248,46.604695129394536
79.9,82.48629823256124,46.594993591308594
79.91,82.35353497002507,46.5860939025879
79.92,82.33139784222278,46.57719421386719
79.93,82.51912206675955,46.568294525146484
79.94,82.70693791160528,46.55939483642579
79.95,82.8334809232154,46.55049514770508
79.96,82.90382367763463,46.54159545898438
79.97,82.7544477277455,46.53269577026367
79.98,82.76572117416775,46.52379608154297
79.99,82.8127203623688,46.51489639282227
80.0,82.80173961314397,46.50599670410156
80.01,82.84232762825224,46.48889770507812
80.02,82.89341614005164,46.47179870605469
80.03,82.79010351518262,46.454699707031246
80.04,82.89887406364349,46.4376007080078
80.05,82.9751042280185,46.420501708984375
80.06,83.05962215464396,46.40340270996093
80.07,82.86500952510903,46.386303710937504
80.08,82.83903981751781,46.36920471191406
80.09,82.82775494239564,46.35210571289061
80.1,83.00019361295199,46.33500671386719
80.11,82.79513993328602,46.337406158447266
80.12,82.78705472183711,46.339805603027344
80.13,82.84784821325258,46.34220504760742
80.14,82.87237778615615,46.3446044921875
80.15,82.95731341185534,46.34700393676758
80.16,83.07902187449234,46.349403381347656
80.17,83.14734160182654,46.351802825927734
80.18,83.17091620040048,46.35420227050781
80.19,83.2711116495025,46.35660171508789
80.2,83.31396962499379,46.35900115966797
80.21,83.32034474842658,46.31689987182621
80.22,83.35935574100753,46.274798583984385
80.23,83.3308564888824,46.23269729614257
80.24,83.54619284766939,46.19059600830081
80.25,83.326791095209,46.148494720458984
80.26,83.26938285189509,46.10639343261716
80.27,83.20733865332211,46.0642921447754
80.28,83.18072220444574,46.022190856933584
80.29,83.12868800199934,45.98008956909176
80.3,83.11486995622285,45.93798828125
80.31,83.15895765442822,45.99259033203127
80.32,83.30274922863192,46.04719238281247
80.33,83.30156206557149,46.101794433593746
80.34,83.25576597551115,46.156396484375016
80.35,83.29123281630947,46.210998535156214
80.36,83.12224287504121,46.265600585937484
80.37,83.03703603174294,46.320202636718754
80.38,83.02420466533187,46.37480468749995
80.39,83.00966751574798,46.42940673828123
80.4,82.98103492213887,46.4840087890625
80.41,82.9428722524776,46.49540863037108
80.42,82.9802879388828,46.50680847167968
80.43,83.05279961174554,46.518208312988286
80.44,83.18025800174208,46.52960815429687
80.45,83.02340595843546,46.54100799560547
80.46,83.0658973401184,46.55240783691405
80.47,82.98202661200106,46.56380767822265
80.48,83.08272038489771,46.575207519531254
80.49,83.09481521480768,46.586607360839835
80.5,82.93603519023436,46.59800720214844
80.51,82.87719146637455,46.58890762329101
80.52,82.77008156178154,46.5798080444336
80.53,82.77908567546457,46.57070846557617
80.54,82.82908026417317,46.561608886718744
80.55,82.94385083811174,46.55250930786133
80.56,82.89694317390968,46.5434097290039
80.57,82.86324633850899,46.53431015014649
80.58,83.14573011588796,46.52521057128906
80.59,83.12554274882912,46.516110992431635
80.6,82.99020505952625,46.50701141357422
80.61,83.10669181529632,46.54171066284181
80.62,83.03134166845956,46.576409912109405
80.63,83.1393294506727,46.61110916137695
80.64,82.92296057906452,46.64580841064454
80.65,83.12091520992509,46.68050765991213
80.66,82.99625221532571,46.71520690917968
80.67,82.94150739268115,46.74990615844727
80.68,82.81450874357768,46.784605407714864
80.69,82.8382033978894,46.81930465698241
80.7,82.7126468566543,46.85400390625
80.71,82.90983550445722,46.84300384521485
80.72,82.94012966823804,46.83200378417969
80.73,83.00579674124383,46.82100372314453
80.74,83.0440511861445,46.81000366210938
80.75,82.94690895269804,46.79900360107422
80.76,82.85946262912708,46.78800354003906
80.77,82.83977329666703,46.77700347900391
80.78,82.81938507534005,46.76600341796875
80.79,83.0215960024961,46.755003356933585
80.8,83.1149344033972,46.74400329589844
80.81,83.1308858446896,46.7628028869629
80.82,83.19778899748309,46.78160247802733
80.83,83.25233451702323,46.800402069091795
80.84,83.2482516922937,46.81920166015625
80.85,83.20401781458843,46.83800125122069
80.86,83.16142665088852,46.85680084228515
80.87,83.13216202633147,46.87560043334961
80.88,83.13137569103014,46.89440002441405
80.89,83.23840945822667,46.913199615478504
80.9,83.20355354688688,46.93199920654297
80.91,83.25158631366101,46.83009872436532
80.92,83.20155463129944,46.72819824218753
80.93,83.18508061522333,46.626297760009734
80.94,83.2717825310193,46.52439727783209
80.95,83.10902470414646,46.4224967956543
80.96,83.11863371308401,46.32059631347665
80.97,83.21628913467725,46.21869583129886
80.98,83.19756976800238,46.11679534912106
80.99,83.26279681622019,46.014894866943415
81.0,83.37445276731239,45.912994384765625
81.01,83.28834254692103,45.98349456787113
81.02,83.29186506942298,46.05399475097654
81.03,83.34749982211258,46.12449493408205
81.04,83.28703936150195,46.19499511718756
81.05,82.94826098042924,46.26549530029297
81.06,83.08969880630545,46.33599548339848
81.07,83.03466550384785,46.406495666503886
81.08,83.17417835808426,46.476995849609395
81.09,82.92550975819832,46.5474960327149
81.1,82.83007104563204,46.61799621582031
81.11,83.01178005786313,46.550396728515594
81.12,83.06768845296664,46.48279724121088
81.13,83.06850669886305,46.41519775390626
81.14,83.09255985159525,46.347598266601544
81.15,83.23958327209766,46.279998779296825
81.16,83.23225029855396,46.212399291992206
81.17,83.04061120980944,46.14479980468749
81.18,83.2706213916416,46.077200317382776
81.19,83.37522734179332,46.009600830078156
81.2,83.50248708797713,45.94200134277344
81.21,83.63812530156332,45.97460174560544
81.22,83.42281246926547,46.00720214843749
81.23,83.46529612972517,46.03980255126954
81.24,83.23182464758118,46.07240295410154
81.25,83.13722817735233,46.105003356933594
81.26,83.32555859341993,46.137603759765646
81.27,83.0867475994867,46.17020416259765
81.28,83.02928040861694,46.202804565429695
81.29,83.05054481880379,46.23540496826175
81.3,83.06002159470454,46.26800537109375
81.31,83.02035931610389,46.27140502929688
81.32,83.13520427662218,46.2748046875
81.33,83.12006447862846,46.278204345703124
81.34,82.84551899295376,46.28160400390625
81.35,82.85755793736615,46.285003662109375
81.36,82.93531416054896,46.2884033203125
81.37,82.94200955677218,46.291802978515626
81.38,82.90942355219418,46.29520263671875
81.39,82.69832986634755,46.29860229492187
81.4,82.88152904662918,46.302001953125
81.41,82.9254325097701,46.31690216064452
81.42,82.74199188011923,46.331802368164055
81.43,82.67461666055169,46.3467025756836
81.44,82.68929157669706,46.36160278320312
81.45,82.8354496769492,46.376502990722656
81.46,82.92342406326537,46.39140319824217
81.47,82.98565856572358,46.40630340576171
81.48,82.95974722233231,46.42120361328126
81.49,83.0156187702624,46.436103820800774
81.5,82.973533047428,46.45100402832031
81.51,83.02700016972396,46.433602905273425
81.52,82.82265319860896,46.416201782226565
81.53,82.57110648905487,46.398800659179685
81.54,82.54958883680557,46.3813995361328
81.55,82.54841989809903,46.36399841308594
81.56,82.47101220863442,46.34659729003905
81.57,82.44323006954521,46.32919616699219
81.58,82.33170572742753,46.31179504394531
81.59,82.37636158355599,46.29439392089842
81.6,82.52851709937984,46.27699279785156
81.61,82.51669472829934,46.318592834472675
81.62,82.49417612633596,46.36019287109379
81.63,82.49071545826935,46.401792907714835
81.64,82.38744242064138,46.44339294433595
81.65,82.49602527146556,46.48499298095706
81.66,82.50135452092684,46.526593017578115
81.67,82.41508039370403,46.56819305419923
81.68,82.50764068551099,46.60979309082034
81.69,82.23294903568036,46.65139312744139
81.7,82.3844588002445,46.6929931640625
81.71,82.25533578563774,46.61599349975592
81.72,82.10452134188587,46.53899383544924
81.73,82.15090956846225,46.46199417114256
81.74,82.24430230161538,46.38499450683598
81.75,82.25920825973564,46.3079948425293
81.76,82.28430460857113,46.230995178222614
81.77,82.4255348756856,46.15399551391604
81.78,82.30062506050811,46.076995849609354
81.79,82.3215009251566,45.99999618530267
81.8,82.17921916358526,45.922996520996094
81.81,82.25461772098902,45.91349639892578
81.82,82.3075641487976,45.90399627685547
81.83,82.35234175991177,45.89449615478516
81.84,82.34867237222485,45.88499603271484
81.85,82.2770907807353,45.87549591064454
81.86,82.30707673563222,45.865995788574224
81.87,82.35439459987232,45.8564956665039
81.88,82.41501621843611,45.846995544433604
81.89,82.4961793678285,45.83749542236328
81.9,82.47755401537059,45.82799530029297
81.91,82.43928908154885,45.84129562377929
81.92,82.59371268150562,45.85459594726562
81.93,82.35709540370078,45.867896270751956
81.94,82.45577895410192,45.881196594238276
81.95,82.39856892385353,45.89449691772461
81.96,82.41809023911628,45.90779724121093
81.97,82.54409104331869,45.92109756469726
81.98,82.65865764080225,45.9343978881836
81.99,82.7910168777035,45.947698211669916
82.0,82.91333714001406,45.96099853515625
82.01,82.88069241252242,45.95119934082031
82.02,82.97793109995887,45.941400146484376
82.03,82.9489949429549,45.931600952148436
82.04,83.01113598729668,45.92180175781249
82.05,83.19455216803043,45.91200256347656
82.06,83.17297921758676,45.90220336914062
82.07,83.3675914882076,45.89240417480469
82.08,83.26252589759301,45.88260498046875
82.09,83.234804227247,45.8728057861328
82.1,83.24452370031925,45.863006591796875
82.11,83.17314683885702,45.928904724121125
82.12,83.20298611034399,45.99480285644537
82.13,83.11719007024094,46.06070098876952
82.14,83.08268172408444,46.12659912109377
82.15,82.83559122223679,46.19249725341802
82.16,82.73830096152498,46.25839538574217
82.17,82.75484643332814,46.32429351806642
82.18,82.59422664063955,46.39019165039066
82.19,82.61528748588427,46.45608978271481
82.2,82.33809447533181,46.52198791503906
82.21,82.49751487566935,46.489390563964875
82.22,82.61078340192998,46.45679321289064
82.23,82.51609110999237,46.42419586181639
82.24,82.701197023013,46.391598510742206
82.25,82.72255439849407,46.35900115966797
82.26,82.47115344221218,46.32640380859373
82.27,82.5771961740529,46.293806457519544
82.28,82.63896647723904,46.26120910644531
82.29,82.57497354148094,46.22861175537106
82.3,82.699718438257,46.196014404296875
82.31,82.62370486713735,46.20961303710938
82.32,82.68261281930161,46.22321166992187
82.33,82.74006281831984,46.236810302734376
82.34,82.83052140279953,46.25040893554688
82.35,82.81485612921772,46.26400756835937
82.36,82.97100888680639,46.27760620117187
82.37,82.85248101393526,46.291204833984374
82.38,82.82350240654793,46.30480346679686
82.39,82.89614507938805,46.31840209960937
82.4,82.76401692681767,46.332000732421875
82.41,82.8417742930449,46.27670059204106
82.42,82.9360738169131,46.22140045166017
82.43,82.95549773522778,46.16610031127928
82.44,83.07860950212671,46.11080017089847
82.45,83.1492754055664,46.05550003051758
82.46,83.12241044517837,46.00019989013676
82.47,82.99363754892741,45.944899749755876
82.48,82.95129986392647,45.88959960937498
82.49,82.76689165042056,45.834299468994175
82.5,82.89796010636654,45.77899932861328
82.51,82.87217185643085,45.80280075073244
82.52,82.82866851258265,45.82660217285156
82.53,82.96353965682071,45.85040359497071
82.54,83.01426619368613,45.874205017089864
82.55,83.04535246917452,45.898006439208984
82.56,82.89774127227317,45.92180786132814
82.57,82.6829342164019,45.94560928344726
82.58,82.75343167592587,45.96941070556641
82.59,82.5514129115408,45.99321212768557
82.6,82.57511486404877,46.01701354980469
82.61,82.63068968872176,46.021812438964844
82.62,82.55101469632271,46.02661132812501
82.63,82.65055338947205,46.031410217285156
82.64,82.74966333567016,46.03620910644531
82.65,82.96990135906107,46.04100799560547
82.66,82.73172310263472,46.045806884765625
82.67,82.89926024428875,46.05060577392578
82.68,83.0035941096317,46.05540466308594
82.69,82.88929707140906,46.060203552246094
82.7,82.85838158517086,46.06500244140625
82.71,82.84097646413872,46.05600128173829
82.72,83.00709772452088,46.047000122070315
82.73,82.98948379440765,46.03799896240234
82.74,83.14966216901287,46.02899780273438
82.75,83.15945402718081,46.019996643066406
82.76,83.256423894804,46.01099548339843
82.77,83.27685293449207,46.00199432373047
82.78,83.20586844737201,45.9929931640625
82.79,83.2133485776217,45.98399200439452
82.8,83.18359771116705,45.97499084472656
82.81,83.1852482486873,45.939192962646466
82.82,83.25684960867285,45.903395080566426
82.83,83.30432352312837,45.86759719848634
82.84,83.28702645872698,45.83179931640624
82.85,83.07821001737346,45.7960014343262
82.86,82.93684635237686,45.760203552246104
82.87,82.95634762394151,45.72440567016601
82.88,82.9816659968201,45.68860778808597
82.89,82.98596767183801,45.65280990600588
82.9,82.92176325087414,45.61701202392578
82.91,82.85515780225778,45.68431091308588
82.92,83.08612901256201,45.75160980224607
82.93,82.81494619228037,45.81890869140627
82.94,82.72776236585992,45.88620758056637
82.95,82.67264339419553,45.95350646972656
82.96,82.41580557324886,46.02080535888666
82.97,82.51338127628624,46.088104248046854
82.98,82.66526473348027,46.15540313720705
82.99,82.56835721117518,46.22270202636715
83.0,82.76269212567338,46.290000915527344
83.01,82.7419404381794,46.25860061645506
83.02,82.52995562090021,46.227200317382824
83.03,82.73176168170592,46.195800018310536
83.04,82.64935802955614,46.164399719238254
83.05,82.73043713874219,46.132999420166016
83.06,82.77336157506008,46.101599121093734
83.07,82.85497763245576,46.070198822021496
83.08,83.11139629322398,46.03879852294921
83.09,83.21854617643211,46.007398223876926
83.1,83.23383682540485,45.97599792480469
83.11,83.37251634685134,45.980698394775395
83.12,83.4154843419323,45.985398864746095
83.13,83.4332854746078,45.990099334716795
83.14,83.31993177757745,45.9947998046875
83.15,83.22604622084687,45.9995002746582
83.16,83.11865949253443,46.0042007446289
83.17,82.92245847264195,46.00890121459961
83.18,83.06491803478411,46.01360168457032
83.19,83.0989458280633,46.01830215454101
83.2,83.10149771077104,46.02300262451172
83.21,83.0466924148298,46.01720275878907
83.22,83.05337297553086,46.01140289306641
83.23,83.10671759289477,46.005603027343746
83.24,83.13843995136337,45.999803161621095
83.25,82.93885496142128,45.99400329589844
83.26,83.03662376359141,45.98820343017578
83.27,83.01044039389136,45.98240356445313
83.28,82.91506223765911,45.976603698730464
83.29,82.82310353561016,45.97080383300781
83.3,82.72574345534979,45.965003967285156
83.31,82.85842019376214,45.97720336914063
83.32,82.79100401340766,45.98940277099609
83.33,82.69678702234279,46.00160217285156
83.34,82.89911864461439,46.01380157470703
83.35,82.94872453533081,46.02600097656249
83.36,82.73779941448063,46.03820037841797
83.37,82.6915414603788,46.05039978027344
83.38,82.5085011192801,46.0625991821289
83.39,82.53962100973165,46.07479858398437
83.4,82.47399097880549,46.086997985839844
83.41,82.58515549689317,46.11409912109373
83.42,82.4270751872973,46.14120025634765
83.43,82.47621866910796,46.16830139160157
83.44,82.5131886357737,46.19540252685545
83.45,82.51637365445696,46.222503662109375
83.46,82.7165172220023,46.24960479736326
83.47,82.58744250883215,46.27670593261718
83.48,82.53113727295646,46.3038070678711
83.49,82.60469247858394,46.330908203124984
83.5,82.44692081689209,46.358009338378906
83.51,82.66978958741214,46.3325096130371
83.52,82.5393641149276,46.30700988769532
83.53,82.65894042924329,46.281510162353506
83.54,82.68677817413246,46.256010437011696
83.55,82.80069754094326,46.23051071166992
83.56,82.77413335233507,46.20501098632811
83.57,82.62886473833302,46.17951126098634
83.58,82.63206484070906,46.15401153564452
83.59,82.69777701225793,46.12851181030271
83.6,82.63446817118864,46.10301208496094
83.61,82.66637022613425,46.169410705566435
83.62,82.61954110129169,46.23580932617193
83.63,82.61695807706509,46.30220794677734
83.64,82.6463246819033,46.368606567382834
83.65,82.53267857096014,46.43500518798833
83.66,82.73025710459478,46.50140380859373
83.67,82.6977512981592,46.567802429199226
83.68,82.67651924847746,46.63420104980472
83.69,82.81849728921141,46.70059967041013
83.7,82.76923262775539,46.766998291015625
83.71,82.81174255059271,46.764199066162114
83.72,82.69023009588336,46.761399841308595
83.73,82.6171636894547,46.75860061645508
83.74,82.74115595057853,46.755801391601565
83.75,82.62479723048823,46.75300216674805
83.76,82.62063343711786,46.75020294189453
83.77,82.64380550328377,46.74740371704102
83.78,82.56575571973262,46.7446044921875
83.79,82.52516487912914,46.74180526733398
83.8,82.58004838221446,46.73900604248047
83.81,82.72744088164552,46.67670593261716
83.82,82.80972905119927,46.614405822753945
83.83,82.70437923666367,46.552105712890636
83.84,82.65258423581385,46.48980560302733
83.85,82.66580462431803,46.427505493164105
83.86,82.67745769517855,46.3652053833008
83.87,82.6743081348428,46.30290527343749
83.88,82.69817558129944,46.24060516357427
83.89,82.6187700450561,46.178305053710965
83.9,82.6310880960641,46.116004943847656
83.91,82.77638438993823,46.12920455932616
83.92,82.71361122493185,46.14240417480468
83.93,82.9696695518638,46.15560379028321
83.94,82.77224250440229,46.168803405761714
83.95,82.7457343241399,46.182003021240234
83.96,82.68333274967378,46.19520263671874
83.97,82.46348848558807,46.20840225219726
83.98,82.66484053477313,46.22160186767579
83.99,82.73647482318526,46.23480148315429
84.0,82.62700768194678,46.24800109863281
84.01,82.71831742278444,46.26589965820313
84.02,82.6563760726628,46.28379821777343
84.03,82.71147676402636,46.30169677734376
84.04,82.63110094792984,46.31959533691408
84.05,82.50411552508213,46.337493896484375
84.06,82.58858602667655,46.355392456054695
84.07,82.7863857957859,46.37329101562499
84.08,82.64469235260239,46.39118957519532
84.09,82.52375208639033,46.40908813476564
84.1,82.57128634995053,46.42698669433594
84.11,82.71241540910424,46.333688354492146
84.12,82.55793221387748,46.240390014648355
84.13,82.65923607222159,46.1470916748047
84.14,82.56161910723706,46.05379333496091
84.15,82.62247114780071,45.96049499511712
84.16,82.84030732027651,45.86719665527347
84.17,82.76342526674392,45.773898315429676
84.18,82.77866118482012,45.680599975585885
84.19,82.93224981935255,45.58730163574223
84.2,82.86074959541271,45.49400329589844
84.21,82.66252674280263,45.57930297851555
84.22,82.77539392962193,45.66460266113279
84.23,82.98497595842692,45.74990234375002
84.24,82.91795245739965,45.83520202636714
84.25,83.07792651264738,45.920501708984375
84.26,83.20183834688838,46.00580139160161
84.27,83.02517084816378,46.09110107421873
84.28,83.13069248468929,46.17640075683596
84.29,83.06735342319591,46.2617004394532
84.3,83.21372259295978,46.34700012207031
84.31,83.12061874246385,46.345499420166014
84.32,83.06169667638552,46.34399871826172
84.33,82.97760913002683,46.342498016357425
84.34,82.75491074077014,46.340997314453126
84.35,82.82859130927336,46.33949661254883
84.36,82.84622676361462,46.33799591064453
84.37,82.88713460134095,46.33649520874023
84.38,82.85107829116777,46.33499450683594
84.39,82.79324241592613,46.33349380493164
84.4,82.77624289524454,46.331993103027344
84.41,82.90660428136327,46.28119354248051
84.42,82.94211256497874,46.23039398193361
84.43,82.7343014876233,46.1795944213867
84.44,82.8030389963085,46.128794860839875
84.45,82.95970859014113,46.07799530029297
84.46,82.85869045415303,46.02719573974613
84.47,83.03376368146849,45.976396179199234
84.48,82.99264578968827,45.92559661865233
84.49,82.83215556623144,45.8747970581055
84.5,82.78818675669574,45.823997497558594
84.51,82.82978796461056,45.88299713134769
84.52,82.9777250391304,45.9419967651367
84.53,82.67547796453583,46.0009963989258
84.54,82.77224250440229,46.05999603271489
84.55,82.7389182522818,46.118995666503906
84.56,82.53001984090328,46.177995300293006
84.57,82.5749478464816,46.23699493408201
84.58,82.39171583301348,46.29599456787111
84.59,82.45385323162226,46.354994201660205
84.6,82.45782024448219,46.41399383544922
84.61,82.43814659775495,46.40549545288086
84.62,82.49969794060934,46.396997070312494
84.63,82.28665157628632,46.38849868774414
84.64,82.27073004762353,46.38000030517578
84.65,82.2336926475875,46.371501922607415
84.66,82.20435458304084,46.36300354003907
84.67,82.09663645541266,46.354505157470705
84.68,82.09119219564145,46.34600677490234
84.69,82.09590627361999,46.33750839233399
84.7,82.3228350183434,46.329010009765625
84.71,82.31188038090085,46.321908569335946
84.72,82.20630302736566,46.31480712890625
84.73,82.11202867189988,46.30770568847656
84.74,82.17139477136908,46.30060424804688
84.75,82.1570990735791,46.29350280761719
84.76,82.1960162740372,46.286401367187494
84.77,82.12978627701747,46.279299926757815
84.78,82.13020910066906,46.27219848632812
84.79,82.0491878044632,46.26509704589843
84.8,82.07904254256871,46.25799560546875
84.81,82.31266283083082,46.2496955871582
84.82,82.48807024494734,46.24139556884766
84.83,82.40214316492211,46.23309555053711
84.84,82.30199746326684,46.22479553222656
84.85,82.37706734730936,46.21649551391602
84.86,82.43107364397214,46.20819549560547
84.87,82.44165109561806,46.19989547729492
84.88,82.39872292916905,46.19159545898438
84.89,82.41483652781886,46.18329544067383
84.9,82.4588216414538,46.17499542236328
84.91,82.43791553457933,46.19269561767577
84.92,82.37120318392824,46.210395812988274
84.93,82.18438436549279,46.22809600830079
84.94,82.16011701971674,46.245796203613274
84.95,82.1822311102291,46.26349639892578
84.96,82.35477951021333,46.28119659423827
84.97,82.31584397703755,46.298896789550774
84.98,82.37144698524929,46.31659698486329
84.99,82.28471500488263,46.334297180175774
85.0,82.27584682770132,46.35199737548828
85.01,82.210148708927,46.33379821777343
85.02,82.20512370304218,46.3155990600586
85.03,82.14771879665932,46.29739990234374
85.04,82.35072516645083,46.27920074462889
85.05,82.4529545688275,46.26100158691406
85.06,82.32934528890297,46.24280242919921
85.07,82.390240017414,46.22460327148438
85.08,82.4035420821614,46.20640411376952
85.09,82.4715771436711,46.18820495605467
85.1,82.64700589496158,46.170005798339844
85.11,82.78355575393417,46.16220550537109
85.12,82.83601585882515,46.15440521240234
85.13,82.95402975588561,46.14660491943359
85.14,82.78566541690692,46.13880462646484
85.15,82.75596538638378,46.13100433349609
85.16,82.62835067143897,46.12320404052735
85.17,82.55682744653153,46.115403747558595
85.18,82.89493507244126,46.10760345458984
85.19,82.69269855533351,46.0998031616211
85.2,82.88625932385672,46.092002868652344
85.21,82.82397847956967,46.07020187377932
85.22,82.88446373503325,46.04840087890626
85.23,82.89904140847933,46.026599884033196
85.24,83.00414798500591,46.00479888916017
85.25,83.04256953966205,45.98299789428711
85.26,83.15487067104466,45.96119689941405
85.27,83.22231872610965,45.93939590454102
85.28,83.11624913120805,45.91759490966796
85.29,83.2123684034821,45.8957939147949
85.3,83.23321769117624,45.873992919921875
85.31,83.15929931258535,45.908594512939466
85.32,83.00048986557458,45.943196105957014
85.33,82.84845304376806,45.977797698974605
85.34,83.03790566050199,46.012399291992196
85.35,82.97178158495976,46.047000885009744
85.36,83.1411213550337,46.081602478027335
85.37,83.19076090204882,46.116204071044926
85.38,83.19214070653977,46.15080566406247
85.39,83.1811219355896,46.185407257080065
85.4,83.16216155589855,46.220008850097656
85.41,82.9826061737549,46.21820831298828
85.42,83.04497883240961,46.216407775878906
85.43,83.2791236995775,46.21460723876953
85.44,83.21715325561884,46.212806701660156
85.45,83.05134365623067,46.21100616455078
85.46,83.02910004959803,46.209205627441406
85.47,83.00459881516312,46.20740509033203
85.48,83.00014209081073,46.205604553222656
85.49,82.85385801021991,46.20380401611328
85.5,82.82409428132239,46.202003479003906
85.51,82.90827781534412,46.16300354003904
85.52,82.84352438281181,46.12400360107423
85.53,83.03262996885398,46.085003662109365
85.54,82.91096837845764,46.0460037231445
85.55,83.03512930012133,46.00700378417969
85.56,82.95526594815233,45.968003845214824
85.57,82.98555553048003,45.92900390625001
85.58,82.9854396159075,45.890003967285146
85.59,82.83516658673682,45.85100402832028
85.6,82.73467442483287,45.81200408935547
85.61,82.86210092076914,45.8466033935547
85.62,82.92785297761948,45.881202697753935
85.63,83.05383682404731,45.91580200195312
85.64,82.83587431317476,45.95040130615235
85.65,82.7983432538176,45.985000610351584
85.66,82.6177419756722,46.019599914550774
85.67,82.68526115004063,46.05419921875001
85.68,82.50555383392066,46.08879852294924
85.69,82.73592184160697,46.12339782714842
85.7,82.67725200777461,46.157997131347656
85.71,82.79548727830013,46.156396484375
85.72,82.87816966447201,46.15479583740235
85.73,82.7572386869938,46.153195190429685
85.74,82.85312446871883,46.15159454345703
85.75,82.93580343035082,46.149993896484375
85.76,83.01315837727019,46.14839324951172
85.77,83.23044451403403,46.146792602539065
85.78,83.1366738581422,46.1451919555664
85.79,83.03006626091411,46.14359130859375
85.8,82.99567260592084,46.141990661621094
85.81,82.82725312429588,46.109191894531236
85.82,82.80113495316722,46.07639312744143
85.83,82.70664218333287,46.04359436035157
85.84,82.69924272249376,46.01079559326171
85.85,82.71398411550634,45.977996826171896
85.86,82.61043644456899,45.94519805908204
85.87,82.69122004655031,45.91239929199218
85.88,82.57079815654663,45.87960052490237
85.89,82.57686213487781,45.846801757812514
85.9,82.37066425597251,45.814002990722656
85.91,82.25407917455934,45.90070419311516
85.92,82.26481837703201,45.987405395507785
85.93,82.27824497237305,46.07410659790042
85.94,82.28368901602282,46.16080780029292
85.95,82.32771609291976,46.24750900268555
85.96,82.29133278671095,46.33421020507805
85.97,82.37583547072492,46.420911407470676
85.98,82.19154285759213,46.50761260986331
85.99,82.18494831796136,46.59431381225581
86.0,82.1827694214005,46.68101501464844
86.01,82.17377216621001,46.64111404418943
86.02,82.2157635655388,46.60121307373048
86.03,82.15670181055499,46.561312103271476
86.04,82.29652074670801,46.52141113281247
86.05,82.48862239762364,46.481510162353516
86.06,82.46427165577188,46.44160919189451
86.07,82.4193095962193,46.401708221435555
86.08,82.46441288357785,46.361807250976554
86.09,82.57837816425128,46.321906280517545
86.1,82.44433407655758,46.282005310058594
86.11,82.4453225542244,46.28050537109375
86.12,82.5194303027694,46.279005432128905
86.13,82.36243299485908,46.277505493164064
86.14,82.59276186132351,46.276005554199216
86.15,82.59871742387746,46.274505615234375
86.16,82.5682929762579,46.273005676269534
86.17,82.5111851877739,46.271505737304686
86.18,82.55740552154639,46.270005798339845
86.19,82.36440897391311,46.268505859375
86.2,82.42274951539862,46.267005920410156
86.21,82.37479608202133,46.2975044250488
86.22,82.41115291333459,46.32800292968749
86.23,82.49448431575169,46.35850143432618
86.24,82.54596643827936,46.38899993896483
86.25,82.43217756958774,46.419498443603516
86.26,82.41451565220385,46.4499969482422
86.27,82.47323344163546,46.48049545288085
86.28,82.40983093936008,46.51099395751954
86.29,82.45099036576893,46.54149246215823
86.3,82.38388133104309,46.571990966796875
86.31,82.42182535095507,46.574092864990234
86.32,82.38596664331563,46.576194763183594
86.33,82.42627935783425,46.57829666137695
86.34,82.35560706777436,46.58039855957031
86.35,82.71308403624352,46.58250045776367
86.36,82.62770809007014,46.58460235595703
86.37,82.52687309013659,46.58670425415039
86.38,82.6117086251213,46.58880615234375
86.39,82.68655961895612,46.59090805053711
86.4,82.55967930290753,46.59300994873047
86.41,82.461665382516,46.562808990478544
86.42,82.49400919064281,46.53260803222657
86.43,82.5158470947077,46.5024070739746
86.44,82.64318856743377,46.47220611572267
86.45,82.60624731319895,46.4420051574707
86.46,82.76933552861759,46.41180419921878
86.47,82.81381397448338,46.381603240966804
86.48,82.78176770697358,46.35140228271484
86.49,82.66259101436455,46.321201324462905
86.5,82.63446817118864,46.29100036621094
86.51,82.79520425638181,46.288299560546875
86.52,82.68531257435825,46.28559875488281
86.53,82.78437903384726,46.28289794921875
86.54,82.67856326935824,46.28019714355469
86.55,82.66538042422566,46.277496337890625
86.56,82.65424235037894,46.27479553222656
86.57,82.59304453702218,46.2720947265625
86.58,82.58642748277113,46.26939392089844
86.59,82.56489498747685,46.266693115234375
86.6,82.4570627815814,46.26399230957031
86.61,82.39383333065643,46.348493957519565
86.62,82.36378025073394,46.432995605468825
86.63,82.31802463696373,46.51749725341796
86.64,82.43001465522796,46.60199890136721
86.65,82.5043980490431,46.68650054931646
86.66,82.3201540151171,46.7710021972656
86.67,82.4668522920382,46.855503845214855
86.68,82.23555809988314,46.94000549316411
86.69,82.1619239710359,47.02450714111325
86.7,82.23174387869501,47.1090087890625
86.71,82.26336293595133,47.079208374023466
86.72,82.18032140148553,47.04940795898438
86.73,82.14967938404168,47.019607543945305
86.74,82.02230269401568,46.989807128906264
86.75,81.78722833647323,46.96000671386719
86.76,81.8767553161936,46.93020629882811
86.77,81.82220197819173,46.90040588378907
86.78,81.77311951636801,46.87060546874999
86.79,81.51597976131077,46.84080505371091
86.8,81.74086622369852,46.811004638671875
86.81,81.71576342820816,46.793404388427724
86.82,81.5358366959237,46.7758041381836
86.83,81.52621110897759,46.75820388793946
86.84,81.60740170816987,46.74060363769531
86.85,81.81176664501146,46.723003387451186
86.86,81.95296214867834,46.705403137207036
86.87,81.96587046700337,46.687802886962885
86.88,81.9399652607929,46.67020263671876
86.89,82.05119844245088,46.65260238647462
86.9,82.08146343545745,46.63500213623047
86.91,81.84513390896237,46.675701904296844
86.92,81.8405101756975,46.71640167236327
86.93,81.78592416224701,46.7571014404297
86.94,81.97087535475745,46.79780120849607
86.95,82.14357985568343,46.8385009765625
86.96,82.23913521713177,46.879200744628875
86.97,82.28244501311005,46.9199005126953
86.98,82.16957489998354,46.96060028076173
86.99,82.186883715011,47.0013000488281
87.0,82.35090478716292,47.04199981689453
87.01,82.2954946842491,46.956800079345655
87.02,82.17546392018518,46.8716003417969
87.03,82.15443358523451,46.78640060424802
87.04,82.03802088772906,46.701200866699146
87.05,82.04725402938493,46.61600112915039
87.06,81.91270778026872,46.530801391601514
87.07,82.17779651861817,46.44560165405276
87.08,82.27451311530696,46.36040191650388
87.09,82.20015653583377,46.275202178955006
87.1,82.1515502931626,46.19000244140625
87.11,82.09471493135045,46.18380279541015
87.12,82.17437453115933,46.177603149414054
87.13,82.33522079098503,46.17140350341797
87.14,82.35597915049516,46.16520385742187
87.15,82.2622088487006,46.159004211425774
87.16,82.26878083992283,46.15280456542969
87.17,82.38077586471204,46.14660491943359
87.18,82.432472806761,46.140405273437494
87.19,82.3529704394317,46.13420562744141
87.2,82.61815320265818,46.12800598144531
87.21,82.37624609522965,46.17750625610347
87.22,82.22652590726175,46.227006530761706
87.23,82.35417648441168,46.276506805419935
87.24,82.5029340664864,46.3260070800781
87.25,82.27119170546108,46.37550735473633
87.26,82.37202441086993,46.42500762939456
87.27,82.20882834811773,46.47450790405272
87.28,82.08447999209406,46.52400817871095
87.29,82.1833077343349,46.573508453369186
87.3,82.29531512397644,46.623008728027344
87.31,82.46579949027713,46.64220733642579
87.32,82.43297342752398,46.66140594482421
87.33,82.34171872192077,46.68060455322265
87.34,82.2295259000919,46.6998031616211
87.35,82.30497317957858,46.71900177001952
87.36,82.33416882978997,46.738200378417964
87.37,82.47382406353698,46.75739898681641
87.38,82.56844714010136,46.776597595214824
87.39,82.62573538360041,46.79579620361327
87.4,82.62452735181226,46.81499481201172
87.41,82.55619798937265,46.82609558105468
87.42,82.4062886147693,46.837196350097656
87.43,82.21696860541819,46.848297119140625
87.44,82.30907770414159,46.85939788818359
87.45,82.11895339644408,46.87049865722656
87.46,82.28071368450131,46.881599426269524
87.47,82.10057564732789,46.8927001953125
87.48,81.91547171309139,46.90380096435547
87.49,81.84555599924991,46.91490173339843
87.5,81.70902825118891,46.926002502441406
87.51,81.57557697142973,46.922001647949216
87.52,81.56921149359653,46.91800079345703
87.53,81.83382101844353,46.91399993896484
87.54,81.80894692006085,46.90999908447265
87.55,81.9783829701694,46.90599822998047
87.56,81.92524181886606,46.90199737548828
87.57,81.86656595654652,46.897996520996095
87.58,81.9661136677356,46.893995666503905
87.59,81.699437176365,46.889994812011714
87.6,81.81579491167693,46.88599395751953
87.61,81.76366530710617,46.852495574951156
87.62,82.05604584343466,46.81899719238278
87.63,82.15638143784807,46.785498809814456
87.64,82.3330783893033,46.75200042724608
87.65,82.34017920804585,46.71850204467771
87.66,82.23727613214957,46.68500366210939
87.67,82.26481837703201,46.65150527954101
87.68,82.01027337151052,46.61800689697264
87.69,82.11578886875941,46.58450851440431
87.7,82.09821852438925,46.55101013183594
87.71,82.24600760333468,46.55250854492187
87.72,82.25505368843767,46.55400695800781
87.73,82.16538414603747,46.55550537109375
87.74,82.21897488549655,46.557003784179685
87.75,82.06784797835098,46.558502197265625
87.76,82.44320439505148,46.560000610351565
87.77,82.23403239970659,46.5614990234375
87.78,82.2861770500597,46.56299743652344
87.79,82.41305246731797,46.56449584960938
87.8,82.26870389798732,46.56599426269531
87.81,81.96642086917623,46.642595672607456
87.82,82.01179699456559,46.719197082519486
87.83,81.98684465347509,46.79579849243163
87.84,82.05242148317537,46.87239990234377
87.85,81.8584814397047,46.9490013122558
87.86,81.82678682675872,47.025602722167946
87.87,81.95722427811953,47.10220413208009
87.88,81.77320901118186,47.17880554199212
87.89,81.97769171730255,47.25540695190426
87.9,81.97433150454034,47.332008361816406
87.91,81.83376985959443,47.32950820922852
87.92,81.98894414024355,47.32700805664062
87.93,81.9126054132819,47.32450790405274
87.94,81.76323064383594,47.322007751464845
87.95,81.68842826173884,47.31950759887695
87.96,81.78799550264007,47.31700744628907
87.97,81.59275925986898,47.31450729370117
87.98,81.61606774335998,47.312007141113284
87.99,81.6161571521916,47.30950698852539
88.0,81.48810371227268,47.3070068359375
88.01,81.52758980539967,47.302705383300776
88.02,81.5882128960636,47.298403930664065
88.03,81.34009851011277,47.29410247802734
88.04,81.34286551675469,47.289801025390624
88.05,81.47680276270616,47.285499572753906
88.06,81.36859965186606,47.28119812011718
88.07,81.33464114187838,47.27689666748047
88.08,81.53383238230732,47.27259521484375
88.09,81.67926644341905,47.26829376220703
88.1,81.64464912903526,47.26399230957031
88.11,81.85316660176666,47.25509338378906
88.12,81.88430340080411,47.24619445800781
88.13,81.80161969172121,47.23729553222656
88.14,81.89665614129179,47.22839660644531
88.15,81.98109680590107,47.219497680664055
88.16,81.90706489554381,47.21059875488282
88.17,81.79746390526087,47.201699829101564
88.18,81.78064364152145,47.192800903320304
88.19,81.72671027783947,47.183901977539065
88.2,81.8240691545605,47.17500305175781
88.21,81.65332991723388,47.15870285034181
88.22,81.4626058983137,47.14240264892579
88.23,81.58290683940533,47.12610244750976
88.24,81.4107739201003,47.10980224609376
88.25,81.43124318891381,47.093502044677734
88.26,81.45440099224288,47.07720184326171
88.27,81.58127227585823,47.06090164184571
88.28,81.50890180690521,47.04460144042968
88.29,81.50165184663939,47.02830123901366
88.3,81.60302096800808,47.012001037597656
88.31,81.48989049583918,47.01680145263672
88.32,81.42730094779915,47.02160186767578
88.33,81.46705305081153,47.02640228271484
88.34,81.50588946031658,47.031202697753905
88.35,81.57731363511989,47.03600311279297
88.36,81.68125976601434,47.04080352783203
88.37,81.74410021510793,47.0456039428711
88.38,81.80683695155734,47.05040435791015
88.39,81.81869788278853,47.05520477294922
88.4,81.89716792703321,47.06000518798828
88.41,81.9065018973011,47.084503936767554
88.42,81.83376985959443,47.10900268554687
88.43,81.90853637736107,47.13350143432618
88.44,81.92785239834897,47.15800018310546
88.45,81.90611803597227,47.182498931884766
88.46,81.86309928730354,47.20699768066404
88.47,82.02122072557309,47.231496429443354
88.48,81.86885578939876,47.25599517822266
88.49,81.6673389630683,47.28049392700194
88.5,81.88275537543203,47.30499267578125
88.51,81.86185846781112,47.345393371582055
88.52,81.83154446513592,47.385794067382804
88.53,81.89555580736271,47.4261947631836
88.54,81.70113681994985,47.46659545898441
88.55,81.75692815625104,47.506996154785156
88.56,81.79678620240338,47.54739685058596
88.57,81.8805293150105,47.58779754638671
88.58,81.8922036728159,47.62819824218751
88.59,81.7008301160408,47.668598937988314
88.6,81.56266111796508,47.70899963378906
88.61,81.53047489304099,47.671300506591784
88.62,81.54299242146058,47.6336013793945
88.63,81.38618103384692,47.59590225219727
88.64,81.46739759874865,47.55820312499999
88.65,81.49345135865047,47.520503997802706
88.66,81.43093699201107,47.48280487060548
88.67,81.26901406819873,47.4451057434082
88.68,81.40304997704743,47.40740661621091
88.69,81.47860218429672,47.369707489013685
88.7,81.6594239931439,47.332008361816406
88.71,81.45520487613304,47.317906951904305
88.72,81.4558301219012,47.30380554199219
88.73,81.69404443932373,47.289704132080075
88.74,81.86481342454499,47.275602722167974
88.75,81.81712490085984,47.26150131225586
88.76,81.7571966142578,47.247399902343744
88.77,81.75688980514319,47.23329849243164
88.78,81.80527687113081,47.21919708251953
88.79,81.87685766077685,47.20509567260741
88.8,81.84361183484326,47.19099426269531
88.81,81.92982315747011,47.13169403076169
88.82,81.90464657587793,47.07239379882816
88.83,81.86845922387465,47.01309356689454
88.84,81.73672476290459,46.95379333496092
88.85,81.94173139516072,46.894493103027386
88.86,81.97378107580825,46.83519287109377
88.87,81.93872385889655,46.77589263916015
88.88,82.0347106603589,46.716592407226614
88.89,81.85857098121762,46.657292175292994
88.9,82.12465482490218,46.597991943359375
88.91,82.09032113083074,46.61699218749998
88.92,82.12118269546828,46.63599243164062
88.93,82.13967807299284,46.65499267578126
88.94,82.10772408575134,46.673992919921865
88.95,82.02211062760918,46.6929931640625
88.96,81.93439822267004,46.71199340820311
88.97,81.86545303259074,46.73099365234374
88.98,81.47086864083066,46.74999389648438
88.99,81.82525853143699,46.76899414062499
89.0,81.89608038424412,46.787994384765625
89.01,81.81110167084465,46.790093994140626
89.02,81.91911223935216,46.79219360351563
89.03,81.95879860621181,46.79429321289062
89.04,81.91947053831598,46.796392822265624
89.05,81.85224563608993,46.798492431640625
89.06,81.78335420229465,46.800592041015626
89.07,81.84192350027632,46.80269165039063
89.08,81.81198404099833,46.80479125976562
89.09,81.83258042086081,46.806890869140624
89.1,81.74651616347975,46.808990478515625
89.11,81.58937501633383,46.81389236450195
89.12,81.46859714169506,46.81879425048829
89.13,81.63377803146851,46.82369613647461
89.14,81.54269878147446,46.82859802246094
89.15,81.49541050181622,46.833499908447266
89.16,81.52016668672141,46.838401794433594
89.17,81.53911769558623,46.84330368041992
89.18,81.47047304038936,46.84820556640625
89.19,81.60689082862498,46.85310745239258
89.2,81.43676120822559,46.858009338378906
89.21,81.59872336175614,46.87280960083007
89.22,81.58678260555422,46.88760986328125
89.23,81.63864502561769,46.90241012573242
89.24,81.59577321131,46.917210388183584
89.25,81.50110300714285,46.932010650634766
89.26,81.52822809472806,46.94681091308595
89.27,81.40741896553473,46.96161117553711
89.28,81.41151380531592,46.97641143798828
89.29,81.27894311699312,46.991211700439464
89.3,81.19447637044496,47.006011962890625
89.31,81.28353821314275,47.01551055908204
89.32,81.51023567884044,47.02500915527343
89.33,81.62649058847839,47.034507751464844
89.34,81.3782350585905,47.04400634765625
89.35,81.32423057487998,47.05350494384765
89.36,81.26897583169921,47.06300354003906
89.37,81.24845688010252,47.07250213623047
89.38,81.28641897935297,47.08200073242187
89.39,81.49373214684081,47.091499328613274
89.4,81.3241668257403,47.10099792480469
89.41,81.41333801943522,47.1268974304199
89.42,81.42409874451334,47.15279693603515
89.43,81.38130881681748,47.178696441650395
89.44,81.26014981644403,47.20459594726561
89.45,81.17913218359988,47.23049545288086
89.46,81.04073701866622,47.256394958496074
89.47,81.08282624469382,47.282294464111324
89.48,81.00021744905541,47.30819396972657
89.49,81.05966404203143,47.33409347534178
89.5,81.08640366507254,47.35999298095703
89.51,80.98617667818381,47.38099441528321
89.52,81.09656982327739,47.40199584960937
89.53,81.30144185237302,47.42299728393555
89.54,81.19072458806201,47.44399871826174
89.55,80.96388699031854,47.46500015258789
89.56,81.17905575291033,47.48600158691407
89.57,81.07448772420217,47.50700302124023
89.58,81.00915022837349,47.52800445556641
89.59,81.15792405300014,47.5490058898926
89.6,81.00612168105467,47.57000732421875
89.61,81.05620813784658,47.44690704345698
89.62,81.21619256169372,47.323806762695206
89.63,81.39364907095285,47.20070648193361
89.64,81.25147720991983,47.07760620117184
89.65,81.35570019480689,46.95450592041007
89.66,81.39271793883941,46.83140563964847
89.67,81.51065690467826,46.708305358886705
89.68,81.77467929013491,46.58520507812493
89.69,81.56534252648471,46.46210479736333
89.7,81.70360325148067,46.33900451660156
89.71,81.78661460613031,46.4140045166015
89.72,81.76270649260555,46.48900451660154
89.73,81.85439456406179,46.564004516601585
89.74,81.9148575017677,46.63900451660152
89.75,81.87661459249604,46.71400451660156
89.76,81.87919881058586,46.78900451660161
89.77,81.76475197033642,46.86400451660154
89.78,81.76662488061403,46.939004516601585
89.79,81.6811192104189,47.014004516601624
89.8,81.47421214098658,47.08900451660156
89.81,81.45826732729252,47.08270416259765
89.82,81.48863974528577,47.07640380859375
89.83,81.3504335813572,47.07010345458985
89.84,81.25860770220733,47.063803100585936
89.85,81.38972049491812,47.05750274658204
89.86,81.4218534124338,47.051202392578126
89.87,81.34725839315182,47.044902038574214
89.88,81.27644486532897,47.03860168457032
89.89,81.54783117389033,47.03230133056641
89.9,81.5190561198086,47.0260009765625
89.91,81.40003958710972,46.98100204467777
89.92,81.54036244737993,46.93600311279298
89.93,81.46087045604092,46.89100418090819
89.94,81.5392964289813,46.84600524902346
89.95,81.40353470605407,46.80100631713867
89.96,81.69058142478876,46.756007385253945
89.97,81.76251473038005,46.71100845336915
89.98,81.76666323400511,46.66600952148436
89.99,81.72959888652558,46.621010589599635
90.0,81.72474196311128,46.576011657714844
90.01,81.81167712910083,46.568310546875
90.02,81.65966673882245,46.56060943603516
90.03,81.73391911336344,46.55290832519531
90.04,81.69841484287434,46.545207214355464
90.05,81.65847856604549,46.537506103515625
90.06,81.6194525404376,46.52980499267578
90.07,81.49441497198195,46.52210388183594
90.08,81.55215936168123,46.51440277099609
90.09,81.63442951046399,46.506701660156246
90.1,81.63404628721065,46.499000549316406
90.11,81.84333044453943,46.5155014038086
90.12,81.76864483811546,46.53200225830079
90.13,81.77221178602349,46.548503112792964
90.14,81.637342036585,46.56500396728516
90.15,81.58673152398218,46.58150482177736
90.16,81.55430434686762,46.59800567626953
90.17,81.38394897914722,46.61450653076172
90.18,81.3751103431314,46.631007385253916
90.19,81.6764937210262,46.64750823974609
90.2,81.40049879553611,46.66400909423828
90.21,81.39628943344388,46.73710784912103
90.22,81.40274383315526,46.81020660400389
90.23,81.43641672507948,46.88330535888674
90.24,81.21045905149963,46.95640411376949
90.25,81.01775898971437,47.029502868652344
90.26,80.98771620518394,47.1026016235352
90.27,80.91560954615109,47.17570037841795
90.28,80.84597574151663,47.2487991333008
90.29,80.99521047534526,47.321897888183656
90.3,80.94170848590284,47.394996643066406
90.31,80.91624543533796,47.358095550537094
90.32,80.92179049493667,47.32119445800783
90.33,80.83550115773525,47.28429336547852
90.34,80.77207706696504,47.247392272949206
90.35,80.93010207842352,47.21049118041995
90.36,81.08744762468412,47.17359008789064
90.37,81.09954913205421,47.136688995361325
90.38,81.26793707960393,47.09978790283206
90.39,81.35621028748893,47.06288681030275
90.4,81.25706560260349,47.02598571777344
90.41,81.1835270087623,46.99858703613283
90.42,81.27198379713992,46.97118835449219
90.43,81.37353525690531,46.94378967285156
90.44,81.21765782454611,46.91639099121095
90.45,81.36632957887511,46.88899230957031
90.46,81.28959297999015,46.86159362792971
90.47,81.2558421290305,46.83419494628907
90.48,81.37255322536966,46.80679626464843
90.49,81.33601821752693,46.77939758300783
90.5,81.38193377891075,46.75199890136719
90.51,81.33321307574118,46.762000274658206
90.52,81.51573722929203,46.77200164794922
90.53,81.26359095055435,46.782003021240236
90.54,81.62265858276902,46.79200439453126
90.55,81.60869168613726,46.802005767822266
90.56,81.67823145858775,46.812007141113284
90.57,81.73326723750246,46.822008514404295
90.58,81.59476429763805,46.832009887695314
90.59,81.58194908534054,46.84201126098634
90.6,81.6451409616048,46.852012634277344
90.61,81.51649035621381,46.797611999511695
90.62,81.68408368132637,46.743211364746045
90.63,81.62558367233552,46.688810729980474
90.64,81.66487307896735,46.634410095214825
90.65,81.49786106269848,46.58000946044918
90.66,81.7163257705333,46.52560882568361
90.67,81.86952099824119,46.47120819091796
90.68,81.84591413731711,46.416807556152314
90.69,81.71800002845745,46.36240692138674
90.7,81.71607016014565,46.308006286621094
90.71,81.51257158129478,46.409005737304604
90.72,81.55538323130264,46.510005187988256
90.73,81.56520207065884,46.6110046386719
90.74,81.4249024788616,46.71200408935541
90.75,81.60045388337124,46.81300354003906
90.76,81.86879182715249,46.914002990722715
90.77,81.87486195294076,47.015002441406224
90.78,81.77176431517242,47.11600189208987
90.79,82.04628074723827,47.21700134277352
90.8,81.9226824675937,47.31800079345703
90.81,81.91149217643044,47.26529998779294
90.82,81.74087900614732,47.21259918212893
90.83,81.73518452686739,47.15989837646485
90.84,81.55537046336576,47.107197570800764
90.85,81.54488194358346,47.054496765136754
90.86,81.76873433048068,47.00179595947267
90.87,81.69582070035037,46.949095153808585
90.88,81.66022249731743,46.896394348144575
90.89,81.74719365805696,46.843693542480494
90.9,81.64967613590436,46.790992736816406
90.91,81.73673754502958,46.798992919921865
90.92,81.69074754558116,46.80699310302734
90.93,81.69801869036627,46.81499328613282
90.94,81.65771200755104,46.82299346923828
90.95,81.69987167003545,46.83099365234375
90.96,81.64945895567213,46.83899383544921
90.97,81.69422334243751,46.84699401855468
90.98,81.66939602440054,46.85499420166016
90.99,81.48460677826473,46.86299438476562
91.0,81.49991598850568,46.870994567871094
91.01,81.46707857285597,46.85009536743163
91.02,81.73997145476538,46.82919616699219
91.03,81.6321046365514,46.80829696655273
91.04,81.64690391580444,46.787397766113266
91.05,81.6410083165725,46.76649856567383
91.06,81.63947536719046,46.74559936523436
91.07,81.72363000358018,46.724700164794925
91.08,81.71686255364865,46.703800964355466
91.09,81.8407531903806,46.682901763916
91.1,81.9212364517995,46.66200256347656
91.11,81.73770898945324,46.64460220336913
91.12,81.68918218598614,46.6272018432617
91.13,81.76817180785572,46.6098014831543
91.14,81.7588968585359,46.59240112304687
91.15,81.88865969677913,46.57500076293944
91.16,81.96192810546363,46.55760040283204
91.17,81.88958086729005,46.54020004272461
91.18,81.98223611825097,46.522799682617176
91.19,81.91747431121037,46.505399322509774
91.2,82.0514417697383,46.487998962402344
91.21,81.89135925279386,46.51209945678709
91.22,81.75660856396053,46.53619995117187
91.23,82.08503079235476,46.56030044555665
91.24,81.93955572510725,46.58440093994139
91.25,81.91760227375678,46.60850143432617
91.26,81.88712442410788,46.632601928710955
91.27,82.01301334245797,46.656702423095695
91.28,82.10484161346147,46.68080291748048
91.29,81.93988847277389,46.70490341186525
91.3,81.93370715527115,46.72900390625
91.31,81.7112647592644,46.833503723144574
91.32,81.60268890503505,46.938003540039006
91.33,81.77768381431504,47.04250335693358
91.34,81.61160375309339,47.14700317382815
91.35,81.598059253974,47.251502990722585
91.36,81.69046641818528,47.35600280761716
91.37,81.8684336390351,47.46050262451173
91.38,81.94023401914279,47.56500244140616
91.39,81.91875394117193,47.66950225830074
91.4,81.88805837993502,47.77400207519531
91.41,81.64893516924157,47.71860198974614
91.42,81.80789832625193,47.66320190429689
91.43,81.79551392148134,47.60780181884764
91.44,81.7656404799881,47.55240173339847
91.45,81.67233472838663,47.49700164794922
91.46,81.78997736522433,47.44160156250005
91.47,81.81658778854238,47.3862014770508
91.48,81.91515181107296,47.33080139160155
91.49,81.88374048079393,47.275401306152375
91.5,81.75998349007877,47.220001220703125
91.51,81.71572508675646,47.205601501464834
91.52,81.80908758559521,47.191201782226564
91.53,81.73394467717566,47.17680206298828
91.54,81.58341764387193,47.16240234374999
91.55,81.52312823547238,47.14800262451172
91.56,81.60456634688651,47.13360290527343
91.57,81.57676454092535,47.11920318603516
91.58,81.51613293961378,47.104803466796874
91.59,81.61481602485935,47.09040374755858
91.6,81.55526831990676,47.07600402832031
91.61,81.61330248281097,47.079803466796875
91.62,81.53187915770783,47.08360290527344
91.63,81.57828413170417,47.08740234375
91.64,81.51735837121893,47.09120178222656
91.65,81.71460040817482,47.095001220703125
91.66,81.82672288094831,47.09880065917969
91.67,81.71190376719356,47.10260009765625
91.68,81.67910033430067,47.10639953613281
91.69,81.54130719046937,47.110198974609375
91.7,81.65712431514194,47.11399841308594
91.71,81.74214447352685,47.164098358154256
91.72,81.63132542797709,47.214198303222645
91.73,81.59540284987038,47.26429824829103
91.74,81.47150670808244,47.314398193359345
91.75,81.5941385188745,47.364498138427734
91.76,81.64708276729391,47.414598083496124
91.77,81.60580521490164,47.46469802856444
91.78,81.57848844751013,47.514797973632824
91.79,81.67625095033854,47.56489791870121
91.8,81.428449163517,47.61499786376953
91.81,81.22894078853558,47.57769699096678
91.82,81.11142234573201,47.54039611816408
91.83,81.12113165107775,47.50309524536134
91.84,81.20645208778065,47.465794372558584
91.85,81.15015479876732,47.42849349975589
91.86,81.07420765920104,47.391192626953135
91.87,81.3135975638838,47.35389175415038
91.88,81.54550753343446,47.316590881347686
91.89,81.54973351956869,47.27929000854494
91.9,81.36417431416083,47.24198913574219
91.91,81.4010728078906,47.2714904785156
91.92,81.44778505359952,47.30099182128905
91.93,81.34491210915128,47.33049316406251
91.94,81.46935005082133,47.35999450683592
91.95,81.34461882603038,47.389495849609375
91.96,81.3604887501132,47.41899719238279
91.97,81.56202269386155,47.44849853515624
91.98,81.63786578582874,47.4779998779297
91.99,81.57486187998914,47.507501220703105
92.0,81.45198936437318,47.53700256347656
92.01,81.76187552458582,47.49570159912107
92.02,81.66115515829645,47.45440063476563
92.03,81.41317218094348,47.41309967041015
92.04,81.31911797323222,47.371798706054655
92.05,81.33289431268997,47.33049774169922
92.06,81.45027955460246,47.289196777343726
92.07,81.51498410584931,47.24789581298829
92.08,81.69966720228192,47.206594848632804
92.09,81.67451962518189,47.16529388427731
92.1,81.6441125831511,47.123992919921875
92.11,81.5501420799242,47.12109298706054
92.12,81.39730987486573,47.11819305419922
92.13,81.46476884402556,47.11529312133789
92.14,81.46681059158884,47.11239318847656
92.15,81.35723047765039,47.109493255615234
92.16,81.58671875359167,47.10659332275391
92.17,81.38495658862176,47.10369338989258
92.18,81.37238742842233,47.10079345703125
92.19,81.43728431365551,47.097893524169926
92.2,81.70625502368368,47.094993591308594
92.21,81.56294202536219,47.120294952392555
92.22,81.54071991709445,47.14559631347655
92.23,81.31232904634089,47.17089767456056
92.24,81.29861181124987,47.19619903564452
92.25,81.04361984035447,47.221500396728516
92.26,81.10570526764604,47.24680175781251
92.27,81.10485217972922,47.272103118896474
92.28,81.0818205072692,47.29740447998048
92.29,81.02029144047864,47.322705841064476
92.3,80.96159712712367,47.34800720214844
92.31,81.11698682234149,47.40040512084963
92.32,81.16941940775827,47.45280303955075
92.33,81.25799595846469,47.50520095825195
92.34,81.13759104866463,47.557598876953136
92.35,81.25407065757636,47.60999679565426
92.36,81.35911146732774,47.66239471435546
92.37,81.32922220738692,47.714792633056646
92.38,81.124964600188,47.76719055175777
92.39,81.23727450478887,47.81958847045896
92.4,81.1570961639448,47.871986389160156
92.41,81.06423384416892,47.795286560058656
92.42,81.00642707821773,47.71858673095705
92.43,81.1160318070676,47.64188690185545
92.44,81.35105842488734,47.56518707275395
92.45,81.23870809728872,47.488487243652344
92.46,81.36247817916168,47.411787414550844
92.47,81.34414702385834,47.33508758544924
92.48,81.27641937316294,47.25838775634764
92.49,81.24274771802207,47.18168792724614
92.5,81.20635016305611,47.10498809814453
92.51,81.22266530084305,47.03468856811519
92.52,81.11857215741051,46.964389038085955
92.53,81.00867940007387,46.894089508056624
92.54,81.17896658381801,46.823789978027285
92.55,81.24185567956694,46.75349044799805
92.56,81.34268699877694,46.68319091796871
92.57,81.50068180599182,46.61289138793947
92.58,81.53823679814386,46.54259185791014
92.59,81.66742839997883,46.4722923278808
92.6,81.67482627970237,46.40199279785156
92.61,81.51096325142574,46.50199356079106
92.62,81.51567340513654,46.60199432373055
92.63,81.38763507451516,46.70199508666991
92.64,81.45716994234205,46.801995849609405
92.65,81.28389511946027,46.9019966125489
92.66,81.37633471428572,47.00199737548825
92.67,81.61531415658219,47.101998138427746
92.68,81.6386961234387,47.20199890136725
92.69,81.68952720332747,47.3019996643066
92.7,81.74429195573794,47.402000427246094
92.71,81.75223660414854,47.36700057983401
92.72,81.75778466666988,47.33200073242188
92.73,81.8251562191078,47.29700088500976
92.74,81.7076991408897,47.26200103759768
92.75,81.761913876863,47.22700119018555
92.76,81.54110292122952,47.192001342773416
92.77,81.60391498706284,47.157001495361335
92.78,81.63715042142779,47.12200164794921
92.79,81.61562069993644,47.08700180053708
92.8,81.64034403673993,47.052001953125
92.81,81.50583840407447,47.036000061035146
92.82,81.5436946061799,47.01999816894532
92.83,81.59235059277277,47.003996276855474
92.84,81.7358427986939,46.98799438476562
92.85,81.68745711020844,46.971992492675795
92.86,81.66744117668433,46.95599060058594
92.87,81.57385309560786,46.93998870849609
92.88,81.50160079172456,46.92398681640626
92.89,81.50443436368303,46.907984924316416
92.9,81.50565970735303,46.89198303222656
92.91,81.55830711516701,46.89908447265624
92.92,81.57318908903947,46.906185913085935
92.93,81.55688985487079,46.91328735351563
92.94,81.63472331556737,46.92038879394531
92.95,81.62859822995975,46.927490234375
92.96,81.80904922225567,46.93459167480468
92.97,81.60491118549264,46.94169311523437
92.98,81.73253867344002,46.948794555664065
92.99,81.65844023803531,46.955895996093744
93.0,81.5230005813996,46.96299743652344
93.01,81.49653367098045,46.98619842529298
93.02,81.59694815661238,47.00939941406249
93.03,81.5879191746682,47.03260040283204
93.04,81.52331971676895,47.055801391601584
93.05,81.48880566062331,47.079002380371094
93.06,81.33026772892772,47.10220336914064
93.07,81.55231257397335,47.12540435791015
93.08,81.58340487374078,47.148605346679695
93.09,81.64224746117495,47.17180633544924
93.1,81.72839742361488,47.19500732421875
93.11,81.68016088003681,47.18370666503906
93.12,81.72295260665423,47.172406005859365
93.13,81.9083316486645,47.16110534667969
93.14,81.79493852007359,47.149804687499994
93.15,81.97017133317866,47.138504028320305
93.16,81.99691347068978,47.12720336914063
93.17,82.05489321135046,47.115902709960935
93.18,82.01594541813913,47.104602050781246
93.19,82.1122080321047,47.093301391601564
93.2,82.05951659559875,47.082000732421875
93.21,81.99478827731242,47.07500152587891
93.22,82.0387252006185,47.06800231933594
93.23,82.04726683576745,47.06100311279297
93.24,82.31171362975716,47.05400390625
93.25,82.29965027671375,47.04700469970703
93.26,82.38613346965504,47.04000549316406
93.27,82.1046750721642,47.033006286621095
93.28,82.07822277740688,47.026007080078124
93.29,81.86826733767553,47.01900787353515
93.3,82.06082294937404,47.01200866699219
93.31,82.13588529324625,46.954707336425756
93.32,81.96462886888804,46.89740600585941
93.33,82.20444431352227,46.84010467529298
93.34,82.1582972732218,46.782803344726545
93.35,82.1206445860368,46.7255020141602
93.36,82.4537376889886,46.66820068359377
93.37,82.26240119601353,46.610899353027335
93.38,82.13629531926746,46.55359802246099
93.39,82.38477961734203,46.49629669189456
93.4,82.4016811398186,46.438995361328125
93.41,82.41589541906121,46.40499572753909
93.42,82.26236272653296,46.37099609375001
93.43,82.39856892385353,46.33699645996093
93.44,82.2365068617518,46.30299682617189
93.45,82.22148758090204,46.26899719238281
93.46,82.22673103323359,46.234997558593776
93.47,82.03115079692937,46.200997924804696
93.48,81.9904675651547,46.16699829101562
93.49,82.04459032354602,46.13299865722658
93.5,82.01376876305793,46.0989990234375
93.51,82.14359266958127,46.142199707031274
93.52,82.20470068659618,46.185400390624984
93.53,82.13063192540905,46.228601074218766
93.54,82.05845358990581,46.27180175781254
93.55,82.0141656803606,46.31500244140625
93.56,82.05113440901417,46.358203125000024
93.57,82.07722369415083,46.401403808593734
93.58,82.21036663357513,46.444604492187516
93.59,82.00085667352612,46.48780517578129
93.6,82.00339163970136,46.531005859375
93.61,81.94002925083623,46.53070602416992
93.62,82.01828855559633,46.53040618896485
93.63,82.06442187973272,46.53010635375976
93.64,82.0850564110165,46.529806518554686
93.65,81.94809859281892,46.52950668334961
93.66,81.8496490524262,46.52920684814453
93.67,81.81523222719989,46.528907012939456
93.68,81.89370060991817,46.52860717773437
93.69,81.85434339878226,46.528307342529295
93.7,81.77283824727185,46.52800750732422
93.71,81.78908232753551,46.594706726074165
93.72,81.67534375780423,46.6614059448242
93.73,81.87336518802532,46.728105163574234
93.74,81.92911931220586,46.79480438232418
93.75,82.07307372109815,46.86150360107422
93.76,81.990262734091,46.92820281982426
93.77,82.00947955670317,46.9949020385742
93.78,82.02858979187583,47.061601257324234
93.79,81.89610597340327,47.12830047607427
93.8,81.82577009404238,47.19499969482422
93.81,81.87664017861387,47.182700347900386
93.82,81.66471976097795,47.17040100097657
93.83,81.67192586205711,47.158101654052736
93.84,81.63149148850897,47.1458023071289
93.85,81.93657382425154,47.133502960205085
93.86,81.82636478487179,47.12120361328125
93.87,81.75131620645226,47.10890426635742
93.88,81.9034694173192,47.0966049194336
93.89,81.9085491729131,47.08430557250977
93.9,81.77460257960185,47.07200622558594
93.91,81.90948325091085,47.06140594482423
93.92,81.88569791552683,47.0508056640625
93.93,81.8478839106929,47.04020538330078
93.94,81.79801374171753,47.029605102539065
93.95,81.6256347660688,47.019004821777344
93.96,81.77462814977554,47.008404541015636
93.97,81.77217343133114,46.99780426025391
93.98,81.69228097625579,46.987203979492186
93.99,81.68835159167129,46.97660369873047
94.0,81.8725336578729,46.96600341796875
94.01,81.66838665566492,46.98430099487306
94.02,81.74140308740908,47.00259857177734
94.03,81.80459913590832,47.02089614868164
94.04,81.70624224394237,47.03919372558595
94.05,81.79761734780706,47.057491302490234
94.06,81.66400427893038,47.075788879394544
94.07,81.73608565792935,47.094086456298825
94.08,81.76438122559925,47.11238403320313
94.09,81.56603203865666,47.13068161010744
94.1,81.46099806146074,47.14897918701172
94.11,81.46834191905198,47.09958190917967
94.12,81.67582929684383,47.05018463134761
94.13,81.5407837510545,47.00078735351563
94.14,81.40692146865219,46.95139007568358
94.15,81.68341922627316,46.90199279785153
94.16,81.65357265385445,46.85259552001955
94.17,81.59763780236013,46.80319824218749
94.18,81.57307416510005,46.75380096435544
94.19,81.79647931901405,46.704403686523456
94.2,81.82754138920845,46.655006408691406
94.21,81.6783847892601,46.68870544433591
94.22,81.75251783781138,46.72240447998046
94.23,81.75094549217717,46.75610351562501
94.24,81.5778882705582,46.78980255126951
94.25,81.69046641818528,46.82350158691406
94.26,81.72996955239756,46.857200622558615
94.27,81.73737665255341,46.89089965820312
94.28,81.8230076749707,46.92459869384766
94.29,81.72844854951629,46.958297729492216
94.3,81.71941868790832,46.99199676513672
94.31,81.69689413364092,46.93069686889646
94.32,81.93736728613398,46.86939697265628
94.33,82.13732038879803,46.808097076416026
94.34,82.20418794084813,46.74679718017576
94.35,82.26758824396582,46.68549728393559
94.36,82.29759811917404,46.62419738769533
94.37,82.31467669447538,46.56289749145507
94.38,82.22085940345116,46.501597595214896
94.39,82.29611032095688,46.44029769897463
94.4,82.38326536612566,46.378997802734375
94.41,82.34573435500471,46.34969787597659
94.42,82.20866170139054,46.32039794921876
94.43,82.24203286734857,46.29109802246093
94.44,82.25591280414457,46.26179809570314
94.45,82.40848330690194,46.23249816894531
94.46,82.64908811077146,46.203198242187526
94.47,82.65294413523647,46.173898315429696
94.48,82.52080452865123,46.14459838867187
94.49,82.62463016268447,46.11529846191408
94.5,82.72876540062359,46.08599853515625
94.51,82.68929157669706,46.141299438476594
94.52,82.63183350592934,46.19660034179686
94.53,82.61271737858776,46.2519012451172
94.54,82.6097425320328,46.30720214843755
94.55,82.47266850092593,46.36250305175781
94.56,82.35470252807318,46.417803955078156
94.57,82.45200455919804,46.47310485839842
94.58,82.342591119505,46.528405761718766
94.59,82.05735216958331,46.58370666503911
94.6,82.1155454460785,46.639007568359375
94.61,82.15133244648413,46.610308074951156
94.62,82.10973544083062,46.581608581542945
94.63,82.12433451468554,46.55290908813477
94.64,82.17510506182617,46.52420959472656
94.65,82.25542554393921,46.49551010131834
94.66,82.18842820112444,46.46681060791016
94.67,82.12571825930094,46.43811111450195
94.68,82.1221051728811,46.40941162109373
94.69,82.1593481102884,46.38071212768556
94.7,82.1772069576462,46.352012634277344
94.71,82.12743514382504,46.35031204223633
94.72,81.96643366924876,46.348611450195314
94.73,82.14043407671981,46.346910858154295
94.74,82.25395094947879,46.345210266113284
94.75,82.31713954209935,46.343509674072266
94.76,82.32640761647977,46.34180908203125
94.77,82.25012988794504,46.340108489990236
94.78,81.98880332016805,46.33840789794922
94.79,81.83878350281212,46.3367073059082
94.8,82.07339393133284,46.33500671386719
94.81,82.13635938592573,46.33840713500977
94.82,82.22892333303737,46.34180755615234
94.83,82.2303592411457,46.34520797729492
94.84,82.1345783421338,46.3486083984375
94.85,82.07475162966708,46.35200881958008
94.86,82.12797967912992,46.35540924072266
94.87,81.83576506655879,46.35880966186524
94.88,82.03514604464054,46.36221008300781
94.89,81.83345011714984,46.36561050415039
94.9,81.84150141935558,46.36901092529297
94.91,81.71189098701049,46.33320999145511
94.92,81.85425385958158,46.297409057617195
94.93,81.77737696676179,46.26160812377929
94.94,81.88320314986193,46.22580718994143
94.95,81.91304047341764,46.190006256103516
94.96,81.7928287322272,46.15420532226565
94.97,81.98905935675891,46.11840438842774
94.98,81.95694269257518,46.08260345458984
94.99,82.07408558757159,46.046802520751974
95.0,82.16790883821626,46.01100158691406
95.01,82.13559058767565,46.04700088500979
95.02,82.19818252803954,46.08300018310546
95.03,81.84553041798938,46.11899948120118
95.04,81.89304809719152,46.1549987792969
95.05,81.70272146598418,46.19099807739258
95.06,81.77113785803778,46.2269973754883
95.07,81.8949800541829,46.26299667358398
95.08,81.88189821065272,46.298995971679695
95.09,81.88869807878031,46.33499526977542
95.1,81.9154333248162,46.370994567871094
95.11,81.99998608812106,46.40849533081056
95.12,81.90903540463086,46.44599609375003
95.13,81.99275272634642,46.48349685668945
95.14,82.22773102601033,46.520997619628915
95.15,82.01376876305793,46.55849838256839
95.16,82.09229384304977,46.595999145507804
95.17,82.09394632802207,46.63349990844727
95.18,82.0507630155739,46.67100067138674
95.19,81.93351519262201,46.70850143432616
95.2,82.08193737104821,46.746002197265625
95.21,81.7875479886055,46.73340225219728
95.22,81.76567883314829,46.72080230712891
95.23,81.82464465842133,46.70820236206054
95.24,81.72419237297228,46.695602416992195
95.25,81.68605150637562,46.68300247192383
95.26,81.64227301064714,46.67040252685546
95.27,81.66383818533187,46.65780258178712
95.28,81.7503958139371,46.64520263671874
95.29,81.81363370231038,46.632602691650376
95.3,81.88069562882367,46.62000274658203
95.31,81.94844415649871,46.64640197753907
95.32,81.98468118608656,46.672801208496075
95.33,81.88666384511295,46.69920043945312
95.34,81.89041248400687,46.72559967041016
95.35,81.76252751452141,46.751998901367166
95.36,81.71779553802051,46.77839813232421
95.37,81.89086027937265,46.80479736328125
95.38,81.81560308720601,46.83119659423826
95.39,81.6632632472567,46.857595825195304
95.4,81.84848508001548,46.883995056152344
95.41,81.96909610605671,46.903995513916
95.42,81.85573765836874,46.92399597167968
95.43,81.87697279850948,46.94399642944337
95.44,81.70711126862852,46.96399688720702
95.45,81.7321296564422,46.9839973449707
95.46,81.90691135037663,47.00399780273436
95.47,81.84946997920893,47.02399826049804
95.48,81.84026716137521,47.043998718261726
95.49,81.86222943347805,47.063999176025376
95.5,82.02898674504108,47.08399963378906
95.51,82.05908114665102,47.134000396728545
95.52,81.66773504118672,47.18400115966796
95.53,81.79724652856679,47.23400192260743
95.54,81.70369270824617,47.284002685546916
95.55,81.82236823275781,47.33400344848633
95.56,81.76716182890762,47.38400421142581
95.57,81.77425738264832,47.43400497436522
95.58,81.79953539177774,47.4840057373047
95.59,81.74930285726288,47.53400650024418
95.6,81.87214987614985,47.584007263183594
95.61,81.87725424664117,47.513007354736295
95.62,82.06357657227272,47.442007446289004
95.63,81.98034153578551,47.371007537841805
95.64,81.92292560424603,47.300007629394514
95.65,82.18490986659522,47.229007720947216
95.66,82.1596044130314,47.15800781250002
95.67,82.16438453244207,47.087007904052726
95.68,82.2317310579235,47.01600799560543
95.69,82.28792126129659,46.945008087158236
95.7,82.18096224087216,46.87400817871094
95.71,81.9243844317368,46.85720748901369
95.72,81.98640939738722,46.84040679931641
95.73,81.96368167664932,46.823606109619135
95.74,81.91293810622292,46.806805419921886
95.75,82.00860892552555,46.79000473022461
95.76,81.90371252545886,46.77320404052733
95.77,81.83026551649583,46.756403350830084
95.78,81.90547826908977,46.73960266113281
95.79,81.72837186067017,46.72280197143553
95.8,81.74958408587952,46.70600128173828
95.81,81.82651825452292,46.7388023376465
95.82,81.88147602666425,46.77160339355467
95.83,81.90569578954947,46.804404449462886
95.84,82.05004584441278,46.8372055053711
95.85,82.15977101002873,46.870006561279276
95.86,82.23380162276094,46.90280761718749
95.87,82.37755496766862,46.93560867309571
95.88,82.15502306450986,46.96840972900388
95.89,82.217763423789,47.0012107849121
95.9,82.00336603378653,47.03401184082031
95.91,82.27753963207691,46.9793106079102
95.92,82.14220237020906,46.92460937500002
95.93,82.0374318283614,46.86990814208983
95.94,82.15927121954347,46.81520690917972
95.95,82.16315424713355,46.76050567626953
95.96,82.18421774354283,46.70580444335942
95.97,81.9510039101475,46.651103210449236
95.98,81.99522355564093,46.596401977539045
95.99,82.10230507970014,46.54170074462894
96.0,82.18917161170943,46.48699951171875
96.01,82.13442458386304,46.500299835205084
96.02,82.35877621302859,46.5136001586914
96.03,82.36728316757693,46.52690048217774
96.04,82.44154839865057,46.54020080566407
96.05,82.18730668561246,46.55350112915039
96.06,82.1190302683205,46.566801452636724
96.07,82.15617639964346,46.580101776123044
96.08,82.07635270345295,46.59340209960938
96.09,82.05600742223476,46.60670242309571
96.1,82.23407086256235,46.62000274658203
96.11,82.04216997448614,46.57780227661131
96.12,82.12661513703746,46.53560180664059
96.13,82.30576842321909,46.493401336669926
96.14,82.5690766439558,46.45120086669921
96.15,82.39659253507912,46.40900039672849
96.16,82.48261302137857,46.36679992675782
96.17,82.57525618673753,46.324599456787105
96.18,82.37149831188917,46.28239898681638
96.19,82.42585577275119,46.24019851684572
96.2,82.57309781703533,46.197998046875
96.21,82.52308422494164,46.234296417236294
96.22,82.38195644832189,46.270594787597645
96.23,82.38513893323285,46.306893157958996
96.24,82.462101898318,46.34319152832029
96.25,82.36816853197804,46.37948989868164
96.26,82.44794782290677,46.41578826904299
96.27,82.57348323812758,46.452086639404286
96.28,82.4449374323509,46.488385009765636
96.29,82.42880805506341,46.52468338012699
96.3,82.44130449360915,46.56098175048828
96.31,82.59758668515472,46.51268463134764
96.32,82.53841360762866,46.46438751220706
96.33,82.56231281762857,46.41609039306641
96.34,82.55803498330872,46.36779327392577
96.35,82.76156026513391,46.31949615478519
96.36,82.69272426864667,46.27119903564454
96.37,82.8322585061999,46.2229019165039
96.38,82.59244063952582,46.17460479736332
96.39,82.6645448817724,46.12630767822267
96.4,82.79370553746648,46.07801055908203
96.41,82.8960034823742,46.1455101013183
96.42,83.04245358527763,46.21300964355467
96.43,83.08609035095567,46.28050918579103
96.44,83.2400992368573,46.3480087280273
96.45,83.14514998477294,46.41550827026367
96.46,83.24249849399595,46.48300781249994
96.47,83.16693207087975,46.55050735473631
96.48,83.25475975103262,46.61800689697267
96.49,83.26496418110484,46.68550643920894
96.5,83.19401055331542,46.75300598144531
96.51,83.01095564798582,46.68880462646481
96.52,83.03192140240024,46.624603271484396
96.53,82.88320232751066,46.560401916503885
96.54,83.03143184916185,46.49620056152338
96.55,82.84160700602045,46.43199920654297
96.56,83.02432060697485,46.367797851562464
96.57,83.02218858465655,46.30359649658205
96.58,83.12128901747761,46.23939514160154
96.59,83.11332967892108,46.17519378662104
96.6,83.05486760316573,46.110992431640625
96.61,83.0195735097447,46.11149368286133
96.62,82.9625609550471,46.111994934082034
96.63,83.0302208552464,46.11249618530273
96.64,83.09757324342162,46.112997436523436
96.65,82.98545249530045,46.11349868774414
96.66,83.12871378300889,46.113999938964845
96.67,83.2790720909363,46.11450119018555
96.68,83.4272934404138,46.11500244140625
96.69,83.20415967442226,46.11550369262695
96.7,83.40563222678252,46.116004943847656
96.71,83.36201488763845,46.119904327392575
96.72,83.2805558457499,46.1238037109375
96.73,83.18214060962138,46.12770309448242
96.74,83.29814256707583,46.13160247802734
96.75,83.38878943022792,46.135501861572266
96.76,83.3363546075956,46.13940124511719
96.77,83.40790474693287,46.14330062866211
96.78,83.23201812516115,46.14720001220703
96.79,83.3537084249586,46.151099395751956
96.8,83.3132985735574,46.154998779296875
96.81,83.5025387657979,46.06729888916012
96.82,83.31897678640865,45.97959899902349
96.83,83.24841938939633,45.89189910888673
96.84,83.38432886145691,45.80419921874997
96.85,83.30422029024663,45.716499328613345
96.86,83.42172775658952,45.62879943847659
96.87,83.48607373206835,45.54109954833983
96.88,83.51629209150666,45.4533996582032
96.89,83.33218582959859,45.36569976806644
96.9,83.3981886516085,45.27799987792969
96.91,83.50472216833583,45.34069976806635
96.92,83.41450297802771,45.40339965820311
96.93,83.32373889136382,45.46609954833986
96.94,83.40421191740981,45.528799438476526
96.95,83.28016877800249,45.59149932861328
96.96,83.34814519625479,45.654199218749945
96.97,83.3641577259766,45.7168991088867
96.98,83.4272934404138,45.779598999023456
96.99,83.48447188501058,45.84229888916012
97.0,83.5164858994356,45.904998779296875
97.01,83.51997448061022,45.89509887695312
97.02,83.49343725896568,45.88519897460938
97.03,83.4003061317262,45.87529907226562
97.04,83.26092619658894,45.865399169921865
97.05,83.34489253601592,45.855499267578125
97.06,83.39203003601102,45.84559936523437
97.07,83.39325657653806,45.83569946289063
97.08,83.50999991624941,45.82579956054687
97.09,83.522855845186,45.815899658203115
97.1,83.588165012471,45.805999755859375
97.11,83.56460243573845,45.75989990234373
97.12,83.6301541850724,45.713800048828084
97.13,83.65976495606097,45.667700195312506
97.14,83.67588498716701,45.621600341796864
97.15,83.73549020715183,45.575500488281214
97.16,83.9361474244155,45.529400634765636
97.17,83.79516841729867,45.483300781249994
97.18,83.54222558478635,45.43720092773435
97.19,83.70228303113106,45.39110107421877
97.2,83.82241369423595,45.345001220703125
97.21,83.75855929165043,45.34250259399414
97.22,83.84655632065176,45.340003967285156
97.23,83.70493470665478,45.33750534057617
97.24,83.60869934800316,45.33500671386719
97.25,83.707715777329,45.3325080871582
97.26,83.53783844721035,45.33000946044922
97.27,83.5346208534627,45.327510833740234
97.28,83.49104730674838,45.32501220703125
97.29,83.40869238898219,45.322513580322266
97.3,83.44744638188436,45.32001495361328
97.31,83.70414566710939,45.3192138671875
97.32,83.85378036819719,45.31841278076172
97.33,83.72008886524452,45.31761169433594
97.34,83.6027656540724,45.316810607910156
97.35,83.78134038329796,45.316009521484375
97.36,83.61800106046088,45.315208435058594
97.37,83.63900453992096,45.31440734863281
97.38,83.60735487602662,45.31360626220703
97.39,83.51624040943024,45.31280517578125
97.4,83.73858875610705,45.31200408935547
97.41,83.53897560359556,45.384504699706966
97.42,83.37844186433828,45.45700531005858
97.43,83.25272152008158,45.52950592041017
97.44,83.4336793523462,45.60200653076168
97.45,83.26380308926574,45.67450714111328
97.46,83.18794330217905,45.74700775146478
97.47,83.18920702650648,45.81950836181639
97.48,83.45455634519438,45.892008972167986
97.49,83.24511707753898,45.96450958251949
97.5,83.32191920917766,46.037010192871094
97.51,83.39138449198819,46.01330947875975
97.52,83.4884636131002,45.989608764648445
97.53,83.41967456976069,45.9659080505371
97.54,83.38053327372438,45.94220733642576
97.55,83.25703021488542,45.91850662231445
97.56,83.06369391123424,45.89480590820311
97.57,83.14126316123932,45.871105194091804
97.58,83.1277469978866,45.84740447998046
97.59,83.30589783250056,45.82370376586912
97.6,83.59139656358171,45.80000305175781
97.61,83.33475419751946,45.804603576660156
97.62,83.34047186220103,45.80920410156251
97.63,83.60312761629896,45.813804626464844
97.64,83.36843057619602,45.81840515136719
97.65,83.66362508475724,45.82300567626953
97.66,83.6759108528895,45.827606201171875
97.67,83.88133299174645,45.83220672607422
97.68,83.88760029288528,45.83680725097656
97.69,83.82435533232318,45.841407775878906
97.7,83.8426142996593,45.84600830078125
97.71,83.85657685724425,45.82600708007814
97.72,83.79361537547963,45.806005859375006
97.73,83.78587626497752,45.78600463867187
97.74,83.85675811277306,45.76600341796876
97.75,83.93983257855035,45.746002197265625
97.76,83.68083187658338,45.72600097656249
97.77,83.58142420064934,45.70599975585938
97.78,83.36439008359605,45.685998535156244
97.79,83.5721439074075,45.66599731445311
97.8,83.69374621473641,45.64599609375
97.81,83.48789520586261,45.67249679565431
97.82,83.44847960064736,45.69899749755858
97.83,83.3348703557981,45.72549819946288
97.84,83.18246297612059,45.751998901367195
97.85,83.18576404502052,45.77849960327146
97.86,83.06237959914841,45.805000305175774
97.87,83.28050423666494,45.831501007080085
97.88,83.22417601409123,45.858001708984354
97.89,83.28331050113145,45.88450241088866
97.9,83.16167161886439,45.91100311279297
97.91,83.36411899973817,45.88320312500002
97.92,83.31764755105443,45.85540313720704
97.93,83.30001360472734,45.82760314941405
97.94,83.18669248245007,45.79980316162111
97.95,83.35206912481756,45.772003173828125
97.96,83.36751403414462,45.74420318603518
97.97,83.31917036525738,45.7164031982422
97.98,83.37690559884513,45.68860321044921
97.99,83.33054674111246,45.66080322265626
98.0,83.43118048980195,45.63300323486328
98.01,83.26230658283669,45.60930404663085
98.02,83.27058268713509,45.58560485839845
98.03,83.16271596007248,45.561905670166006
98.04,83.18643458264438,45.53820648193357
98.05,83.20194151631338,45.51450729370117
98.06,83.11707406377097,45.49080810546874
98.07,83.20878307883434,45.46710891723634
98.08,83.23372073756158,45.443409729003896
98.09,83.273962914613,45.41971054077146
98.1,83.39337277558205,45.39601135253906
98.11,83.21400632929418,45.454010772705104
98.12,83.28102032823413,45.512010192871145
98.13,83.3339539982442,45.5700096130371
98.14,83.49130567831197,45.62800903320314
98.15,83.1215725961816,45.68600845336918
98.16,83.21928133378346,45.74400787353514
98.17,83.16084646501642,45.80200729370118
98.18,83.19419109135787,45.86000671386722
98.19,83.18290139556196,45.91800613403318
98.2,83.29265216338682,45.97600555419922
98.21,83.33108880008764,45.98140411376953
98.22,83.3071624524424,45.986802673339845
98.23,83.23585547422336,45.992201232910155
98.24,83.47287833190411,45.997599792480464
98.25,83.37089622841182,46.00299835205078
98.26,83.40539981169398,46.0083969116211
98.27,83.36623604730019,46.01379547119141
98.28,83.38155316806268,46.01919403076172
98.29,83.30771733973242,46.024592590332034
98.3,83.13886536348286,46.029991149902344
98.31,83.07902187449234,45.995291900634754
98.32,83.14705797916898,45.96059265136721
98.33,83.20699044547587,45.92589340209961
98.34,83.09876539339541,45.89119415283202
98.35,83.31811213696321,45.856494903564474
98.36,83.4209400529949,45.821795654296885
98.37,83.44038191998162,45.787096405029295
98.38,83.45217986507822,45.75239715576175
98.39,83.48852820495416,45.71769790649415
98.4,83.3881180775409,45.68299865722656
98.41,83.25862987846229,45.70150070190428
98.42,83.2271167624465,45.720002746582026
98.43,83.28743934802142,45.73850479125977
98.44,83.11958755541207,45.75700683593749
98.45,82.98350771828365,45.775508880615234
98.46,83.12674154732312,45.79401092529295
98.47,83.07804249179503,45.8125129699707
98.48,83.08023322423512,45.83101501464844
98.49,83.1370992657432,45.84951705932616
98.5,83.00964175320517,45.868019104003906
98.51,82.90843229625543,45.87091751098633
98.52,83.14949457140895,45.87381591796875
98.53,83.07549096924718,45.87671432495117
98.54,83.09320423796125,45.8796127319336
98.55,82.902626487612,45.882511138916016
98.56,82.80729744229414,45.88540954589844
98.57,82.68861018939208,45.88830795288086
98.58,82.56968045603011,45.89120635986328
98.59,82.69906272229152,45.89410476684571
98.6,82.81573102961345,45.897003173828125
98.61,82.80568925496043,45.898703002929686
98.62,82.62845348468984,45.900402832031254
98.63,82.81454734194615,45.902102661132815
98.64,82.80302613107868,45.903802490234376
98.65,82.7283024607463,45.90550231933594
98.66,82.74127169441691,45.9072021484375
98.67,82.8323485787248,45.90890197753906
98.68,82.79815028094723,45.91060180664063
98.69,82.57411276117936,45.91230163574219
98.7,82.40008331570677,45.91400146484375
98.71,82.26047773300357,45.94840087890622
98.72,82.51919912570804,45.98280029296874
98.73,82.58966530920738,46.01719970703126
98.74,82.46962555811149,46.05159912109373
98.75,82.69897272226385,46.08599853515625
98.76,82.60360024814173,46.12039794921877
98.77,82.36317719198009,46.15479736328124
98.78,82.30526818886794,46.18919677734376
98.79,82.49377804919267,46.22359619140628
98.8,82.4126545859549,46.25799560546875
98.81,82.39274249513923,46.285897064208996
98.82,82.35655652189843,46.313798522949206
98.83,82.36034156233083,46.34169998168945
98.84,82.4245850240324,46.3696014404297
98.85,82.43966135325915,46.3975028991699
98.86,82.40725119544,46.425404357910146
98.87,82.5812432408134,46.45330581665039
98.88,82.44039306217388,46.4812072753906
98.89,82.36125255114949,46.50910873413085
98.9,82.3080900435683,46.537010192871094
98.91,82.31354790162756,46.44231033325203
98.92,82.25168138209344,46.34761047363284
98.93,82.27710360504236,46.25291061401364
98.94,82.4144514771558,46.15821075439459
98.95,82.39500117433136,46.06351089477539
98.96,82.40175814391257,45.96881103515633
98.97,82.3738336909203,45.87411117553714
98.98,82.65178731845221,45.77941131591794
98.99,82.58452593174927,45.684711456298885
99.0,82.4649392791928,45.59001159667969
99.01,82.48600289901403,45.67201004028325
99.02,82.4246620388274,45.75400848388669
99.03,82.34447705360583,45.83600692749026
99.04,82.3097126292076,45.91800537109382
99.05,82.26319623395933,46.000003814697266
99.06,82.08912982908669,46.082002258300825
99.07,82.03632414907779,46.16400070190427
99.08,81.9871902988385,46.24599914550784
99.09,82.10785219680524,46.3279975891114
99.1,82.08577373516863,46.409996032714844
99.11,82.1049569113816,46.34799652099607
99.12,82.19600345605113,46.28599700927729
99.13,82.38830222743782,46.2239974975586
99.14,82.54401397274866,46.161997985839825
99.15,82.60542491951348,46.09999847412105
99.16,82.43692710131684,46.03799896240236
99.17,82.53222902422239,45.97599945068359
99.18,82.62026075702444,45.91399993896481
99.19,82.78304120606732,45.85200042724612
99.2,82.5751405590741,45.790000915527344
99.21,82.38389416367002,45.84280090332027
99.22,82.33737604954374,45.89560089111327
99.23,82.36761678258966,45.94840087890626
99.24,82.31062333798036,46.001200866699186
99.25,82.26014433503524,46.05400085449219
99.26,82.3012022378442,46.10680084228519
99.27,82.3124575977025,46.15960083007811
99.28,82.45817971961854,46.21240081787111
99.29,82.36392139246324,46.26520080566411
99.3,82.46753276504462,46.31800079345703
99.31,82.57300788557656,46.329801177978524
99.32,82.3799930911129,46.341601562499996
99.33,82.41514456899695,46.35340194702148
99.34,82.35916113360892,46.365202331542974
99.35,82.59547299818013,46.377002716064446
99.36,82.65847768477344,46.38880310058593
99.37,82.61626413713911,46.400603485107425
99.38,82.61287158389817,46.412403869628896
99.39,82.48943136883538,46.42420425415038
99.4,82.5471995863014,46.436004638671875
99.41,82.42726772726071,46.43040390014649
99.42,82.57864796754762,46.42480316162109
99.43,82.51490956565429,46.419202423095705
99.44,82.61183712875209,46.41360168457032
99.45,82.57742743233914,46.40800094604492
99.46,82.69625988727317,46.402400207519534
99.47,82.63306729516314,46.39679946899414
99.48,82.59427803664089,46.39119873046875
99.49,82.66878691023581,46.385597991943364
99.5,82.66622882549879,46.37999725341797
99.51,82.70090130500438,46.3610984802246
99.52,82.75022922429504,46.342199707031256
99.53,82.74601726149321,46.323300933837885
99.54,82.76804927243745,46.304402160644514
99.55,82.74368947310434,46.28550338745117
99.56,82.64507794074683,46.2666046142578
99.57,82.48720991771604,46.24770584106446
99.58,82.36842516023019,46.22880706787109
99.59,82.32820356719319,46.20990829467772
99.6,82.21204594496417,46.191009521484375
99.61,82.26589554196535,46.195308685302734
99.62,82.14166419191486,46.1996078491211
99.63,82.2862411751455,46.20390701293945
99.64,82.2689860185934,46.20820617675781
99.65,82.26288847687941,46.21250534057617
99.66,82.24836684689113,46.21680450439453
99.67,82.18055210337687,46.22110366821289
99.68,82.21563537032665,46.22540283203125
99.69,82.11869715711585,46.22970199584961
99.7,82.22144912098913,46.23400115966797
99.71,82.30018897230755,46.22100067138673
99.72,82.37971078023553,46.208000183105476
99.73,82.27284599001555,46.19499969482421
99.74,82.11236176957904,46.181999206542976
99.75,82.23255158931562,46.16899871826172
99.76,82.33268070104045,46.15599822998046
99.77,82.25681039251128,46.142997741699226
99.78,82.23124386934634,46.12999725341796
99.79,82.19219655841768,46.116996765136705
99.8,82.26599812946965,46.10399627685547
99.81,81.96953131618511,46.13169631958009
99.82,81.95476682058892,46.15939636230467
99.83,81.98832965352887,46.187096405029294
99.84,81.91126185250911,46.21479644775391
99.85,81.94575006167585,46.242496490478494
99.86,81.9157404312696,46.27019653320312
99.87,81.89224205564761,46.29789657592774
99.88,81.85729182139487,46.32559661865232
99.89,81.81208634509208,46.353296661376945
99.9,81.92551055306886,46.38099670410156
99.91,81.96698407331256,46.37259674072266
99.92,81.78395513458692,46.36419677734375
99.93,81.97329465195523,46.355796813964844
99.94,81.87670414392595,46.347396850585945
99.95,81.82102541224374,46.33899688720703
99.96,81.81882576816281,46.33059692382813
99.97,81.88896675304042,46.32219696044922
99.98,81.8785463556356,46.31379699707031
99.99,81.92894015207587,46.30539703369141
100.0,81.95501000484781,46.2969970703125
100.01,82.04565323944135,46.278397369384756
100.02,81.90463378063075,46.25979766845704
100.03,81.96464166882063,46.24119796752929
100.04,81.86060486591487,46.222598266601544
100.05,81.99656780483126,46.20399856567383
100.06,81.90712887273928,46.185398864746084
100.07,81.86588796748904,46.16679916381837
100.08,81.84146304841676,46.14819946289062
100.09,81.85077465999171,46.12959976196287
100.1,81.76403605022023,46.111000061035156
100.11,81.84266534210789,46.129100799560554
100.12,81.89627230303513,46.14720153808595
100.13,81.88342064074106,46.16530227661133
100.14,81.91563806238784,46.183403015136726
100.15,81.95662270958924,46.201503753662124
100.16,82.03047212669684,46.21960449218749
100.17,81.95800504056804,46.23770523071289
100.18,82.24090457269995,46.25580596923829
100.19,82.24439205389669,46.273906707763665
100.2,82.12049084080878,46.29200744628906
100.21,82.10662233481354,46.23580703735357
100.22,82.19825943699037,46.179606628417986
100.23,82.19777234757612,46.123406219482405
100.24,82.3015741976443,46.06720581054691
100.25,82.26653671491667,46.01100540161133
100.26,82.42924448389074,45.95480499267575
100.27,82.37113902574582,45.89860458374025
100.28,82.34332239751113,45.84240417480467
100.29,82.33447672017584,45.78620376586909
100.3,82.35970002393255,45.730003356933594
100.31,82.33215472771637,45.767603302001966
100.32,82.35932793280641,45.80520324707029
100.33,82.34142364731319,45.84280319213867
100.34,82.10767284135777,45.88040313720704
100.35,82.29605901780995,45.91800308227536
100.36,82.23033359981955,45.95560302734374
100.37,82.13474491375624,45.993202972412114
100.38,82.21612251266448,46.030802917480436
100.39,82.17003627392081,46.068402862548815
100.4,82.20785410810524,46.10600280761719
100.41,82.29812398210545,46.02370300292976
100.42,82.2760904878643,45.94140319824221
100.43,82.22935923238785,45.85910339355466
100.44,82.28383008911176,45.77680358886723
100.45,82.2659468357095,45.69450378417969
100.46,82.18803727376036,45.61220397949226
100.47,82.3593535942364,45.52990417480471
100.48,82.37183193543817,45.44760437011716
100.49,82.30651236429637,45.36530456542973
100.5,82.37956962497825,45.28300476074219
100.51,82.31801180946795,45.33440399169925
100.52,82.46097209508751,45.385803222656236
100.53,82.40518486251938,45.437202453613295
100.54,82.22915410313782,45.488601684570355
100.55,82.37614343900752,45.540000915527344
100.56,82.1912865050368,45.5914001464844
100.57,82.25770798577527,45.64279937744139
100.58,82.3831883706729,45.69419860839845
100.59,82.2857794750854,45.74559783935551
100.6,82.37477041818568,45.7969970703125
100.61,82.2927179375151,45.855498504638696
100.62,82.17095902568123,45.91399993896489
100.63,81.98535966686984,45.97250137329101
100.64,81.99804009039696,46.031002807617206
100.65,82.16362841850531,46.0895042419434
100.66,82.24180207917715,46.14800567626951
100.67,82.28631812528145,46.20650711059571
100.68,82.4314715697955,46.265008544921905
100.69,82.41491353805941,46.32350997924802
100.7,82.29002459943331,46.38201141357422
100.71,82.28375314013917,46.358010864257835
100.72,82.33536190824192,46.334010314941416
100.73,82.2721663207051,46.31000976562499
100.74,82.26561342665833,46.28600921630861
100.75,82.24026349964313,46.26200866699219
100.76,82.33628558781885,46.23800811767577
100.77,82.30265160318795,46.214007568359385
100.78,82.16102690052149,46.19000701904296
100.79,82.29376963387429,46.16600646972654
100.8,82.09842349025806,46.142005920410156
100.81,81.75844942411709,46.153305816650395
100.82,81.72529155509827,46.16460571289062
100.83,81.74732148753729,46.17590560913086
100.84,81.69815926050113,46.1872055053711
100.85,81.60857673719175,46.19850540161132
100.86,81.70543712225441,46.20980529785156
100.87,81.64432975627278,46.2211051940918
100.88,81.70048507483124,46.23240509033202
100.89,81.81711211245084,46.24370498657226
100.9,81.91159454272166,46.2550048828125
100.91,81.81816076530795,46.25690536499023
100.92,81.79821833249872,46.25880584716797
100.93,81.91884351564353,46.2607063293457
100.94,82.25413046461954,46.26260681152343
100.95,82.16452550322184,46.26450729370117
100.96,82.07982388504895,46.2664077758789
100.97,82.2475718806085,46.26830825805664
100.98,82.23809669120634,46.270208740234374
100.99,82.25405352953523,46.272109222412105
101.0,82.29573837350392,46.274009704589844
101.01,82.25448949548871,46.29340820312501
101.02,82.39324299524475,46.31280670166015
101.03,82.33138501368508,46.33220520019532
101.04,82.29559729020716,46.351603698730486
101.05,82.2843559080541,46.371002197265625
101.06,82.10653265773693,46.39040069580079
101.07,82.12365545909212,46.40979919433593
101.08,82.14598888604526,46.4291976928711
101.09,82.24149436211898,46.44859619140627
101.1,82.27192266635289,46.467994689941406
101.11,82.1991695289738,46.4491958618164
101.12,82.32219362603895,46.43039703369139
101.13,82.1621930931452,46.411598205566406
101.14,82.39882559945937,46.3927993774414
101.15,82.34483628159748,46.37400054931639
101.16,82.35448441220477,46.35520172119141
101.17,82.39765772868151,46.336402893066406
101.18,82.51718276173611,46.31760406494139
101.19,82.4705114723786,46.29880523681641
101.2,82.37692619431682,46.280006408691406
101.21,82.51237954807668,46.24280471801761
101.22,82.5510018506865,46.20560302734376
101.23,82.65353540027468,46.16840133666991
101.24,82.61477346122675,46.13119964599611
101.25,82.54832998007979,46.093997955322266
101.26,82.58239313705607,46.05679626464842
101.27,82.6539981309102,46.01959457397462
101.28,82.47872245221795,45.98239288330077
101.29,82.53705207968109,45.94519119262692
101.3,82.66053433677611,45.907989501953125
101.31,82.59892301356768,45.92339172363282
101.32,82.63254036321766,45.93879394531249
101.33,82.63215480432197,45.95419616699218
101.34,82.60288066497266,45.969598388671876
101.35,82.61431084040221,45.98500061035155
101.36,82.32078257176428,46.00040283203125
101.37,82.40537737691449,46.01580505371094
101.38,82.28829319108387,46.031207275390614
101.39,82.28816493933813,46.04660949707031
101.4,82.43230593351115,46.06201171875
101.41,82.4677895480408,46.082312011718734
101.42,82.38651845415986,46.1026123046875
101.43,82.47028036385018,46.12291259765625
101.44,82.49299473890869,46.14321289062499
101.45,82.57891777128472,46.16351318359375
101.46,82.44661271633498,46.183813476562484
101.47,82.50769205456531,46.20411376953125
101.48,82.43631093812557,46.2244140625
101.49,82.41223103588189,46.24471435546874
101.5,82.5138179289472,46.2650146484375
101.51,82.53720621435674,46.261313629150386
101.52,82.70705363150797,46.25761260986328
101.53,82.43542520757238,46.25391159057617
101.54,82.40088543295444,46.25021057128906
101.55,82.62164867336011,46.24650955200195
101.56,82.51546180815069,46.24280853271484
101.57,82.58009977380425,46.23910751342773
101.58,82.36993927505534,46.235406494140626
101.59,82.51420321166634,46.23170547485351
101.6,82.56155487494082,46.228004455566406
101.61,82.36650045808366,46.24220352172852
101.62,82.5262180597657,46.25640258789064
101.63,82.43403885625922,46.27060165405273
101.64,82.24375096724744,46.28480072021485
101.65,82.39835074990289,46.29899978637696
101.66,82.31321439613096,46.31319885253906
101.67,82.29717486486422,46.32739791870117
101.68,82.26192673971507,46.34159698486329
101.69,82.28695937781355,46.355796051025386
101.7,82.20495706006989,46.3699951171875
101.71,82.21762240734608,46.40689620971676
101.72,82.29164059699332,46.44379730224608
101.73,82.17039512121198,46.4806983947754
101.74,82.29671313413117,46.517599487304665
101.75,82.34021769571733,46.554500579833984
101.76,82.5659355748005,46.591401672363304
101.77,82.5849370760612,46.62830276489257
101.78,82.5480473809096,46.665203857421886
101.79,82.638349559451,46.702104949951206
101.8,82.70252133188478,46.73900604248047
101.81,82.73678346486972,46.67790679931638
101.82,82.57160753060856,46.61680755615238
101.83,82.77226823007958,46.55570831298829
101.84,82.71291687920534,46.4946090698242
101.85,82.90881849916332,46.4335098266602
101.86,82.97808564574812,46.37241058349611
101.87,82.8337511429309,46.311311340332026
101.88,82.99135136232438,46.250212097168024
101.89,83.00568081253564,46.18911285400393
101.9,82.9737262245674,46.128013610839844
101.91,83.09839808330003,46.14251327514647
101.92,82.88109142210817,46.15701293945312
101.93,82.77754207833823,46.17151260375977
101.94,82.98770640445822,46.1860122680664
101.95,82.94781030329452,46.20051193237305
101.96,82.94748839180501,46.21501159667967
101.97,82.89282401763577,46.22951126098632
101.98,83.1816892975719,46.244010925292976
101.99,83.07809403810887,46.2585105895996
102.0,83.20096140935846,46.27301025390625
102.01,83.21812056050236,46.26950912475586
102.02,83.50151813179853,46.26600799560547
102.03,83.25624328924907,46.26250686645508
102.04,83.16156847440952,46.25900573730468
102.05,83.10761981135909,46.2555046081543
102.06,83.17210243215634,46.2520034790039
102.07,83.3288689506964,46.24850234985352
102.08,83.26188085501659,46.245001220703124
102.09,83.30433642724309,46.24150009155273
102.1,83.33662564630755,46.237998962402344
102.11,83.36970857986111,46.25339965820313
102.12,83.24510417801172,46.26880035400392
102.13,83.23868033761616,46.284201049804686
102.14,83.2321471103394,46.29960174560547
102.15,83.1512994775669,46.315002441406264
102.16,82.99804257715721,46.33040313720703
102.17,83.17785964174098,46.345803833007814
102.18,83.07469201569683,46.3612045288086
102.19,83.12861065899467,46.37660522460937
102.2,83.19775030990668,46.392005920410156
102.21,83.1404381086471,46.41260452270506
102.22,83.10714292384635,46.43320312499999
102.23,83.10158792956366,46.45380172729493
102.24,83.25893949254251,46.474400329589834
102.25,83.2208741831187,46.494998931884766
102.26,83.33225036097117,46.5155975341797
102.27,83.40025448554985,46.5361961364746
102.28,83.3987567533918,46.55679473876954
102.29,83.61132368502365,46.57739334106447
102.3,83.43590059734407,46.597991943359375
102.31,83.37106404899784,46.5701934814453
102.32,83.21270372556442,46.54239501953126
102.33,83.0689190461546,46.51459655761719
102.34,83.25922330595509,46.486798095703115
102.35,83.20673251420766,46.458999633789084
102.36,83.21367100458731,46.43120117187501
102.37,83.12362211119643,46.403402709960936
102.38,83.34097523259386,46.3756042480469
102.39,83.28081389141457,46.347805786132824
102.4,83.29780707289112,46.32000732421875
102.41,82.95524019405283,46.355206298828094
102.42,82.91728300272413,46.39040527343749
102.43,82.8065383759267,46.42560424804689
102.44,82.88348549979244,46.46080322265623
102.45,82.91998658626373,46.496002197265625
102.46,82.99193095664013,46.53120117187497
102.47,83.0387173206663,46.56640014648436
102.48,83.08283636739151,46.60159912109376
102.49,83.01145802226759,46.63679809570311
102.5,83.13573280883108,46.6719970703125
102.51,83.03897499138927,46.63249816894529
102.52,83.01600522273665,46.592999267578136
102.53,83.16801512577074,46.553500366210926
102.54,82.95976009973137,46.514001464843716
102.55,83.0495784883414,46.47450256347656
102.56,83.13276789377237,46.43500366210935
102.57,83.25330202635567,46.3955047607422
102.58,83.34007174835779,46.35600585937499
102.59,83.26104230340266,46.31650695800778
102.6,83.38440632333054,46.277008056640625
102.61,83.33849711610898,46.27870864868164
102.62,83.26685419517942,46.280409240722655
102.63,83.238254670202,46.28210983276367
102.64,83.04982329152683,46.283810424804685
102.65,83.00243484157433,46.2855110168457
102.66,83.34089779089601,46.28721160888672
102.67,83.18853647770884,46.28891220092773
102.68,83.23715825914745,46.29061279296875
102.69,83.13996112698467,46.29231338500976
102.7,83.16495938187732,46.29401397705078
102.71,83.32082224724667,46.36511306762689
102.72,83.35667727726984,46.436212158203105
102.73,83.41401229824022,46.50731124877932
102.74,83.47867823859605,46.57841033935543
102.75,83.40419900556189,46.64950942993164
102.76,83.41242405513985,46.72060852050785
102.77,83.3613952768666,46.791707611083964
102.78,83.42132744774062,46.862806701660176
102.79,83.29506508117237,46.93390579223639
102.8,83.3046590304358,47.0050048828125
102.81,83.2518959146445,46.914803314208946
102.82,83.39520614899112,46.82460174560552
102.83,83.41198503125929,46.734400177001966
102.84,83.3014975460823,46.64419860839841
102.85,83.3419561638808,46.553997039794986
102.86,83.26510609288482,46.46379547119143
102.87,83.4623447209846,46.37359390258788
102.88,83.39335986457317,46.28339233398445
102.89,83.51621456839804,46.1931907653809
102.9,83.4710182708712,46.102989196777344
102.91,83.33591578394879,46.07958984375002
102.92,83.65492860216064,46.05619049072266
102.93,83.47569429707059,46.032791137695305
102.94,83.57581460247205,46.00939178466798
102.95,83.69217471463544,45.985992431640625
102.96,83.56643769038334,45.9625930786133
102.97,83.74228898062758,45.939193725585945
102.98,83.70115769860374,45.91579437255859
102.99,83.78550096602959,45.892395019531264
103.0,83.8320897444866,45.868995666503906
103.01,83.97236131433581,45.8548973083496
103.02,83.77793693296474,45.840798950195314
103.03,83.82665943869581,45.826700592041014
103.04,83.83029040942198,45.81260223388671
103.05,83.72233979237156,45.79850387573242
103.06,83.80253908841581,45.784405517578115
103.07,83.72174471674043,45.77030715942383
103.08,83.58013164981638,45.75620880126953
103.09,83.5414502349662,45.74211044311522
103.1,83.72700344471014,45.72801208496094
103.11,83.5622502374218,45.7426124572754
103.12,83.51328163721968,45.757212829589854
103.13,83.48058359438605,45.771813201904294
103.14,83.42165027738253,45.786413574218756
103.15,83.59418867404142,45.80101394653321
103.16,83.4888124094085,45.81561431884765
103.17,83.44628401842174,45.83021469116211
103.18,83.65265271928655,45.844815063476574
103.19,83.59920424882998,45.85941543579101
103.2,83.39780131059293,45.87401580810547
103.21,83.44162173078195,45.90211486816404
103.22,83.41175260731968,45.93021392822265
103.23,83.36207943055962,45.95831298828126
103.24,83.63050327723083,45.98641204833983
103.25,83.48870906227823,46.01451110839844
103.26,83.35385041234356,46.042610168457045
103.27,83.40618744191588,46.07070922851562
103.28,83.31975110315278,46.098808288574226
103.29,83.28352984354841,46.126907348632834
103.3,83.38542624135569,46.155006408691406
103.31,83.33934896449496,46.14080429077148
103.32,83.30043943002478,46.12660217285157
103.33,83.20058742269994,46.11240005493164
103.34,83.22213815755016,46.09819793701171
103.35,83.3093045856723,46.083995819091804
103.36,83.23142479462848,46.06979370117188
103.37,83.04969444770005,46.05559158325195
103.38,83.10700114674157,46.041389465332045
103.39,83.02411448855439,46.02718734741212
103.4,82.98090613168245,46.01298522949219
103.41,83.02513220074256,46.01308670043945
103.42,83.09833364253711,46.013188171386716
103.43,83.02670386979366,46.01328964233399
103.44,82.9653682992882,46.01339111328125
103.45,83.15383927155091,46.013492584228516
103.46,83.1003119826194,46.01359405517578
103.47,82.93696223300675,46.013695526123044
103.48,83.04720778142178,46.013796997070315
103.49,83.2101888264153,46.01389846801758
103.5,83.18167640295991,46.013999938964844
103.51,83.05285758980952,45.99860076904296
103.52,83.16694496434887,45.983201599121095
103.53,83.29190377887524,45.96780242919922
103.54,83.17269555120649,45.95240325927733
103.55,83.29864580961969,45.93700408935547
103.56,83.12634194686464,45.921604919433584
103.57,83.02544138036416,45.90620574951172
103.58,82.8498943509168,45.89080657958984
103.59,83.10081462721598,45.87540740966796
103.6,83.10470695222108,45.860008239746094
103.61,83.20173517752734,45.92770767211917
103.62,83.30187175946736,45.995407104492244
103.63,83.10652426100386,46.06310653686523
103.64,83.07268176246788,46.1308059692383
103.65,83.25798485097748,46.19850540161138
103.66,83.24844518896558,46.266204833984354
103.67,83.15438075548757,46.33390426635743
103.68,83.23559749822,46.401603698730504
103.69,82.9963938979325,46.46930313110349
103.7,83.02144141619335,46.53700256347656
103.71,83.11120295589107,46.53930130004883
103.72,83.34336948676956,46.54160003662109
103.73,83.10644692831045,46.54389877319336
103.74,83.0650211192843,46.546197509765626
103.75,82.84366593499806,46.54849624633789
103.76,82.9310717395856,46.550794982910155
103.77,82.86766077530606,46.55309371948242
103.78,82.67236058231552,46.55539245605469
103.79,82.88983769333365,46.557691192626955
103.8,82.86302755023915,46.55998992919922
103.81,82.98377818259723,46.527291870117175
103.82,82.84728199094108,46.49459381103517
103.83,83.10140749202739,46.46189575195313
103.84,82.971858854973,46.429197692871085
103.85,82.9238617995333,46.396499633789084
103.86,82.8611099477637,46.36380157470704
103.87,82.98645709102986,46.331103515624996
103.88,82.96167240185761,46.298405456542994
103.89,82.93163180782018,46.26570739746095
103.9,82.86409575452936,46.233009338378906
103.91,82.92180187422923,46.187309265136754
103.92,82.83470334925089,46.141609191894545
103.93,82.68730527898137,46.09590911865233
103.94,82.8052260999047,46.050209045410185
103.95,82.69631131501089,46.00450897216797
103.96,82.71143818968504,45.95880889892582
103.97,82.74467974372104,45.91310882568361
103.98,82.84801550657853,45.86740875244139
103.99,82.70957377391204,45.82170867919925
104.0,82.7392397587963,45.77600860595703
104.01,82.93114899064037,45.835807800293004
104.02,83.06303675389155,45.89560699462889
104.03,82.95625748402307,45.95540618896486
104.04,82.95605145010765,46.01520538330083
104.05,82.89860373772702,46.07500457763672
104.06,82.83940012265903,46.13480377197269
104.07,82.94667717762192,46.19460296630858
104.08,82.90289682008734,46.254402160644545
104.09,82.83972182434009,46.31420135498052
104.1,82.85470737812,46.374000549316406
104.11,82.79831752408856,46.3397003173828
104.12,82.6129743875184,46.305400085449186
104.13,82.68788381062753,46.27109985351563
104.14,82.93255882598224,46.23679962158202
104.15,82.7747379137136,46.202499389648416
104.16,82.78906151620573,46.16819915771485
104.17,82.65642748799739,46.133898925781246
104.18,82.6298157663027,46.09959869384764
104.19,82.64767425767177,46.065298461914075
104.2,82.62712334591855,46.03099822998047
104.21,82.70099130608148,46.07499847412106
104.22,82.60443548253613,46.11899871826171
104.23,82.63043265223642,46.162998962402355
104.24,82.56883255033964,46.206999206542946
104.25,82.68894445451164,46.250999450683594
104.26,82.87033780882837,46.29499969482424
104.27,82.76646719104275,46.33899993896483
104.28,82.85573048341736,46.38300018310548
104.29,82.75480784887495,46.42700042724613
104.3,82.91935574616218,46.47100067138672
104.31,82.93392361214961,46.44010086059569
104.32,83.02633027498294,46.40920104980471
104.33,83.13985799599432,46.37830123901367
104.34,83.18709222793896,46.347401428222646
104.35,83.23576518257671,46.31650161743166
104.36,83.21764335605721,46.285601806640635
104.37,83.15084824919093,46.25470199584961
104.38,82.91841592760427,46.223802185058624
104.39,82.94032280648905,46.19290237426759
104.4,83.01500044817458,46.16200256347656
104.41,83.21913946105929,46.160701751708984
104.42,82.95382372473667,46.159400939941406
104.43,83.01415025906373,46.15810012817383
104.44,83.02819825744187,46.15679931640625
104.45,82.97673981705884,46.15549850463867
104.46,82.94940699351532,46.154197692871094
104.47,82.90508524206606,46.152896881103516
104.48,82.90889573985284,46.15159606933594
104.49,82.96435095345649,46.15029525756836
104.5,82.79776433588107,46.14899444580078
104.51,82.72198860450462,46.19119491577151
104.52,83.02245266813671,46.23339538574218
104.53,83.0310067119941,46.2755958557129
104.54,82.8830864844439,46.31779632568363
104.55,82.70488068240331,46.3599967956543
104.56,82.63418542461235,46.40219726562503
104.57,82.78948603351587,46.44439773559569
104.58,82.86082681370766,46.486598205566416
104.59,82.90959090767761,46.528798675537146
104.6,82.98953531324075,46.57099914550781
104.61,82.96186556518968,46.58089904785157
104.62,82.8162585453206,46.59079895019532
104.63,82.79683807139229,46.60069885253906
104.64,82.92065605185319,46.610598754882815
104.65,83.03469127027351,46.62049865722657
104.66,82.99653558066024,46.63039855957031
104.67,82.89695604643344,46.640298461914064
104.68,82.78371011860605,46.65019836425782
104.69,82.84869755034778,46.66009826660156
104.7,82.90619233712778,46.66999816894531
104.71,82.84145258737855,46.71069793701169
104.72,82.76425487493616,46.75139770507811
104.73,82.7538689632862,46.792097473144544
104.74,82.86612922268851,46.83279724121091
104.75,82.75789463355517,46.873497009277344
104.76,82.8137496441591,46.914196777343776
104.77,82.83175667445774,46.95489654541014
104.78,83.01023429270133,46.995596313476575
104.79,82.78597415032841,47.036296081543
104.8,82.85594926205354,47.076995849609375
104.81,82.90303842298842,47.04389648437498
104.82,82.74384380060287,47.01079711914064
104.83,82.56821589439014,46.977697753906256
104.84,82.66747572618013,46.944598388671864
104.85,82.68439979509782,46.91149902343752
104.86,82.83211696375974,46.878399658203136
104.87,82.82023426652434,46.845300292968744
104.88,82.8104945623696,46.8122009277344
104.89,82.89573316113811,46.77910156250002
104.9,83.05164000012405,46.746002197265625
104.91,83.13871066804076,46.730101776123064
104.92,83.02205976226784,46.714201354980474
104.93,83.14777992870334,46.698300933837885
104.94,82.94152026866449,46.682400512695324
104.95,82.89232200246151,46.666500091552734
104.96,82.8742697774812,46.65059967041017
104.97,82.78985909508084,46.634699249267584
104.98,82.88339539946848,46.618798828124994
104.99,82.93263607772963,46.60289840698243
105.0,82.88856337304563,46.586997985839844
105.01,83.04706605544958,46.59089813232422
105.02,82.88604050520777,46.59479827880859
105.03,82.91086538959232,46.59869842529297
105.04,82.90342461333329,46.60259857177735
105.05,82.84554473001573,46.60649871826172
105.06,82.9785492839794,46.610398864746095
105.07,83.02651063099353,46.614299011230464
105.08,82.79799590281283,46.61819915771485
105.09,82.92015395240774,46.622099304199224
105.1,83.00180368792448,46.625999450683594
105.11,82.97820155518451,46.64949951171876
105.12,83.14609108738095,46.67299957275392
105.13,83.16431471734087,46.69649963378906
105.14,83.2632870510469,46.719999694824224
105.15,83.11847903646544,46.74349975585939
105.16,82.98677907812737,46.766999816894526
105.17,82.94298813731714,46.79049987792969
105.18,83.00781262288373,46.813999938964855
105.19,82.99862219483747,46.83749999999999
105.2,83.04767161272179,46.861000061035156
105.21,82.94242158998223,46.81770095825199
105.22,82.82613368939745,46.77440185546876
105.23,82.99377922930245,46.73110275268554
105.24,82.99219499199303,46.68780364990237
105.25,82.95641200962754,46.64450454711914
105.26,83.06961488452983,46.60120544433591
105.27,82.97046800023983,46.557906341552744
105.28,83.1064340395317,46.51460723876952
105.29,83.07382863472762,46.47130813598629
105.3,83.11534686590475,46.428009033203125
105.31,83.03594094671668,46.41580810546874
105.32,83.07890589466106,46.40360717773438
105.33,83.05206519011196,46.39140625
105.34,83.15704952350403,46.37920532226562
105.35,83.19127671547254,46.36700439453126
105.36,83.09487965420635,46.35480346679688
105.37,83.15298837178389,46.3426025390625
105.38,83.1022065740324,46.330401611328135
105.39,83.46600654290542,46.31820068359376
105.4,83.47285249758117,46.305999755859375
105.41,83.57690031645969,46.272099304199244
105.42,83.40146817492176,46.23819885253907
105.43,83.42636366128967,46.2042984008789
105.44,83.40911849196885,46.17039794921877
105.45,83.38925421444051,46.136497497558594
105.46,83.24929657699333,46.10259704589846
105.47,83.11954888602206,46.06869659423829
105.48,83.0033622553726,46.03479614257812
105.49,83.23130870846728,46.000895690917986
105.5,82.94766866216217,45.96699523925781
105.51,82.83629895048871,45.96779556274414
105.52,82.89256657376677,45.96859588623047
105.53,82.83516658673682,45.9693962097168
105.54,82.97443454266913,45.97019653320312
105.55,82.83155079520839,45.97099685668945
105.56,82.92509776699691,45.971797180175784
105.57,83.12431817864737,45.97259750366211
105.58,82.8693982681001,45.97339782714844
105.59,82.8455704670817,45.97419815063476
105.6,82.81185834379117,45.974998474121094
105.61,82.78440476141051,46.03839950561526
105.62,82.59599981192677,46.101800537109426
105.63,82.62752174466316,46.16520156860351
105.64,82.67421814828614,46.22860260009767
105.65,82.60574616655964,46.29200363159184
105.66,82.54504158330747,46.35540466308592
105.67,82.665251878958,46.41880569458009
105.68,82.73448152617125,46.48220672607425
105.69,82.64434532404147,46.545607757568334
105.7,82.50968261773568,46.6090087890625
105.71,82.66480197130826,46.598608398437506
105.72,82.66032867042448,46.588208007812504
105.73,82.5897937956927,46.577807617187496
105.74,82.44518134276635,46.56740722656251
105.75,82.58963961192231,46.5570068359375
105.76,82.61681671869565,46.54660644531249
105.77,82.45348092787026,46.536206054687504
105.78,82.50747373619491,46.525805664062496
105.79,82.53484925672228,46.515405273437494
105.8,82.51826157761221,46.5050048828125
105.81,82.50270291253321,46.523604583740244
105.82,82.66475055336912,46.54220428466796
105.83,82.59875597192489,46.5608039855957
105.84,82.58888154381127,46.57940368652344
105.85,82.8188060838469,46.59800338745116
105.86,82.93430987442451,46.6166030883789
105.87,82.83043133126809,46.635202789306646
105.88,82.99703791130574,46.65380249023436
105.89,82.74730334646847,46.6724021911621
105.9,82.92278033555843,46.691001892089844
105.91,82.79679947715103,46.72120208740232
105.92,82.85883201929559,46.751402282714835
105.93,82.91217850241642,46.78160247802735
105.94,82.87035067928628,46.81180267333983
105.95,82.91764347798282,46.842002868652344
105.96,82.68989582816525,46.87220306396482
105.97,82.71972544789605,46.902403259277335
105.98,82.81745511156679,46.93260345458985
105.99,82.91275782020331,46.96280364990233
106.0,82.85560179023688,46.993003845214844
106.01,82.82339947202043,46.98990325927734
106.02,82.71581000562597,46.986802673339845
106.03,82.68752383514317,46.98370208740234
106.04,82.59200377888341,46.98060150146484
106.05,82.49772033937356,46.977500915527344
106.06,82.50710131140615,46.97440032958984
106.07,82.53121433751483,46.971299743652345
106.08,82.52481810160974,46.96819915771484
106.09,82.53427126068355,46.96509857177734
106.1,82.57705484970407,46.961997985839844
106.11,82.54937046301195,46.943497467041006
106.12,82.63616466080478,46.924996948242175
106.13,82.67563222840971,46.906496429443365
106.14,82.88421917568185,46.88799591064453
106.15,82.86412149447672,46.86949539184569
106.16,82.76049272194491,46.85099487304688
106.17,82.76082713232377,46.83249435424804
106.18,82.62081335194655,46.81399383544921
106.19,82.68240712548524,46.7954933166504
106.2,82.62800367718947,46.77699279785156
106.21,82.52639787176551,46.78239288330078
106.22,82.57913618415661,46.78779296875
106.23,82.49227563765989,46.79319305419922
106.24,82.5814359607518,46.79859313964843
106.25,82.72616781029113,46.803993225097656
106.26,82.69321282235639,46.80939331054688
106.27,82.83636328957063,46.81479339599609
106.28,82.63796398700283,46.820193481445315
106.29,82.69064150323314,46.82559356689453
106.3,82.72323592564135,46.83099365234375
106.31,82.64519361736558,46.862495422363295
106.32,82.73603758178439,46.89399719238279
106.33,83.0042639126437,46.92549896240234
106.34,82.84923803985693,46.95700073242188
106.35,82.77668024287038,46.988502502441385
106.36,82.75647985009738,47.02000427246093
106.37,82.78955035441538,47.051506042480476
106.38,82.72687507094535,47.08300781249997
106.39,82.73060431348303,47.11450958251952
106.4,82.75214554332706,47.14601135253906
106.41,82.93210819150633,47.05541000366219
106.42,82.91684528382055,46.96480865478518
106.43,82.97349441202711,46.87420730590818
106.44,82.89309433412849,46.7836059570313
106.45,82.96706818219108,46.6930046081543
106.46,83.04178362819724,46.60240325927742
106.47,82.93953737900385,46.511801910400415
106.48,82.91815844399734,46.42120056152341
106.49,82.98565856572358,46.33059921264653
106.5,83.05594992812425,46.23999786376953
106.51,82.94855714035583,46.23369827270508
106.52,82.84910935171865,46.22739868164063
106.53,83.02128683003453,46.22109909057617
106.54,82.9762890625646,46.21479949951171
106.55,82.88925845562477,46.208499908447266
106.56,83.06952468309456,46.20220031738281
106.57,83.24878058372953,46.195900726318364
106.58,83.30574298173875,46.1896011352539
106.59,83.3449054432724,46.18330154418945
106.6,83.25848797220125,46.177001953125
106.61,83.09638754326842,46.22210083007815
106.62,83.17016836298895,46.26719970703129
106.63,83.17135458941176,46.312298583984365
106.64,83.15576025824566,46.35739746093751
106.65,83.19807270665159,46.40249633789066
106.66,83.08207603918413,46.44759521484374
106.67,83.15010050200627,46.49269409179688
106.68,83.14745762941679,46.537792968750026
106.69,83.16230338004621,46.5828918457031
106.7,82.95556212058398,46.62799072265625
106.71,83.25779134321927,46.61189117431642
106.72,83.15474174575813,46.59579162597657
106.73,83.02871356664572,46.579692077636714
106.74,82.94115974150863,46.56359252929688
106.75,83.00164912004949,46.54749298095703
106.76,83.01172853212587,46.53139343261718
106.77,83.09386151462864,46.51529388427735
106.78,83.18205034711355,46.499194335937496
106.79,83.28046552986171,46.48309478759764
106.8,83.5521245336727,46.46699523925781
106.81,83.361989070477,46.4880958557129
106.82,83.33542533535784,46.50919647216796
106.83,83.38899600082915,46.530297088623044
106.84,83.2859942399684,46.55139770507813
106.85,83.14740606158891,46.57249832153319
106.86,83.13382494438083,46.593598937988276
106.87,83.10359853250633,46.61469955444336
106.88,83.03337718766221,46.63580017089842
106.89,83.09691595207438,46.65690078735351
106.9,83.27366617433934,46.678001403808594
106.91,83.54950112587595,46.701000213623026
106.92,83.41048719377376,46.72399902343749
106.93,83.52540776513257,46.74699783325196
106.94,83.44561243433328,46.76999664306639
106.95,83.57335884684889,46.79299545288086
106.96,83.52095646474821,46.81599426269529
106.97,83.3820566625041,46.83899307250976
106.98,83.39050655612692,46.861991882324226
106.99,83.35073962551797,46.88499069213866
107.0,83.32913997723513,46.907989501953125
107.01,83.43738574857436,46.8698905944824
107.02,83.56979806802043,46.83179168701173
107.03,83.52407042631047,46.793692779541004
107.04,83.51286818850805,46.75559387207028
107.05,83.54018383799765,46.71749496459961
107.06,83.52060760130121,46.67939605712888
107.07,83.57764998023353,46.641297149658214
107.08,83.45627414808625,46.60319824218749
107.09,83.47597847968005,46.56509933471676
107.1,83.48949708576214,46.527000427246094
107.11,83.43214903779482,46.541001129150395
107.12,83.60780734135035,46.555001831054696
107.13,83.55530369388381,46.56900253295898
107.14,83.4994122864233,46.583003234863284
107.15,83.3454991781504,46.597003936767585
107.16,83.41653027560663,46.61100463867187
107.17,83.46647154226048,46.62500534057617
107.18,83.46738862811824,46.639006042480474
107.19,83.18994849914915,46.65300674438476
107.2,83.2407441950556,46.66700744628906
107.21,83.20561051784283,46.70660629272457
107.22,83.03885903951446,46.746205139160146
107.23,83.07056844555518,46.78580398559571
107.24,83.08472431330561,46.82540283203123
107.25,82.9986093144226,46.8650016784668
107.26,82.97890989238812,46.904600524902364
107.27,82.98533658079987,46.94419937133788
107.28,82.93737425367978,46.98379821777345
107.29,82.95281932654949,47.02339706420902
107.3,82.93879058254898,47.06299591064453
107.31,83.00488219474573,47.00939712524412
107.32,82.9935345087306,46.95579833984378
107.33,83.16048546149521,46.902199554443364
107.34,83.33006921442835,46.84860076904295
107.35,83.32047380202681,46.795001983642614
107.36,83.41984243943344,46.7414031982422
107.37,83.37698305727066,46.68780441284179
107.38,83.37067677097725,46.63420562744145
107.39,83.30391059198519,46.580606842041036
107.4,83.30265890071043,46.527008056640625
107.41,83.26782178887747,46.508308410644545
107.42,83.35542518963078,46.489608764648445
107.43,83.27693034642844,46.47090911865234
107.44,83.57914931786762,46.45220947265626
107.45,83.49979986333283,46.433509826660156
107.46,83.40502536584358,46.41481018066408
107.47,83.46410780898194,46.396110534667976
107.48,83.50291343047672,46.37741088867187
107.49,83.47852322733341,46.35871124267579
107.5,83.2297737990587,46.34001159667969
107.51,83.54336277103097,46.33441162109375
107.52,83.19011613751792,46.32881164550781
107.53,83.35316629241927,46.323211669921875
107.54,83.2493223766985,46.31761169433593
107.55,83.22430499319286,46.31201171875
107.56,83.20070348743504,46.30641174316406
107.57,83.26867327598218,46.300811767578125
107.58,83.21533473765737,46.29521179199219
107.59,83.09975778649289,46.28961181640624
107.6,82.92908897482658,46.28401184082031
107.61,82.76413268664467,46.37481155395512
107.62,83.01671372127562,46.46561126708992
107.63,83.02961536160034,46.5564109802246
107.64,83.01065937668612,46.6472106933594
107.65,83.26346766424159,46.738010406494205
107.66,83.17762754422102,46.82881011962888
107.67,83.14928829766679,46.91960983276368
107.68,83.10527405353821,47.01040954589849
107.69,83.02772159785201,47.10120925903316
107.7,83.0923149854313,47.19200897216797
107.71,82.96742876565166,47.09120864868173
107.72,83.18359771116705,46.99040832519534
107.73,83.1632316865445,46.88960800170896
107.74,83.20410808901416,46.78880767822271
107.75,83.27579497496757,46.68800735473633
107.76,83.34551208545385,46.587207031249946
107.77,83.22215105529791,46.4864067077637
107.78,83.28100742592541,46.38560638427732
107.79,83.27160190880662,46.28480606079093
107.8,83.41221745552272,46.18400573730469
107.81,83.4075819438887,46.2012062072754
107.82,83.35579952412505,46.21840667724609
107.83,83.20127091619425,46.2356071472168
107.84,83.11819546303853,46.25280761718751
107.85,83.02943500221762,46.27000808715819
107.86,83.00396765328584,46.2872085571289
107.87,83.08375778401619,46.30440902709961
107.88,82.92538101083794,46.3216094970703
107.89,82.99166047904092,46.33880996704101
107.9,83.10509361200015,46.35601043701172
107.91,83.00325920913915,46.36720962524413
107.92,83.08414439505734,46.37840881347656
107.93,83.07541365099377,46.389608001708986
107.94,83.47109577300046,46.4008071899414
107.95,83.44849251592238,46.41200637817383
107.96,83.40440559524852,46.42320556640624
107.97,83.26935704908165,46.43440475463867
107.98,83.32892057476504,46.445603942871095
107.99,83.14239761523793,46.45680313110351
108.0,83.24772280253795,46.46800231933594
108.01,83.48009272027952,46.427502441406226
108.02,83.45034586551304,46.38700256347657
108.03,83.51068467947478,46.34650268554687
108.04,83.59740741479283,46.306002807617155
108.05,83.5079779458468,46.2655029296875
108.06,83.45019088055778,46.22500305175779
108.07,83.31749268937268,46.18450317382813
108.08,83.43106426442058,46.14400329589843
108.09,83.44637442417849,46.10350341796872
108.1,83.4214049267977,46.06300354003906
108.11,83.45911566536245,46.11240234375002
108.12,83.3394264054732,46.16180114746098
108.13,83.17979380033368,46.21119995117187
108.14,83.03387962978577,46.26059875488283
108.15,83.08317142838389,46.309997558593786
108.16,83.10166525999632,46.35939636230467
108.17,83.0652917164016,46.40879516601563
108.18,83.06695396550612,46.458193969726594
108.19,82.97453757100851,46.50759277343748
108.2,83.09249541309607,46.55699157714844
108.21,82.98858221741693,46.54119262695314
108.22,83.0958978000216,46.525393676757815
108.23,82.86313050938898,46.5095947265625
108.24,82.95082342512245,46.49379577636719
108.25,83.1863830027312,46.477996826171875
108.26,83.12487245666489,46.46219787597656
108.27,83.09651642331009,46.44639892578125
108.28,83.02488743395041,46.430599975585935
108.29,83.05245172740906,46.41480102539061
108.3,83.02281337193043,46.39900207519531
108.31,83.01985691488811,46.35400238037107
108.32,83.18856226799723,46.3090026855469
108.33,83.02233028939953,46.26400299072266
108.34,83.11610734633607,46.219003295898425
108.35,83.05293489756578,46.17400360107425
108.36,83.05713533974175,46.12900390625001
108.37,83.24844518896558,46.08400421142578
108.38,83.26158413627047,46.0390045166016
108.39,83.18465508488102,45.99400482177737
108.4,83.33199223563078,45.949005126953125
108.41,83.30105881421852,45.92230453491213
108.42,83.39335986457317,45.8956039428711
108.43,83.39463805930112,45.868903350830074
108.44,83.35885231510954,45.84220275878908
108.45,83.53798059133524,45.81550216674805
108.46,83.57114869763642,45.78880157470705
108.47,83.49824956109173,45.76210098266602
108.48,83.52028458024067,45.735400390624996
108.49,83.5649255424889,45.708699798584
108.5,83.4991668215125,45.68199920654297
108.51,83.44173796351672,45.70259933471681
108.52,83.2312055208364,45.72319946289062
108.53,83.25561117134944,45.74379959106446
108.54,83.23973806135764,45.7643997192383
108.55,83.35387622824473,45.78499984741211
108.56,83.22697488304354,45.80559997558595
108.57,83.34556371467762,45.82620010375976
108.58,83.24229210492587,45.8468002319336
108.59,83.41153309611849,45.86740036010744
108.6,83.37907444836094,45.88800048828125
108.61,83.3942378154541,45.840301513671854
108.62,83.32006083085787,45.79260253906246
108.63,83.28745225082837,45.74490356445313
108.64,83.26938285189509,45.697204589843736
108.65,83.28901349784526,45.64950561523434
108.66,83.17628654266838,45.601806640625014
108.67,83.11804078682773,45.55410766601562
108.68,83.25482425241937,45.50640869140622
108.69,83.37947465581867,45.458709716796896
108.7,83.38293455388408,45.4110107421875
108.71,83.37730580109775,45.46651000976558
108.72,83.28381369886971,45.522009277343734
108.73,83.15933799122071,45.57750854492189
108.74,83.34644141392836,45.63300781249997
108.75,83.38407065547132,45.688507080078125
108.76,83.41238531769214,45.74400634765628
108.77,83.32813330945591,45.79950561523436
108.78,83.43211029576716,45.855004882812516
108.79,83.49465808285778,45.91050415039067
108.8,83.58428077344098,45.96600341796875
108.81,83.65185099519344,45.90520172119138
108.82,83.59757546320077,45.8444000244141
108.83,83.40095171027984,45.783598327636724
108.84,83.3129759536365,45.72279663085936
108.85,83.44536704851355,45.661994934082074
108.86,83.3759890102081,45.601193237304706
108.87,83.5754656244737,45.54039154052734
108.88,83.65416566070213,45.47958984375005
108.89,83.68292707498837,45.41878814697268
108.9,83.65235530506182,45.35798645019531
108.91,83.67856857444417,45.33328857421877
108.92,83.79509076486592,45.30859069824219
108.93,83.9258630911405,45.28389282226562
108.94,83.7499613849549,45.25919494628908
108.95,83.65486394596991,45.2344970703125
108.96,83.88766503895357,45.20979919433596
108.97,83.98931476807485,45.18510131835938
108.98,84.03875969457798,45.16040344238281
108.99,84.02985581089904,45.135705566406266
109.0,83.90511501235709,45.11100769042969
109.01,83.91141557674447,45.14430618286135
109.02,83.93195071861865,45.17760467529296
109.03,83.71636325924945,45.21090316772462
109.04,83.68464722661884,45.24420166015628
109.05,83.66706500891279,45.27750015258789
109.06,83.69326764852283,45.31079864501955
109.07,83.67478569765669,45.344097137451165
109.08,83.76969388157625,45.37739562988282
109.09,83.65928648701092,45.41069412231448
109.1,83.88928369878148,45.443992614746094
109.11,83.94322636223669,45.45239334106446
109.12,83.89611461251322,45.46079406738282
109.13,83.86507665490431,45.46919479370117
109.14,83.79201058071955,45.477595520019534
109.15,83.82858818129954,45.4859962463379
109.16,83.8855931771612,45.49439697265625
109.17,84.08727275161584,45.50279769897461
109.18,84.0691945731643,45.511198425292974
109.19,84.26447555789709,45.519599151611324
109.2,84.3110804578468,45.52799987792969
109.21,84.25001190332226,45.57140045166012
109.22,84.38242433290765,45.61480102539061
109.23,84.28293815046085,45.65820159912111
109.24,84.33783817823236,45.70160217285154
109.25,84.3064459992922,45.74500274658203
109.26,84.42343036077835,45.788403320312526
109.27,84.21166230201518,45.831803894042956
109.28,84.00915967374333,45.87520446777345
109.29,84.0669519511681,45.918605041503945
109.3,84.01761536370032,45.962005615234375
109.31,83.86859840443022,45.965904235839844
109.32,83.6893939021403,45.96980285644531
109.33,83.6850740338962,45.97370147705078
109.34,83.6008976856337,45.97760009765625
109.35,83.59433086609967,45.98149871826172
109.36,83.78821866706078,45.98539733886719
109.37,83.84725540842668,45.989295959472656
109.38,83.83218035899337,45.993194580078125
109.39,83.8555540618602,45.997093200683594
109.4,83.84588312777112,46.00099182128906
109.41,83.55670590094782,45.98909149169923
109.42,83.75637257306232,45.97719116210938
109.43,83.59930766432626,45.96529083251953
109.44,83.64645239137815,45.95339050292969
109.45,83.64209484081465,45.941490173339844
109.46,83.82522260460094,45.92958984375001
109.47,83.59510646127352,45.91768951416016
109.48,83.80172370380772,45.90578918457031
109.49,83.76962918105015,45.893888854980474
109.5,83.93521481406034,45.881988525390625
109.51,83.81724904638858,45.92688903808596
109.52,83.86229297138925,45.97178955078124
109.53,83.88912830676038,46.016690063476574
109.54,83.84340399157276,46.061590576171916
109.55,83.66650892615596,46.10649108886719
109.56,83.74827937753672,46.15139160156252
109.57,83.66969026176646,46.1962921142578
109.58,83.5441768977554,46.241192626953136
109.59,83.43862553711506,46.28609313964848
109.6,83.51016787678068,46.33099365234375
109.61,83.47026908547657,46.32539443969726
109.62,83.38284418249924,46.319795227050776
109.63,83.41356035760747,46.314196014404295
109.64,83.6269606721099,46.30859680175781
109.65,83.41113281173051,46.30299758911132
109.66,83.46530904630147,46.29739837646485
109.67,83.52529147413716,46.29179916381836
109.68,83.55720992393559,46.286199951171874
109.69,83.58465562145744,46.28060073852539
109.7,83.46421114088466,46.275001525878906
109.71,83.41131358520614,46.293301391601545
109.72,83.32586833191901,46.31160125732421
109.73,83.38147570751431,46.32990112304688
109.74,83.47318834409114,46.34820098876952
109.75,83.54296217044815,46.36650085449219
109.76,83.62596513600162,46.384800720214855
109.77,83.59504182820494,46.403100585937494
109.78,83.5005104233365,46.42140045166016
109.79,83.69281495201254,46.43970031738283
109.8,83.53494390224533,46.45800018310547
109.81,83.3880277033471,46.40739974975584
109.82,83.3617954418934,46.35679931640628
109.83,83.32662977484308,46.306198883056645
109.84,83.28334920859581,46.255598449707016
109.85,83.20074217569807,46.20499801635746
109.86,83.34238854716524,46.15439758300783
109.87,83.30151044997814,46.1037971496582
109.88,83.33472838457965,46.05319671630863
109.89,83.51994863900033,46.002596282959004
109.9,83.42136618726467,45.951995849609375
109.91,83.54583100871433,45.912295532226594
109.92,83.49427698002738,45.87259521484376
109.93,83.71078794124725,45.832894897460925
109.94,83.74868047007972,45.79319458007815
109.95,83.6862121919569,45.75349426269531
109.96,83.68524217039521,45.71379394531253
109.97,83.54302678338043,45.6740936279297
109.98,83.6741519928672,45.63439331054686
109.99,83.49104730674838,45.59469299316409
110.0,83.6394312307895,45.55499267578125
110.01,83.65476049611671,45.60639266967777
110.02,83.75858517014781,45.657792663574206
110.03,83.58795819532673,45.709192657470716
110.04,83.47500967731601,45.76059265136723
110.05,83.55839890726271,45.81199264526367
110.06,83.45197321623246,45.86339263916019
110.07,83.36155017934368,45.91479263305663
110.08,83.28618778049841,45.96619262695314
110.09,83.4200103092751,46.017592620849655
110.1,83.2318375460795,46.068992614746094
110.11,83.21527025156963,46.05389328002929
110.12,83.30588492826492,46.038793945312484
110.13,83.45691994321956,46.023694610595705
110.14,83.49463224516472,46.0085952758789
110.15,83.54375044992884,45.993495941162095
110.16,83.38243105679214,45.978396606445315
110.17,83.2555724703315,45.963297271728514
110.18,83.2770077584008,45.94819793701171
110.19,83.36000116104924,45.933098602294926
110.2,83.48951000421089,45.917999267578125
110.21,83.61063850931644,45.92909927368163
110.22,83.46342969769387,45.940199279785155
110.23,83.59089243749622,45.95129928588867
110.24,83.53255335604554,45.962399291992185
110.25,83.53785136939852,45.9734992980957
110.26,83.64596102985041,45.98459930419922
110.27,83.63454374600953,45.99569931030273
110.28,83.71267654325733,46.00679931640625
110.29,83.71290938607622,46.01789932250978
110.3,83.60538989796763,46.02899932861328
110.31,83.67064726073475,46.047599792480476
110.32,83.41034515815858,46.06620025634765
110.33,83.48454939338538,46.084800720214844
110.34,83.62786571007776,46.10340118408204
110.35,83.72530873116925,46.122001647949205
110.36,83.5429234027008,46.1406021118164
110.37,83.28563296491406,46.159202575683594
110.38,83.51156324772471,46.17780303955077
110.39,83.42527892552656,46.19640350341796
110.4,83.3409236047913,46.215003967285156
110.41,83.5916421640202,46.201705169677744
110.42,83.7372108989277,46.18840637207032
110.43,83.73866638235535,46.175107574462885
110.44,83.85365090224106,46.16180877685547
110.45,83.77832515574542,46.14850997924805
110.46,83.95283165730059,46.135211181640635
110.47,83.97378645305042,46.12191238403321
110.48,83.79929699011592,46.108613586425776
110.49,84.09173911739065,46.095314788818364
110.5,84.01334535043273,46.08201599121094
110.51,84.02253994785357,46.12611389160159
110.52,84.14769868946217,46.17021179199217
110.53,84.1538267785996,46.21430969238283
110.54,84.04780014364576,46.25840759277347
110.55,84.13289492106472,46.30250549316406
110.56,84.12665736631935,46.346603393554716
110.57,83.88060786457753,46.3907012939453
110.58,83.90892899373145,46.43479919433595
110.59,83.75563504719489,46.4788970947266
110.6,83.87419192330387,46.52299499511719
110.61,84.10334315456487,46.47879562377928
110.62,84.11482480552657,46.43459625244137
110.63,84.10480830221226,46.39039688110352
110.64,84.02545588807428,46.34619750976561
110.65,84.28301602860822,46.301998138427706
110.66,83.99596187100742,46.25779876708986
110.67,83.97418808523611,46.21359939575195
110.68,83.75059537674943,46.16940002441404
110.69,83.75249736653102,46.12520065307619
110.7,83.79348595597769,46.08100128173828
110.71,83.77287717831618,46.10920028686521
110.72,83.84852413072132,46.13739929199218
110.73,83.90791882990655,46.165598297119146
110.74,84.0324737888745,46.193797302246075
110.75,84.20668028337147,46.22199630737305
110.76,84.45305129695333,46.25019531250002
110.77,84.27585138966346,46.27839431762695
110.78,84.0386560076285,46.30659332275391
110.79,84.17191405389711,46.33479232788088
110.8,84.06371122078221,46.36299133300781
110.81,84.04266096253056,46.32249221801756
110.82,83.96134281188097,46.28199310302737
110.83,83.97929278443581,46.241493988037114
110.84,83.78639392007804,46.20099487304687
110.85,83.86760143106845,46.16049575805667
110.86,83.98634762770098,46.119996643066415
110.87,83.8519678539062,46.07949752807617
110.88,83.64368526896455,46.03899841308597
110.89,83.54636084459344,45.99849929809572
110.9,83.73950733568493,45.95800018310547
110.91,83.77686285462505,45.974001312255844
110.92,83.76920215820454,45.99000244140625
110.93,83.84618088582731,46.00600357055664
110.94,83.74204315898099,46.022004699707026
110.95,83.77551703124333,46.03800582885742
110.96,83.76533959465503,46.0540069580078
110.97,83.80898464921492,46.0700080871582
110.98,83.90042697406938,46.0860092163086
110.99,83.8365687487217,46.10201034545898
111.0,83.87588814296647,46.118011474609375
111.01,83.8631733872267,46.11161117553711
111.02,83.87547379764898,46.105210876464845
111.03,83.78245331361471,46.09881057739258
111.04,83.84842056119462,46.09241027832031
111.05,83.80253908841581,46.08600997924805
111.06,83.90155364534841,46.07960968017578
111.07,83.93031869469858,46.07320938110352
111.08,84.00678826851767,46.06680908203125
111.09,83.89769450388314,46.06040878295898
111.1,83.83423861597983,46.05400848388672
111.11,83.94413310994963,46.073209381103524
111.12,83.77439120652595,46.09241027832033
111.13,83.98633467087106,46.11161117553711
111.14,83.98200067008624,46.13081207275391
111.15,83.9667450927024,46.15001296997072
111.16,84.03467706926816,46.169213867187494
111.17,83.99888382616284,46.1884147644043
111.18,83.90521861689234,46.207615661621105
111.19,83.88330120986132,46.22681655883788
111.2,83.75686425877795,46.24601745605469
111.21,83.76347627793491,46.23451690673829
111.22,83.79978232784987,46.223016357421876
111.23,83.74737368823074,46.21151580810547
111.24,83.75412118848244,46.20001525878907
111.25,83.80494643754571,46.188514709472656
111.26,83.84354639542835,46.17701416015624
111.27,83.76037079612246,46.165513610839845
111.28,83.8089069903807,46.154013061523436
111.29,83.64940705351918,46.14251251220702
111.3,83.64341373138075,46.131011962890625
111.31,83.73542551983589,46.17901153564455
111.32,83.68665193691683,46.22701110839841
111.33,83.56732947632426,46.27501068115234
111.34,83.42260585678349,46.32301025390626
111.35,83.39361808494077,46.37100982666012
111.36,83.5233210028711,46.41900939941405
111.37,83.51098184174799,46.467008972167974
111.38,83.49312720917953,46.515008544921834
111.39,83.4492868045205,46.563008117675764
111.4,83.60920352778132,46.61100769042969
111.41,83.57967925938603,46.54650726318365
111.42,83.48789520586261,46.48200683593752
111.43,83.39976384767206,46.41750640869139
111.44,83.5706058584407,46.35300598144535
111.45,83.35421183532372,46.28850555419922
111.46,83.44173796351672,46.22400512695318
111.47,83.54944943352525,46.15950469970705
111.48,83.34944885964333,46.09500427246092
111.49,83.2976006152671,46.03050384521488
111.5,83.31598279551794,45.96600341796875
111.51,83.41489035782675,46.01150283813479
111.52,83.57505202186356,46.05700225830077
111.53,83.54658053313359,46.10250167846681
111.54,83.29762642245612,46.148001098632854
111.55,83.44111805653344,46.19350051879883
111.56,83.37666031406825,46.23899993896487
111.57,83.40873112557237,46.28449935913085
111.58,83.27315010555749,46.329998779296886
111.59,83.33661273969223,46.37549819946293
111.6,83.37757690639522,46.420997619628906
111.61,83.46560612783203,46.43839797973634
111.62,83.3877694916347,46.45579833984377
111.63,83.28027199598053,46.47319869995117
111.64,83.23562329580234,46.4905990600586
111.65,83.14308086967606,46.50799942016603
111.66,82.97777655431354,46.52539978027343
111.67,83.2078029315838,46.54280014038086
111.68,82.96415778723103,46.56020050048829
111.69,83.08678626124595,46.577600860595695
111.7,83.07943424788141,46.595001220703125
111.71,83.18415218678878,46.63810119628903
111.72,83.13691878965834,46.68120117187499
111.73,83.28925865366477,46.72430114746095
111.74,83.39335986457317,46.76740112304685
111.75,83.30269761267078,46.81050109863281
111.76,83.25099291338509,46.85360107421877
111.77,83.23473973361595,46.896701049804676
111.78,83.35560590272998,46.939801025390636
111.79,83.31683452883087,46.9829010009766
111.8,83.20419836348884,47.0260009765625
111.81,83.21217494874193,46.96880111694333
111.82,83.28208476941255,46.91160125732425
111.83,83.30592364097485,46.85440139770509
111.84,83.38012015374211,46.79720153808592
111.85,83.3036525105404,46.74000167846684
111.86,83.25808805520715,46.68280181884767
111.87,83.19113486662161,46.625601959228504
111.88,83.14371256023911,46.56840209960942
111.89,83.25829446385836,46.51120223999026
111.9,83.34916489249215,46.454002380371094
111.91,83.44260325419792,46.45940246582031
111.92,83.37597610054497,46.46480255126953
111.93,83.16364426887348,46.47020263671875
111.94,83.23147638850389,46.47560272216796
111.95,83.28028489823227,46.48100280761719
111.96,83.18014195126854,46.486402893066405
111.97,83.12448575087639,46.49180297851562
111.98,83.12399592483555,46.49720306396485
111.99,83.17764043851919,46.50260314941406
112.0,83.10612470914188,46.50800323486328
112.01,82.83505077724391,46.48320388793944
112.02,82.85879341060836,46.45840454101563
112.03,82.81852302207571,46.43360519409179
112.04,83.00140438787511,46.40880584716795
112.05,83.03465262063652,46.38400650024414
112.06,83.11860793363759,46.3592071533203
112.07,82.88847326996172,46.33440780639649
112.08,82.79748131007092,46.30960845947265
112.09,82.82853984042049,46.28480911254881
112.1,82.96276699704602,46.260009765625
112.11,82.87344605071237,46.279908752441415
112.12,82.91242310301291,46.29980773925783
112.13,83.07842908953856,46.319706726074216
112.14,82.8671459661244,46.33960571289063
112.15,83.00756788162289,46.359504699707045
112.16,83.13684144282479,46.37940368652343
112.17,83.08730175222881,46.39930267333985
112.18,82.97451181391767,46.41920166015626
112.19,83.07578735621864,46.43910064697265
112.2,83.04025046735521,46.45899963378906
112.21,83.10752958929227,46.53749999999993
112.22,83.05877173706904,46.61600036621091
112.23,82.92911472486634,46.6945007324219
112.24,82.8513871465375,46.77300109863277
112.25,82.99051417410797,46.85150146484375
112.26,82.8916269070375,46.93000183105473
112.27,82.7762557583935,47.0085021972656
112.28,82.8404360015786,47.08700256347659
112.29,82.69321282235639,47.16550292968757
112.3,82.74218478753598,47.24400329589844
112.31,82.79373126647891,47.203003692626936
112.32,82.97929625940984,47.16200408935549
112.33,82.94354181044572,47.12100448608399
112.34,83.09709638473439,47.08000488281249
112.35,83.05861711615952,47.039005279541044
112.36,83.02712899594553,46.99800567626954
112.37,82.9840615266366,46.95700607299804
112.38,83.107864700073,46.9160064697266
112.39,83.12991904693682,46.875006866455095
112.4,83.12764387447204,46.834007263183594
112.41,83.0173835772202,46.86480636596677
112.42,82.90728656625456,46.89560546874999
112.43,82.9987252381925,46.92640457153321
112.44,82.93086573694882,46.95720367431639
112.45,82.86531840644435,46.98800277709961
112.46,82.97843337430015,47.01880187988279
112.47,82.92587025133908,47.04960098266601
112.48,82.95598706456155,47.08040008544923
112.49,82.86064663774206,47.111199188232405
112.5,82.87173425661412,47.141998291015625
112.51,82.76042841233412,47.099098968505835
112.52,82.9840615266366,47.05619964599611
112.53,82.95390098638754,47.01330032348631
112.54,82.9229863281528,46.97040100097652
112.55,82.92817485100515,46.9275016784668
112.56,83.00396765328584,46.88460235595701
112.57,82.98272208634853,46.84170303344728
112.58,83.04853485775651,46.798803710937484
112.59,83.12001291929586,46.755904388427695
112.6,83.01389262685936,46.71300506591797
112.61,83.04863793209034,46.7040054321289
112.62,83.0219824688826,46.695005798339835
112.63,82.91461165072178,46.68600616455078
112.64,83.00284702484502,46.677006530761716
112.65,82.95433880308877,46.66800689697265
112.66,82.88855050117351,46.6590072631836
112.67,82.76655722778952,46.65000762939453
112.68,82.85961706455365,46.64100799560546
112.69,82.93546866664626,46.63200836181641
112.7,83.04174497690967,46.623008728027344
112.71,83.00467610045587,46.61880798339844
112.72,83.03002761235354,46.61460723876953
112.73,83.02153159151912,46.610406494140626
112.74,82.9851047520416,46.60620574951172
112.75,82.93076273572636,46.60200500488281
112.76,82.87964984362219,46.5978042602539
112.77,83.0845181199188,46.593603515625
112.78,82.99337994855534,46.589402770996095
112.79,83.19393317992862,46.585202026367185
112.8,83.32903672897793,46.58100128173828
112.81,83.25993284160286,46.53360061645506
112.82,83.3962132218333,46.486199951171905
112.83,83.2950005641993,46.43879928588868
112.84,83.33840676880824,46.39139862060546
112.85,83.2431176627414,46.3439979553223
112.86,83.341607674473,46.296597290039074
112.87,83.24030562320891,46.249196624755854
112.88,83.40015119324512,46.2017959594727
112.89,83.49839167153132,46.15439529418947
112.9,83.5000840869715,46.10699462890625
112.91,83.42434915762819,46.04169540405279
112.92,83.23622954013834,45.976396179199234
112.93,83.22500148206868,45.91109695434569
112.94,83.26350636709451,45.845797729492226
112.95,83.17516475159648,45.78049850463867
112.96,83.3888668941734,45.71519927978521
112.97,83.34566697317314,45.649900054931656
112.98,83.1967315402985,45.58460083007811
112.99,83.3545861670935,45.51930160522465
113.0,83.45427219905164,45.454002380371094
113.01,83.21172355522272,45.60840225219735
113.02,83.27118905877036,45.762802124023395
113.03,83.33374749582907,45.91720199584965
113.04,83.24387872747909,46.071601867675916
113.05,83.16265149437591,46.22600173950195
113.06,83.0742152226666,46.38040161132821
113.07,82.91699977271342,46.534801483154254
113.08,82.93276483072187,46.68920135498051
113.09,82.91561581757249,46.843601226806776
113.1,82.82585061510423,46.99800109863281
113.11,82.73225035071955,46.97910156249999
113.12,82.68789666690931,46.96020202636717
113.13,82.68424552304448,46.94130249023438
113.14,82.60148005672038,46.92240295410156
113.15,82.6633237119365,46.903503417968736
113.16,82.76873098696812,46.88460388183594
113.17,82.70267562098664,46.86570434570312
113.18,82.74052579110084,46.8468048095703
113.19,82.57092662835511,46.82790527343751
113.2,82.54204868536952,46.80900573730469
113.21,82.51046600724514,46.815505218505855
113.22,82.4715771436711,46.82200469970703
113.23,82.64122852882953,46.828504180908205
113.24,82.41513173393636,46.83500366210937
113.25,82.27493631133817,46.84150314331055
113.26,82.22533361761604,46.84800262451172
113.27,82.16819078594338,46.85450210571289
113.28,82.20164346644697,46.861001586914064
113.29,82.10084466894502,46.86750106811524
113.3,82.35816034197101,46.874000549316406
113.31,82.30909053094125,46.924400329589865
113.32,82.27093522872475,46.97480010986325
113.33,82.26579295452501,47.02519989013671
113.34,82.41301396262796,47.07559967041017
113.35,82.39734972018526,47.12599945068356
113.36,82.41981017700999,47.17639923095702
113.37,82.36120122770184,47.226799011230476
113.38,82.29026828058912,47.277198791503864
113.39,82.28347099421416,47.32759857177732
113.4,82.2919740587822,47.37799835205078
113.41,82.15803456772007,47.32599945068364
113.42,82.4160366054367,47.27400054931642
113.43,82.1470396443946,47.222001647949206
113.44,82.32507349434505,47.170002746582064
113.45,82.49232700193086,47.118003845214844
113.46,82.52111276780332,47.0660049438477
113.47,82.5318693877137,47.01400604248048
113.48,82.33459217921896,46.96200714111327
113.49,82.29743138249782,46.910008239746126
113.5,82.39959562867556,46.858009338378906
113.51,82.46319319287767,46.83210830688475
113.52,82.46357835738748,46.80620727539063
113.53,82.42051612686247,46.780306243896476
113.54,82.44888497147657,46.75440521240232
113.55,82.43135604284461,46.7285041809082
113.56,82.64674883310033,46.702603149414045
113.57,82.85834297658856,46.67670211791993
113.58,82.76095575188015,46.65080108642577
113.59,82.6722963069557,46.624900054931615
113.6,82.62285668410397,46.5989990234375
113.61,82.62891614511038,46.64189834594728
113.62,82.34075652406239,46.684797668457065
113.63,82.44168960699736,46.72769699096679
113.64,82.36077780986886,46.770596313476574
113.65,82.19909261959721,46.81349563598636
113.66,82.22567976533236,46.85639495849608
113.67,82.16907507967984,46.899294281005865
113.68,82.28810081350275,46.94219360351565
113.69,82.31424056904851,46.985092926025374
113.7,82.45680601528595,47.027992248535156
113.71,82.39583535345206,47.02049407958985
113.72,82.49926132531063,47.012995910644534
113.73,82.54247256890376,47.005497741699216
113.74,82.3133811487948,46.99799957275391
113.75,82.28023917539619,46.990501403808594
113.76,82.29959897246343,46.983003234863276
113.77,82.1538184786802,46.97550506591797
113.78,82.10618676090024,46.96800689697265
113.79,82.15851512913464,46.960508728027335
113.8,82.1017670321213,46.95301055908203
113.81,82.19219655841768,46.940908813476554
113.82,82.09310086851654,46.9288070678711
113.83,82.13319452287789,46.91670532226563
113.84,82.08480022457888,46.90460357666015
113.85,82.33147481347,46.892501831054695
113.86,82.03360939939188,46.880400085449224
113.87,82.08335277871672,46.86829833984375
113.88,82.09668769636215,46.85619659423829
113.89,81.98219771433497,46.84409484863282
113.9,81.90592610564516,46.831993103027344
113.91,81.94233290903686,46.791294097900426
113.92,82.10060126841529,46.75059509277345
113.93,82.20422639672377,46.70989608764647
113.94,82.37181910375072,46.66919708251955
113.95,82.26792165701876,46.62849807739258
113.96,82.16142417400228,46.58779907226566
113.97,82.22011584956978,46.547100067138686
113.98,82.23121822788227,46.506401062011705
113.99,82.16276978486358,46.46570205688479
114.0,82.21486620115265,46.42500305175781
114.01,82.31690864856948,46.39660186767576
114.02,82.23005154549566,46.368200683593756
114.03,82.27570576145608,46.33979949951171
114.04,82.28793408644768,46.31139831542966
114.05,82.30184354836908,46.282997131347656
114.06,82.30204876826474,46.25459594726561
114.07,82.39577118567748,46.2261947631836
114.08,82.25019399898363,46.19779357910156
114.09,82.26100347732637,46.16939239501951
114.1,82.26167027742072,46.1409912109375
114.11,82.11823592733248,46.23129196166996
114.12,82.25523320478175,46.32159271240242
114.13,82.31379161761002,46.41189346313475
114.14,82.18598650824728,46.50219421386721
114.15,82.32617670995211,46.59249496459967
114.16,82.1693826612253,46.682795715332006
114.17,82.33560565651595,46.773096466064466
114.18,82.29266663542558,46.863397216796926
114.19,82.19814407357762,46.95369796752926
114.2,82.26917837382943,47.04399871826172
114.21,82.22226960108176,47.027299499511734
114.22,82.20139991654622,47.01060028076172
114.23,82.21573792648836,46.993901062011716
114.24,82.2677036561,46.97720184326173
114.25,82.27800130901984,46.96050262451172
114.26,82.21294329395887,46.943803405761706
114.27,82.11972211682743,46.92710418701172
114.28,82.28413788536193,46.910404968261716
114.29,82.21723781766191,46.8937057495117
114.3,82.18602495986528,46.87700653076172
114.31,82.28597184995304,46.939805603027374
114.32,82.24203286734857,47.002604675292936
114.33,82.3044601212042,47.065403747558584
114.34,82.28158575885712,47.12820281982424
114.35,82.28849839408493,47.1910018920898
114.36,82.19756725772821,47.25380096435545
114.37,82.29646944343315,47.316600036621104
114.38,82.35303459053804,47.379399108886666
114.39,82.42955255199386,47.442198181152314
114.4,82.45255659115443,47.50499725341797
114.41,82.59724618284594,47.45729751586918
114.42,82.6916700260851,47.409597778320325
114.43,82.54474614461667,47.36189804077147
114.44,82.49408623786482,47.31419830322268
114.45,82.48622118897622,47.26649856567383
114.46,82.54564530749361,47.21879882812504
114.47,82.54369284576079,47.171099090576185
114.48,82.57637392499109,47.12339935302733
114.49,82.67049660702529,47.07569961547854
114.5,82.74417817734341,47.02799987792969
114.51,82.93980777165277,47.008299255371085
114.52,82.90460893599979,46.988598632812504
114.53,82.92057880568571,46.9688980102539
114.54,82.79481831818185,46.94919738769529
114.55,82.77557401287505,46.92949676513672
114.56,82.79456102654827,46.90979614257812
114.57,82.79564165409583,46.890095520019536
114.58,82.74230053209396,46.87039489746093
114.59,82.80996706502025,46.850694274902324
114.6,82.80224135394967,46.83099365234375
114.61,82.80401675669914,46.82149505615234
114.62,82.7870289938621,46.81199645996093
114.63,82.72023979895224,46.80249786376953
114.64,82.75711007032581,46.792999267578125
114.65,82.86195935283413,46.78350067138671
114.66,82.70722078262145,46.77400207519531
114.67,82.6892658639176,46.764503479003906
114.68,82.68859733305482,46.75500488281249
114.69,82.67131932456283,46.7455062866211
114.7,82.70409637050682,46.73600769042969
114.71,82.67411530656707,46.84300842285147
114.72,82.7762557583935,46.950009155273406
114.73,82.68005452065893,47.057009887695344
114.74,82.62464301404799,47.164010620117125
114.75,82.5093230303537,47.27101135253906
114.76,82.62477152773819,47.378012084961
114.77,82.606774161305,47.48501281738278
114.78,82.50999083611532,47.59201354980472
114.79,82.48109787132456,47.699014282226656
114.8,82.57623260134586,47.80601501464844
114.81,82.62019650192087,47.80201263427734
114.82,82.4682132408585,47.798010253906256
114.83,82.45797430515897,47.79400787353516
114.84,82.40526186825043,47.79000549316406
114.85,82.4054928856595,47.78600311279297
114.86,82.30846201893276,47.78200073242188
114.87,82.22494900989689,47.77799835205078
114.88,82.18219265949861,47.77399597167969
114.89,82.39903094023188,47.7699935913086
114.9,82.49845230589916,47.7659912109375
114.91,82.33380962506739,47.66479263305673
114.92,82.34192399152482,47.56359405517581
114.93,82.14177951568662,47.46239547729489
114.94,82.24241751502052,47.36119689941412
114.95,82.17423355193075,47.2599983215332
114.96,82.22757718057197,47.15879974365243
114.97,82.39801707265472,47.057601165771516
114.98,82.49089523158766,46.956402587890594
114.99,82.54550401014578,46.85520401000982
115.0,82.57056690754325,46.754005432128906
115.01,82.45077212242884,46.768504333496104
115.02,82.50357616249987,46.78300323486328
115.03,82.57988135965806,46.79750213623047
115.04,82.51934040054039,46.81200103759767
115.05,82.60309910953195,46.826499938964844
115.06,82.66498193422125,46.84099884033204
115.07,82.55997476832098,46.85549774169922
115.08,82.58066508234741,46.86999664306641
115.09,82.58568227773509,46.884495544433605
115.1,82.70692505384332,46.89899444580078
115.11,82.8719916681311,46.888494873046874
115.12,82.57755590930473,46.87799530029296
115.13,82.46077309917642,46.867495727539065
115.14,82.37157530187898,46.85699615478515
115.15,82.60838041590003,46.84649658203124
115.16,82.58492422778595,46.83599700927735
115.17,82.67465522630579,46.825497436523435
115.18,82.49204449863839,46.81499786376953
115.19,82.40147579574393,46.804498291015626
115.2,82.3844588002445,46.79399871826172
115.21,82.50286985702247,46.82699890136716
115.22,82.32942225919072,46.85999908447265
115.23,82.26758824396582,46.89299926757813
115.24,82.36438331169556,46.92599945068358
115.25,82.45382755547445,46.95899963378906
115.26,82.45188901785966,46.99199981689455
115.27,82.61411808210761,47.02499999999999
115.28,82.59808780704279,47.05800018310548
115.29,82.61609707796256,47.09100036621096
115.3,82.66322087699366,47.124000549316406
115.31,82.81831715927322,47.09790115356444
115.32,82.95686271012927,47.071801757812516
115.33,83.03546426490217,47.04570236206055
115.34,83.0409590693467,47.01960296630859
115.35,83.14420888749098,46.99350357055666
115.36,83.05136942524389,46.96740417480469
115.37,83.17549999871046,46.94130477905273
115.38,83.14310665291737,46.9152053833008
115.39,83.01505197492727,46.88910598754884
115.4,83.0799239426102,46.863006591796875
115.41,82.96754466764469,46.83460617065432
115.42,82.8002086698249,46.806205749511726
115.43,82.80146944564747,46.77780532836913
115.44,82.8104045017276,46.74940490722658
115.45,82.74667316358179,46.721004486083984
115.46,82.71476847428578,46.69260406494143
115.47,82.89248934068402,46.664203643798835
115.48,82.89496081717796,46.63580322265624
115.49,82.88131023422426,46.607402801513686
115.5,83.00454729165462,46.579002380371094
115.51,83.08248842015298,46.489202117919874
115.52,83.10126571981488,46.399401855468774
115.53,82.99119680418198,46.309601593017554
115.54,83.08574239690343,46.21980133056633
115.55,83.08023322423512,46.130001068115234
115.56,83.09890716347512,46.040200805664014
115.57,82.93521115656404,45.950400543212915
115.58,83.1499973647274,45.860600280761695
115.59,83.1562501778665,45.77080001831047
115.6,83.12032227553134,45.680999755859375
115.61,83.23873193374031,45.767500305175815
115.62,83.35333409515972,45.85400085449226
115.63,83.32741057736432,45.94050140380858
115.64,83.1383368213165,46.02700195312502
115.65,83.00635062396695,46.11350250244147
115.66,83.24529767102561,46.20000305175779
115.67,83.05931291138572,46.28650360107423
115.68,83.16564272901395,46.37300415039068
115.69,82.94082496699407,46.459504699707
115.7,83.0091136219585,46.54600524902344
115.71,82.71891534822527,46.52210388183596
115.72,82.73881537032909,46.49820251464845
115.73,82.91358174231961,46.47430114746093
115.74,82.89205168722809,46.45039978027345
115.75,83.00011632974609,46.42649841308594
115.76,82.99806833790001,46.402597045898425
115.77,82.93429699900086,46.37869567871095
115.78,82.9919824762328,46.35479431152343
115.79,82.93255882598224,46.330892944335915
115.8,82.92401629496253,46.30699157714844
115.81,82.88407758885384,46.36069183349612
115.82,83.02451384322642,46.41439208984372
115.83,82.87056303925955,46.4680923461914
115.84,82.8338669515153,46.52179260253908
115.85,82.925574131916,46.57549285888668
115.86,82.9225485941956,46.62919311523436
115.87,82.83115190489087,46.68289337158204
115.88,82.74334223675886,46.73659362792964
115.89,82.83968322010539,46.79029388427732
115.9,82.72861108718723,46.843994140625
115.91,82.69156717351207,46.76249389648444
115.92,82.87393513798763,46.68099365234377
115.93,82.96178829982986,46.5994934082031
115.94,82.6951027674023,46.517993164062545
115.95,82.74622303441762,46.436492919921875
115.96,82.84254638919275,46.35499267578132
115.97,82.6951670516272,46.27349243164065
115.98,82.6877166790552,46.19199218749998
115.99,82.51088980967744,46.11049194335942
116.0,82.52677034010259,46.02899169921875
116.01,82.4644514002732,46.07119140625002
116.02,82.37017665600793,46.11339111328124
116.03,82.45439243164982,46.15559082031251
116.04,82.4483714647513,46.197790527343784
116.05,82.5944450737557,46.239990234375
116.06,82.49552445927992,46.28218994140627
116.07,82.63962195491192,46.32438964843749
116.08,82.51153193664872,46.36658935546876
116.09,82.48506553951842,46.408789062500034
116.1,82.61346270558803,46.45098876953125
116.11,82.46954852231313,46.44059143066406
116.12,82.67677635663298,46.430194091796864
116.13,82.78805811598112,46.41979675292969
116.14,82.81517778323777,46.4093994140625
116.15,82.82529733492782,46.399002075195305
116.16,82.79475399523598,46.388604736328126
116.17,82.82390127844617,46.37820739746093
116.18,82.83556548672095,46.36781005859375
116.19,83.01681677586042,46.35741271972657
116.2,82.96174966716345,46.347015380859375
116.21,83.17837541516693,46.35141372680663
116.22,83.38828591545929,46.355812072753906
116.23,83.1544065404809,46.36021041870117
116.24,83.38906055419451,46.36460876464844
116.25,83.31986725097472,46.3690071105957
116.26,83.33912954858533,46.37340545654297
116.27,83.29065217780885,46.377803802490234
116.28,83.40144235165168,46.3822021484375
116.29,83.47883325000261,46.38660049438477
116.3,83.5161241248168,46.39099884033203
116.31,83.4157555092923,46.288899230956986
116.32,83.33866490408312,46.18679962158209
116.33,83.37533061866262,46.084700012207044
116.34,83.2676540722337,45.982600402832006
116.35,83.40006081253095,45.8805007934571
116.36,83.33512848559602,45.77840118408206
116.37,83.3315276110255,45.67630157470702
116.38,83.3736911059147,45.574201965332115
116.39,83.36994094521627,45.47210235595708
116.4,83.54673560757114,45.37000274658203
116.41,83.49016884642249,45.43610153198237
116.42,83.42260585678349,45.502200317382794
116.43,83.34087197700472,45.56829910278322
116.44,83.33089520739412,45.63439788818356
116.45,83.27600140556659,45.700496673583984
116.46,83.37853223333745,45.76659545898432
116.47,83.3453830124644,45.83269424438475
116.48,83.51891497788309,45.898793029785175
116.49,83.35818108294356,45.96489181518551
116.5,83.38814389874813,46.03099060058594
116.51,83.44800173617442,46.08119049072268
116.52,83.37487878283164,46.13139038085936
116.53,83.46776321393189,46.18159027099611
116.54,83.30825932445086,46.23179016113286
116.55,83.37644084904741,46.28199005126953
116.56,83.32257738980233,46.33218994140628
116.57,83.40397950430018,46.38238983154295
116.58,83.459244826388,46.432589721679705
116.59,83.33851002287022,46.48278961181645
116.6,83.3331538028108,46.532989501953125
116.61,83.284471728975,46.52469100952148
116.62,83.19346894036343,46.516392517089834
116.63,83.198627230514,46.508094024658206
116.64,83.18147008930391,46.49979553222656
116.65,83.16506252843503,46.491497039794915
116.66,83.27014403669007,46.48319854736329
116.67,83.46567071084343,46.47490005493164
116.68,83.43413134747867,46.466601562499996
116.69,83.21254896144248,46.45830307006836
116.7,83.16062728421367,46.45000457763672
116.71,83.12679310874256,46.449903869628905
116.72,83.10118838956811,46.44980316162109
116.73,83.16662262792046,46.449702453613284
116.74,83.33083067654626,46.44960174560547
116.75,83.18042563034676,46.449501037597656
116.76,83.13684144282479,46.44940032958984
116.77,83.0895828190218,46.44929962158203
116.78,83.19232124255335,46.44919891357422
116.79,83.19987813996664,46.44909820556641
116.8,83.25949421920926,46.448997497558594
116.81,83.2494513752843,46.47019729614259
116.82,83.39347606368912,46.49139709472655
116.83,83.45752699292312,46.512596893310544
116.84,83.42398758262249,46.53379669189454
116.85,83.39390212780687,46.5549964904785
116.86,83.48659046020387,46.576196289062494
116.87,83.52847012381292,46.59739608764649
116.88,83.49948980173325,46.61859588623045
116.89,83.53451747798417,46.639795684814445
116.9,83.47511301596698,46.66099548339844
116.91,83.5903883129309,46.58509597778327
116.92,83.37521443218915,46.50919647216799
116.93,83.59055635428376,46.43329696655271
116.94,83.51465119338692,46.35739746093754
116.95,83.60157635513063,46.281497955322266
116.96,83.550431590923,46.2055984497071
116.97,83.66345696997567,46.12969894409182
116.98,83.72143424333764,46.05379943847654
116.99,83.66416822597515,45.97789993286137
117.0,83.83255576247173,45.902000427246094
117.01,83.67538060637753,45.87320022583006
117.02,83.51262270381974,45.84440002441407
117.03,83.60705754233764,45.81559982299804
117.04,83.7172299726892,45.786799621582006
117.05,83.56046672450218,45.757999420166016
117.06,83.61481424635812,45.72919921874998
117.07,83.75323487858363,45.70039901733399
117.08,83.73841409992075,45.67159881591796
117.09,83.7004592201503,45.64279861450193
117.1,83.5721956067783,45.61399841308594
117.11,83.59371039255116,45.647399902343764
117.12,83.58549580109936,45.68080139160159
117.13,83.68609578907265,45.71420288085937
117.14,83.82013553421899,45.747604370117195
117.15,83.81126265769205,45.78100585937502
117.16,83.96145940603493,45.814407348632805
117.17,83.84952099068659,45.84780883789063
117.18,83.71259892905633,45.88121032714846
117.19,83.7894998842625,45.914611816406236
117.2,83.67715241227036,45.94801330566406
117.21,83.89475488185161,45.99111175537106
117.22,83.68839799448244,46.03421020507811
117.23,83.57942075111838,46.07730865478517
117.24,83.47095368579096,46.120407104492166
117.25,83.55595633111079,46.16350555419922
117.26,83.4932047215721,46.20660400390627
117.27,83.39945397186126,46.24970245361327
117.28,83.48520821602386,46.29280090332033
117.29,83.4148387071349,46.33589935302738
117.3,83.49870173109204,46.378997802734375
117.31,83.4516244968854,46.39179840087891
117.32,83.41197211880971,46.40459899902343
117.33,83.4259246007265,46.417399597167964
117.34,83.41318589343925,46.4302001953125
117.35,83.47309792381046,46.443000793457024
117.36,83.56994023933322,46.45580139160156
117.37,83.32555859341993,46.4686019897461
117.38,83.3902225190436,46.481402587890614
117.39,83.23690028112522,46.49420318603515
117.4,83.41629784533454,46.50700378417969
117.41,83.35754857818337,46.4562034606934
117.42,83.36029805510746,46.405403137207045
117.43,83.51839814972314,46.35460281372069
117.44,83.57867107940295,46.3038024902344
117.45,83.75541508396834,46.25300216674805
117.46,83.6515794443555,46.20220184326176
117.47,83.66731072048704,46.151401519775405
117.48,83.70082139379939,46.10060119628905
117.49,83.59466695689991,46.04980087280276
117.5,83.76352803645284,45.999000549316406
117.51,83.71517315258244,45.95009918212888
117.52,83.8578068093209,45.90119781494142
117.53,83.58417736723952,45.85229644775389
117.54,83.67179825322987,45.80339508056637
117.55,83.37961666514745,45.754493713378906
117.56,83.35787128439384,45.70559234619138
117.57,83.39492210390425,45.65669097900392
117.58,83.46720779388836,45.60778961181639
117.59,83.44584490544268,45.55888824462887
117.6,83.491344434081,45.509986877441406
117.61,83.35502503989399,45.4600891113281
117.62,83.56853145620825,45.4101913452148
117.63,83.61617170655366,45.36029357910157
117.64,83.70358946114001,45.31039581298827
117.65,83.87148577629897,45.260498046874964
117.66,83.7056978795892,45.21060028076173
117.67,83.79876635280408,45.16070251464843
117.68,83.9324429194231,45.11080474853513
117.69,83.99207464437775,45.0609069824219
117.7,83.73110446371277,45.011009216308594
117.71,83.70378348626828,45.07820892333979
117.72,83.61797520369042,45.14540863037107
117.73,83.76761700990176,45.212608337402365
117.74,83.73525733293138,45.27980804443356
117.75,83.70585310162873,45.347007751464844
117.76,83.52407042631047,45.41420745849613
117.77,83.70445610845398,45.48140716552732
117.78,83.52514934080828,45.548606872558615
117.79,83.62870610686154,45.6158065795899
117.8,83.64907085269606,45.683006286621094
117.81,83.70170096163797,45.58760528564449
117.82,83.77018560639114,45.49220428466802
117.83,83.82953314382806,45.39680328369142
117.84,83.7182519241506,45.30140228271482
117.85,83.70205020309096,45.20600128173835
117.86,83.68638032959927,45.110600280761744
117.87,83.66882379444847,45.01519927978514
117.88,83.60663093405522,44.91979827880868
117.89,83.50952833839773,44.82439727783207
117.9,83.84803217603913,44.72899627685547
117.91,83.84225181937056,44.797195434570256
117.92,83.76394210517202,44.865394592285135
117.93,83.76926685856573,44.93359375000002
117.94,83.8340832749484,45.00179290771481
117.95,83.9300985022099,45.06999206542969
117.96,83.95119295606631,45.138191223144474
117.97,83.95772843326155,45.206390380859354
117.98,83.84490571104554,45.27458953857424
117.99,83.67604018156192,45.34278869628903
118.0,83.92094781960883,45.410987854003906
118.01,83.95152976348342,45.40048904418945
118.02,83.98774697121593,45.389990234375006
118.03,83.6981439142669,45.37949142456054
118.04,83.7344810878686,45.368992614746084
118.05,83.72041227245303,45.35849380493164
118.06,83.77474059959421,45.34799499511718
118.07,83.75937446623868,45.33749618530274
118.08,83.6103799531754,45.326997375488276
118.09,83.66100639565238,45.31649856567382
118.1,83.55958789904915,45.305999755859375
118.11,83.6954923463084,45.3015998840332
118.12,83.63798307226327,45.29720001220703
118.13,83.41764078026505,45.29280014038086
118.14,83.38625250863305,45.28840026855469
118.15,83.41104242506614,45.284000396728516
118.16,83.49107314388675,45.27960052490234
118.17,83.61893190686006,45.27520065307617
118.18,83.60070377978666,45.270800781249996
118.19,83.73591714406368,45.26640090942383
118.2,83.54872574229455,45.262001037597656
118.21,83.54950112587595,45.33480072021478
118.22,83.52481985311198,45.40760040283201
118.23,83.4999936521249,45.48040008544924
118.24,83.39355352981138,45.553199768066364
118.25,83.3923011652457,45.625999450683594
118.26,83.52142161714426,45.698799133300824
118.27,83.33586415771336,45.77159881591795
118.28,83.34316297268892,45.84439849853518
118.29,83.27969139568617,45.91719818115241
118.3,83.22309259358337,45.98999786376953
118.31,83.26240978974485,45.91459884643552
118.32,83.24532347011112,45.8391998291016
118.33,83.05442952125884,45.76380081176759
118.34,83.09904893367575,45.688401794433574
118.35,83.17530658683148,45.613002777099666
118.36,83.33191479810661,45.537603759765645
118.37,83.30375574307034,45.46220474243163
118.38,83.29194248833649,45.38680572509772
118.39,83.34146569751573,45.3114067077637
118.4,83.41476123112713,45.23600769042969
118.41,83.56312907687504,45.20220718383792
118.42,83.65031221293955,45.168406677246104
118.43,83.80622778263387,45.13460617065429
118.44,83.66060551311071,45.10080566406252
118.45,83.79347301403298,45.0670051574707
118.46,83.80941177344619,45.033204650878936
118.47,83.69423771659618,44.99940414428712
118.48,83.74292294338125,44.9656036376953
118.49,83.50600121621727,44.931803131103536
118.5,83.58045478658764,44.89800262451172
118.51,83.50997407618267,44.94750137329105
118.52,83.68158200633134,44.9970001220703
118.53,83.58120446630262,45.046498870849625
118.54,83.6406207989577,45.095997619628946
118.55,83.8413974046474,45.1454963684082
118.56,83.77433944465189,45.19499511718753
118.57,83.52544652881569,45.24449386596678
118.58,83.53671422066508,45.29399261474611
118.59,83.52600214259557,45.34349136352543
118.6,83.58031260633132,45.39299011230469
118.61,83.6530018583989,45.3998908996582
118.62,83.73882163495992,45.406791687011726
118.63,83.67124215474378,45.413692474365234
118.64,83.65257513291608,45.42059326171875
118.65,83.64270256360724,45.42749404907227
118.66,83.64473263234505,45.43439483642578
118.67,83.61411612826247,45.4412956237793
118.68,83.37928100692886,45.44819641113282
118.69,83.43300136467896,45.45509719848633
118.7,83.49867589277332,45.461997985839844
118.71,83.44598697128006,45.460498046875
118.72,83.64073717021101,45.458998107910155
118.73,83.2751498809947,45.457498168945314
118.74,83.27798831316494,45.45599822998047
118.75,83.24512997706724,45.454498291015625
118.76,83.23235348683248,45.45299835205078
118.77,83.15552819156058,45.451498413085936
118.78,83.24592974977149,45.449998474121095
118.79,83.12666420522393,45.44849853515625
118.8,83.2403959173182,45.446998596191406
118.81,83.19763424723143,45.46119995117188
118.82,83.37394929582922,45.475401306152335
118.83,83.09767634818255,45.489602661132814
118.84,83.11162829832028,45.503804016113286
118.85,83.0968128477852,45.51800537109374
118.86,83.26991181045162,45.532206726074214
118.87,83.2956844453852,45.546408081054686
118.88,83.35586406464004,45.56060943603514
118.89,83.46012312401228,45.57481079101562
118.9,83.34662211728894,45.589012145996094
118.91,83.49430281766547,45.54440994262699
118.92,83.73600770657883,45.499807739257825
118.93,83.67424252197591,45.45520553588866
118.94,83.7502719112483,45.41060333251956
118.95,83.81956599905207,45.36600112915039
118.96,83.79476721345002,45.32139892578129
118.97,83.71438406478234,45.27679672241212
118.98,83.67129388475755,45.232194519042956
118.99,83.46789238164872,45.187592315673854
119.0,83.70082139379939,45.14299011230469
119.01,83.54186375442254,45.16869049072267
119.02,83.52976227511785,45.19439086914062
119.03,83.46339094840424,45.2200912475586
119.04,83.50402450998375,45.24579162597659
119.05,83.37025076619354,45.27149200439453
119.06,83.4596581423414,45.29719238281251
119.07,83.54536578835206,45.32289276123046
119.08,83.66171764123514,45.34859313964844
119.09,83.64806225428046,45.37429351806643
119.1,83.675354740737,45.399993896484375
119.11,83.66747883914046,45.44919509887698
119.12,83.5232951607435,45.49839630126957
119.13,83.42148240589077,45.547597503662104
119.14,83.45245109207659,45.5967987060547
119.15,83.52535608023572,45.6459999084473
119.16,83.70087313295609,45.69520111083983
119.17,83.58389300051535,45.74440231323243
119.18,83.62472395642577,45.79360351562503
119.19,83.6585752517624,45.842804718017554
119.2,83.60928109403595,45.892005920410156
119.21,83.46967490634736,45.90550537109374
119.22,83.47917556463202,45.91900482177734
119.23,83.53260504316914,45.93250427246094
119.24,83.5954684069193,45.94600372314452
119.25,83.5208918603512,45.959503173828125
119.26,83.59458939742451,45.97300262451173
119.27,83.54817005294116,45.98650207519531
119.28,83.6770748145392,46.00000152587891
119.29,83.76389034652615,46.01350097656251
119.3,83.63318613669185,46.027000427246094
119.31,83.78546214204846,46.02170028686523
119.32,83.86248718036788,46.01640014648438
119.33,83.70780632459262,46.01110000610352
119.34,83.69612613190299,46.00579986572266
119.35,83.58269091016224,46.000499725341804
119.36,83.75249736653102,45.995199584960936
119.37,83.77208781860715,45.989899444580075
119.38,83.77260543111133,45.98459930419922
119.39,83.68732449026678,45.97929916381836
119.4,83.69607439421348,45.9739990234375
119.41,83.59533914052727,45.958399200439466
119.42,83.72263733098018,45.94279937744141
119.43,83.56550713621381,45.927199554443355
119.44,83.55417934982333,45.91159973144532
119.45,83.68303054225589,45.895999908447266
119.46,83.54031306173836,45.88040008544923
119.47,83.61890604994566,45.864800262451176
119.48,83.49948980173325,45.84920043945312
119.49,83.74083993191591,45.83360061645509
119.5,83.82250430351313,45.81800079345703
119.51,83.83621922674608,45.835301208496105
119.52,83.72790902386231,45.85260162353515
119.53,83.80974829633438,45.869902038574224
119.54,83.68407815194207,45.8872024536133
119.55,83.57823161823634,45.904502868652344
119.56,83.72726218111103,45.92180328369142
119.57,83.70964961607939,45.93910369873046
119.58,83.90549057910174,45.95640411376954
119.59,83.92585013897697,45.97370452880861
119.6,83.86287559899976,45.991004943847656
119.61,83.86880556846975,45.9546058654785
119.62,83.78902104436398,45.91820678710934
119.63,84.19066487308505,45.88180770874024
119.64,84.16613551452339,45.84540863037108
119.65,84.1203487261437,45.809009552001925
119.66,84.30223355848993,45.772610473632824
119.67,84.25447610296452,45.736211395263666
119.68,84.28293815046085,45.69981231689451
119.69,84.24242693108032,45.66341323852541
119.7,84.22056932223803,45.62701416015625
119.71,84.473295256404,45.62961349487304
119.72,84.30049409015997,45.63221282958984
119.73,84.21435446702922,45.634812164306645
119.74,84.29360129883428,45.637411499023436
119.75,84.30937984341433,45.640010833740234
119.76,84.13958012194828,45.64261016845703
119.77,84.01552893867749,45.645209503173824
119.78,84.25586470080556,45.64780883789063
119.79,84.3679375724925,45.65040817260743
119.8,84.27581245224036,45.65300750732422
119.81,84.1324540052343,45.66530761718751
119.82,84.04189625503273,45.67760772705078
119.83,84.15879426337807,45.68990783691406
119.84,84.06127423268117,45.70220794677735
119.85,84.42561277917156,45.71450805664062
119.86,84.62398623991608,45.7268081665039
119.87,84.59341208333501,45.73910827636719
119.88,84.61864089011934,45.75140838623046
119.89,84.51794969462473,45.76370849609374
119.9,84.3978345202471,45.77600860595703
119.91,84.52455918798547,45.73050765991215
119.92,84.38582705198664,45.6850067138672
119.93,84.25604638735092,45.63950576782225
119.94,84.33354705169992,45.59400482177737
119.95,84.3605161071037,45.54850387573242
119.96,84.36604159333201,45.50300292968754
119.97,84.2605431890211,45.457501983642594
119.98,84.33111913886133,45.41200103759764
119.99,84.49775886508208,45.36650009155276
120.0,84.44891964330274,45.32099914550781
120.01,84.47045602025145,45.299699401855456
120.02,84.3505434146569,45.27839965820313
120.03,84.36426900469957,45.25709991455078
120.04,84.34842040078765,45.23580017089842
120.05,84.34840741605872,45.214500427246094
120.06,84.47757044756135,45.19320068359374
120.07,84.45121932484423,45.17190093994141
120.08,84.31776624572323,45.15060119628906
120.09,84.40731641513884,45.1293014526367
120.1,84.36238605256501,45.108001708984375
120.11,84.31141798641525,45.09740142822265
120.12,84.21731265761191,45.08680114746093
120.13,84.06050944050638,45.07620086669922
120.14,84.36602860724683,45.065600585937496
120.15,84.18365982496863,45.055000305175774
120.16,84.07215021316006,45.04440002441407
120.17,84.11486370574184,45.033799743652345
120.18,84.09750862239669,45.02319946289062
120.19,84.10943072944625,45.01259918212891
120.2,83.95961981882115,45.00199890136719
120.21,83.93114765724651,45.04319915771481
120.22,83.89444408781895,45.08439941406249
120.23,83.84363701612668,45.12559967041017
120.24,83.80173664638957,45.16679992675779
120.25,83.80124482898212,45.20800018310547
120.26,83.79925816293857,45.24920043945315
120.27,83.83130010585754,45.29040069580077
120.28,83.98633467087106,45.33160095214845
120.29,84.20003782109514,45.37280120849613
120.3,84.0301927760745,45.41400146484375
120.31,84.22930813114243,45.35760116577146
120.32,84.20731600150587,45.301200866699254
120.33,84.03383463511881,45.24480056762696
120.34,84.12624240206571,45.18840026855467
120.35,84.05140349866917,45.131999969482465
120.36,83.9474751652373,45.07559967041017
120.37,84.03303108648038,45.01919937133788
120.38,83.95136135969041,44.962799072265675
120.39,84.00611443270223,44.90639877319338
120.4,83.98766922960371,44.849998474121094
120.41,83.95667911210523,44.89649887084957
120.42,83.88201927570393,44.94299926757811
120.43,83.79784744826223,44.989499664306656
120.44,83.75350659436893,45.03600006103513
120.45,83.75425057758129,45.08250045776367
120.46,83.69769120456893,45.12900085449215
120.47,83.65869163550526,45.17550125122069
120.48,83.69058382555312,45.222001647949234
120.49,83.94887418487816,45.26850204467771
120.5,83.76398092416692,45.31500244140625
120.51,83.93682097956086,45.26660308837888
120.52,83.94215122486587,45.21820373535158
120.53,83.89946866192366,45.1698043823242
120.54,84.05763826300034,45.12140502929683
120.55,83.92140113268657,45.07300567626953
120.56,83.88704347772935,45.02460632324216
120.57,83.82557210365282,44.97620697021486
120.58,83.86722594913068,44.92780761718748
120.59,83.75633375583045,44.87940826416011
120.6,83.7280513296029,44.83100891113281
120.61,83.76401974317079,44.9325088500977
120.62,83.83966269723834,45.03400878906259
120.63,83.8413715133601,45.13550872802733
120.64,83.94563573122738,45.23700866699222
120.65,84.02759427639327,45.3385086059571
120.66,83.94010459685107,45.440008544921845
120.67,83.72842649986234,45.54150848388673
120.68,83.88412994018626,45.64300842285162
120.69,83.94226780569375,45.744508361816365
120.7,83.90773751909444,45.84600830078125
120.71,83.8480710145142,45.81040725708011
120.72,83.70952026143641,45.774806213378916
120.73,83.8010377484002,45.739205169677724
120.74,83.74261243071227,45.70360412597658
120.75,83.83353958247176,45.66800308227539
120.76,83.72255971216174,45.6324020385742
120.77,83.73019886728018,45.59680099487306
120.78,83.5232951607435,45.561199951171865
120.79,83.73490802220788,45.52559890747067
120.8,83.82339745472304,45.48999786376953
120.81,83.86332875520715,45.541299438476585
120.82,83.7291121580255,45.59260101318356
120.83,83.787545708414,45.643902587890615
120.84,83.80448049630594,45.69520416259767
120.85,83.90746555324358,45.74650573730465
120.86,84.0287218011901,45.797807312011706
120.87,83.88661615572346,45.84910888671876
120.88,84.12338955052661,45.900410461425736
120.89,84.00498705959262,45.95171203613279
120.9,83.98931476807485,46.003013610839844
120.91,84.10278562385649,45.981513214111345
120.92,84.08199623686114,45.96001281738282
120.93,84.09195952181108,45.93851242065429
120.94,84.11850739911853,45.91701202392579
120.95,84.14689459661112,45.895511627197266
120.96,84.3445769646608,45.87401123046877
120.97,84.31124922204657,45.85251083374024
120.98,84.37376849122222,45.83101043701171
120.99,84.20505856430572,45.809510040283214
121.0,84.31810378767425,45.78800964355469
121.01,84.5652551922415,45.82940979003909
121.02,84.4730613584893,45.87080993652343
121.03,84.45503920406087,45.91221008300782
121.04,84.39394450239568,45.95361022949222
121.05,84.24220632956089,45.99501037597656
121.06,84.28514471190164,46.03641052246096
121.07,84.13821841974703,46.077810668945304
121.08,84.23519913748561,46.119210815429696
121.09,83.99752974453774,46.160610961914095
121.1,83.94491032617285,46.20201110839844
121.11,84.06543528157133,46.097109222412065
121.12,83.92669203168465,45.99220733642569
121.13,83.92423112640755,45.88730545043947
121.14,83.99875424823891,45.7824035644531
121.15,83.83979215239549,45.677501678466726
121.16,83.80407927016516,45.572599792480496
121.17,83.73785778010762,45.467697906494124
121.18,83.68172427269731,45.36279602050775
121.19,83.67139734483307,45.25789413452153
121.2,83.57613773089794,45.152992248535156
121.21,83.62825358499173,45.18159332275388
121.22,83.59692912409467,45.210194396972646
121.23,83.85168303201291,45.238795471191416
121.24,83.86572402978494,45.26739654541014
121.25,83.92201634250651,45.295997619628906
121.26,83.87753905751026,45.32459869384767
121.27,83.68061201160474,45.353199768066396
121.28,83.80081772556228,45.381800842285166
121.29,83.7351797082632,45.41040191650393
121.3,83.94649067692256,45.439002990722656
121.31,83.7851515505233,45.439202880859376
121.32,83.82352689732215,45.4394027709961
121.33,83.85370268861152,45.43960266113281
121.34,83.90315948875188,45.43980255126953
121.35,83.8856838205794,45.44000244140625
121.36,83.79655322505842,45.44020233154297
121.37,83.93998801752537,45.44040222167969
121.38,84.0665760232406,45.4406021118164
121.39,84.0009959604146,45.440802001953124
121.4,84.02277322120926,45.441001892089844
121.41,84.1047434724005,45.4279022216797
121.42,83.93474851082568,45.41480255126954
121.43,84.0580271333013,45.40170288085937
121.44,84.0643204733269,45.388603210449226
121.45,84.08828399447825,45.37550354003906
121.46,84.08812841825748,45.36240386962892
121.47,84.15074649563064,45.34930419921876
121.48,84.26276243542387,45.33620452880859
121.49,84.21380954285189,45.323104858398445
121.5,84.21523672895901,45.31000518798828
121.51,84.06316678420598,45.351103973388696
121.52,83.85125580007997,45.392202758789054
121.53,83.82205125761695,45.43330154418946
121.54,83.86519318219842,45.474400329589876
121.55,84.00402815048757,45.515499114990234
121.56,84.02145134314196,45.55659790039065
121.57,83.85788449080752,45.59769668579101
121.58,83.80551592304222,45.638795471191415
121.59,83.95699002139386,45.67989425659183
121.6,83.9317175713729,45.72099304199219
121.61,83.8253649930156,45.767794036865254
121.62,83.84380531183923,45.81459503173832
121.63,83.79141525753896,45.861396026611324
121.64,83.75513042610392,45.90819702148439
121.65,83.79357654961855,45.95499801635746
121.66,83.86411854466643,46.00179901123045
121.67,83.88055606989967,46.04860000610352
121.68,83.75213508109802,46.09540100097659
121.69,83.85059553468807,46.14220199584959
121.7,83.84726835452406,46.189002990722656
121.71,83.89718945502435,46.15350341796878
121.72,83.92960630827965,46.11800384521485
121.73,83.92651070059081,46.08250427246093
121.74,83.88370262560125,46.04700469970705
121.75,84.01933895173758,46.011505126953125
121.76,84.15926118854519,45.9760055541992
121.77,84.33075560411842,45.94050598144532
121.78,84.37511911138294,45.9050064086914
121.79,84.27368388679747,45.86950683593747
121.8,84.44681487747123,45.834007263183594
121.81,84.40992727697189,45.80640716552733
121.82,84.17721933231125,45.77880706787111
121.83,84.23229253592301,45.751206970214845
121.84,84.2610363523628,45.723606872558584
121.85,84.37980740563444,45.696006774902365
121.86,84.36730124834428,45.668406677246104
121.87,84.34436921385125,45.64080657958984
121.88,84.33812382460158,45.61320648193362
121.89,84.33978577670811,45.585606384277355
121.9,84.37817103328727,45.558006286621094
121.91,84.1558630405296,45.665904998779205
121.92,84.21679367305002,45.77380371093747
121.93,84.0450134292396,45.88170242309573
121.94,84.12023202172,45.98960113525384
121.95,84.05577169807687,46.09749984741211
121.96,84.1620757371267,46.20539855957022
121.97,84.11990784319002,46.31329727172849
121.98,84.0687927138438,46.42119598388675
121.99,84.06162422348083,46.52909469604486
122.0,84.0245227816987,46.636993408203125
122.01,83.86292738821864,46.61859436035155
122.02,83.93210615029572,46.600195312500006
122.03,83.87823827443543,46.58179626464843
122.04,83.64645239137815,46.56339721679686
122.05,83.83246514776206,46.54499816894531
122.06,83.73343316274119,46.52659912109374
122.07,83.69925629186773,46.50820007324219
122.08,83.69298309628773,46.48980102539062
122.09,83.36812075860088,46.471401977539045
122.1,83.46147932795077,46.4530029296875
122.11,83.45881859538297,46.45230407714844
122.12,83.38410938634367,46.451605224609374
122.13,83.32644909315644,46.450906372070314
122.14,83.19073511141961,46.45020751953125
122.15,83.0967870717229,46.44950866699219
122.16,83.20933763838843,46.44880981445313
122.17,83.3333344917664,46.44811096191406
122.18,83.24878058372953,46.447412109375
122.19,83.17681520545123,46.446713256835935
122.2,83.14079906865247,46.446014404296875
122.21,82.99308370862171,46.47521209716794
122.22,83.24012503513725,46.504409790039055
122.23,82.98672756014979,46.53360748291016
122.24,83.0185558316261,46.562805175781236
122.25,82.78853408712446,46.592002868652344
122.26,82.77601135873388,46.62120056152345
122.27,82.79836898355065,46.650398254394524
122.28,82.86699152368173,46.67959594726563
122.29,82.69937129418675,46.70879364013675
122.3,82.84514580600444,46.73799133300781
122.31,82.76038982657965,46.74159317016602
122.32,82.64074012870648,46.74519500732422
122.33,82.44577828021707,46.74879684448242
122.34,82.68152007383303,46.75239868164063
122.35,82.62790086421843,46.75600051879883
122.36,82.57207003185353,46.75960235595703
122.37,82.73860960661555,46.763204193115236
122.38,82.63559916233115,46.766806030273436
122.39,82.77116202956587,46.770407867431636
122.4,82.89650550869628,46.774009704589844
122.41,82.92511064170647,46.755309295654314
122.42,82.83635042175224,46.736608886718756
122.43,82.85845880236243,46.7179084777832
122.44,82.93590643470353,46.69920806884767
122.45,82.75665991277492,46.68050765991211
122.46,82.99855779277306,46.66180725097658
122.47,82.97140811373637,46.64310684204102
122.48,82.72810956951307,46.62440643310546
122.49,82.83525666084283,46.60570602416993
122.5,82.81102206139902,46.587005615234375
122.51,82.81629714409684,46.59740600585938
122.52,82.80387523839056,46.60780639648437
122.53,82.85331750564113,46.61820678710938
122.54,82.69354709677877,46.62860717773438
122.55,82.95119685001507,46.639007568359375
122.56,82.89631242146942,46.64940795898438
122.57,82.81975820426361,46.65980834960937
122.58,83.00021937402862,46.67020874023438
122.59,83.03965782073857,46.68060913085938
122.6,82.82372114263126,46.691009521484375
122.61,82.68146865069477,46.67901000976562
122.62,82.73971558958412,46.667010498046864
122.63,82.54993566636556,46.65501098632813
122.64,82.43584881724328,46.643011474609374
122.65,82.47576285899203,46.63101196289062
122.66,82.34023052494314,46.619012451171876
122.67,82.2579259734499,46.60701293945312
122.68,82.46368106807535,46.595013427734365
122.69,82.46645428082627,46.58301391601563
122.7,82.44496310711449,46.571014404296875
122.71,82.61902706340152,46.593811798095686
122.72,82.80215129779567,46.616609191894526
122.73,82.82509146370603,46.639406585693365
122.74,82.86966854639404,46.662203979492176
122.75,82.95078479500911,46.685001373291016
122.76,82.86247414590474,46.707798767089855
122.77,82.93931849003947,46.730596160888666
122.78,82.90084359433861,46.753393554687506
122.79,82.83007104563204,46.776190948486345
122.8,82.75496218674172,46.798988342285156
122.81,83.00685298431395,46.77639007568359
122.82,82.98090613168245,46.753791809082045
122.83,83.13669964039006,46.73119354248047
122.84,82.91949736311895,46.7085952758789
122.85,82.96299879460064,46.68599700927736
122.86,83.05348893753855,46.66339874267579
122.87,82.83230997620814,46.64080047607422
122.88,82.72926692028565,46.61820220947268
122.89,82.70209703759674,46.5956039428711
122.9,82.93440000241809,46.57300567626953
122.91,82.90256212280188,46.520304107666064
122.92,82.88889804207179,46.46760253906252
122.93,83.0471691288719,46.414900970458966
122.94,82.89874533696162,46.3621994018555
122.95,82.94476504832765,46.30949783325195
122.96,82.73620476218359,46.256796264648486
122.97,82.80302613107868,46.20409469604494
122.98,83.11905907452716,46.15139312744139
122.99,83.13440503598531,46.09869155883792
123.0,83.02986013536162,46.045989990234375
123.01,82.89308146190456,46.179090118408276
123.02,83.02099054029905,46.31219024658199
123.03,82.84401338178613,46.4452903747559
123.04,82.81718491843304,46.5783905029298
123.05,82.83996631803548,46.711490631103516
123.06,82.88857624491877,46.844590759277416
123.07,82.8990027904253,46.97769088745113
123.08,82.9628056299493,47.11079101562504
123.09,82.90092726500227,47.24389114379894
123.1,82.9972826370427,47.376991271972656
123.11,82.75325161676037,47.31929244995115
123.12,82.88244291332495,47.261593627929635
123.13,82.88243004192806,47.20389480590821
123.14,82.65737867457194,47.1461959838867
123.15,82.88714747310313,47.08849716186519
123.16,82.66707723112552,47.03079833984377
123.17,82.75602969426053,46.973099517822256
123.18,82.69490991487756,46.91540069580075
123.19,82.81658020206413,46.85770187377932
123.2,82.62554261197822,46.80000305175781
123.21,82.81651587066546,46.842703247070276
123.22,83.01100717348324,46.8854034423828
123.23,82.84240483796296,46.92810363769532
123.24,82.92086204180903,46.970803833007785
123.25,82.81673459752291,47.01350402832031
123.26,82.95977297713142,47.05620422363284
123.27,82.93576480373504,47.0989044189453
123.28,82.79840757815771,47.14160461425782
123.29,82.90499513000263,47.18430480957035
123.3,83.0794600212522,47.22700500488281
123.31,82.93904809818811,47.12190475463863
123.32,82.81237298120826,47.01680450439459
123.33,82.97760913002683,46.91170425415041
123.34,83.01120039424089,46.80660400390622
123.35,83.2264202647196,46.70150375366218
123.36,83.1224748952761,46.596403503417996
123.37,83.11107406446074,46.49130325317381
123.38,83.27814313812908,46.386203002929776
123.39,83.2212224200143,46.28110275268559
123.4,83.36419645222402,46.176002502441406
123.41,83.37749944769382,46.261102294921805
123.42,83.35156572092284,46.34620208740232
123.43,83.17922644481578,46.43130187988284
123.44,83.04937233857035,46.51640167236323
123.45,82.94237008577501,46.60150146484375
123.46,82.95141575465325,46.68660125732415
123.47,83.02280048963858,46.77170104980466
123.48,82.90790448706932,46.85680084228518
123.49,82.88587317349463,46.941900634765574
123.5,82.92366868044915,47.027000427246094
123.51,83.15180227634231,47.00039978027342
123.52,83.09366819769191,46.97379913330079
123.53,83.08305544565623,46.94719848632812
123.54,83.08114818574613,46.920597839355445
123.55,83.2274392160848,46.89399719238281
123.56,82.9147275158173,46.86739654541014
123.57,82.68510687718374,46.840795898437506
123.58,82.64000753122792,46.81419525146484
123.59,82.96643716302052,46.78759460449216
123.6,82.89913151730705,46.76099395751953
123.61,82.79753276927315,46.77169570922852
123.62,82.96557434477319,46.78239746093751
123.63,83.00862413596175,46.79309921264648
123.64,82.89497368954781,46.803800964355474
123.65,82.88294489858335,46.81450271606446
123.66,82.95248452850501,46.82520446777343
123.67,82.69118147693287,46.835906219482425
123.68,82.70632074015819,46.84660797119141
123.69,82.8361188011923,46.85730972290039
123.7,82.83469048156144,46.868011474609375
123.71,82.93609956803726,46.90741119384762
123.72,82.93827555247005,46.946810913085926
123.73,82.91860904057182,46.98621063232423
123.74,82.99985871931962,47.02561035156248
123.75,82.97236111093598,47.06501007080078
123.76,83.05622051046576,47.104409790039085
123.77,82.74074441758655,47.14380950927733
123.78,82.68927872030682,47.183209228515636
123.79,82.91198539693721,47.22260894775394
123.8,82.90669439430121,47.26200866699219
123.81,82.93683347675632,47.28700790405274
123.82,83.13929077669074,47.31200714111327
123.83,82.98010763308332,47.337006378173825
123.84,82.79122270657284,47.36200561523438
123.85,82.76960564368522,47.38700485229491
123.86,82.74235197414572,47.41200408935546
123.87,82.74287925609825,47.43700332641602
123.88,82.91279644146105,47.46200256347654
123.89,82.87950826069701,47.4870018005371
123.9,82.68469548360233,47.512001037597656
123.91,82.84225041857748,47.46740188598637
123.92,83.01408585097516,47.42280273437501
123.93,83.05154980844836,47.37820358276366
123.94,83.11244031870746,47.33360443115237
123.95,83.08127705396936,47.289005279541016
123.96,83.22956742576385,47.24440612792973
123.97,83.28900059491738,47.19980697631837
123.98,83.14309376129621,47.15520782470702
123.99,83.17872356313343,47.110608673095726
124.0,83.23026393665944,47.066009521484375
124.01,83.12989326574038,47.01120834350583
124.02,83.17904592301132,46.95640716552736
124.03,83.20564920724672,46.90160598754881
124.04,83.326791095209,46.846804809570266
124.05,83.35807781669635,46.7920036315918
124.06,83.34888092582472,46.73720245361325
124.07,83.42387136225135,46.68240127563478
124.08,83.45176656764254,46.627600097656234
124.09,83.43118048980195,46.57279891967769
124.1,83.518268942933,46.51799774169922
124.11,83.67077658533942,46.567998504638695
124.12,83.64947170760108,46.61799926757817
124.13,83.80193078523716,46.66800003051757
124.14,83.85146294269941,46.718000793457044
124.15,83.75989203946469,46.76800155639652
124.16,83.70411979702332,46.818002319335925
124.17,83.58036430822871,46.8680030822754
124.18,83.48931622758455,46.91800384521487
124.19,83.3334764617975,46.968004608154274
124.2,83.27983332001567,47.01800537109375
124.21,83.52763023082424,46.981404876709014
124.22,83.58156638185112,46.94480438232423
124.23,83.56950080112085,46.90820388793944
124.24,83.51969022312134,46.87160339355471
124.25,83.47525510671653,46.83500289916992
124.26,83.48237917249148,46.798402404785136
124.27,83.40878277437326,46.7618019104004
124.28,83.34168511650066,46.725201416015615
124.29,83.18119930301872,46.68860092163083
124.3,83.19128961082862,46.652000427246094
124.31,82.99878964032189,46.70200195312502
124.32,82.89951769855199,46.752003479003875
124.33,82.9124874716509,46.80200500488281
124.34,82.75667277440225,46.852006530761734
124.35,82.90512386153681,46.90200805664059
124.36,82.84415493439016,46.952009582519516
124.37,82.8312291093935,47.00201110839844
124.38,82.70039987132854,47.052012634277304
124.39,82.83435592198647,47.10201416015623
124.4,83.02951229907194,47.152015686035156
124.41,83.0779522857843,47.14761352539063
124.42,83.00854684883105,47.143211364746094
124.43,83.06335888951902,47.13880920410156
124.44,83.12346742993643,47.13440704345703
124.45,83.12211397505062,47.1300048828125
124.46,83.00050274613538,47.125602722167976
124.47,82.97402242995123,47.12120056152344
124.48,83.03072328782027,47.116798400878906
124.49,83.03305511017743,47.112396240234375
124.5,82.84308685863705,47.107994079589844
124.51,82.82321933675121,47.10829467773438
124.52,83.07065864755714,47.108595275878905
124.53,82.8887564512475,47.10889587402344
124.54,83.13905873298789,47.109196472167966
124.55,83.07756568915016,47.1094970703125
124.56,83.11245320795194,47.109797668457034
124.57,83.27046657366957,47.11009826660156
124.58,83.278891460818,47.110398864746095
124.59,83.22309259358337,47.11069946289062
124.6,82.95328289418798,47.111000061035156
124.61,82.89678870370243,47.078701019287095
124.62,82.83019971898354,47.046401977539034
124.63,82.7503321133438,47.01410293579102
124.64,82.7678048848931,46.98180389404296
124.65,82.79311377128369,46.9495048522949
124.66,82.761238715256,46.91720581054688
124.67,82.88566722700264,46.88490676879882
124.68,82.92545825924218,46.85260772705076
124.69,82.94397959980915,46.82030868530275
124.7,82.93552016871068,46.78800964355469
124.71,83.1907093207944,46.76860961914064
124.72,83.14297773675078,46.749209594726565
124.73,83.11259498970715,46.7298095703125
124.74,83.25771394017895,46.71040954589845
124.75,83.21007275506437,46.691009521484375
124.76,83.11394191968257,46.6716094970703
124.77,83.02108071537997,46.65220947265625
124.78,83.04925637943657,46.632809448242185
124.79,83.13559100734183,46.61340942382811
124.8,83.16828589059536,46.59400939941406
124.81,83.09823053736841,46.61260833740235
124.82,83.05793420886403,46.631207275390615
124.83,83.05030001455495,46.6498062133789
124.84,82.9729020036731,46.668405151367196
124.85,83.0458420634491,46.687004089355455
124.86,83.07839042972374,46.70560302734374
124.87,82.85100107741528,46.724201965332036
124.88,82.95531745636333,46.742800903320294
124.89,82.86229396814814,46.76139984130859
124.9,82.75906505446522,46.779998779296875
124.91,82.85696594303512,46.75749893188478
124.92,82.88887229827657,46.73499908447266
124.93,82.7955387368827,46.71249923706054
124.94,82.78835398977418,46.68999938964845
124.95,82.8221642626796,46.66749954223633
124.96,82.75986248883663,46.644999694824236
124.97,82.72094703426554,46.622499847412115
124.98,82.88275182715022,46.599999999999994
124.99,82.68998582325366,46.5775001525879
125.0,82.72796811608494,46.55500030517578
125.01,82.64285439480983,46.52829971313475
125.02,82.89257944595073,46.501599121093754
125.03,82.6707922706691,46.47489852905273
125.04,82.74353514574973,46.4481979370117
125.05,82.82622375859219,46.4214973449707
125.06,82.84889058211294,46.39479675292967
125.07,82.86078820455569,46.368096160888676
125.08,82.70386493492009,46.34139556884765
125.09,82.66721863248657,46.31469497680662
125.1,82.46603059252705,46.287994384765625
125.11,82.48783911181758,46.2928955078125
125.12,82.46409191146645,46.29779663085938
125.13,82.75066650319407,46.30269775390625
125.14,82.71457559883127,46.30759887695313
125.15,82.61380966930399,46.3125
125.16,82.48690174188876,46.31740112304687
125.17,82.46957420090858,46.32230224609375
125.18,82.48859671606284,46.327203369140626
125.19,82.45874461070163,46.3321044921875
125.2,82.38572282050802,46.337005615234375
125.21,82.23786590855785,46.34180603027343
125.22,82.16328240142342,46.346606445312496
125.23,82.2332567367514,46.35140686035157
125.24,82.30274138730158,46.356207275390624
125.25,82.342591119505,46.36100769042969
125.26,82.23330802031921,46.36580810546875
125.27,82.30688433609579,46.37060852050781
125.28,82.107519108273,46.37540893554688
125.29,82.12442420148324,46.38020935058594
125.3,82.07714684184454,46.385009765625
125.31,82.10473912648932,46.353108215332014
125.32,82.246443547965,46.32120666503908
125.33,82.24495621221489,46.2893051147461
125.34,82.27652651221433,46.257403564453114
125.35,82.14662959155628,46.22550201416018
125.36,82.22114144200981,46.1936004638672
125.37,82.15260108708017,46.16169891357421
125.38,82.16328240142342,46.12979736328128
125.39,82.25665651987204,46.0978958129883
125.4,82.12532107215368,46.06599426269531
125.41,82.12323265231065,46.09599456787107
125.42,82.28998612349432,46.125994873046864
125.43,82.28173965481142,46.15599517822267
125.44,82.21534052171802,46.18599548339842
125.45,82.09987106899092,46.21599578857422
125.46,82.10612270601044,46.24599609374997
125.47,82.16316706255803,46.27599639892577
125.48,82.13427082573617,46.305996704101574
125.49,82.01760993857273,46.33599700927733
125.5,82.14025468569012,46.365997314453125
125.51,82.21326377692954,46.42259674072269
125.52,82.05016110385229,46.479196166992175
125.53,82.17276609622016,46.53579559326173
125.54,82.16144980458242,46.592395019531295
125.55,82.1630389083581,46.64899444580078
125.56,82.07256138602193,46.705593872070345
125.57,82.17793750090306,46.76219329833983
125.58,82.1652688056969,46.81879272460939
125.59,82.05721129077294,46.87539215087895
125.6,82.13682066660283,46.93199157714844
125.61,82.18725541639067,46.924592590332026
125.62,82.36270244515254,46.91719360351562
125.63,82.37809391816582,46.90979461669922
125.64,82.24135332532639,46.90239562988281
125.65,82.2303592411457,46.8949966430664
125.66,82.31272696623589,46.88759765625
125.67,82.50789753094249,46.88019866943359
125.68,82.36789907274354,46.872799682617185
125.69,82.32506066630006,46.86540069580079
125.7,82.46755844332625,46.858001708984375
125.71,82.45312146297623,46.77620162963874
125.72,82.45507285324832,46.694401550292994
125.73,82.80387523839056,46.61260147094724
125.74,82.86557580799686,46.53080139160161
125.75,82.97645648551953,46.44900131225586
125.76,83.05980254681045,46.36720123291011
125.77,82.93922835937337,46.28540115356448
125.78,82.9903724965199,46.203601074218724
125.79,82.95614158991417,46.12180099487298
125.8,83.09573025661058,46.040000915527344
125.81,82.94204818484214,46.10660095214847
125.82,82.96147280271215,46.173200988769494
125.83,82.85867758460061,46.23980102539061
125.84,82.89044267710149,46.30640106201174
125.85,82.66656304537749,46.37300109863276
125.86,82.64861254065181,46.43960113525389
125.87,82.60740381124528,46.50620117187501
125.88,82.58081925774044,46.57280120849604
125.89,82.50730678704772,46.639401245117156
125.9,82.35667199642194,46.70600128173828
125.91,82.44821741304554,46.69360198974611
125.92,82.59286465243069,46.68120269775391
125.93,82.58623475700846,46.668803405761714
125.94,82.63864516560376,46.65640411376954
125.95,82.64836832950046,46.644004821777344
125.96,82.60714681097981,46.63160552978517
125.97,82.6184616235693,46.61920623779297
125.98,82.64727581034614,46.60680694580078
125.99,82.54821437126988,46.5944076538086
126.0,82.47070406306632,46.582008361816406
126.01,82.56146494976807,46.5825080871582
126.02,82.52680887135784,46.5830078125
126.03,82.55343611387646,46.5835075378418
126.04,82.54976867426424,46.584007263183594
126.05,82.66973816792185,46.58450698852539
126.06,82.528016188579,46.58500671386719
126.07,82.57918757546257,46.585506439208984
126.08,82.49308462678518,46.58600616455078
126.09,82.74215906653409,46.58650588989258
126.1,82.68591681128802,46.587005615234375
126.11,82.67050946195533,46.60150604248047
126.12,82.58784081190193,46.61600646972658
126.13,82.46667254492033,46.630506896972655
126.14,82.28699785304492,46.64500732421875
126.15,82.31127751217993,46.65950775146485
126.16,82.19663153854377,46.674008178710935
126.17,82.36828401464203,46.68850860595703
126.18,82.39792723658796,46.70300903320313
126.19,82.36437048058828,46.717509460449214
126.2,82.37456510764437,46.73200988769531
126.21,82.3630617128961,46.75330886840818
126.22,82.24268676892609,46.77460784912109
126.23,82.200746179123,46.79590682983399
126.24,82.28840861774049,46.81720581054686
126.25,81.98761275527211,46.838504791259766
126.26,82.17457959207132,46.85980377197267
126.27,82.06533123049746,46.88110275268554
126.28,82.09393351799707,46.90240173339844
126.29,82.11737753090647,46.92370071411135
126.3,82.08305816740524,46.94499969482422
126.31,81.9047873236631,46.84430007934566
126.32,81.88960645543375,46.743600463867246
126.33,81.93263216733233,46.642900848388685
126.34,82.0025466466227,46.54220123291013
126.35,82.05899149554051,46.44150161743171
126.36,81.89057880785695,46.34080200195315
126.37,81.98000870599152,46.2401023864746
126.38,81.94301121456702,46.13940277099618
126.39,81.69358440364493,46.038703155517624
126.4,81.79927965128238,45.93800354003906
126.41,82.01981225310402,45.973402404785126
126.42,82.0337374526129,46.00880126953124
126.43,82.01118242221847,46.044200134277354
126.44,82.05044284948968,46.07959899902342
126.45,82.20668759147404,46.11499786376953
126.46,82.3462218826195,46.150396728515595
126.47,82.10621238286316,46.18579559326171
126.48,82.01188661989192,46.22119445800782
126.49,81.9320434864494,46.256593322753886
126.5,81.92227297510007,46.2919921875
126.51,81.84381648264078,46.322692871093764
126.52,81.76746865729551,46.35339355468749
126.53,81.83035504257532,46.38409423828126
126.54,81.74441978294954,46.41479492187503
126.55,81.80592903408979,46.44549560546875
126.56,81.89290735949326,46.476196289062514
126.57,81.93228663699252,46.50689697265624
126.58,82.10366301714352,46.53759765625001
126.59,82.01809649388971,46.56829833984378
126.6,81.82861568751242,46.5989990234375
126.61,82.08923230631626,46.541299438476535
126.62,81.92608641355906,46.48359985351558
126.63,81.90636114804275,46.4259002685547
126.64,82.08579935394631,46.368200683593734
126.65,82.08912982908669,46.31050109863277
126.66,82.03811052738344,46.25280151367189
126.67,82.05522619312103,46.195101928710926
126.68,82.12561575930002,46.13740234374997
126.69,82.18326928335256,46.07970275878909
126.7,82.20970004144324,46.022003173828125
126.71,82.05221017406724,46.09630355834955
126.72,82.00086947628714,46.170603942871075
126.73,82.14139510342888,46.2449043273926
126.74,82.08295569402952,46.31920471191402
126.75,82.08227040768729,46.39350509643555
126.76,82.02759101074092,46.467805480957075
126.77,81.95986096623298,46.5421058654785
126.78,81.9186643667493,46.61640625000002
126.79,81.86052811509019,46.69070663452155
126.8,82.03270022439648,46.76500701904297
126.81,82.14834669464696,46.75650634765625
126.82,82.37520670393549,46.748005676269536
126.83,82.41511889887678,46.739505004882815
126.84,82.42870536609549,46.73100433349609
126.85,82.47683498142439,46.72250366210938
126.86,82.44113761142026,46.71400299072266
126.87,82.64763569821118,46.705502319335935
126.88,82.74828077773397,46.69700164794923
126.89,82.73797945683447,46.6885009765625
126.9,82.68975440741097,46.68000030517578
126.91,82.5892798503511,46.737700653076125
126.92,82.57670796317872,46.79540100097655
126.93,82.52382914750062,46.85310134887697
126.94,82.47800341317858,46.91080169677731
126.95,82.47110208453356,46.968502044677734
126.96,82.42272384409411,47.02620239257808
126.97,82.60913857349387,47.0839027404785
126.98,82.74041004778415,47.14160308837892
126.99,82.76120012931263,47.199303436279266
127.0,82.64644035939455,47.25700378417969
127.01,82.77266697858887,47.236503601074205
127.02,82.81598835413875,47.21600341796876
127.03,82.89618369677645,47.195503234863274
127.04,82.91809407315807,47.1750030517578
127.05,82.84999730190715,47.154502868652344
127.06,82.7551293862598,47.13400268554686
127.07,82.55416832753076,47.11350250244141
127.08,82.35500403894288,47.09300231933593
127.09,82.42289070764485,47.072502136230455
127.1,82.43773581899994,47.052001953125
127.11,82.68403982719724,47.08980102539064
127.12,82.49593538198697,47.127600097656284
127.13,82.63917211701343,47.16539916992187
127.14,82.74013998036006,47.20319824218751
127.15,82.607994913373,47.24099731445315
127.16,82.51880098819478,47.27879638671874
127.17,82.49391930226261,47.31659545898438
127.18,82.40071859167983,47.35439453125002
127.19,82.64003323634765,47.39219360351561
127.2,82.65128603369314,47.42999267578125
127.21,82.6697124581827,47.3920936584473
127.22,82.50911755220152,47.354194641113295
127.23,82.30909053094125,47.31629562377928
127.24,82.37341024061686,47.278396606445334
127.25,82.59623109654137,47.24049758911133
127.26,82.44486040808414,47.20259857177732
127.27,82.50601615013842,47.164699554443374
127.28,82.6994612944313,47.12680053710936
127.29,82.67969456221711,47.088901519775355
127.3,82.51634796857655,47.051002502441406
127.31,82.4254963680797,46.96270217895504
127.32,82.48022474032581,46.8744018554688
127.33,82.69574561077556,46.78610153198243
127.34,82.60428128509935,46.69780120849607
127.35,82.39538617955466,46.60950088500983
127.36,82.32639478833084,46.521200561523465
127.37,82.38676227814481,46.4329002380371
127.38,82.30771806904438,46.344599914550855
127.39,82.1801163334095,46.25629959106449
127.4,82.29527664680063,46.167999267578125
127.41,82.23955832216653,46.21479949951168
127.42,82.25657958360638,46.2615997314453
127.43,82.3163314161615,46.30839996337892
127.44,82.47381122390794,46.35520019531247
127.45,82.51539759381198,46.402000427246094
127.46,82.57016864612984,46.448800659179646
127.47,82.35073799649518,46.49560089111327
127.48,82.40390143896548,46.542401123046886
127.49,82.46307764370013,46.58920135498044
127.5,82.44126598231979,46.63600158691406
127.51,82.467969296376,46.630402374267575
127.52,82.53759155167555,46.624803161621095
127.53,82.56978323277328,46.61920394897461
127.54,82.46253841527535,46.61360473632812
127.55,82.47179541454437,46.60800552368164
127.56,82.39701604496396,46.60240631103515
127.57,82.49308462678518,46.59680709838867
127.58,82.42657458444488,46.591207885742186
127.59,82.42690831951093,46.5856086730957
127.6,82.39774756460135,46.58000946044922
127.61,82.27383343911032,46.57190933227539
127.62,82.44853835426161,46.56380920410155
127.63,82.35540178111577,46.55570907592774
127.64,82.21894924594541,46.5476089477539
127.65,82.2985344128778,46.53950881958007
127.66,82.19386286639816,46.531408691406256
127.67,82.247251330775,46.52330856323242
127.68,82.2174429320482,46.51520843505859
127.69,82.29379528508896,46.50710830688477
127.7,82.37989043255605,46.49900817871094
127.71,82.41241072365872,46.482307434082045
127.72,82.47286109413226,46.46560668945313
127.73,82.40157846774929,46.44890594482421
127.74,82.33672177164227,46.43220520019532
127.75,82.21648146057375,46.415504455566406
127.76,82.29199970971702,46.39880371093749
127.77,82.20608510810352,46.3821029663086
127.78,82.1560226211579,46.36540222167968
127.79,82.22065428480325,46.34870147705077
127.8,82.18805009112528,46.332000732421875
127.81,82.31606204173039,46.364901733398455
127.82,82.31431753227518,46.397802734374984
127.83,82.2966105274775,46.43070373535156
127.84,82.2948405727702,46.463604736328136
127.85,82.36322851604339,46.496505737304666
127.86,82.43312746498765,46.52940673828124
127.87,82.3412696955539,46.56230773925782
127.88,82.21914154267644,46.59520874023435
127.89,82.23908393174698,46.62810974121092
127.9,82.20272021770013,46.6610107421875
127.91,81.99544119523844,46.64410934448244
127.92,82.0085193019902,46.62720794677735
127.93,82.07933714667368,46.61030654907226
127.94,82.25496393033909,46.5934051513672
127.95,82.41207701794337,46.57650375366211
127.96,82.69371423424333,46.55960235595705
127.97,82.58042097160276,46.542700958251956
127.98,82.5153205366385,46.52579956054687
127.99,82.60551486862343,46.50889816284181
128.0,82.59267191915718,46.49199676513672
128.01,82.54263955362518,46.52629699707028
128.02,82.37986476792685,46.560597229003946
128.03,82.35479234057354,46.59489746093751
128.04,82.56709821135091,46.629197692871074
128.05,82.43244713394233,46.66349792480474
128.06,82.65335544982179,46.6977981567383
128.07,82.6604315035683,46.732098388671865
128.08,82.5598077660658,46.76639862060553
128.09,82.44380774671109,46.80069885253909
128.1,82.57110648905487,46.834999084472656
128.11,82.58193703364408,46.808599853515574
128.12,82.55412978988906,46.78220062255856
128.13,82.6231651137942,46.75580139160156
128.14,82.84280375537492,46.72940216064455
128.15,82.81782823614276,46.703002929687464
128.16,82.91141895549546,46.67660369873045
128.17,82.94573076881643,46.65020446777344
128.18,82.909977113284,46.62380523681636
128.19,82.91005435451322,46.597406005859355
128.2,82.94606555323149,46.571006774902344
128.21,82.81344085895039,46.53260498046868
128.22,82.8312162419739,46.494203186035136
128.23,82.93821117382262,46.45580139160158
128.24,82.86040211353064,46.41739959716792
128.25,82.87259658676963,46.378997802734375
128.26,82.98420319883768,46.34059600830083
128.27,82.82368254212497,46.30219421386717
128.28,82.9180297023438,46.263792419433614
128.29,82.92861259981211,46.22539062500007
128.3,82.9432714117102,46.186988830566406
128.31,83.45783697660198,46.179089355468754
128.32,83.03288763013221,46.17118988037111
128.33,83.3123823346141,46.163290405273436
128.34,83.23807408435512,46.155390930175784
128.35,83.0353225489509,46.14749145507814
128.36,83.47198705007311,46.139591979980466
128.37,83.34039442073706,46.131692504882814
128.38,83.30850450859313,46.12379302978516
128.39,83.23813857927794,46.11589355468752
128.4,83.3573162300986,46.107994079589844
128.41,83.15545083607084,46.07709426879885
128.42,83.08233377716972,46.04619445800787
128.43,83.29181345683398,46.01529464721679
128.44,83.36959239730497,45.9843948364258
128.45,83.55538769416682,45.95349502563481
128.46,83.50962523567293,45.92259521484373
128.47,83.7462998058282,45.89169540405274
128.48,83.55430858438802,45.860795593261756
128.49,83.4954202966016,45.82989578247068
128.5,83.52772068063551,45.79899597167969
128.51,83.58298820052029,45.81679687499999
128.52,83.42303199530791,45.83459777832033
128.53,83.45815987687963,45.85239868164063
128.54,83.55120698242,45.87019958496093
128.55,83.48064818319172,45.88800048828128
128.56,83.41606541538627,45.90580139160157
128.57,83.42228302529263,45.92360229492187
128.58,83.30898197348458,45.94140319824222
128.59,83.41821540202795,45.95920410156251
128.6,83.17678941698382,45.97700500488281
128.61,83.12723138145344,46.02040405273446
128.62,83.21892020345071,46.063803100585986
128.63,83.15770705263415,46.107202148437516
128.64,83.32060285572699,46.15060119628904
128.65,83.34768052662055,46.19400024414069
128.66,83.35860705688941,46.23739929199221
128.67,83.14578168319613,46.280798339843734
128.68,83.19724737223194,46.324197387695385
128.69,83.14389304369787,46.367596435546915
128.7,83.00225451171522,46.41099548339844
128.71,82.97431863586378,46.328895568847514
128.72,82.83617027239985,46.246795654296825
128.73,82.94535735622748,46.16469573974614
128.74,83.04719489723749,46.08259582519522
128.75,83.14569144041732,46.00049591064453
128.76,82.90284532815329,45.91839599609384
128.77,82.88536474628327,45.83629608154292
128.78,83.02548002785733,45.75419616699224
128.79,83.04738816010675,45.67209625244155
128.8,83.05719976452855,45.589996337890625
128.81,82.81903768020129,45.630597686767544
128.82,82.85533153488319,45.67119903564446
128.83,82.94863439955407,45.711800384521496
128.84,82.93787640525876,45.752401733398415
128.85,82.99337994855534,45.793003082275334
128.86,82.99773344855527,45.83360443115237
128.87,82.88952876630371,45.874205780029286
128.88,82.88263598439828,45.914807128906205
128.89,82.89086745425776,45.95540847778312
128.9,82.95139000115141,45.996009826660156
128.91,82.94091509852768,45.94430923461918
128.92,83.12680599909991,45.89260864257821
128.93,83.06035660968948,45.840908050537095
128.94,82.98640557315224,45.78920745849612
128.95,82.98840190260647,45.73750686645515
128.96,82.85827862897139,45.685806274414034
128.97,82.82738179545859,45.63410568237306
128.98,82.93441287784974,45.58240509033209
128.99,83.00325920913915,45.53070449829097
129.0,82.90013559041483,45.47900390625
129.01,82.8055091389515,45.533903503417925
129.02,82.72210433493595,45.588803100586
129.03,82.60167280027068,45.64370269775392
129.04,82.75973387012976,45.69860229492184
129.05,82.78993628033716,45.75350189208992
129.06,82.66707723112552,45.80840148925785
129.07,82.63432679784003,45.863301086425764
129.08,82.51244376124104,45.918200683593845
129.09,82.47248874746958,45.97310028076176
129.1,82.58672299604399,46.02799987792969
129.11,82.59798501268541,46.02249908447264
129.12,82.6464018002218,46.01699829101562
129.13,82.99430731176571,46.011497497558594
129.14,82.92876709966689,46.00599670410156
129.15,82.82990377042452,46.000495910644524
129.16,82.88883368259121,45.9949951171875
129.17,82.91027320485807,45.98949432373047
129.18,82.9814470522711,45.98399353027343
129.19,83.03470415348784,45.9784927368164
129.2,83.01210209408335,45.972991943359375
129.21,82.82338660520898,46.031192779541115
129.22,82.87401236242619,46.08939361572269
129.23,82.79247054957062,46.14759445190426
129.24,82.63786116783524,46.205795288086
129.25,82.59862747846844,46.26399612426758
129.26,82.83173093953756,46.322196960449155
129.27,82.76646719104275,46.380397796630895
129.28,82.66094567024693,46.438598632812464
129.29,82.77159936376917,46.49679946899404
129.3,82.6504505624728,46.55500030517578
129.31,82.85056353349748,46.57860107421873
129.32,82.86042785290432,46.60220184326168
129.33,82.85672142425467,46.625802612304696
129.34,82.69505134004038,46.649403381347646
129.35,82.7255119894769,46.67300415039059
129.36,82.84487556770378,46.696604919433604
129.37,82.87892905908058,46.720205688476554
129.38,83.00018073241517,46.743806457519504
129.39,82.7762557583935,46.767407226562455
129.4,82.90861252416717,46.79100799560547
129.41,82.8830478701063,46.73440780639653
129.42,82.94531872738695,46.6778076171876
129.43,83.08077446846394,46.6212074279785
129.44,83.27001502207317,46.56460723876956
129.45,83.24051200981637,46.508007049560625
129.46,83.01596657744875,46.45140686035153
129.47,83.16406974547215,46.3948066711426
129.48,83.19121223870712,46.33820648193366
129.49,83.12197218517642,46.28160629272456
129.5,83.19919465219316,46.225006103515625
129.51,83.04466961641222,46.1869049072266
129.52,83.12411193613586,46.14880371093746
129.53,83.22340214158031,46.11070251464842
129.54,83.11742208342376,46.072601318359396
129.55,83.13414721724457,46.034500122070256
129.56,83.01257870883562,45.99639892578123
129.57,83.22988988414951,45.9582977294922
129.58,83.13409565354439,45.92019653320306
129.59,83.24622644062262,45.88209533691403
129.6,83.19777610162329,45.843994140625
129.61,83.11890439751281,45.894395446777445
129.62,83.22533682960386,45.94479675292975
129.63,83.2484580887517,45.99519805908204
129.64,83.09853340625313,46.045599365234345
129.65,82.97609588244185,46.09600067138679
129.66,82.94733387451193,46.14640197753909
129.67,82.89810170505146,46.196803283691395
129.68,83.01067225803598,46.24720458984383
129.69,82.77095622563468,46.297605895996135
129.7,82.86238405700195,46.34800720214844
129.71,82.86771225631217,46.27710647582996
129.72,82.9026908524471,46.20620574951168
129.73,82.74106592764907,46.135305023193396
129.74,82.67189780028255,46.06440429687492
129.75,82.91949736311895,45.99350357055664
129.76,82.84514580600444,45.92260284423836
129.77,82.95646351819434,45.851702117919885
129.78,82.83894974135494,45.7808013916016
129.79,82.83696807816192,45.70990066528332
129.8,82.97057102611659,45.638999938964844
129.81,82.74738051188481,45.69950027465815
129.82,82.94998644134746,45.76000061035146
129.83,82.7059350091731,45.82050094604494
129.84,82.65605472718381,45.88100128173825
129.85,82.80808224338286,45.941501617431555
129.86,82.62378197490172,46.00200195312503
129.87,82.77478936584775,46.062502288818344
129.88,82.70718220927257,46.12300262451165
129.89,82.92287045728699,46.183502960204954
129.9,82.79969407020681,46.24400329589844
129.91,82.8481313251339,46.25240402221679
129.92,82.98592903354222,46.26080474853514
129.93,82.96684925690087,46.26920547485352
129.94,83.057972863919,46.27760620117187
129.95,83.18085114987107,46.28600692749022
129.96,83.18741460403284,46.2944076538086
129.97,83.12351899034044,46.30280838012695
129.98,83.3153246409398,46.311209106445304
129.99,83.35930410751214,46.31960983276368
130.0,83.34466020557036,46.32801055908203
130.01,83.2355459030673,46.33860931396484
130.02,83.37560172074888,46.349208068847666
130.03,83.23733884400089,46.35980682373047
130.04,83.24159554370324,46.37040557861327
130.05,83.35545100577582,46.38100433349611
130.06,83.46856405538736,46.391603088378915
130.07,83.49688013941676,46.402201843261714
130.08,83.42879142878951,46.41280059814455
130.09,83.35541228155977,46.42339935302735
130.1,83.29756190449109,46.433998107910156
130.11,83.38895726882194,46.382398986816305
130.12,83.43706288848688,46.3307998657226
130.13,83.51104644231212,46.279200744628895
130.14,83.50578158103598,46.227601623535186
130.15,83.42206350023564,46.176002502441335
130.16,83.49983862107325,46.124403381347626
130.17,83.54562424394896,46.07280426025392
130.18,83.49974818635958,46.02120513916007
130.19,83.32917869534808,45.969606018066365
130.2,83.33035314904859,45.918006896972656
130.21,83.4476401099152,45.904405975341774
130.22,83.3147568233926,45.89080505371093
130.23,83.38418684811536,45.87720413208009
130.24,83.48905785909925,45.863603210449206
130.25,83.47249081747987,45.85000228881836
130.26,83.57335884684889,45.83640136718751
130.27,83.63555226292142,45.82280044555663
130.28,83.5104908782771,45.80919952392579
130.29,83.51083972059484,45.795598602294945
130.3,83.55256392619744,45.78199768066406
130.31,83.37908735826394,45.76509780883791
130.32,83.23359175116401,45.748197937011746
130.33,83.59209458682507,45.73129806518554
130.34,83.69037688174323,45.714398193359386
130.35,83.73904157639608,45.697498321533224
130.36,83.79242471983162,45.68059844970702
130.37,83.74679146197725,45.663698577880865
130.38,83.74940502678558,45.64679870605471
130.39,83.88243363718844,45.62989883422855
130.4,83.79076816952394,45.612998962402344
130.41,83.65254927080059,45.62919998168944
130.42,83.61006968633384,45.645401000976534
130.43,83.49734522476405,45.66160202026368
130.44,83.54554670722791,45.677803039550774
130.45,83.50299094741176,45.69400405883787
130.46,83.49573035064537,45.71020507812501
130.47,83.56499016391393,45.7264060974121
130.48,83.57744317609803,45.7426071166992
130.49,83.63391019362338,45.75880813598634
130.5,83.60053572823445,45.77500915527344
130.51,83.51317827494583,45.802607727050756
130.52,83.44003322485361,45.83020629882816
130.53,83.64150005043204,45.85780487060548
130.54,83.65029928205621,45.885403442382795
130.55,83.7203605272577,45.9130020141602
130.56,83.83023863028149,45.94060058593752
130.57,83.82467894085734,45.968199157714835
130.58,83.78445272169651,45.99579772949223
130.59,83.80331564887337,46.02339630126956
130.6,83.8603185289475,46.050994873046875
130.61,83.77140198450223,46.047196197509756
130.62,83.77547820957541,46.04339752197265
130.63,83.71224966559706,46.039598846435545
130.64,83.86888325505055,46.03580017089844
130.65,83.81198748506354,46.03200149536132
130.66,83.69315124073182,46.028202819824216
130.67,83.81605822284185,46.02440414428711
130.68,83.8541040335248,46.02060546874999
130.69,83.75194099993838,46.016806793212886
130.7,83.71869175328176,46.01300811767578
130.71,83.748305254446,45.97840652465814
130.72,83.79622967081909,45.94380493164061
130.73,83.89075993015997,45.909203338623065
130.74,83.96351924943701,45.87460174560543
130.75,83.99295574119685,45.84000015258789
130.76,83.77734165978137,45.80539855957035
130.77,83.87231444825635,45.770796966552716
130.78,83.7952978380999,45.736195373535175
130.79,83.7682251885291,45.70159378051764
130.8,83.57761120443864,45.6669921875
130.81,83.79461190899227,45.65739288330079
130.82,83.719222137006,45.64779357910158
130.83,83.7472054893274,45.63819427490234
130.84,83.67781845820271,45.62859497070313
130.85,83.75584207167196,45.61899566650392
130.86,83.9799146873262,45.60939636230468
130.87,83.81834927131422,45.59979705810547
130.88,83.96281967714629,45.59019775390626
130.89,83.95963277359023,45.58059844970705
130.9,84.0378524359389,45.57099914550781
130.91,84.01074062915511,45.55579986572267
130.92,83.97740117729832,45.540600585937526
130.93,83.79471544528144,45.52540130615234
130.94,83.77912748567594,45.510202026367196
130.95,83.62315956612322,45.49500274658205
130.96,83.5886044997521,45.47980346679687
130.97,83.72614961742359,45.46460418701172
130.98,83.58263920754526,45.44940490722658
130.99,83.49565283708046,45.43420562744139
131.0,83.47884616762633,45.41900634765625
131.01,83.68423335393474,45.46460571289059
131.02,83.6199274011036,45.510205078125054
131.03,83.62959822499091,45.555804443359385
131.04,83.63139540494588,45.60140380859372
131.05,83.35739367942422,45.64700317382819
131.06,83.35963972551806,45.69260253906253
131.07,83.47495800801451,45.738201904296865
131.08,83.4572428417232,45.78380126953133
131.09,83.44832461742514,45.82940063476566
131.1,83.28880705111919,45.875
131.11,83.33475419751946,45.885799407959006
131.12,83.43429923169684,45.89659881591798
131.13,83.41767951893307,45.90739822387695
131.14,83.36018187910868,45.91819763183593
131.15,83.34830008642072,45.928997039794936
131.16,83.48886408299762,45.93979644775391
131.17,83.3800297838824,45.95059585571289
131.18,83.36544860573797,45.961395263671896
131.19,83.52214519011265,45.97219467163087
131.2,83.4671432102823,45.982994079589844
131.21,83.51543933929081,45.88899307250961
131.22,83.3861750459019,45.79499206542963
131.23,83.42628617992986,45.700991058349665
131.24,83.47339501920233,45.60699005126943
131.25,83.40033195482037,45.51298904418945
131.26,83.35967845071606,45.41898803710948
131.27,83.34146569751573,45.32498703002924
131.28,83.50513559688267,45.230986022949274
131.29,83.47052742488803,45.1369850158693
131.3,83.59524865411234,45.04298400878906
131.31,83.58604514887152,45.07308578491208
131.32,83.82282790847427,45.10318756103511
131.33,83.77163490897776,45.13328933715821
131.34,83.7184977108756,45.163391113281236
131.35,83.69350046434772,45.193492889404254
131.36,83.57757242865273,45.22359466552736
131.37,83.47497092533838,45.25369644165038
131.38,83.57470304545731,45.2837982177734
131.39,83.63811237162196,45.31389999389643
131.4,83.51972898547771,45.34400177001953
131.41,83.53203648568903,45.378702545165986
131.42,83.43599099747595,45.41340332031244
131.43,83.62147883251734,45.448104095458994
131.44,83.59586913336967,45.48280487060545
131.45,83.6374917356117,45.5175056457519
131.46,83.57873570614254,45.55220642089846
131.47,83.60674728166067,45.58690719604491
131.48,83.75509160915989,45.62160797119137
131.49,83.7545093560788,45.65630874633792
131.5,83.53959587397695,45.691009521484375
131.51,83.60831151843901,45.65700912475589
131.52,83.59398184944529,45.62300872802731
131.53,83.77901101818959,45.58900833129882
131.54,83.68828159007805,45.555007934570334
131.55,83.7210461523937,45.52100753784175
131.56,83.65460532145684,45.48700714111326
131.57,83.52410918968327,45.45300674438477
131.58,83.53101567143283,45.41900634765619
131.59,83.45007464193579,45.385005950927706
131.6,83.34542173435074,45.35100555419922
131.61,83.45183114529941,45.365604400634794
131.62,83.40396659247025,45.38020324707033
131.63,83.43143876871702,45.39480209350587
131.64,83.26542862010723,45.4094009399414
131.65,83.34269831694296,45.423999786376974
131.66,83.55717115288256,45.43859863281251
131.67,83.56407254201997,45.45319747924804
131.68,83.38110131537108,45.46779632568362
131.69,83.3338378406042,45.482395172119155
131.7,83.41899017976594,45.49699401855469
131.71,83.33437991028345,45.47769622802731
131.72,83.48710718993851,45.45839843749999
131.73,83.47119910922879,45.43910064697267
131.74,83.59818302423874,45.419802856445294
131.75,83.63019297305402,45.40050506591797
131.76,83.67644110108154,45.38120727539064
131.77,83.58813916031397,45.36190948486327
131.78,83.6026751636382,45.34261169433595
131.79,83.56854438077009,45.323313903808625
131.8,83.57786970990783,45.30401611328125
131.81,83.5579465756522,45.35001449584957
131.82,83.52038794691208,45.39601287841789
131.83,83.3696698523334,45.44201126098634
131.84,83.46654904227891,45.48800964355466
131.85,83.49828831847235,45.53400802612298
131.86,83.65936407649365,45.58000640869143
131.87,83.62530575820509,45.62600479125975
131.88,83.55829551707237,45.672003173828074
131.89,83.42393592911421,45.718001556396395
131.9,83.73292860853705,45.763999938964844
131.91,83.57304864870517,45.757300567626956
131.92,83.48625458673388,45.750601196289075
131.93,83.45788864060444,45.74390182495117
131.94,83.42513687731788,45.737202453613286
131.95,83.42916592798477,45.7305030822754
131.96,83.42011361387699,45.723803710937496
131.97,83.43361478171293,45.71710433959961
131.98,83.32959168911248,45.71040496826173
131.99,83.34277575947733,45.703705596923825
132.0,83.4118817316906,45.69700622558594
132.01,83.37720252300512,45.699005126953125
132.02,83.39758181775004,45.70100402832031
132.03,83.3922236997051,45.7030029296875
132.04,83.57944660192716,45.70500183105469
132.05,83.47858781534202,45.707000732421875
132.06,83.52761730942663,45.70899963378906
132.07,83.43071558876225,45.71099853515625
132.08,83.43876759680685,45.71299743652344
132.09,83.39339859760283,45.714996337890625
132.1,83.47649517657294,45.71699523925781
132.11,83.42775833191878,45.71329650878906
132.12,83.40319188450349,45.70959777832031
132.13,83.26664777591809,45.70589904785156
132.14,83.4277841592626,45.70220031738281
132.15,83.3344831618508,45.698501586914055
132.16,83.28807158673693,45.694802856445314
132.17,83.0768311580234,45.691104125976565
132.18,83.23054770119317,45.68740539550781
132.19,83.14295195352945,45.68370666503906
132.2,83.16849218790044,45.68000793457031
132.21,83.00401917661445,45.724407196045
132.22,83.08186984908349,45.76880645751956
132.23,83.12029649582306,45.81320571899411
132.24,83.14926251346701,45.8576049804688
132.25,83.23526858212811,45.90200424194336
132.26,83.20232840222681,45.94640350341792
132.27,82.94698621112869,45.99080276489261
132.28,82.99403683029415,46.03520202636716
132.29,82.97572240150888,46.07960128784172
132.3,82.88119439247976,46.124000549316406
132.31,82.7516696767986,46.103801727294936
132.32,82.6434713294125,46.08360290527347
132.33,82.65536062308107,46.063404083251946
132.34,82.65226289770578,46.04320526123048
132.35,82.75061505855774,46.02300643920901
132.36,82.61924552930945,46.002807617187486
132.37,82.63345285618765,45.98260879516602
132.38,82.79591181208461,45.96240997314455
132.39,82.69736558715802,45.94221115112309
132.4,82.70104273529036,45.92201232910156
132.41,82.34210360263825,45.90881118774415
132.42,82.47940297419568,45.89561004638674
132.43,82.57849379418145,45.882408905029294
132.44,82.66301520729989,45.86920776367188
132.45,82.61947684646796,45.856006622314474
132.46,82.64503938189192,45.842805480957026
132.47,82.39731121916371,45.82960433959961
132.48,82.33187249882046,45.816403198242206
132.49,82.46581232928253,45.80320205688476
132.5,82.54144497433607,45.790000915527344
132.51,82.62464301404799,45.83380050659176
132.52,82.49080534490402,45.8776000976563
132.53,82.79748131007092,45.92139968872072
132.54,82.64054733958152,45.96519927978513
132.55,82.7958603533861,46.00899887084967
132.56,82.64479517601963,46.05279846191409
132.57,82.74720045930265,46.0965980529785
132.58,82.74010139933544,46.14039764404304
132.59,82.73182598017789,46.18419723510746
132.6,82.87926370865654,46.227996826171875
132.61,83.06813301001407,46.19999618530268
132.62,82.93373048134946,46.171995544433564
132.63,83.18290139556196,46.14399490356445
132.64,83.19588042110439,46.11599426269533
132.65,83.2916199097676,46.08799362182613
132.66,83.10207768957818,46.05999298095701
132.67,83.16735755588874,46.031992340087896
132.68,83.16009867287774,46.0039916992187
132.69,83.01962503791661,45.975991058349585
132.7,82.9394729998667,45.94799041748047
132.71,83.05728995927204,45.95158996582032
132.72,83.00176504594225,45.95518951416016
132.73,82.96638565135744,45.958789062499996
132.74,82.99380498938362,45.962388610839845
132.75,82.89416273219904,45.96598815917969
132.76,82.97032633976374,45.96958770751953
132.77,82.97910307578654,45.97318725585938
132.78,82.84753936447916,45.976786804199214
132.79,82.86942400887101,45.98038635253906
132.8,82.95315412526959,45.983985900878906
132.81,82.82334800478066,45.95868606567385
132.82,82.95001219463141,45.93338623046879
132.83,83.14216556719947,45.908086395263666
132.84,83.00814753256218,45.882786560058605
132.85,82.87248075111475,45.85748672485355
132.86,83.05712245478739,45.832186889648426
132.87,83.14305508643874,45.806887054443365
132.88,83.23279203772982,45.78158721923831
132.89,83.1340698717003,45.75628738403325
132.9,83.24494938376249,45.730987548828125
132.91,83.18091562262123,45.75558853149412
132.92,83.18165061373892,45.780189514160114
132.93,83.175989976477,45.80479049682618
132.94,83.28665227868791,45.82939147949217
132.95,83.13252296837084,45.85399246215817
132.96,83.00269245599858,45.87859344482423
132.97,83.04740104430603,45.90319442749023
132.98,83.06822321069376,45.92779541015622
132.99,82.91194677586836,45.95239639282229
133.0,82.74830649968733,45.97699737548828
133.01,82.90711921309683,45.96609649658204
133.02,82.79147999301931,45.95519561767577
133.03,82.76309085111599,45.94429473876953
133.04,82.76873098696812,45.93339385986329
133.05,82.70925232504051,45.92249298095702
133.06,82.53062351015345,45.911592102050776
133.07,82.62184144043984,45.900691223144534
133.08,82.60556626813683,45.889790344238264
133.09,82.74367661248597,45.87888946533202
133.1,82.72762091272863,45.86798858642578
133.11,82.74038432705811,45.87698974609377
133.12,82.65811777330353,45.88599090576173
133.13,82.72729942878908,45.89499206542969
133.14,82.64389547328761,45.90399322509765
133.15,82.70783795742668,45.91299438476564
133.16,82.76042841233412,45.9219955444336
133.17,82.75552809348453,45.93099670410156
133.18,82.88987630925286,45.93999786376955
133.19,83.0232127234732,45.94899902343751
133.2,82.98458957818254,45.95800018310547
133.21,82.92326956838784,45.98620147705083
133.22,82.93577767927263,46.01440277099611
133.23,83.01948333548233,46.04260406494139
133.24,82.89855224712622,46.07080535888675
133.25,82.84478548836817,46.09900665283203
133.26,83.11320078584166,46.12720794677731
133.27,82.88820296100381,46.15540924072267
133.28,82.80239573604186,46.183610534667956
133.29,82.86642523595658,46.211811828613236
133.3,82.88686429456583,46.240013122558594
133.31,82.88324094188422,46.22721176147462
133.32,82.96950213575606,46.21441040039065
133.33,82.98008187512795,46.20160903930664
133.34,83.03753848493635,46.188807678222666
133.35,83.16133639961993,46.17600631713869
133.36,83.26766697350799,46.16320495605468
133.37,83.1175380901366,46.150403594970705
133.38,83.17836252081179,46.13760223388673
133.39,83.36347356375532,46.12480087280276
133.4,83.28940058614624,46.11199951171875
133.41,83.27524019400049,46.12930068969725
133.42,83.16729308839318,46.14660186767575
133.43,83.24867738526866,46.1639030456543
133.44,83.16551379537707,46.181204223632804
133.45,83.25755913420625,46.19850540161131
133.46,83.19558381998392,46.21580657958985
133.47,83.4670527932758,46.233107757568355
133.48,83.24709071698486,46.25040893554686
133.49,83.36147272808715,46.2677101135254
133.5,83.20848645471514,46.285011291503906
133.51,83.14777992870334,46.29050979614257
133.52,83.20964716080358,46.29600830078125
133.53,82.97013316658214,46.301506805419926
133.54,83.1003506475344,46.30700531005859
133.55,83.26567374121403,46.31250381469727
133.56,83.45850860988111,46.31800231933594
133.57,83.17998721742977,46.323500823974605
133.58,83.26199696249594,46.32899932861329
133.59,83.13762780397575,46.33449783325196
133.6,83.12729583342013,46.339996337890625
133.61,83.07371265852133,46.3421974182129
133.62,82.983662269266,46.344398498535156
133.63,82.97675269577667,46.34659957885742
133.64,83.07626415376035,46.34880065917969
133.65,82.84021724342453,46.35100173950195
133.66,82.73239180780865,46.35320281982422
133.67,82.798716335338,46.355403900146484
133.68,82.8037465854877,46.35760498046876
133.69,82.68547970350093,46.359806060791016
133.7,82.6453221470369,46.36200714111328
133.71,82.55487485255618,46.39190597534185
133.72,82.70207132282638,46.42180480957033
133.73,82.8921546644079,46.45170364379881
133.74,82.72994847508356,46.481602478027376
133.75,82.59095017855803,46.51150131225586
133.76,82.54290929853197,46.54140014648434
133.77,82.5787764454627,46.57129898071291
133.78,82.45997710705375,46.601197814941386
133.79,82.49440726834379,46.63109664916987
133.8,82.48322935758571,46.66099548339844
133.81,82.3852351759752,46.618696594238315
133.82,82.38751941808205,46.5763977050782
133.83,82.44157407288645,46.53409881591796
133.84,82.38054488195174,46.491799926757835
133.85,82.72558914473188,46.44950103759771
133.86,82.71964829537555,46.40720214843748
133.87,82.7669302376907,46.364903259277355
133.88,83.14887575095001,46.32260437011723
133.89,82.99893132509449,46.28030548095712
133.9,83.00191961392517,46.238006591796875
133.91,83.13332219996073,46.243806457519526
133.92,83.38673019627025,46.249606323242176
133.93,83.26106810492782,46.25540618896485
133.94,83.12462754289439,46.2612060546875
133.95,83.07465335675151,46.26700592041015
133.96,83.1347144190019,46.272805786132814
133.97,83.20797058794106,46.278605651855464
133.98,83.15623728522641,46.284405517578115
133.99,83.17606734151943,46.29020538330079
134.0,83.2943424925011,46.29600524902344
134.01,83.17934249465067,46.292005157470705
134.02,83.01044039389136,46.288005065917964
134.03,82.75383037906087,46.28400497436523
134.04,83.03858848545472,46.280004882812506
134.05,83.03000184665147,46.27600479125976
134.06,82.95925788190868,46.272004699707026
134.07,82.87680533713574,46.2680046081543
134.08,82.9742413647052,46.26400451660155
134.09,82.82288480034238,46.26000442504883
134.1,82.90242052030757,46.256004333496094
134.11,82.85121984980744,46.20010452270497
134.12,82.79669655921829,46.144204711914
134.13,82.68346130899862,46.08830490112303
134.14,82.58262440261925,46.03240509033206
134.15,82.58441029759594,45.97650527954094
134.16,82.54849697072592,45.92060546874997
134.17,82.51815883293922,45.864705657959
134.18,82.71110387910375,45.808805847167875
134.19,82.5800869259053,45.752906036376906
134.2,82.71394554058034,45.69700622558594
134.21,82.85887062799182,45.69630584716797
134.22,82.89541135071747,45.69560546875
134.23,82.67828044735285,45.69490509033203
134.24,82.70079844669054,45.69420471191406
134.25,82.64339421246125,45.693504333496094
134.26,82.76013258844634,45.692803955078126
134.27,82.67748340612204,45.69210357666016
134.28,82.57868651091165,45.691403198242185
134.29,82.63800254420718,45.69070281982422
134.3,82.53965954398674,45.69000244140625
134.31,82.63057402225388,45.74270324707027
134.32,82.52108708118533,45.795404052734284
134.33,82.60838041590003,45.84810485839845
134.34,82.81242444503792,45.90080566406247
134.35,82.96351390143693,45.953506469726484
134.36,82.67673779038417,46.00620727539066
134.37,82.68807665495932,46.058908081054675
134.38,82.63784831544379,46.11160888671869
134.39,82.83972182434009,46.16430969238271
134.4,82.94076058735719,46.217010498046875
134.41,83.09472499969151,46.2026092529297
134.42,83.06022775769225,46.18820800781253
134.43,82.91409669572114,46.17380676269531
134.44,82.88967035778764,46.159405517578136
134.45,82.74888524469493,46.14500427246096
134.46,82.44243416209848,46.13060302734374
134.47,82.73443008656614,46.11620178222657
134.48,82.7119910894368,46.10180053710939
134.49,82.78466203726286,46.08739929199218
134.5,82.59626964400863,46.072998046875
134.51,82.61925838025421,46.09779739379881
134.52,82.77035167806649,46.122596740722685
134.53,82.6831141990509,46.14739608764649
134.54,82.6450650877942,46.1721954345703
134.55,82.77243544707945,46.196994781494176
134.56,82.6173178989148,46.22179412841798
134.57,82.72605207701737,46.24659347534179
134.58,82.64065016042018,46.27139282226567
134.59,82.76762481009128,46.296192169189474
134.6,82.8442578818145,46.32099151611328
134.61,82.84948254759502,46.31239242553709
134.62,82.77401758551444,46.30379333496093
134.63,82.67179496000668,46.29519424438476
134.64,82.71316118570272,46.2865951538086
134.65,82.78861127176312,46.27799606323241
134.66,82.77349020435605,46.269396972656246
134.67,82.71803453279283,46.260797882080084
134.68,82.53425841635013,46.25219879150389
134.69,82.65583621261493,46.243599700927724
134.7,82.54308912871468,46.23500061035156
134.71,82.49972362389819,46.25250091552737
134.72,82.5994369889126,46.270001220703136
134.73,82.68546684740703,46.287501525878895
134.74,82.77822383196118,46.30500183105471
134.75,82.65972452699626,46.32250213623047
134.76,82.99189231695611,46.34000244140623
134.77,83.01546418952456,46.35750274658204
134.78,83.07497551490397,46.3750030517578
134.79,82.98837614336382,46.39250335693357
134.8,83.16976865816497,46.410003662109375
134.81,82.94923959785173,46.42350387573241
134.82,82.9960074911079,46.43700408935545
134.83,82.83187248164792,46.45050430297852
134.84,82.85040910650822,46.464004516601555
134.85,82.85620664905414,46.47750473022459
134.86,82.95809892350427,46.49100494384766
134.87,82.88743065212417,46.504505157470696
134.88,82.93365322909237,46.518005371093736
134.89,82.92704185945804,46.53150558471677
134.9,82.82467329130029,46.545005798339844
134.91,82.85491328614536,46.52810516357423
134.92,83.10277366681825,46.51120452880862
134.93,82.98953531324075,46.494303894042964
134.94,82.91996083764118,46.47740325927735
134.95,83.08290080214528,46.46050262451174
134.96,83.16965261500887,46.443601989746085
134.97,83.28836835267583,46.42670135498047
134.98,83.21813345793879,46.40980072021486
134.99,83.08889978443803,46.392900085449206
135.0,83.05892635812248,46.375999450683594
135.01,82.76127730120837,46.41279830932614
135.02,82.81668313235399,46.44959716796879
135.03,82.91293805281644,46.48639602661134
135.04,82.82325793714955,46.523194885253886
135.05,82.82560614224028,46.559993743896534
135.06,82.82108346206219,46.59679260253908
135.07,82.71078242725888,46.63359146118163
135.08,82.53883748182908,46.67039031982428
135.09,82.52475388363054,46.70718917846683
135.1,82.63297733105351,46.743988037109375
135.11,82.6100637874743,46.727589416503875
135.12,82.64807270595786,46.71119079589842
135.13,82.81594975543447,46.69479217529297
135.14,82.58511695201948,46.67839355468751
135.15,82.62569682925799,46.66199493408201
135.16,82.77093050016127,46.64559631347655
135.17,82.75339309180248,46.629197692871095
135.18,82.7966836944812,46.612799072265595
135.19,82.71154105461521,46.596400451660145
135.2,82.70583214772898,46.58000183105469
135.21,82.63702576446971,46.63610076904306
135.22,82.54332033923744,46.69219970703128
135.23,82.57571869820083,46.7482986450195
135.24,82.52917213887466,46.80439758300788
135.25,82.582039818015,46.860496520996094
135.26,82.66193544560528,46.91659545898431
135.27,82.71759734012089,46.972694396972685
135.28,82.5470069063158,47.02879333496091
135.29,82.60742951129382,47.084892272949126
135.3,82.72184715630958,47.1409912109375
135.31,82.86704300447997,47.09069290161137
135.32,82.63698720749325,47.04039459228524
135.33,82.7411816714245,46.99009628295897
135.34,82.72130708249549,46.93979797363284
135.35,82.6639278685174,46.88949966430671
135.36,82.70953520001447,46.83920135498044
135.37,82.79888357905102,46.78890304565431
135.38,82.84735920296053,46.738604736328185
135.39,82.98891708829895,46.688306427002054
135.4,82.8411051459605,46.63800811767578
135.41,82.94908507892754,46.61900634765627
135.42,83.0647376370627,46.60000457763675
135.43,82.92330819209373,46.58100280761718
135.44,83.11802789715,46.56200103759767
135.45,82.826236625624,46.54299926757815
135.46,82.99319962853278,46.52399749755858
135.47,82.83327504182326,46.50499572753907
135.48,82.83704528537503,46.485993957519554
135.49,82.82697004808972,46.46699218749998
135.5,82.87948251835996,46.44799041748047
135.51,82.78278393273358,46.41949157714846
135.52,82.79406574400447,46.39099273681637
135.53,82.80379804663686,46.36249389648437
135.54,82.79432303486848,46.33399505615236
135.55,82.8218554617836,46.30549621582027
135.56,82.89953057127565,46.276997375488264
135.57,82.98811855115723,46.24849853515626
135.58,82.97165280168434,46.21999969482417
135.59,83.0722694058375,46.19150085449216
135.6,83.15264027767945,46.163002014160156
135.61,83.09603956765515,46.15050201416013
135.62,83.15775862365626,46.13800201416014
135.63,83.2216738392967,46.125502014160155
135.64,83.01051768190358,46.113002014160166
135.65,83.08576817125268,46.10050201416014
135.66,83.16914976226793,46.088002014160146
135.67,82.8995691894526,46.07550201416016
135.68,82.90132632329295,46.06300201416013
135.69,82.87623901587922,46.050502014160145
135.7,82.92315369732412,46.038002014160156
135.71,82.97464059941186,45.95570068359361
135.72,83.00180368792448,45.873399353027295
135.73,83.03545138162887,45.791098022460986
135.74,82.99737279924727,45.708796691894435
135.75,82.917411743798,45.626495361328125
135.76,82.9558454164481,45.544194030761815
135.77,82.86455907419362,45.461892700195264
135.78,82.94388946661047,45.379591369628955
135.79,82.93089148726442,45.29729003906264
135.8,82.83086882202242,45.214988708496094
135.81,82.87246788049143,45.272090148925734
135.82,82.79011637940849,45.32919158935537
135.83,82.93557167079108,45.38629302978517
135.84,83.03391827924285,45.44339447021481
135.85,83.07601931160856,45.50049591064445
135.86,82.99489979652927,45.55759735107425
135.87,83.07462758412629,45.61469879150389
135.88,82.98886556965773,45.67180023193353
135.89,82.88995354111829,45.728901672363165
135.9,83.02767006716749,45.78600311279297
135.91,82.94258897876617,45.773402404785166
135.92,82.90318002601043,45.760801696777364
135.93,82.9323914473197,45.748200988769526
135.94,83.02966689288851,45.73560028076172
135.95,82.85633534270436,45.72299957275393
135.96,82.66806704319247,45.71039886474609
135.97,82.67668636873307,45.69779815673829
135.98,82.82785787962963,45.685197448730484
135.99,82.81189694154199,45.672596740722646
136.0,82.82905452966878,45.659996032714844
136.01,82.92876709966689,45.699496459960905
136.02,82.96402900987232,45.73899688720708
136.03,82.97121493929548,45.77849731445313
136.04,82.75627406442004,45.817997741699195
136.05,82.66673015557019,45.85749816894537
136.06,82.58357516444778,45.89699859619143
136.07,82.77058320666154,45.93649902343749
136.08,82.72048411626412,45.97599945068366
136.09,82.74523275456606,46.01549987792972
136.1,82.61227404184436,46.05500030517578
136.11,82.6308053552706,46.07500000000004
136.12,82.46540148160581,46.09499969482424
136.13,82.37770895334506,46.114999389648446
136.14,82.23582734255994,46.134999084472646
136.15,82.26451061691778,46.1549987792969
136.16,82.15058920704905,46.174998474121104
136.17,82.29278206514948,46.194998168945304
136.18,82.04414210806365,46.21499786376957
136.19,82.41554887119771,46.23499755859377
136.2,82.34568303639237,46.25499725341797
136.21,82.27475677349503,46.2644973754883
136.22,82.22964128552441,46.2739974975586
136.23,82.47114060279102,46.2834976196289
136.24,82.4144514771558,46.29299774169923
136.25,82.48867376075725,46.30249786376953
136.26,82.56028308062044,46.31199798583983
136.27,82.60993528522275,46.32149810791016
136.28,82.71629862752678,46.330998229980466
136.29,82.74430678396199,46.340498352050766
136.3,82.80920155628807,46.349998474121094
136.31,82.94010391648824,46.35769958496093
136.32,83.10740070071036,46.365400695800766
136.33,83.07009166435839,46.373101806640626
136.34,82.90692611350936,46.380802917480466
136.35,82.83556548672095,46.3885040283203
136.36,82.74501412215064,46.39620513916016
136.37,82.81057175724457,46.40390625
136.38,82.61106610846652,46.41160736083984
136.39,82.41346318457116,46.41930847167967
136.4,82.24938620172317,46.42700958251953
136.41,82.26871672164074,46.44730758666991
136.42,82.31420208744866,46.46760559082028
136.43,82.45830810378571,46.48790359497071
136.44,82.43001465522796,46.50820159912108
136.45,82.40954857736112,46.528499603271456
136.46,82.38755791681587,46.54879760742189
136.47,82.32103912618746,46.56909561157226
136.48,82.34701732551032,46.589393615722635
136.49,82.4321390604302,46.60969161987306
136.5,82.56475367365465,46.62998962402344
136.51,82.38032673186433,46.5937911987305
136.52,82.25504086584915,46.557592773437456
136.53,82.59069320388835,46.52139434814452
136.54,82.62898040360457,46.48519592285158
136.55,82.62527273208494,46.448997497558544
136.56,82.75894929818226,46.41279907226561
136.57,82.68546684740703,46.37660064697267
136.58,82.7394455232934,46.340402221679625
136.59,82.6533425962255,46.30420379638669
136.6,82.63867087051159,46.26800537109375
136.61,82.46899643347786,46.30930404663094
136.62,82.40160413576062,46.35060272216801
136.63,82.56713675201944,46.39190139770509
136.64,82.58748105424854,46.43320007324216
136.65,82.66355509079173,46.474498748779354
136.66,82.85213354939106,46.51579742431643
136.67,82.92395192184952,46.5570960998535
136.68,82.83564269328043,46.598394775390695
136.69,82.78387734716298,46.63969345092777
136.7,83.04639607976351,46.680992126464844
136.71,82.9822841947529,46.685592651367195
136.72,82.73454582570014,46.69019317626953
136.73,82.69106576813451,46.694793701171875
136.74,82.9452028409193,46.699394226074226
136.75,82.96455699767819,46.70399475097656
136.76,82.9804167288595,46.7085952758789
136.77,82.9131440331856,46.71319580078125
136.78,83.03336430455082,46.717796325683594
136.79,83.06414490307161,46.72239685058593
136.8,83.12601968913002,46.72699737548828
136.81,83.05886193266605,46.673197174072314
136.82,83.19366237335818,46.61939697265634
136.83,83.0873661887141,46.565596771240216
136.84,83.01035022458923,46.51179656982425
136.85,83.0133902452107,46.45799636840828
136.86,82.86243553636898,46.40419616699216
136.87,82.79293366895217,46.35039596557619
136.88,82.90715783304132,46.296595764160216
136.89,82.90708059316135,46.24279556274425
136.9,83.0287393321479,46.188995361328125
136.91,83.08395108942432,46.212395477294905
136.92,83.27231149719759,46.23579559326168
136.93,83.26226788026261,46.25919570922852
136.94,83.15501248897527,46.2825958251953
136.95,83.32354530720805,46.305995941162074
136.96,83.38181137015044,46.32939605712892
136.97,83.32603610717972,46.3527961730957
136.98,83.06064008443522,46.37619628906247
136.99,83.19941388381467,46.399596405029314
137.0,83.14266833835873,46.422996520996094
137.01,83.18569957039142,46.375296783447304
137.02,83.11117717759701,46.327597045898386
137.03,83.32172562713572,46.2798973083496
137.04,83.49955439785235,46.23219757080081
137.05,83.35966554231572,46.18449783325188
137.06,83.33586415771336,46.1367980957031
137.07,83.33596741020021,46.08909835815431
137.08,83.22153196453316,46.041398620605385
137.09,83.27213087441123,45.9936988830566
137.1,83.34728039547342,45.94599914550781
137.11,83.44454048840687,45.960599517822295
137.12,83.46073018536536,45.975199890136736
137.13,83.40074512487082,45.989800262451176
137.14,83.28808448959285,46.00440063476562
137.15,83.27388550405585,46.0190010070801
137.16,83.25933941158148,46.03360137939454
137.17,83.45472424996062,46.04820175170898
137.18,83.3467253764401,46.06280212402346
137.19,83.16952367826372,46.0774024963379
137.2,83.24738740990482,46.092002868652344
137.21,83.26003604703986,46.0788017272949
137.22,83.19891094111172,46.065600585937496
137.23,83.20773844841445,46.05239944458008
137.24,83.3324181426568,46.03919830322264
137.25,83.50178943896186,46.025997161865234
137.26,83.30694307890724,46.01279602050783
137.27,83.54000938884383,45.999594879150386
137.28,83.82295735063363,45.98639373779297
137.29,83.65646742687395,45.97319259643557
137.3,83.53716649480253,45.959991455078125
137.31,83.50167316440933,45.98559112548826
137.32,83.57652548583356,46.01119079589839
137.33,83.62975337645567,46.0367904663086
137.34,83.5183464669951,46.06239013671873
137.35,83.39165562017345,46.08798980712887
137.36,83.25393413548916,46.11358947753908
137.37,83.3870658694825,46.13918914794921
137.38,83.1103264961357,46.16478881835935
137.39,83.18508061522333,46.19038848876948
137.4,83.13596484789251,46.21598815917969
137.41,83.19011613751792,46.2296905517578
137.42,83.28223959818457,46.243392944335916
137.43,83.25519836095516,46.25709533691407
137.44,83.27024724845555,46.27079772949218
137.45,83.22347952866949,46.28450012207029
137.46,83.36686858501908,46.298202514648445
137.47,83.45276106632869,46.311904907226555
137.48,83.4317487039428,46.32560729980467
137.49,83.43853513555597,46.33930969238283
137.5,83.22756819771502,46.35301208496094
137.51,83.28800707247235,46.30551223754887
137.52,83.15157021518014,46.25801239013666
137.53,83.23919629957734,46.210512542724594
137.54,83.4109262137125,46.163012695312524
137.55,83.40417318186904,46.11551284790032
137.56,83.40629073795853,46.06801300048826
137.57,83.46000687847314,46.02051315307619
137.58,83.5453528655827,45.97301330566398
137.59,83.35574789173104,45.92551345825191
137.6,83.54533994281435,45.878013610839844
137.61,83.50910197901152,45.910312652587955
137.62,83.46457280304793,45.94261169433597
137.63,83.47706354500208,45.97491073608399
137.64,83.53836825774503,46.00720977783201
137.65,83.59181020663337,46.03950881958012
137.66,83.31138222312582,46.071807861328146
137.67,83.48736555540549,46.104106903076165
137.68,83.38458706784228,46.136405944824276
137.69,83.19893673300822,46.168704986572294
137.7,83.07882857481853,46.20100402832031
137.71,83.18907807460474,46.14620361328116
137.72,83.15996974353845,46.091403198242155
137.73,83.27542082015897,46.03660278320316
137.74,83.38199211184974,45.981802368164
137.75,83.36050459041631,45.927001953125
137.76,83.4486216687275,45.872201538086
137.77,83.66234483029065,45.81740112304684
137.78,83.65933821332874,45.762600708007845
137.79,83.61740635575168,45.70780029296884
137.8,83.56690296941102,45.65299987792969
137.81,83.73503739646496,45.683799743652315
137.82,83.588733760937,45.71459960937495
137.83,83.59181020663337,45.74539947509766
137.84,83.56049257237957,45.7761993408203
137.85,83.48693925259934,45.806999206542926
137.86,83.49121524821925,45.83779907226564
137.87,83.32190630370121,45.868598937988274
137.88,83.38912510758486,45.8993988037109
137.89,83.29957487677137,45.93019866943353
137.9,83.31531173597406,45.96099853515625
137.91,83.27763995752181,46.06649780273428
137.92,83.570198732939,46.17199707031232
137.93,83.46718196044294,46.27749633789065
137.94,83.46973949093288,46.38299560546869
137.95,83.4890320222727,46.488494873046726
137.96,83.46858988904667,46.59399414062506
137.97,83.43065101927586,46.6994934082031
137.98,83.39594208623916,46.80499267578113
137.99,83.31993177757745,46.91049194335947
138.0,83.29140055669755,47.0159912109375
138.01,83.23125711464384,46.93459243774421
138.02,83.21759176646943,46.85319366455069
138.03,83.24849678811606,46.7717948913574
138.04,83.27122776341778,46.69039611816411
138.05,83.17422993421353,46.60899734497059
138.06,83.06530460198961,46.5275985717773
138.07,83.06227651628733,46.446199798584004
138.08,83.11494729283507,46.364801025390484
138.09,83.16254834931337,46.2834022521972
138.1,82.98516914888641,46.202003479003906
138.11,82.92599899907925,46.236203765869206
138.12,83.0252481430332,46.27040405273441
138.13,82.87343318001409,46.30460433959962
138.14,82.7122225363932,46.33880462646482
138.15,82.98180766697632,46.37300491333013
138.16,82.92119677603296,46.407205200195335
138.17,82.99438459226711,46.441405487060536
138.18,82.98724274064516,46.47560577392584
138.19,83.05352759155909,46.50980606079104
138.2,83.20858962826186,46.54400634765625
138.21,83.22835498782366,46.529204559326146
138.22,83.09695461619933,46.514402770996085
138.23,83.25023826882199,46.499600982666024
138.24,83.29041992297529,46.48479919433592
138.25,83.35963972551806,46.46999740600586
138.26,83.28782643266445,46.4551956176758
138.27,83.4558091771374,46.440393829345695
138.28,83.31516978141686,46.42559204101563
138.29,83.14511130943724,46.41079025268557
138.3,83.033995578184,46.39598846435547
138.31,82.86615496295171,46.418589782714825
138.32,82.9236300566593,46.44119110107418
138.33,82.76748332288442,46.4637924194336
138.34,82.76175319536048,46.48639373779296
138.35,82.82510433064989,46.50899505615231
138.36,82.83580997428274,46.53159637451173
138.37,82.78015976756461,46.554197692871085
138.38,82.99180215772839,46.57679901123044
138.39,82.95923212718952,46.5994003295898
138.4,82.91407094801308,46.62200164794922
138.41,82.89924737158609,46.61890106201172
138.42,82.85805984725992,46.61580047607423
138.43,82.80763194722148,46.61269989013672
138.44,82.73867390774855,46.60959930419922
138.45,82.76258922894088,46.606498718261726
138.46,82.75204265315091,46.603398132324216
138.47,82.92787872746736,46.60029754638672
138.48,83.03038833260212,46.597196960449224
138.49,82.83507651267978,46.594096374511714
138.5,82.70887944513211,46.59099578857422
138.51,82.58834190422492,46.56299667358401
138.52,82.607994913373,46.534997558593716
138.53,82.68044019128756,46.50699844360351
138.54,82.827188788752,46.4789993286133
138.55,82.92231685315657,46.451000213623004
138.56,82.92751822996102,46.423001098632795
138.57,82.92602474863928,46.39500198364259
138.58,82.82666123823469,46.36700286865229
138.59,82.82325793714955,46.339003753662084
138.6,82.90106886622128,46.311004638671875
138.61,83.01415025906373,46.27530441284173
138.62,82.79760995810648,46.23960418701168
138.63,82.92160875754374,46.20390396118163
138.64,82.79159577205064,46.16820373535158
138.65,82.81787970166748,46.132503509521435
138.66,83.06736630894383,46.096803283691386
138.67,83.2021736477535,46.06110305786134
138.68,83.20408229631609,46.02540283203119
138.69,83.35843924884142,45.98970260620114
138.7,83.22718125312419,45.954002380371094
138.71,83.1596345277241,46.0247024536134
138.72,83.05414605711121,46.09540252685551
138.73,83.01458823472865,46.16610260009762
138.74,82.96739013167198,46.23680267333992
138.75,83.10972071047637,46.30750274658203
138.76,83.11673893442355,46.37820281982414
138.77,83.06399027716087,46.448902893066446
138.78,83.1093469289369,46.519602966308554
138.79,82.9549697762494,46.59030303955066
138.8,82.87289261158878,46.66100311279297
138.81,82.91881502798508,46.60340347290044
138.82,83.03903940913247,46.54580383300791
138.83,83.01484586801243,46.488204193115216
138.84,82.85015172851263,46.430604553222686
138.85,82.70534355674299,46.37300491333016
138.86,82.76829366034261,46.31540527343747
138.87,82.64036740326776,46.25780563354494
138.88,82.68259996343059,46.20020599365241
138.89,82.70418637332243,46.14260635375988
138.9,82.67200064062239,46.08500671386719
138.91,82.60943412739664,46.07780685424805
138.92,82.67270766969027,46.07060699462892
138.93,82.58230320053562,46.06340713500976
138.94,82.5816158328972,46.056207275390626
138.95,82.7195582841471,46.04900741577149
138.96,82.76294936778449,46.04180755615234
138.97,82.65990448438231,46.03460769653321
138.98,82.58658166354317,46.02740783691407
138.99,82.53117580523114,46.020207977294916
139.0,82.61947684646796,46.01300811767578
139.01,82.70597358223112,46.06290817260738
139.02,82.8801260779853,46.11280822753912
139.03,82.72450897443628,46.16270828247072
139.04,82.77327153461236,46.212608337402315
139.05,82.89390528625118,46.262508392334055
139.06,82.87159268045018,46.31240844726565
139.07,83.12426661799552,46.36230850219725
139.08,83.15224061497656,46.41220855712899
139.09,83.1623936318395,46.46210861206059
139.1,82.89179424455841,46.51200866699219
139.11,83.04369043621841,46.50670776367186
139.12,83.02119665484167,46.50140686035156
139.13,82.84410346070197,46.49610595703125
139.14,82.82556754129473,46.49080505371094
139.15,82.71870960925798,46.48550415039062
139.16,82.69849700864542,46.48020324707031
139.17,82.58194988168695,46.47490234375
139.18,82.61488911663527,46.46960144042968
139.19,82.52367502531602,46.464300537109374
139.2,82.2347888375209,46.45899963378906
139.21,82.2347888375209,46.464600372314464
139.22,82.226307961197,46.470201110839845
139.23,82.38046788777025,46.47580184936523
139.24,82.25564352858953,46.48140258789063
139.25,82.09684141930656,46.487003326416016
139.26,82.34486194076973,46.4926040649414
139.27,82.1876399359438,46.4982048034668
139.28,82.18751176265948,46.503805541992186
139.29,81.86121887380757,46.50940628051757
139.3,81.95076073183233,46.51500701904297
139.31,81.80275775627236,46.49090576171877
139.32,81.79383886967976,46.466804504394574
139.33,81.75883293925826,46.442703247070305
139.34,81.88933778012422,46.41860198974611
139.35,81.86211430611216,46.39450073242191
139.36,82.02745015748036,46.37039947509764
139.37,81.78662739215564,46.346298217773445
139.38,81.7834053453825,46.32219696044925
139.39,81.71511162475247,46.29809570312505
139.4,81.65829970207497,46.27399444580078
139.41,81.8799280280183,46.24849472045901
139.42,81.70557769877122,46.22299499511723
139.43,81.9503767668061,46.19749526977538
139.44,81.86161542179543,46.17199554443361
139.45,81.83579064629318,46.14649581909183
139.46,81.98391309802192,46.12099609374999
139.47,81.96146091901667,46.09549636840821
139.48,82.11236176957904,46.06999664306643
139.49,81.95882420516752,46.04449691772459
139.5,82.09325458810281,46.01899719238281
139.51,82.16230843132698,46.029698181152334
139.52,82.31434318669207,46.04039916992189
139.53,82.29333356383664,46.05110015869141
139.54,82.20236129983218,46.06180114746093
139.55,82.1791294468722,46.07250213623048
139.56,82.19058153757102,46.083203125000004
139.57,82.24517418299241,46.093904113769526
139.58,82.38449729826323,46.10460510253908
139.59,82.28022635084477,46.115306091308604
139.6,82.36833534029647,46.126007080078125
139.61,82.2667418907888,46.173406982421966
139.62,82.53008406093133,46.22080688476568
139.63,82.3415775992164,46.268206787109385
139.64,82.14012654936026,46.3156066894531
139.65,82.03503079574767,46.36300659179694
139.66,82.13479616659713,46.41040649414065
139.67,82.13204134906965,46.45780639648436
139.68,82.12615388501845,46.505206298828206
139.69,82.08400604916288,46.55260620117191
139.7,82.01246278387352,46.600006103515625
139.71,81.88225642822374,46.62410583496098
139.72,81.90158854022229,46.64820556640626
139.73,81.83290016160635,46.67230529785155
139.74,81.82812969454902,46.696405029296905
139.75,81.9228872142243,46.72050476074219
139.76,82.09687985006515,46.74460449218747
139.77,82.00878817274315,46.768704223632824
139.78,82.0476510277076,46.792803955078114
139.79,81.86091186957339,46.816903686523396
139.8,81.88667663895643,46.84100341796875
139.81,81.89614435714947,46.82710342407228
139.82,81.96995372712051,46.813203430175804
139.83,81.8127001709979,46.799303436279295
139.84,81.83635340146094,46.78540344238282
139.85,81.80087803593729,46.77150344848635
139.86,81.76355024906925,46.757603454589834
139.87,81.88308800774874,46.74370346069336
139.88,81.88216687375753,46.72980346679689
139.89,81.93773842284936,46.715903472900415
139.9,81.86835688454046,46.702003479003906
139.91,82.00697650723609,46.647903442382855
139.92,82.05472672071855,46.59380340576181
139.93,82.07641674672921,46.53970336914061
139.94,81.96288808736566,46.48560333251956
139.95,81.86716719447449,46.431503295898516
139.96,82.04003138888875,46.377403259277315
139.97,82.10477755909639,46.323303222656264
139.98,82.1436054834801,46.26920318603522
139.99,82.20043853888215,46.21510314941402
140.0,82.21435342370219,46.16100311279297
140.01,82.34325825018769,46.19760284423825
140.02,82.35638972550737,46.23420257568363
140.03,82.37945413440315,46.27080230712892
140.04,82.38380433530247,46.307402038574196
140.05,82.2680370693868,46.34400177001958
140.06,82.38019840841844,46.38060150146487
140.07,82.24907847047689,46.417201232910145
140.08,82.40445330986884,46.45380096435553
140.09,82.27737291572139,46.490400695800815
140.1,82.34049993891628,46.527000427246094
140.11,82.25728483405494,46.45940093994127
140.12,82.20584155162294,46.39180145263664
140.13,82.39279382841342,46.32420196533201
140.14,82.22330802706823,46.25660247802738
140.15,82.28570252520133,46.18900299072256
140.16,82.31506151198798,46.12140350341793
140.17,82.48335776125204,46.053804016113304
140.18,82.43509145526492,45.98620452880848
140.19,82.50800026922701,45.918605041503845
140.2,82.5091047098255,45.85100555419922
140.21,82.47715597833451,45.92590408325208
140.22,82.35750598149545,46.00080261230473
140.23,82.36974680205974,46.07570114135738
140.24,82.36696238454797,46.150599670410244
140.25,82.35899433458034,46.22549819946289
140.26,82.38037806127068,46.30039672851554
140.27,82.26524154812908,46.3752952575684
140.28,82.2625422508526,46.45019378662105
140.29,82.24655894526641,46.5250923156737
140.3,82.1776939861233,46.59999084472656
140.31,82.36863046311974,46.585491180419936
140.32,82.36814286917482,46.5709915161133
140.33,82.52772078035777,46.55649185180663
140.34,82.37890234721728,46.54199218750001
140.35,82.49494660095469,46.52749252319338
140.36,82.34529814730955,46.51299285888671
140.37,82.3181657394833,46.498493194580085
140.38,82.48760797901163,46.48399353027345
140.39,82.57341900121641,46.469493865966825
140.4,82.6166111067378,46.454994201660156
140.41,82.47352875232187,46.40029449462895
140.42,82.70939376246703,46.34559478759775
140.43,82.6513888612121,46.29089508056639
140.44,82.92942372565528,46.23619537353519
140.45,82.72642499563378,46.181495666503984
140.46,82.65106752542773,46.126795959472624
140.47,82.7447697686164,46.07209625244142
140.48,82.82873284870121,46.01739654541022
140.49,82.85217215652665,45.96269683837886
140.5,82.81692759204876,45.907997131347656
140.51,82.78032699253555,45.933197021484354
140.52,82.57156898889662,45.95839691162112
140.53,82.48737684652951,45.98359680175782
140.54,82.42548353221306,46.00879669189452
140.55,82.38000592343698,46.033996582031286
140.56,82.57377872824081,46.05919647216798
140.57,82.45765334557811,46.08439636230468
140.58,82.58726263034127,46.10959625244145
140.59,82.60159570282357,46.134796142578146
140.6,82.32996105221241,46.159996032714844
140.61,82.36316436096676,46.16759567260744
140.62,82.38828939446758,46.17519531250001
140.63,82.651491688795,46.182794952392584
140.64,82.59287750132358,46.19039459228515
140.65,82.75711007032581,46.19799423217775
140.66,82.70529212619684,46.20559387207032
140.67,82.75395899318028,46.213193511962885
140.68,82.73236608832892,46.22079315185548
140.69,82.65710874269054,46.22839279174806
140.7,82.59010216366522,46.235992431640625
140.71,82.5301868130282,46.18509445190421
140.72,82.66166550628351,46.13419647216794
140.73,82.54962737338737,46.083298492431666
140.74,82.54342309957373,46.032400512695254
140.75,82.56839575213755,45.981502532958984
140.76,82.64340706528395,45.930604553222715
140.77,82.57782571125782,45.8797065734863
140.78,82.40010898348523,45.828808593750026
140.79,82.545028738136,45.777910614013756
140.8,82.72260583440723,45.727012634277344
140.81,82.74419103800078,45.820111083984294
140.82,82.82166246151594,45.913209533691244
140.83,82.90463468223867,46.006307983398465
140.84,82.78654016309632,46.099406433105415
140.85,83.00419950839049,46.192504882812365
140.86,82.93433562527483,46.285603332519585
140.87,82.69622131648038,46.378701782226535
140.88,82.96126676232034,46.471800231933486
140.89,82.81268176442609,46.56489868164044
140.9,82.81863882001454,46.657997131347656
140.91,82.9651751318784,46.58739700317389
140.92,82.85637395081892,46.51679687500012
140.93,82.98528506327004,46.44619674682615
140.94,82.8650867453889,46.37559661865238
140.95,82.93286783318763,46.304996490478615
140.96,83.05440375177088,46.23439636230465
140.97,83.08879668512208,46.16379623413088
140.98,83.15181516863859,46.09319610595711
140.99,83.46009729166326,46.02259597778314
141.0,83.2722985955635,45.951995849609375
141.01,83.54754975072944,45.868396759033274
141.02,83.31087894211034,45.78479766845694
141.03,83.18382981701639,45.70119857788084
141.04,83.17918776155548,45.61759948730474
141.05,83.07751414300023,45.534000396728395
141.06,83.54446119691112,45.450401306152294
141.07,83.49837875239545,45.36680221557619
141.08,83.48516946167905,45.28320312499986
141.09,83.59336137719205,45.19960403442376
141.1,83.66511226133478,45.116004943847656
141.11,83.6526397882223,45.18050460815442
141.12,83.6567648484086,45.24500427246101
141.13,83.62234505465105,45.3095039367676
141.14,83.48807606250105,45.37400360107418
141.15,83.61613292182373,45.43850326538095
141.16,83.43745032066681,45.50300292968754
141.17,83.54258741593375,45.56750259399412
141.18,83.71528957568744,45.63200225830089
141.19,83.80274617085269,45.696501922607474
141.2,83.63547468448155,45.76100158691406
141.21,83.43054770814958,45.72840270996088
141.22,83.46136308146714,45.695803833007794
141.23,83.5387042360278,45.663204956054706
141.24,83.60752293443251,45.630606079101526
141.25,83.44176379302434,45.59800720214844
141.26,83.52619596179076,45.56540832519535
141.27,83.53910482640178,45.53280944824217
141.28,83.38596847879471,45.50021057128908
141.29,83.32831399296853,45.46761169433599
141.3,83.47912389404122,45.43501281738281
141.31,83.2351653920426,45.522211456298756
141.32,83.36905021311335,45.60941009521469
141.33,83.42644114268546,45.69660873413088
141.34,83.2584105688371,45.78380737304683
141.35,83.42251546390308,45.87100601196277
141.36,83.35357934562265,45.958204650878955
141.37,83.08315854141016,46.0454032897949
141.38,83.10532560829935,46.13260192871084
141.39,83.13298703785851,46.21980056762678
141.4,83.18990981339574,46.30699920654297
141.41,83.15122212404405,46.24419937133794
141.42,83.22613650722195,46.18139953613292
141.43,83.21507679345633,46.11859970092772
141.44,83.22287333076719,46.05579986572269
141.45,83.26022955740662,45.99300003051767
141.46,83.29891678700373,45.930200195312466
141.47,83.22411152457789,45.86740036010744
141.48,83.31884773396779,45.80460052490241
141.49,83.31922198632168,45.741800689697214
141.5,83.22898700224378,45.67900085449219
141.51,83.28009136456096,45.680799865722655
141.52,83.32295165053257,45.68259887695313
141.53,83.2922908738925,45.6843978881836
141.54,83.39883422196671,45.686196899414064
141.55,83.37273580670706,45.68799591064453
141.56,83.17586103481956,45.689794921875
141.57,83.21410950626299,45.691593933105466
141.58,83.05148538585284,45.69339294433594
141.59,83.34948758247414,45.69519195556641
141.6,83.33636751419093,45.696990966796875
141.61,83.24065390075742,45.690890502929676
141.62,83.34991353420683,45.68479003906249
141.63,83.60522184170554,45.678689575195314
141.64,83.39035162674878,45.67258911132813
141.65,83.46827988539889,45.66648864746093
141.66,83.53213985963241,45.660388183593746
141.67,83.52223563695408,45.65428771972656
141.68,83.38173390948214,45.64818725585936
141.69,83.23186334307918,45.642086791992185
141.7,83.24193092466885,45.635986328125
141.71,83.18140561633889,45.64878845214846
141.72,83.12420216720317,45.66159057617188
141.73,83.11904618477047,45.674392700195305
141.74,83.13351556301933,45.687194824218764
141.75,83.2040049182459,45.69999694824219
141.76,83.27242761194941,45.71279907226561
141.77,83.0744987210602,45.72560119628907
141.78,83.32420349425514,45.73840332031249
141.79,83.43676585775809,45.751205444335916
141.8,83.2629516270622,45.764007568359375
141.81,83.0980114390973,45.772007751464834
141.82,83.18474534880207,45.7800079345703
141.83,83.13912318953953,45.78800811767579
141.84,83.27793670487553,45.796008300781246
141.85,83.18910386497708,45.804008483886705
141.86,83.2451428765965,45.81200866699219
141.87,83.13214913555885,45.82000885009765
141.88,83.27268564502107,45.82800903320312
141.89,83.05591127354002,45.836009216308575
141.9,83.1774986012943,45.84400939941406
141.91,83.06301098306834,45.807007598876986
141.92,82.96102208968738,45.77000579833991
141.93,82.81676033011335,45.733003997802726
141.94,82.95534321047484,45.69600219726565
141.95,82.95042424771844,45.659000396728565
141.96,82.8848112673638,45.62199859619138
141.97,82.80346354945323,45.584996795654305
141.98,82.7849707688134,45.54799499511723
141.99,82.94312977445321,45.510993194580045
142.0,83.09911337471601,45.47399139404297
142.01,82.91194677586836,45.47329330444336
142.02,82.87213324463585,45.47259521484375
142.03,82.83321070394068,45.47189712524414
142.04,82.88909112066344,45.47119903564453
142.05,82.96706818219108,45.47050094604492
142.06,82.95845948747368,45.46980285644531
142.07,82.87150258659065,45.4691047668457
142.08,82.56614112368939,45.468406677246094
142.09,82.66478911682198,45.467708587646484
142.1,82.70760651660487,45.467010498046875
142.11,82.69841986602542,45.49670867919928
142.12,82.70863514495821,45.5264068603516
142.13,82.47084529638025,45.55610504150391
142.14,82.5780698181666,45.58580322265623
142.15,82.57287941214899,45.615501403808636
142.16,82.61050069587716,45.645199584960956
142.17,82.67182067006965,45.674897766113276
142.18,82.7232873617664,45.70459594726567
142.19,82.74244199777478,45.73429412841799
142.2,83.03110977544998,45.76399230957031
142.21,82.9785750416969,45.715992736816325
142.22,83.11031360705613,45.66799316406247
142.23,83.1172931871711,45.61999359130862
142.24,83.17874935190068,45.57199401855463
142.25,83.05985408746542,45.52399444580078
142.26,83.07404770111594,45.47599487304693
142.27,83.27425965541536,45.42799530029294
142.28,83.35481851137337,45.37999572753909
142.29,83.29140055669755,45.33199615478524
142.3,83.2133485776217,45.28399658203125
142.31,83.0862836590773,45.30889587402341
142.32,82.88049934371284,45.333795166015584
142.33,82.82202272886414,45.35869445800782
142.34,82.92735085638515,45.38359374999999
142.35,82.86809836436777,45.40849304199215
142.36,82.89797297896926,45.433392333984386
142.37,83.02127394786112,45.45829162597656
142.38,83.10764558910145,45.48319091796872
142.39,83.08295234996626,45.50809020996089
142.4,83.0367139471621,45.532989501953125
142.41,83.0475814232009,45.50749206542971
142.42,83.04993925105639,45.48199462890629
142.43,83.17869777437019,45.456497192382805
142.44,83.3452152177275,45.43099975585939
142.45,83.38129496637471,45.40550231933597
142.46,83.3234807792061,45.380004882812486
142.47,83.26944735894618,45.35450744628907
142.48,83.22421470781121,45.32901000976565
142.49,83.27864632025651,45.303512573242166
142.5,83.34315006556737,45.27801513671875
142.51,83.4793564118257,45.23631286621097
142.52,83.3177636974102,45.194610595703075
142.53,83.18386850135609,45.1529083251953
142.54,83.0756713786451,45.11120605468752
142.55,82.92548400871826,45.06950378417963
142.56,83.31704101028963,45.027801513671854
142.57,83.31673128819742,44.98609924316408
142.58,83.29532314931454,44.94439697265618
142.59,83.14101822332374,44.9026947021484
142.6,83.27521439027954,44.860992431640625
142.61,83.13037021852185,44.925093841552865
142.62,83.08721154119137,44.98919525146491
142.63,83.1511318783129,45.05329666137697
142.64,83.27348555008379,45.117398071289024
142.65,83.04445058876239,45.181499481201264
142.66,83.02647198326048,45.24560089111332
142.67,82.87517073332201,45.309702301025375
142.68,82.82320646995376,45.37380371093761
142.69,82.91511373338706,45.43790512084966
142.7,82.92420941445145,45.50200653076172
142.71,83.06128434701999,45.525005340576215
142.72,83.01344177146368,45.54800415039064
142.73,82.95390098638754,45.571002960205064
142.74,83.1003377592284,45.59400177001956
142.75,83.22091287607111,45.617000579833984
142.76,83.04482422433895,45.63999938964841
142.77,83.19348183588943,45.662998199462905
142.78,83.31455034476426,45.68599700927733
142.79,83.36010442848779,45.708995819091754
142.8,83.3971557442325,45.73199462890625
142.81,83.50959939566415,45.688895416259804
142.82,83.34791286127576,45.64579620361336
142.83,83.47392462534256,45.602696990966784
142.84,83.40173931949892,45.55959777832034
142.85,83.20566210371668,45.51649856567389
142.86,83.27219538252673,45.47339935302732
142.87,83.26930544346676,45.43030014038087
142.88,83.26964088024937,45.387200927734426
142.89,83.32550697039271,45.34410171508797
142.9,83.16889188965713,45.301002502441406
142.91,83.44528955832965,45.36520233154291
142.92,83.17399784175775,45.42940216064442
142.93,83.26595111280007,45.49360198974611
142.94,83.07435697180293,45.55780181884762
142.95,83.01877482512492,45.622001647949126
142.96,83.10635670688028,45.686201477050815
142.97,82.98759048838352,45.75040130615233
142.98,82.74975336327651,45.81460113525383
142.99,82.80935594486866,45.87880096435552
143.0,82.60830331532266,45.94300079345703
143.01,82.72012406982518,45.895801544189496
143.02,82.82467329130029,45.84860229492182
143.03,82.75907791627945,45.80140304565428
143.04,82.87111647060446,45.75420379638675
143.05,83.02416601813553,45.70700454711908
143.06,82.79065667779783,45.659805297851534
143.07,82.82314213598151,45.612606048584
143.08,82.96512362060709,45.56540679931633
143.09,82.99991024137293,45.518207550048785
143.1,82.90401677360913,45.47100830078125
143.11,82.96471153101236,45.537607574463024
143.12,82.92587025133908,45.60420684814461
143.13,82.86569163882592,45.67080612182619
143.14,82.71407412370196,45.73740539550777
143.15,82.95035986435613,45.804004669189545
143.16,82.87511924999917,45.870603942871135
143.17,83.03295204551422,45.93720321655272
143.18,83.0065051962195,46.00380249023449
143.19,83.00356834803137,46.070401763916074
143.2,83.05156269297046,46.137001037597656
143.21,83.07063287555158,46.12730102539061
143.22,83.18829147016844,46.11760101318359
143.23,83.03698449816802,46.10790100097657
143.24,82.96840749613733,46.09820098876952
143.25,83.04366466839653,46.0885009765625
143.26,82.98900724595954,46.07880096435548
143.27,82.96871657012161,46.06910095214843
143.28,82.96579326838133,46.05940093994141
143.29,83.01189599083045,46.04970092773439
143.3,83.02828843643711,46.040000915527344
143.31,83.18087693896814,46.01970062255861
143.32,83.28818771247614,45.999400329589875
143.33,83.44166047501788,45.97910003662109
143.34,83.40719458106022,45.95879974365236
143.35,83.35978171795472,45.93849945068362
143.36,83.25839766827993,45.91819915771483
143.37,83.14406063565642,45.8978988647461
143.38,83.32208698046259,45.87759857177737
143.39,83.37025076619354,45.857298278808635
143.4,83.29771674764913,45.836997985839844
143.41,83.08525268502717,45.8176971435547
143.42,83.18719538822104,45.79839630126956
143.43,83.25971353026164,45.77909545898437
143.44,83.16459836942907,45.75979461669923
143.45,83.14018028055156,45.74049377441409
143.46,83.07706311487051,45.72119293212889
143.47,83.16422446450515,45.70189208984375
143.48,83.28083969600301,45.68259124755861
143.49,83.11782166244214,45.66329040527342
143.5,83.18431981931728,45.64398956298828
143.51,83.17874935190068,45.63759078979493
143.52,83.15422604561148,45.63119201660155
143.53,83.34396321617662,45.6247932434082
143.54,83.32340334563673,45.618394470214845
143.55,83.31858962938585,45.61199569702148
143.56,83.47832946345748,45.605596923828124
143.57,83.57014703418587,45.59919815063477
143.58,83.40951877152352,45.592799377441395
143.59,83.42824905213482,45.58640060424804
143.6,83.22228003283041,45.58000183105469
143.61,83.11091939487626,45.595503234863315
143.62,83.25928780907087,45.61100463867189
143.63,83.20621665287055,45.62650604248047
143.64,83.28669098692883,45.64200744628906
143.65,83.23244377662867,45.65750885009768
143.66,83.13390228981116,45.673010253906256
143.67,83.08020745074438,45.68851165771484
143.68,83.14930118976818,45.70401306152346
143.69,83.26377728731681,45.71951446533205
143.7,83.11717718062917,45.735015869140625
143.71,83.23521698707737,45.75031356811526
143.72,83.40648441821091,45.76561126708985
143.73,83.32803006182236,45.780908966064445
143.74,83.15151864607697,45.79620666503908
143.75,83.01994708935337,45.81150436401367
143.76,83.06458301060027,45.826802062988264
143.77,82.83942585877053,45.8420997619629
143.78,82.85174747852979,45.85739746093749
143.79,82.93845581281577,45.872695159912084
143.8,82.81598835413875,45.88799285888672
143.81,82.9430782700261,45.809194183349675
143.82,82.81269463040599,45.73039550781264
143.83,82.72507477704494,45.65159683227537
143.84,82.92455703009821,45.57279815673833
143.85,82.90514960785563,45.493999481201286
143.86,82.93361460297731,45.415200805664014
143.87,82.91918838082373,45.33640213012698
143.88,83.29722641147572,45.25760345458993
143.89,83.19973628378278,45.17880477905289
143.9,83.35448290307305,45.100006103515625
143.91,83.16409553196766,45.13880691528317
143.92,83.33243104894731,45.17760772705071
143.93,83.29443281591361,45.21640853881837
143.94,83.3451248667853,45.255209350585915
143.95,83.23843525624477,45.29401016235346
143.96,83.27738191677442,45.33281097412112
143.97,83.23448175934163,45.37161178588866
143.98,83.01626285821919,45.410412597656205
143.99,83.23204392218881,45.44921340942386
144.0,83.0923149854313,45.488014221191406
144.01,83.20417257077679,45.522013092040986
144.02,83.21730802402242,45.556011962890665
144.03,83.32429383385666,45.590010833740244
144.04,83.42768084991134,45.624009704589824
144.05,83.33483163636289,45.6580085754395
144.06,83.15501248897527,45.69200744628908
144.07,83.2432853546729,45.72600631713866
144.08,83.21376128424963,45.76000518798834
144.09,83.31182743178823,45.79400405883792
144.1,83.13916186348251,45.8280029296875
144.11,82.98206524938836,45.77030258178699
144.12,82.89048129316163,45.712602233886656
144.13,83.09676129566459,45.65490188598631
144.14,82.99930485825645,45.59720153808597
144.15,83.03212753051132,45.53950119018546
144.16,83.08283636739151,45.481800842285125
144.17,83.05086693020722,45.42410049438478
144.18,83.16624871844607,45.366400146484274
144.19,83.1284173016404,45.30869979858394
144.2,83.08309410655646,45.250999450683594
144.21,83.08101931762285,45.26760101318362
144.22,82.96350102374653,45.2842025756836
144.23,83.07263021783311,45.30080413818359
144.24,83.00391612997323,45.317405700683615
144.25,82.8458535750712,45.334007263183594
144.26,83.09168349014726,45.35060882568357
144.27,82.99528620077531,45.3672103881836
144.28,83.02185364665382,45.38381195068359
144.29,83.10629226303158,45.400413513183565
144.3,83.24207281681923,45.417015075683594
144.31,83.16293514362769,45.428014373779284
144.32,83.23506220202104,45.43901367187498
144.33,83.23892541934833,45.45001296997071
144.34,83.18373955359205,45.4610122680664
144.35,83.18130245964682,45.472011566162095
144.36,82.97492392785088,45.48301086425782
144.37,82.92002520920505,45.49401016235351
144.38,82.88587317349463,45.50500946044921
144.39,82.76979858328909,45.5160087585449
144.4,82.56301937750462,45.527008056640625
144.41,82.3558123546888,45.540807342529284
144.42,82.30221550961836,45.55460662841794
144.43,82.5185184395745,45.568405914306645
144.44,82.45196604540959,45.582205200195304
144.45,82.40535170831548,45.59600448608396
144.46,82.30891095583682,45.609803771972665
144.47,82.24094303716281,45.623603057861324
144.48,82.26249095816986,45.63740234374998
144.49,82.02586236545388,45.651201629638685
144.5,82.27223044033143,45.665000915527344
144.51,82.29120453259654,45.6304008483887
144.52,82.37400050497504,45.59580078124996
144.53,82.42007972114232,45.561200714111315
144.54,82.30638409835352,45.526600646972675
144.55,82.3124062894604,45.492000579833935
144.56,82.39977530267704,45.457400512695294
144.57,82.48310095401933,45.42280044555665
144.58,82.57519194913674,45.388200378417906
144.59,82.54640317715042,45.353600311279266
144.6,82.33864612583213,45.319000244140625
144.61,82.55976922710782,45.34510192871099
144.62,82.30558885173865,45.37120361328128
144.63,82.38402248999431,45.39730529785157
144.64,82.38108384222949,45.42340698242186
144.65,82.55169551647178,45.44950866699222
144.66,82.57911048850964,45.475610351562516
144.67,82.56535746992225,45.50171203613281
144.68,82.53103452026792,45.52781372070317
144.69,82.4948695533309,45.55391540527346
144.7,82.4160366054367,45.58001708984375
144.71,82.35325270448651,45.53241424560539
144.72,82.61861583424074,45.48481140136716
144.73,82.67825473628544,45.43720855712893
144.74,82.52998130889844,45.38960571289057
144.75,82.3935124959312,45.342002868652344
144.76,82.38875138202594,45.29440002441412
144.77,82.29170472420795,45.246797180175754
144.78,82.53774568685493,45.19919433593753
144.79,82.6429186587235,45.1515914916993
144.8,82.43168978759029,45.10398864746094
144.81,82.53016112499799,45.11998901367186
144.82,82.61177287692419,45.13598937988279
144.83,82.49169779071333,45.151989746093754
144.84,82.49642335403084,45.16799011230468
144.85,82.45245388739471,45.183990478515604
144.86,82.56467659343897,45.19999084472657
144.87,82.37077974038604,45.215991210937496
144.88,82.51447291010493,45.23199157714842
144.89,82.57544889968983,45.247991943359345
144.9,82.53914575465848,45.26399230957031
144.91,82.34663243330922,45.29199295043943
144.92,82.43072706419888,45.319993591308545
144.93,82.62950732419935,45.34799423217774
144.94,82.3941926662903,45.37599487304686
144.95,82.12278422206509,45.40399551391597
144.96,82.23644275604774,45.431996154785175
144.97,82.1184921659411,45.45999679565429
144.98,82.21340478963451,45.48799743652341
144.99,82.10183108531204,45.5159980773926
145.0,82.22920538542634,45.54399871826172
145.01,81.93021987158767,45.539797973632815
145.02,81.90590051495187,45.535597229003905
145.03,81.71631299000443,45.531396484375
145.04,81.70930941052205,45.5271957397461
145.05,81.81891528798427,45.52299499511718
145.06,81.8765890063822,45.51879425048828
145.07,81.72587949275811,45.514593505859374
145.08,81.95636672365023,45.51039276123046
145.09,82.0895781674383,45.50619201660156
145.1,82.18064182086651,45.501991271972656
145.11,82.06524157597285,45.55729141235363
145.12,82.08608116076473,45.612591552734436
145.13,82.20072054241427,45.66789169311525
145.14,82.18826798648169,45.72319183349606
145.15,82.24321245639298,45.77849197387703
145.16,82.23598119571601,45.83379211425785
145.17,81.99039075347582,45.889092254638655
145.18,82.18523029492124,45.94439239501963
145.19,82.18443563381908,45.999692535400435
145.2,82.03767513523516,46.05499267578125
145.21,81.94303681105708,46.007594299316324
145.22,81.95837622401996,45.96019592285153
145.23,82.06493418940306,45.91279754638675
145.24,81.92631675832182,45.86539916992182
145.25,82.00859612216036,45.81800079345703
145.26,82.05870973522626,45.77060241699224
145.27,82.01201465615738,45.723204040527314
145.28,81.96529446670836,45.67580566406253
145.29,81.92753247215649,45.62840728759774
145.3,81.97518915299192,45.58100891113281
145.31,81.94138584563456,45.668006896972585
145.32,81.80488045962213,45.75500488281235
145.33,81.882128493287,45.842002868652365
145.34,81.77769659964224,45.92900085449214
145.35,81.77186659411616,46.01599884033191
145.36,81.73030187423876,46.102996826171925
145.37,81.69869598394664,46.1899948120117
145.38,81.59872336175614,46.27699279785146
145.39,81.76814623869147,46.363990783691236
145.4,81.60312314136648,46.45098876953125
145.41,81.75458875513348,46.38639068603521
145.42,81.92786519540967,46.321792602539176
145.43,81.63933484755054,46.25719451904295
145.44,81.72478030667833,46.19259643554691
145.45,81.80273218170112,46.127998352050874
145.46,82.04683141932267,46.06340026855465
145.47,82.08540226334142,45.998802185058615
145.48,82.08966783525554,45.93420410156257
145.49,81.92970798258362,45.86960601806635
145.5,81.97849817926388,45.80500793457031
145.51,82.02392886526938,45.8532073974609
145.52,81.8239540540312,45.90140686035162
145.53,81.95567556361182,45.9496063232422
145.54,81.81300708481433,45.99780578613279
145.55,81.63096775971289,46.04600524902351
145.56,81.73206574762874,46.09420471191409
145.57,81.72676140321317,46.142404174804675
145.58,81.86693693287953,46.190603637695396
145.59,81.97973988242036,46.238803100585976
145.6,81.81570539356251,46.28700256347656
145.61,81.83879629291468,46.3170028686524
145.62,81.83539416085955,46.347003173828156
145.63,81.82321229700652,46.37700347900392
145.64,81.81743182297566,46.40700378417967
145.65,81.82861568751242,46.43700408935551
145.66,81.83375706988464,46.467004394531266
145.67,81.79007965555773,46.49700469970702
145.68,81.80072459033279,46.52700500488287
145.69,81.83861723156981,46.55700531005862
145.7,81.80846098550899,46.587005615234375
145.71,81.92740450185438,46.528805541992085
145.72,81.76169654741118,46.470605468749966
145.73,81.64089334486961,46.41240539550785
145.74,81.56037557121356,46.35420532226556
145.75,81.61288099183346,46.29600524902344
145.76,81.69916881320455,46.23780517578132
145.77,81.55186570519028,46.17960510253903
145.78,81.52051134695664,46.12140502929691
145.79,81.55437456736892,46.06320495605479
145.8,81.81546241607026,46.0050048828125
145.81,81.64796425249673,46.03760452270505
145.82,81.67625095033854,46.0702041625976
145.83,81.65592338505621,46.10280380249024
145.84,81.66415759624815,46.135403442382795
145.85,81.80430502527018,46.16800308227534
145.86,81.87314771050076,46.200602722167986
145.87,81.74228508161812,46.23320236206054
145.88,81.8957221364359,46.26580200195309
145.89,81.99560762571379,46.298401641845636
145.9,81.89522314972307,46.33100128173828
145.91,81.70950111034472,46.36310043334958
145.92,81.79768128224379,46.395199584960885
145.93,81.87642269673972,46.427298736572276
145.94,82.04897009354781,46.459397888183574
145.95,81.84281882704454,46.49149703979488
145.96,81.80527687113081,46.52359619140627
145.97,81.64325666836633,46.55569534301757
145.98,81.72732378337929,46.58779449462887
145.99,81.78153863303594,46.619893646240264
146.0,81.84718041748056,46.65199279785156
146.01,81.83827189952933,46.63629302978517
146.02,81.91843403274456,46.62059326171873
146.03,82.09709762453373,46.60489349365234
146.04,81.80476537258983,46.58919372558594
146.05,81.82890984184928,46.57349395751951
146.06,81.64708276729391,46.55779418945312
146.07,81.82660777855254,46.54209442138672
146.08,81.80381910450465,46.52639465332029
146.09,81.96653606986489,46.51069488525389
146.1,81.92220899199039,46.4949951171875
146.11,81.80013638351548,46.4847946166992
146.12,81.72235189852142,46.47459411621092
146.13,81.76279598172107,46.464393615722656
146.14,81.72894702789303,46.45419311523438
146.15,81.54645230632933,46.44399261474608
146.16,81.5860291539883,46.433792114257805
146.17,81.72936881847608,46.42359161376953
146.18,81.73127328041768,46.413391113281236
146.19,81.73842479430148,46.40319061279296
146.2,81.86247248040523,46.39299011230469
146.21,81.81037915660903,46.425991058349666
146.22,81.76351189640827,46.45899200439455
146.23,81.94176978959749,46.49199295043943
146.24,81.96500006733913,46.52499389648441
146.25,81.88366371912427,46.5579948425293
146.26,81.76884939216507,46.59099578857418
146.27,81.69732862054913,46.62399673461916
146.28,81.71299008640744,46.65699768066404
146.29,81.9390310090057,46.68999862670893
146.3,81.72724709506089,46.722999572753906
146.31,81.63660112589011,46.69479904174807
146.32,81.93177474153205,46.66659851074223
146.33,81.86931631830953,46.63839797973632
146.34,81.84712925445578,46.61019744873048
146.35,81.79481065336894,46.58199691772465
146.36,81.82699145351992,46.55379638671874
146.37,81.77203279753614,46.5255958557129
146.38,81.73567663205647,46.497395324707064
146.39,81.73119659024631,46.46919479370123
146.4,81.67948366329026,46.44099426269531
146.41,81.63430176927959,46.416195678710956
146.42,81.54340096492948,46.39139709472661
146.43,81.58752329014573,46.36659851074218
146.44,81.59765057360516,46.34179992675783
146.45,81.52090706886595,46.31700134277347
146.46,81.65545068095525,46.292202758789045
146.47,81.56985632766428,46.267404174804696
146.48,81.68791712863482,46.24260559082034
146.49,81.66035025878055,46.21780700683592
146.5,81.8443792654032,46.19300842285156
146.51,81.98383628941333,46.26090850830072
146.52,81.85007115435627,46.328808593750075
146.53,81.73536986332343,46.396708679199236
146.54,81.74071283439073,46.464608764648396
146.55,81.8374405476054,46.532508850097756
146.56,81.68312533355395,46.600408935546916
146.57,81.74959686900995,46.66830902099608
146.58,81.86393076954508,46.73620910644543
146.59,81.8946473977126,46.80410919189459
146.6,81.78753520250821,46.87200927734375
146.61,81.64713386775544,46.84250946044916
146.62,81.80324367388563,46.81300964355465
146.63,81.78198613062965,46.78350982666015
146.64,81.78377613324771,46.75401000976564
146.65,81.654965202492,46.72451019287105
146.66,81.52540687478155,46.695010375976544
146.67,81.47026885989223,46.66551055908204
146.68,81.60410656321172,46.63601074218745
146.69,81.84275487497011,46.606510925292945
146.7,81.97456191711643,46.57701110839844
146.71,82.01175858372643,46.55160980224605
146.72,82.11160589504928,46.52620849609374
146.73,82.27812955284497,46.50080718994142
146.74,82.2147380066401,46.47540588378904
146.75,82.23610940678934,46.45000457763672
146.76,82.17215092103997,46.4246032714844
146.77,82.13152882997566,46.39920196533202
146.78,82.26452344024437,46.3738006591797
146.79,82.171112818145,46.34839935302739
146.8,82.36897691232606,46.322998046875
146.81,82.38682644241135,46.28909759521487
146.82,82.36018759288737,46.255197143554746
146.83,82.33220604211306,46.22129669189452
146.84,82.43641363183087,46.18739624023439
146.85,82.3239382189518,46.15349578857427
146.86,82.33447672017584,46.119595336914045
146.87,82.3512127088394,46.085694885253915
146.88,82.43872425711074,46.05179443359379
146.89,82.43072706419888,46.01789398193366
146.9,82.42737041533313,45.98399353027344
146.91,82.36990078043823,45.98039474487305
146.92,82.34972442606944,45.97679595947266
146.93,82.50249744262445,45.97319717407226
146.94,82.47268134046602,45.969598388671876
146.95,82.33813296251606,45.96599960327149
146.96,82.47761821498248,45.96240081787109
146.97,82.30034288565818,45.95880203247071
146.98,82.35846827721197,45.955203247070315
146.99,82.40076992743865,45.951604461669916
147.0,82.37919748897055,45.94800567626953
147.01,82.4350786186512,45.94650573730469
147.02,82.4416639327435,45.94500579833984
147.03,82.25039915447509,45.943505859375
147.04,82.56043723698605,45.94200592041016
147.05,82.62731611938472,45.94050598144531
147.06,82.61914272178738,45.939006042480464
147.07,82.48376865365591,45.937506103515624
147.08,82.46389932849944,45.936006164550776
147.09,82.56372594040401,45.934506225585935
147.1,82.6215073109779,45.933006286621094
147.11,82.67336970601679,45.948307037353544
147.12,82.47300232929314,45.96360778808595
147.13,82.49398350824347,45.97890853881837
147.14,82.29799572269897,45.994209289550774
147.15,82.26381174984624,46.009510040283224
147.16,82.2761033120934,46.02481079101563
147.17,82.27247409513939,46.04011154174804
147.18,82.38275206378682,46.0554122924805
147.19,82.40646829606773,46.070713043212905
147.2,82.32029511946166,46.08601379394531
147.21,82.15966848877962,46.11721420288091
147.22,82.25392530447468,46.14841461181642
147.23,82.29725182011232,46.17961502075194
147.24,82.18270533664479,46.210815429687536
147.25,82.19176075757846,46.24201583862305
147.26,82.16871623527108,46.27321624755856
147.27,82.2776165781441,46.304416656494155
147.28,82.10599459630579,46.33561706542967
147.29,82.20561081423732,46.366817474365185
147.3,82.25337393785314,46.39801788330078
147.31,82.35925094854043,46.38651657104493
147.32,82.34021769571733,46.375015258789084
147.33,82.41769234559247,46.3635139465332
147.34,82.4571012965602,46.35201263427735
147.35,82.49560150720954,46.3405113220215
147.36,82.54717389562367,46.32901000976562
147.37,82.43754326681083,46.317508697509766
147.38,82.29761094507921,46.30600738525392
147.39,82.23630172358673,46.29450607299807
147.4,82.31280392875496,46.28300476074219
147.41,82.43599002070879,46.4040039062499
147.42,82.4277811682625,46.52500305175761
147.43,82.0645499570004,46.64600219726566
147.44,82.11926088416566,46.76700134277337
147.45,82.04388598548056,46.88800048828108
147.46,82.25790032782612,47.00899963378913
147.47,82.152011616494,47.12999877929684
147.48,82.10231789037827,47.25099792480455
147.49,81.96106412927013,47.3719970703126
147.5,82.11302155849317,47.49299621582031
147.51,82.11449488917324,47.35079650878918
147.52,81.97430590316299,47.20859680175765
147.53,81.9175766812395,47.066397094726526
147.54,81.9672016754289,46.92419738769539
147.55,81.9599761623117,46.78199768066386
147.56,81.93398870089668,46.63979797363273
147.57,81.78211398730987,46.4975982666016
147.58,81.90376370616582,46.35539855957007
147.59,81.9226696709378,46.213198852538945
147.6,82.0384946978855,46.07099914550781
147.61,82.2226670225983,46.170299530029496
147.62,82.24887973040265,46.269599914550895
147.63,82.29234599772838,46.368900299072294
147.64,82.34466949707534,46.46820068359369
147.65,82.27223044033143,46.56750106811538
147.66,82.28893445131169,46.666801452636776
147.67,82.26644695055306,46.766101837158175
147.68,82.30972545605674,46.86540222167986
147.69,82.28415071021817,46.96470260620126
147.7,82.27675734910268,47.064002990722656
147.71,82.05021233029584,47.04000320434566
147.72,82.22292342408645,47.01600341796873
147.73,82.27311529372645,46.992003631591814
147.74,82.0822319803483,46.96800384521482
147.75,82.06763024268035,46.94400405883789
147.76,81.99975563981683,46.920004272460965
147.77,82.00767428249321,46.89600448608397
147.78,82.0167776762446,46.87200469970705
147.79,81.99240706925804,46.84800491333012
147.8,81.94105309492763,46.824005126953125
147.81,82.04912377181105,46.83070449829101
147.82,82.153780034597,46.83740386962889
147.83,82.01010692615195,46.844103240966795
147.84,82.07259981109718,46.85080261230468
147.85,82.06474207308929,46.85750198364257
147.86,81.98164725919403,46.86420135498047
147.87,81.8638796012852,46.87090072631836
147.88,81.84019042008524,46.87760009765624
147.89,81.9517462461835,46.88429946899413
147.9,82.11477674524428,46.89099884033203
147.91,81.97223220487393,46.81059875488288
147.92,82.13547526824846,46.73019866943373
147.93,82.0809126471656,46.64979858398435
147.94,82.0119890488963,46.5693984985352
147.95,82.14397708698115,46.48899841308605
147.96,82.28493302833938,46.408598327636675
147.97,82.12941470561609,46.328198242187526
147.98,82.17270201536479,46.24779815673837
147.99,82.11400804800807,46.16739807128899
148.0,82.25314313376957,46.086997985839844
148.01,82.2269874410582,46.11739883422849
148.02,82.33318101868832,46.14779968261722
148.03,82.28552297561171,46.17820053100587
148.04,82.36593588305298,46.208601379394516
148.05,82.36873311466047,46.239002227783246
148.06,82.40700734113838,46.26940307617189
148.07,82.25505368843767,46.299803924560536
148.08,82.32620236621698,46.33020477294927
148.09,82.34895462991378,46.36060562133792
148.1,82.39235749609249,46.39100646972656
148.11,82.40573673772035,46.374006652831994
148.12,82.48057142413977,46.35700683593748
148.13,82.4768606611542,46.340007019042964
148.14,82.54306343867658,46.323007202148446
148.15,82.44407733008111,46.306007385253885
148.16,82.41031865667946,46.28900756835937
148.17,82.2558486908772,46.27200775146485
148.18,82.39797857147725,46.25500793457029
148.19,82.3068073763442,46.23800811767577
148.2,82.45852635709925,46.22100830078125
148.21,82.49501080733533,46.24390792846683
148.22,82.45765334557811,46.26680755615236
148.23,82.35939208638888,46.289707183837876
148.24,82.31366334599532,46.312606811523466
148.25,82.22893615359001,46.335506439208984
148.26,82.22705154307683,46.3584060668945
148.27,82.23271826025486,46.38130569458009
148.28,82.0663558571141,46.40420532226561
148.29,82.2434560682278,46.427104949951136
148.3,82.00768708578644,46.45000457763672
148.31,82.1254235719707,46.45650482177734
148.32,82.06314111255298,46.463005065917955
148.33,82.06536965388015,46.469505310058594
148.34,82.06855241926431,46.47600555419921
148.35,82.1177746988444,46.48250579833984
148.36,81.87872546065721,46.489006042480476
148.37,81.84143746779587,46.495506286621094
148.38,81.97526595754975,46.50200653076171
148.39,81.83754286761432,46.50850677490233
148.4,81.94607002343608,46.51500701904297
148.41,81.77000001346141,46.48580703735354
148.42,81.69585903713217,46.456607055664115
148.43,81.91243906706474,46.4274070739746
148.44,81.95495880813174,46.398207092285176
148.45,81.81752134203454,46.369007110595746
148.46,81.851797946313,46.33980712890623
148.47,81.68140032173072,46.31060714721681
148.48,81.64779817521067,46.281407165527376
148.49,81.78313684434964,46.25220718383787
148.5,81.86092466140498,46.22300720214844
148.51,82.01763554671133,46.18300781250004
148.52,81.93693216140014,46.143008422851516
148.53,81.91147938064854,46.103009033203115
148.54,81.95804343881719,46.06300964355471
148.55,81.85394686840812,46.02301025390619
148.56,81.98794560050153,45.98301086425779
148.57,81.78249755795021,45.943011474609385
148.58,81.95746746602438,45.90301208496087
148.59,82.07151110411489,45.86301269531246
148.6,82.13910146231943,45.82301330566406
148.61,82.19683662722433,45.81721115112303
148.62,82.23928907338212,45.811408996582024
148.63,82.28520235183178,45.805606842041016
148.64,81.87809859393863,45.7998046875
148.65,81.83729985769757,45.79400253295898
148.66,81.75099662513065,45.78820037841797
148.67,81.82264958702365,45.78239822387695
148.68,82.00796875849036,45.77659606933593
148.69,81.91819090275753,45.770793914794915
148.7,82.16255192330989,45.764991760253906
148.71,82.08485146183443,45.81259155273445
148.72,82.26364504739949,45.86019134521487
148.73,81.84783274744824,45.907791137695284
148.74,81.92083975943186,45.95539093017584
148.75,81.90098078114086,46.00299072265625
148.76,81.87829049165884,46.05059051513666
148.77,81.9700945310075,46.098190307617216
148.78,81.79427361430079,46.14579010009763
148.79,82.02721967058756,46.19338989257805
148.8,81.9195729095924,46.240989685058594
148.81,81.84955951579308,46.21379089355471
148.82,81.93849349669247,46.18659210205083
148.83,82.06553615530908,46.15939331054687
148.84,82.1163782093758,46.13219451904298
148.85,82.09366450770315,46.1049957275391
148.86,82.05982397202216,46.07779693603514
148.87,81.91967528093281,46.05059814453126
148.88,81.94995440631618,46.02339935302737
148.89,82.14245864620692,45.996200561523494
148.9,82.18578143310319,45.96900177001953
148.91,82.11017102415668,45.985002899169906
148.92,82.06101506110036,46.00100402832029
148.93,82.00871135248305,46.017005157470706
148.94,82.03336609854726,46.03300628662109
148.95,82.10768565245466,46.04900741577146
148.96,81.98815042867083,46.06500854492188
148.97,81.8596582749251,46.08100967407226
148.98,81.77873221446553,46.09701080322264
148.99,81.7849780031403,46.11301193237306
149.0,81.6189927148281,46.12901306152344
149.01,81.73109433674044,46.08061294555668
149.02,81.81267459487252,46.03221282958979
149.03,82.07687785905584,45.98381271362303
149.04,81.94402227896457,45.935412597656274
149.05,81.97298743763375,45.88701248168938
149.06,81.92613760125613,45.83861236572263
149.07,81.8586605227795,45.790212249755875
149.08,81.93115407314228,45.74181213378898
149.09,81.92325831814442,45.693412017822226
149.1,82.03453138481403,45.64501190185547
149.11,82.03512043376847,45.67731170654303
149.12,81.95010799182295,45.709611511230506
149.13,81.90039221397575,45.741911315917974
149.14,81.80642774869479,45.77421112060545
149.15,81.84189791958349,45.80651092529301
149.16,81.77854043344799,45.83881072998049
149.17,81.42594861522481,45.87111053466796
149.18,81.58901743998456,45.903410339355524
149.19,81.81149809742647,45.93571014404299
149.2,81.87973612837915,45.96800994873047
149.21,81.72793729122182,46.05560913085952
149.22,81.73399580481211,46.14320831298833
149.23,81.94434223735168,46.23080749511714
149.24,81.96452646946325,46.318406677246195
149.25,81.7275282857376,46.406005859375
149.26,81.91511342287274,46.493605041503805
149.27,81.8175469189175,46.58120422363286
149.28,81.98552608711337,46.66880340576167
149.29,81.81679240255067,46.75640258789048
149.3,81.71241497533589,46.84400177001953
149.31,81.70685567265286,46.843301391601564
149.32,81.6686932986718,46.8426010131836
149.33,81.80892134452213,46.84190063476562
149.34,81.7727103978426,46.841200256347655
149.35,81.76394656042608,46.84049987792969
149.36,81.68661374645755,46.83979949951172
149.37,81.81588442984031,46.83909912109375
149.38,81.83290016160635,46.838398742675786
149.39,81.85513646241196,46.83769836425781
149.4,82.14975627029811,46.836997985839844
149.41,82.08938602228055,46.899699401855415
149.42,82.17363118749815,46.962400817870986
149.43,82.12600013463329,47.025102233886734
149.44,82.1171853532168,47.087803649902305
149.45,82.01874950460969,47.150505065917876
149.46,81.73988197814141,47.21320648193363
149.47,81.96566566666661,47.2759078979492
149.48,81.81856999751419,47.338609313964774
149.49,81.80288562918857,47.40131072998052
149.5,81.72405178044285,47.464012145996094
149.51,81.73276874595103,47.423210906982455
149.52,81.70867041273725,47.3824096679687
149.53,81.75797642334845,47.34160842895507
149.54,81.83483140898996,47.30080718994143
149.55,81.63951369074961,47.26000595092768
149.56,81.45910951145378,47.21920471191404
149.57,81.51876252292352,47.1784034729004
149.58,81.45782071624626,47.137602233886646
149.59,81.4493991371679,47.096800994873014
149.6,81.39526899841847,47.055999755859375
149.61,81.46310356531723,47.05910034179688
149.62,81.65366208322666,47.06220092773438
149.63,81.70727740622709,47.065301513671876
149.64,81.62689934106311,47.06840209960937
149.65,81.82584043131631,47.07150268554688
149.66,81.91269498439186,47.07460327148438
149.67,81.6430267218753,47.077703857421874
149.68,81.6522184436323,47.08080444335938
149.69,81.56515099584304,47.08390502929688
149.7,81.59254215534669,47.087005615234375
149.71,81.3747532366131,47.09320526123048
149.72,81.43271039039413,47.099404907226564
149.73,81.56045218120049,47.105604553222655
149.74,81.66377430322358,47.11180419921876
149.75,81.47721114033119,47.118003845214844
149.76,81.46433497596453,47.12420349121093
149.77,81.49621458804447,47.13040313720703
149.78,81.56345276732351,47.136602783203124
149.79,81.41187099248542,47.14280242919921
149.8,81.35904770451816,47.14900207519531
149.81,81.26220174319944,47.099301910400435
149.82,81.39710578606964,47.04960174560556
149.83,81.29784057254565,46.99990158081053
149.84,81.10467392311925,46.95020141601565
149.85,81.26331055912257,46.900501251220774
149.86,81.44390620811744,46.850801086425754
149.87,81.37358627169246,46.801100921630876
149.88,81.33235879217014,46.75140075683599
149.89,81.65878519045071,46.701700592041114
149.9,81.6092281156201,46.652000427246094
149.91,81.57438941057829,46.699498748779256
149.92,81.44234959215213,46.74699707031242
149.93,81.46206995093303,46.794495391845714
149.94,81.49782277240135,46.841993713378876
149.95,81.59809756781105,46.88949203491204
149.96,81.3604632447705,46.93699035644534
149.97,81.4556514800083,46.984488677978504
149.98,81.53410047378422,47.031986999511666
149.99,81.5551789444326,47.07948532104496
150.0,81.58837891273834,47.126983642578125
150.01,81.65831247806636,47.06228637695318
150.02,81.52655578199021,46.997589111328054
150.03,81.71218493147396,46.932891845703104
150.04,81.56110336754205,46.86819458007816
150.05,81.57390417314812,46.80349731445303
150.06,81.52770469729438,46.73880004882809
150.07,81.67329301285673,46.674102783203146
150.08,81.64427865668875,46.60940551757801
150.09,81.73434091677636,46.54470825195307
150.1,81.96818728863165,46.480010986328125
150.11,81.90057134288908,46.47790908813476
150.12,81.98329863016075,46.475807189941406
150.13,81.97320504771866,46.47370529174805
150.14,81.98386189227887,46.47160339355469
150.15,81.97278262840592,46.46950149536133
150.16,82.09336987788697,46.46739959716797
150.17,81.9597073715873,46.46529769897461
150.18,81.81869788278853,46.46319580078124
150.19,81.71520108781796,46.46109390258789
150.2,81.6441125831511,46.45899200439453
150.21,81.73508227086691,46.454692840576165
150.22,81.76624134719802,46.45039367675781
150.23,82.00633634657237,46.44609451293945
150.24,81.88872366678609,46.44179534912109
150.25,81.72214740263951,46.437496185302734
150.26,81.76464969584221,46.43319702148438
150.27,81.73818193159094,46.428897857666016
150.28,81.78268934360769,46.424598693847656
150.29,81.73351009291154,46.420299530029304
150.3,81.76717461341228,46.41600036621094
150.31,81.80231020185272,46.430699920654284
150.32,81.76418946140984,46.44539947509763
150.33,81.82238102157758,46.46009902954102
150.34,81.768977238576,46.47479858398437
150.35,81.69731584150593,46.48949813842771
150.36,81.61606774335998,46.5041976928711
150.37,81.61923540040505,46.51889724731445
150.38,81.69059420330525,46.533596801757795
150.39,81.93363037018452,46.54829635620114
150.4,81.70263200975039,46.56299591064453
150.41,81.94937846194759,46.56559677124023
150.42,82.08045152350529,46.568197631835936
150.43,82.20950775575358,46.57079849243164
150.44,81.88848058089256,46.57339935302734
150.45,81.91766625506746,46.57600021362304
150.46,81.78496521724391,46.57860107421875
150.47,81.80009802227477,46.58120193481445
150.48,81.93137162769355,46.58380279541015
150.49,82.09506080402207,46.586403656005864
150.5,82.29784181154312,46.58900451660156
150.51,82.21541743869538,46.622904205322236
150.52,82.19554200921836,46.65680389404301
150.53,81.9712721682523,46.69070358276368
150.54,82.006707639453,46.724603271484355
150.55,81.93360477516363,46.75850296020513
150.56,81.97661004313596,46.7924026489258
150.57,82.04651126090918,46.826302337646474
150.58,82.07069137656417,46.86020202636725
150.59,82.22162860065959,46.89410171508792
150.6,82.11786438206008,46.928001403808594
150.61,82.26453626357197,46.903401947021436
150.62,82.12279703434083,46.87880249023435
150.63,82.07062733552168,46.854203033447256
150.64,82.04549956442831,46.82960357666017
150.65,81.89784604560373,46.80500411987301
150.66,81.93201789167638,46.780404663085925
150.67,81.74191438782016,46.75580520629884
150.68,81.86923956340112,46.73120574951167
150.69,81.92209382245592,46.70660629272459
150.7,81.90114711572298,46.6820068359375
150.71,81.92196585640147,46.6662055969238
150.72,81.88582585325203,46.65040435791015
150.73,81.9253569906133,46.63460311889649
150.74,81.66657236298695,46.618801879882795
150.75,81.46920967766954,46.60300064086914
150.76,81.5242707411696,46.587199401855486
150.77,81.77791395035776,46.57139816284179
150.78,81.72421793526335,46.55559692382813
150.79,81.65095367252894,46.53979568481448
150.8,81.56419334600787,46.52399444580078
150.81,81.69893878798925,46.58049468994136
150.82,81.73292212780495,46.63699493408193
150.83,81.6845181341685,46.69349517822267
150.84,81.84802460969817,46.74999542236325
150.85,81.86609264313509,46.80649566650383
150.86,81.76502044118804,46.862995910644564
150.87,81.72704259305436,46.91949615478514
150.88,81.58036561095126,46.975996398925716
150.89,81.64318001950001,47.032496643066295
150.9,81.64366546292773,47.08899688720703
150.91,81.72259473771352,47.05999755859377
150.92,81.64685281541486,47.03099822998052
150.93,81.76812066953121,47.00199890136718
150.94,81.63173419266708,46.97299957275392
150.95,81.71351407825688,46.94400024414067
150.96,81.62434465419929,46.91500091552733
150.97,81.65593616086171,46.88600158691407
150.98,81.5751683473656,46.85700225830082
150.99,81.53590052797232,46.82800292968748
151.0,81.7744108034266,46.79900360107422
151.01,81.70720072731446,46.7893035888672
151.02,81.75148238898636,46.77960357666014
151.03,81.73145222429082,46.769903564453124
151.04,81.8204627097807,46.7602035522461
151.05,81.88430340080411,46.75050354003905
151.06,81.844596704716,46.74080352783203
151.07,81.9036613447679,46.731103515625
151.08,81.98076397457393,46.72140350341795
151.09,81.94324158312156,46.711703491210926
151.1,82.04354022062753,46.702003479003906
151.11,81.98021352424632,46.66770248413079
151.12,81.92609921048182,46.63340148925777
151.13,81.91376984153136,46.59910049438476
151.14,81.93281133149907,46.564799499511736
151.15,82.06620216271384,46.53049850463862
151.16,82.18020605066128,46.49619750976561
151.17,82.04310481407127,46.46189651489259
151.18,82.04068448692321,46.42759552001947
151.19,81.86666829476133,46.39329452514645
151.2,81.93818634759077,46.35899353027344
151.21,82.00495360806599,46.41589431762705
151.22,82.12348889871494,46.4727951049805
151.23,82.03759830144658,46.529695892333955
151.24,82.14121571134976,46.58659667968757
151.25,82.00737980702478,46.643497467041016
151.26,81.88441854377183,46.700398254394464
151.27,82.0780562631086,46.75729904174808
151.28,82.07318899671068,46.81419982910153
151.29,82.05222298083655,46.87110061645498
151.3,82.05473952768423,46.928001403808594
151.31,81.79137107651843,46.88680191040043
151.32,81.84349672056959,46.84560241699226
151.33,81.87065953503097,46.80440292358397
151.34,81.88075959571987,46.76320343017581
151.35,82.06419134090278,46.722003936767635
151.36,82.09107690738645,46.68080444335935
151.37,81.90912497378892,46.639604949951185
151.38,81.9065018973011,46.59840545654301
151.39,81.79342969932715,46.55720596313485
151.4,82.02333985649662,46.51600646972656
151.41,81.9068217824289,46.513806152343754
151.42,81.91810132864273,46.51160583496094
151.43,81.77233963506296,46.509405517578124
151.44,81.77088216193773,46.507205200195315
151.45,81.87136952275358,46.5050048828125
151.46,81.90185723562816,46.502804565429685
151.47,81.90620760353521,46.500604248046876
151.48,81.91598355762015,46.49840393066407
151.49,81.9847451935877,46.496203613281246
151.5,81.97223220487393,46.49400329589844
151.51,82.22009020984072,46.52010345458982
151.52,82.32395104690933,46.54620361328128
151.53,82.35257270313004,46.57230377197266
151.54,82.30326726666485,46.59840393066405
151.55,82.08619644551169,46.624504089355504
151.56,82.04512818374097,46.65060424804689
151.57,82.0218353355313,46.676704406738274
151.58,82.17110000210086,46.70280456542973
151.59,82.2897937439343,46.728904724121115
151.6,82.30585820903278,46.7550048828125
151.61,82.16781912767726,46.7198051452636
151.62,82.3159209410138,46.684605407714805
151.63,82.32451547802997,46.649405670166004
151.64,82.40983093936008,46.61420593261721
151.65,82.50420541901724,46.57900619506831
151.66,82.54176609695135,46.54380645751951
151.67,82.58335674570564,46.508606719970714
151.68,82.5377585314597,46.473406982421814
151.69,82.58507840715478,46.43820724487302
151.7,82.67134503455183,46.40300750732422
151.71,82.68477261982088,46.3900077819824
151.72,82.67257911872578,46.37700805664062
151.73,82.53609516617782,46.364008331298834
151.74,82.60704401098558,46.35100860595702
151.75,82.64223103886671,46.338008880615234
151.76,82.53673096623571,46.32500915527345
151.77,82.5573284447608,46.312009429931635
151.78,82.68425837904343,46.29900970458985
151.79,82.6099481354434,46.28600997924807
151.8,82.72822530422603,46.27301025390625
151.81,82.5783910120173,46.18770980834968
151.82,82.62753459625156,46.10240936279311
151.83,82.72890685473332,46.01710891723631
151.84,82.63304159112683,45.93180847167974
151.85,82.72494618537306,45.84650802612317
151.86,82.57372733861793,45.76120758056636
151.87,82.53008406093133,45.67590713500979
151.88,82.54437363571664,45.590606689453224
151.89,82.74848655347282,45.505306243896655
151.9,82.75543806273693,45.420005798339844
151.91,82.75672422092151,45.51100540161125
151.92,82.77014587514275,45.602005004882656
151.93,82.7251776504544,45.693004608154325
151.94,82.69263427206809,45.78400421142573
151.95,82.61211983709163,45.87500381469714
151.96,82.63408260779545,45.9660034179688
151.97,82.43030988852787,46.057003021240206
151.98,82.42997614657564,46.14800262451161
151.99,82.56468944013909,46.23900222778328
152.0,82.57521764417406,46.33000183105469
152.01,82.24219954789598,46.37170104980465
152.02,82.51415184058514,46.41340026855473
152.03,82.45570192477096,46.4550994873047
152.04,82.35353497002507,46.49679870605466
152.05,82.23993014264104,46.538497924804744
152.06,82.36276660004927,46.58019714355471
152.07,82.27112758623952,46.621896362304675
152.08,82.31692147597931,46.66359558105476
152.09,82.09893590604943,46.705294799804726
152.1,82.09864126677401,46.74699401855469
152.11,82.07543048304535,46.744895172119136
152.12,82.20345087435247,46.74279632568359
152.13,82.1551640272586,46.74069747924805
152.14,82.02382642880916,46.738598632812504
152.15,82.05701918349915,46.73649978637695
152.16,82.06843714690797,46.7344009399414
152.17,81.8754632213313,46.73230209350586
152.18,81.82167763797435,46.73020324707031
152.19,81.8702245874577,46.72810440063476
152.2,81.93670180171466,46.72600555419922
152.21,81.83833584985223,46.715604400634746
152.22,82.068808580346,46.70520324707031
152.23,82.09285747946593,46.694802093505864
152.24,81.87028855026365,46.6844009399414
152.25,82.00592664505885,46.67399978637695
152.26,82.07326584716401,46.66359863281251
152.27,81.91959850242151,46.65319747924804
152.28,81.8729558188072,46.6427963256836
152.29,81.9251522408964,46.63239517211916
152.3,82.0436042511009,46.62199401855469
152.31,82.06887262067889,46.637694549560536
152.32,81.91388500521458,46.653395080566376
152.33,81.91542052872647,46.66909561157227
152.34,82.04067168105442,46.684796142578115
152.35,81.89723190036332,46.70049667358396
152.36,81.98630698435798,46.716197204589854
152.37,81.83146772793567,46.7318977355957
152.38,81.88189821065272,46.74759826660154
152.39,81.8702245874577,46.76329879760739
152.4,81.80493160944025,46.77899932861328
152.41,81.92213221229174,46.70000076293952
152.42,82.03182946996934,46.62100219726576
152.43,82.17413102165865,46.542003631591776
152.44,82.12593607201528,46.46300506591801
152.45,82.08063084921928,46.384006500244254
152.46,82.06115594317592,46.30500793457027
152.47,82.10130584988552,46.226009368896506
152.48,81.98064876388733,46.14701080322275
152.49,82.18567889562709,46.068012237548764
152.5,82.09668769636215,45.989013671875
152.51,82.10946640464759,45.98861236572266
152.52,82.2107768454611,45.98821105957031
152.53,82.01289810911295,45.98780975341797
152.54,82.03400636470238,45.98740844726562
152.55,82.05739059109804,45.98700714111328
152.56,82.06264161606188,45.98660583496094
152.57,82.20482887328306,45.98620452880859
152.58,82.15806019777149,45.98580322265625
152.59,82.29902180074922,45.9854019165039
152.6,82.3317313845539,45.98500061035156
152.61,82.21372527350468,46.044701385498165
152.62,82.32592014752339,46.1044021606446
152.63,82.28089322884384,46.164102935791036
152.64,82.09903838939961,46.22380371093747
152.65,82.27943123060868,46.28350448608407
152.66,82.10864648757017,46.3432052612305
152.67,82.16457676535356,46.40290603637693
152.68,82.1928887150664,46.46260681152354
152.69,82.20275867323245,46.522307586669974
152.7,82.18748612801461,46.582008361816406
152.71,82.35433044823627,46.56190795898434
152.72,82.37868419930467,46.541807556152335
152.73,82.37887668274197,46.52170715332032
152.74,82.38733975744313,46.50160675048826
152.75,82.52960883331541,46.48150634765625
152.76,82.41869349887146,46.46140594482424
152.77,82.66553467867877,46.44130554199218
152.78,82.61223549064268,46.421205139160165
152.79,82.58335674570564,46.40110473632816
152.8,82.47883801235591,46.381004333496094
152.81,82.54007057660071,46.400803375244124
152.82,82.47319492288925,46.42060241699215
152.83,82.34746636754848,46.44040145874024
152.84,82.3111107616469,46.46020050048827
152.85,82.23033359981955,46.4799995422363
152.86,82.13903739459175,46.499798583984386
152.87,82.43679873379543,46.519597625732416
152.88,82.34550342137511,46.539396667480446
152.89,82.2736282543951,46.559195709228476
152.9,82.44181797832665,46.57899475097656
152.91,82.2914995172091,46.519995880127006
152.92,82.22791051253698,46.46099700927744
152.93,82.39025285053616,46.401998138427714
152.94,82.26539542879786,46.34299926757816
152.95,82.54916493499947,46.2840003967286
152.96,82.42274951539862,46.225001525878874
152.97,82.58933124481331,46.16600265502932
152.98,82.65638892649494,46.10700378417975
152.99,82.62766953526747,46.048004913330026
153.0,82.4697539511887,45.98900604248047
153.01,82.33509250267461,45.99430541992187
153.02,82.27085828578181,45.99960479736329
153.03,82.306294312253,46.004904174804686
153.04,82.32407932653956,46.01020355224609
153.05,82.57173600304668,46.01550292968751
153.06,82.47860689216095,46.02080230712891
153.07,82.36431915616916,46.026101684570314
153.08,82.23577605820657,46.031401062011724
153.09,82.30315182958753,46.03670043945313
153.1,82.28881902428628,46.04199981689453
153.11,82.03524848816885,46.1625999450686
153.12,82.0938950879281,46.28320007324233
153.13,81.76058433650275,46.40380020141605
153.14,81.78896725161654,46.524400329589774
153.15,81.91912503573023,46.64500045776384
153.16,81.88394517875557,46.76560058593757
153.17,81.9291705008504,46.8862007141113
153.18,81.95700668924734,47.006800842285365
153.19,81.90350780279094,47.127400970459085
153.2,81.912221537651,47.24800109863281
153.21,81.83588017539498,47.172900390624875
153.22,81.84515949016094,47.09779968261714
153.23,81.66169176017749,47.02269897460942
153.24,81.8925619129284,46.947598266601474
153.25,81.99090283201458,46.87249755859375
153.26,82.19686226332739,46.797396850586026
153.27,82.23607094345685,46.72229614257808
153.28,82.13264356104845,46.64719543457036
153.29,82.31577984041816,46.572094726562625
153.3,82.26970414595529,46.49699401855469
153.31,82.1946447551959,46.49449462890625
153.32,82.29517404104247,46.49199523925782
153.33,82.29936810353487,46.489495849609376
153.34,82.35689011518724,46.48699645996094
153.35,82.49746350978327,46.4844970703125
153.36,82.7574058888116,46.48199768066406
153.37,82.63535497040661,46.479498291015624
153.38,82.54806022631593,46.47699890136719
153.39,82.4791975333028,46.474499511718754
153.4,82.40422229391697,46.47200012207031
153.41,82.4606190358851,46.43210067749027
153.42,82.52704005907827,46.392201232910224
153.43,82.47522358909428,46.35230178833007
153.44,82.46877816630851,46.31240234375002
153.45,82.63570198009153,46.27250289916998
153.46,82.52937764199697,46.23260345458982
153.47,82.77022305120916,46.19270401000978
153.48,82.70471353365453,46.15280456542973
153.49,82.88351124275113,46.112905120849575
153.5,82.79380845354024,46.07300567626953
153.51,82.76633856720375,46.08350677490233
153.52,82.49506217245782,46.09400787353517
153.53,82.71655579752795,46.10450897216797
153.54,82.77782507006732,46.11501007080078
153.55,82.83698094602826,46.12551116943361
153.56,82.93355022613888,46.13601226806641
153.57,82.82460895675835,46.14651336669922
153.58,82.54236980915915,46.15701446533205
153.59,82.6421282170446,46.167515563964855
153.6,82.79065667779783,46.178016662597656
153.61,82.87925083750652,46.10361480712876
153.62,82.69768701292988,46.02921295166007
153.63,82.53293545535998,45.954811096191385
153.64,82.53538872151773,45.8804092407227
153.65,82.60658141180302,45.8060073852538
153.66,82.63755271071624,45.731605529785114
153.67,82.85055066457622,45.65720367431643
153.68,82.58040812367884,45.58280181884753
153.69,82.71931396820247,45.50839996337884
153.7,82.764434946072,45.433998107910156
153.71,82.87013188163765,45.41739730834958
153.72,82.93117474099995,45.40079650878905
153.73,82.94175203653559,45.38419570922853
153.74,83.10711714618195,45.36759490966795
153.75,83.16688049701322,45.35099411010742
153.76,83.32965621948061,45.33439331054689
153.77,83.33569637255866,45.317792510986315
153.78,83.23455915158195,45.301191711425794
153.79,83.20927315462441,45.284590911865266
153.8,83.13609375862212,45.26799011230469
153.81,83.17036176889376,45.252091979980484
153.82,83.09078135818989,45.236193847656274
153.83,82.99756600413625,45.22029571533203
153.84,83.09948713324228,45.20439758300782
153.85,82.94007816474242,45.188499450683615
153.86,83.0018680912482,45.17260131835937
153.87,83.10339231570052,45.15670318603516
153.88,83.20739023973167,45.140805053710956
153.89,83.32737185966215,45.12490692138675
153.9,83.52041378858992,45.1090087890625
153.91,83.41380569665618,45.15650863647457
153.92,83.24438180608003,45.20400848388664
153.93,83.39041618063885,45.251508331298844
153.94,83.44415303976608,45.29900817871091
153.95,83.6023519839158,45.346508026122976
153.96,83.52246821477121,45.39400787353518
153.97,83.47716688492436,45.44150772094725
153.98,83.61354729345044,45.48900756835932
153.99,83.47176745962796,45.536507415771524
154.0,83.34596384170403,45.584007263183594
154.01,83.44463089321914,45.55660781860354
154.02,83.42908844532369,45.529208374023405
154.03,83.34308552997464,45.50180892944335
154.04,83.4387159387231,45.474409484863294
154.05,83.41035807048223,45.44701004028317
154.06,83.22903859536362,45.41961059570311
154.07,83.26651876400969,45.39221115112306
154.08,83.27841408216266,45.36481170654292
154.09,83.24434310767214,45.33741226196287
154.1,83.40013828171152,45.31001281738281
154.11,83.25736562694276,45.347312164306715
154.12,83.18043852486181,45.38461151123051
154.13,83.02245266813671,45.421910858154305
154.14,83.22108054563554,45.4592102050781
154.15,82.99890556421775,45.496509552002
154.16,83.05008097948023,45.533808898925805
154.17,83.03225636071068,45.5711082458496
154.18,83.09221188399653,45.6084075927735
154.19,83.2477357022681,45.6457069396973
154.2,83.0886549236671,45.683006286621094
154.21,83.09094889661168,45.72260589599616
154.22,83.00720077313699,45.762205505371114
154.23,83.12574899311565,45.801805114746074
154.24,83.00364563284437,45.84140472412114
154.25,82.77995395244763,45.881004333496094
154.26,82.61298723797543,45.92060394287105
154.27,82.87402523316943,45.960203552246114
154.28,82.84075770527105,45.999803161621074
154.29,82.8703764202051,46.03940277099603
154.3,82.86827854843487,46.079002380371094
154.31,82.96450548659877,46.066502380371105
154.32,83.05240018905081,46.05400238037112
154.33,82.9331768409687,46.04150238037109
154.34,82.99086192870054,46.029002380371104
154.35,82.9413400049886,46.01650238037111
154.36,82.88532613141497,46.004002380371084
154.37,82.94473929585826,45.991502380371095
154.38,82.87384504285481,45.97900238037111
154.39,82.9351854055778,45.96650238037112
154.4,83.18212771497441,45.954002380371094
154.41,83.09183814183169,45.957402801513666
154.42,83.09044628185302,45.960803222656246
154.43,83.02978283834538,45.96420364379883
154.44,83.05422336546714,45.967604064941405
154.45,83.0125915903344,45.97100448608398
154.46,83.05643955363648,45.974404907226564
154.47,82.98595479240508,45.977805328369136
154.48,83.12958389169481,45.981205749511716
154.49,82.97254140831913,45.9846061706543
154.5,83.0287264493963,45.988006591796875
154.51,82.9970765521876,45.9909065246582
154.52,82.85939828107514,45.99380645751953
154.53,82.87545389188341,45.99670639038086
154.54,82.79014210786325,45.99960632324218
154.55,82.8916526512605,46.00250625610352
154.56,83.10107239426543,46.00540618896485
154.57,82.87004178857217,46.00830612182617
154.58,82.86543423709351,46.011206054687506
154.59,82.82401708014491,46.01410598754883
154.6,82.90278096325822,46.017005920410156
154.61,82.90902447441532,46.05860671997078
154.62,82.77095622563468,46.100207519531295
154.63,82.80064608075757,46.14180831909181
154.64,82.57136343325148,46.18340911865232
154.65,82.60185269445384,46.22500991821295
154.66,82.50807732298239,46.26661071777346
154.67,82.5425881736929,46.30821151733397
154.68,82.51734972087473,46.3498123168946
154.69,82.47696338011347,46.39141311645511
154.7,82.35495271744215,46.433013916015625
154.71,82.30744870870694,46.41281280517575
154.72,82.2140329386077,46.392611694335926
154.73,82.28893445131169,46.372410583496105
154.74,82.39897960501476,46.35220947265623
154.75,82.494689775682,46.332008361816406
154.76,82.45378904126022,46.311807250976585
154.77,82.24343042485978,46.29160614013671
154.78,82.14623235384512,46.271405029296886
154.79,82.25656676089893,46.251203918457065
154.8,82.18167998395154,46.23100280761719
154.81,82.32507349434505,46.223703002929696
154.82,82.33008933652505,46.2164031982422
154.83,82.42475188946707,46.209103393554685
154.84,82.32822922377386,46.20180358886719
154.85,82.4048511714339,46.194503784179695
154.86,82.26593401227197,46.18720397949218
154.87,82.07138302141524,46.17990417480469
154.88,82.0091210609527,46.1726043701172
154.89,82.10011446843825,46.1653045654297
154.9,81.97371707258723,46.15800476074219
154.91,82.02114389949021,46.16250457763672
154.92,82.0900649361777,46.16700439453124
154.93,82.12573107180555,46.171504211425784
154.94,82.10722445359612,46.17600402832031
154.95,82.08179647113506,46.18050384521484
154.96,81.84673274155593,46.18500366210938
154.97,81.87167654659689,46.1895034790039
154.98,81.74518674831793,46.19400329589843
154.99,82.06139928522764,46.19850311279297
155.0,82.06837310674499,46.2030029296875
155.01,82.01353829538745,46.23070220947263
155.02,82.06159139762859,46.25840148925784
155.03,82.10170297895554,46.286100769042974
155.04,82.26427979720988,46.31380004882811
155.05,82.21252025739406,46.341499328613324
155.06,82.14216392884387,46.369198608398456
155.07,82.17783496832024,46.39689788818359
155.08,82.17979591505295,46.4245971679688
155.09,82.15139651900664,46.45229644775393
155.1,81.88787926470607,46.47999572753906
155.11,82.10254848275547,46.54729614257826
155.12,81.91149217643044,46.61459655761726
155.13,81.88174468907644,46.68189697265627
155.14,81.60236961435197,46.749197387695276
155.15,81.82224034461507,46.81649780273447
155.16,81.85099210779978,46.883798217773474
155.17,81.8359313349037,46.95109863281248
155.18,81.64657176355801,47.01839904785168
155.19,81.45562595975387,47.08569946289068
155.2,81.46433497596453,47.15299987792969
155.21,81.58706355448625,47.08479919433582
155.22,81.59143109554822,47.01659851074215
155.23,81.71072799453484,46.948397827148476
155.24,81.60941969800551,46.88019714355461
155.25,81.62410196102658,46.81199645996094
155.26,81.66724952620676,46.743795776367264
155.27,81.79911342017476,46.6755950927734
155.28,81.78211398730987,46.607394409179726
155.29,81.9443294390042,46.53919372558605
155.3,81.91021260318739,46.47099304199219
155.31,81.9404899798858,46.52529525756831
155.32,81.97805014435119,46.57959747314444
155.33,81.8947241645304,46.63389968872072
155.34,82.03925023583027,46.68820190429685
155.35,81.95748026539779,46.74250411987297
155.36,81.98158325290224,46.79680633544925
155.37,81.96594726719563,46.851108551025376
155.38,81.89852416698169,46.9054107666015
155.39,82.05804375822461,46.95971298217763
155.4,82.03437772021721,47.014015197753906
155.41,82.01035019250222,47.04811401367185
155.42,81.86298415932599,47.082212829589785
155.43,81.76772434805851,47.11631164550782
155.44,81.98592293606802,47.150410461425764
155.45,81.995518009283,47.1845092773437
155.46,82.02010675089306,47.218608093261736
155.47,81.9542932522781,47.25270690917968
155.48,82.04425736335646,47.286805725097615
155.49,82.00113833449954,47.32090454101565
155.5,81.99897467852729,47.355003356933594
155.51,82.11863309734626,47.30850372314457
155.52,82.01760993857273,47.262004089355415
155.53,82.00817361166978,47.215504455566396
155.54,82.05215894700004,47.16900482177737
155.55,81.79502802682632,47.12250518798822
155.56,81.83930789783656,47.07600555419919
155.57,81.82345528600638,47.029505920410166
155.58,81.91545891699866,46.98300628662101
155.59,81.85177236407701,46.936506652831994
155.6,81.70389718103691,46.89000701904297
155.61,81.68468424879583,46.888007354736324
155.62,81.64774707454124,46.886007690429686
155.63,81.69695802870203,46.88400802612305
155.64,81.67907477906668,46.88200836181641
155.65,81.77958883908944,46.880008697509766
155.66,81.62153454482345,46.87800903320312
155.67,81.53734313893418,46.87600936889648
155.68,81.4017871372026,46.87400970458984
155.69,81.57804150701689,46.8720100402832
155.7,81.58807242054766,46.87001037597656
155.71,81.4372715549665,46.83491058349603
155.72,81.5628398771618,46.7998107910156
155.73,81.64461080427078,46.76471099853518
155.74,81.60054328365013,46.72961120605465
155.75,81.68674152856421,46.69451141357422
155.76,81.74340995070192,46.65941162109379
155.77,81.64859023763161,46.62431182861326
155.78,81.7599579221948,46.589212036132835
155.79,81.70607610739623,46.554112243652405
155.8,81.85424106827118,46.519012451171875
155.81,81.94283203924847,46.6087112426757
155.82,81.98850887858278,46.69841003417953
155.83,82.00144560156771,46.78810882568362
155.84,82.06134805529203,46.87780761718745
155.85,82.06458838020018,46.96750640869128
155.86,81.79714423375187,47.05720520019536
155.87,81.91147938064854,47.14690399169919
155.88,81.91792218056005,47.236602783203026
155.89,81.96250409393022,47.326301574706854
155.9,81.97467712352591,47.41600036621094
155.91,81.91643781826795,47.40500106811525
155.92,81.97147697559318,47.39400177001955
155.93,82.07536644015389,47.383002471923824
155.94,81.92803155728963,47.37200317382813
155.95,81.90308556309641,47.361003875732436
155.96,81.92653430645066,47.35000457763671
155.97,81.83165957100375,47.33900527954102
155.98,81.8219973574192,47.32800598144532
155.99,81.72935603692727,47.3170066833496
156.0,81.76058433650275,47.306007385253906
156.01,81.91637383743699,47.291406250000016
156.02,81.91611151900221,47.276805114746075
156.03,81.82870521268941,47.262203979492185
156.04,81.93991406877623,47.24760284423829
156.05,81.8679091507055,47.233001708984354
156.06,81.94789381468581,47.21840057373046
156.07,81.84336881591602,47.203799438476565
156.08,81.88904351719569,47.18919830322263
156.09,81.9085491729131,47.174597167968734
156.1,82.02618248357724,47.159996032714844
156.11,82.04790715616743,47.169996643066426
156.12,81.92529300629928,47.17999725341798
156.13,81.79456770690544,47.189997863769534
156.14,81.73370182112095,47.19999847412109
156.15,81.64786205106994,47.20999908447267
156.16,81.72305485506693,47.219999694824224
156.17,81.66442590190054,47.23000030517578
156.18,81.77444915864366,47.24000091552736
156.19,81.84330486362671,47.250001525878915
156.2,81.69097755926487,47.26000213623047
156.21,81.79695243114631,47.291802215576226
156.22,81.67472406146491,47.32360229492189
156.23,81.51675841917805,47.35540237426756
156.24,81.69168038086035,47.38720245361332
156.25,81.64855191194215,47.419002532958984
156.26,81.77124013658973,47.45080261230465
156.27,81.72935603692727,47.482602691650406
156.28,81.77061368146296,47.51440277099608
156.29,81.88339505356383,47.54620285034174
156.3,81.78373777584336,47.5780029296875
156.31,81.8198232775123,47.53200302124027
156.32,81.89564536915036,47.48600311279305
156.33,81.86249806431329,47.44000320434569
156.34,81.84059970738087,47.394003295898465
156.35,81.93201789167638,47.348003387451236
156.36,81.86309928730354,47.30200347900388
156.37,81.71135422022407,47.25600357055665
156.38,81.65948787355065,47.21000366210943
156.39,81.71006343112182,47.1640037536622
156.4,81.89422518085789,47.118003845214844
156.41,81.82534805477749,47.1827041625976
156.42,81.9654608665857,47.24740447998036
156.43,81.93150599705544,47.3121047973633
156.44,81.96968492003569,47.376805114746055
156.45,82.03158617176426,47.441505432128814
156.46,82.09970453273485,47.50620574951176
156.47,82.12407826696197,47.570906066894516
156.48,82.21231514914837,47.63560638427727
156.49,82.07958051568092,47.70030670166021
156.5,81.79736161031002,47.76500701904297
156.51,81.70413999280824,47.75450668334962
156.52,81.67099313957326,47.74400634765624
156.53,81.63732926223419,47.73350601196289
156.54,81.52467923773656,47.72300567626954
156.55,81.47454394245389,47.71250534057616
156.56,81.47217030067483,47.70200500488281
156.57,81.51141000813108,47.691504669189456
156.58,81.59868504777218,47.68100433349608
156.59,81.4538905918318,47.670503997802726
156.6,81.60307205467929,47.660003662109375
156.61,81.46329497610797,47.58690261840806
156.62,81.5322366088267,47.513801574706946
156.63,81.4771600930721,47.44070053100584
156.64,81.75352772631523,47.36759948730473
156.65,81.70753300286239,47.29449844360341
156.66,81.7144342631314,47.2213973999023
156.67,81.88432898812327,47.14829635620119
156.68,81.91219594597426,47.07519531249987
156.69,81.84359904436441,47.002094268798764
156.7,82.08509483901662,46.928993225097656
156.71,82.026041631526,46.934294128417974
156.72,82.16432045485487,46.939595031738286
156.73,82.20470068659618,46.94489593505859
156.74,82.09999917391822,46.950196838378915
156.75,82.05431689834418,46.95549774169922
156.76,81.99677264377057,46.96079864501952
156.77,82.05417602213936,46.96609954833985
156.78,81.95635392436378,46.97140045166015
156.79,81.84654088082016,46.97670135498046
156.8,81.81443935690278,46.98200225830078
156.81,81.81276411132885,46.94680175781253
156.82,81.77632857529845,46.91160125732428
156.83,81.73598340136517,46.87640075683593
156.84,81.60657152972148,46.841200256347676
156.85,81.55996698522428,46.805999755859425
156.86,81.66678956597805,46.770799255371074
156.87,81.84833158976579,46.73559875488282
156.88,81.63315210311758,46.70039825439457
156.89,81.41879802717715,46.66519775390632
156.9,81.39019242923625,46.62999725341797
156.91,81.46928624482825,46.728097534179604
156.92,81.43692707074099,46.82619781494124
156.93,81.49343859556241,46.92429809570315
156.94,81.52211977102135,47.022398376464785
156.95,81.35044633324199,47.12049865722642
156.96,81.65634498716547,47.21859893798834
156.97,81.66845053957721,47.316699218749974
156.98,81.59155880318625,47.41479949951161
156.99,81.53522390952836,47.51289978027352
157.0,81.57569189713216,47.611000061035156
157.01,81.64988054109267,47.590600585937516
157.02,81.4936810944066,47.57020111083982
157.03,81.52844511366891,47.549801635742185
157.04,81.44191578379592,47.529402160644544
157.05,81.44120127843372,47.50900268554685
157.06,81.4180836232306,47.488603210449206
157.07,81.4618274991257,47.468203735351565
157.08,81.75108610783774,47.447804260253875
157.09,81.74127526255619,47.427404785156234
157.1,81.68164310007111,47.407005310058594
157.11,81.58979644660856,47.44740447998055
157.12,81.39468225117525,47.48780364990239
157.13,81.48986497022173,47.52820281982423
157.14,81.39812623260866,47.56860198974607
157.15,81.36385549044333,47.609001159668026
157.16,81.37435786959611,47.64940032958987
157.17,81.29891775926689,47.68979949951171
157.18,81.37727850667034,47.73019866943366
157.19,81.53073021299001,47.7705978393555
157.2,81.43324624118647,47.810997009277344
157.21,81.24079798317325,47.75409774780264
157.22,81.21640916493502,47.69719848632809
157.23,81.35000001786895,47.64029922485355
157.24,81.41460094887476,47.58339996337884
157.25,81.48694231345911,47.5265007019043
157.26,81.50018402421655,47.469601440429756
157.27,81.56866242667033,47.412702178955044
157.28,81.64496211224214,47.3558029174805
157.29,81.67209196388005,47.298903656005955
157.3,81.6528061183872,47.24200439453125
157.31,81.61074800872893,47.2515037536621
157.32,81.61063305833522,47.261003112792956
157.33,81.52268144665489,47.270502471923834
157.34,81.77241634453462,47.28000183105468
157.35,81.73261536424104,47.28950119018553
157.36,81.6331137810516,47.29900054931641
157.37,81.72341272501508,47.30849990844726
157.38,81.69537343856064,47.31799926757812
157.39,81.69092644508494,47.327498626708966
157.4,81.79985506795914,47.336997985839844
157.41,81.73133718892132,47.305299377441436
157.42,81.60673756507335,47.27360076904302
157.43,81.70929663054187,47.24190216064452
157.44,81.70005057952969,47.210203552246114
157.45,81.56900718940811,47.1785049438477
157.46,81.70631892240526,47.1468063354492
157.47,81.58966874034977,47.11510772705079
157.48,81.67210474095035,47.083409118652376
157.49,81.75598216488312,47.051710510253876
157.5,81.7257388987775,47.02001190185547
157.51,81.7547165903956,47.0514106750488
157.52,81.88078518248533,47.08280944824222
157.53,81.89480093138417,47.114208221435554
157.54,81.77824636965782,47.145606994628885
157.55,81.84238395343118,47.17700576782231
157.56,81.87770200602944,47.208404541015646
157.57,81.92513944404759,47.23980331420898
157.58,81.97140017281036,47.2712020874024
157.59,81.98052075210828,47.30260086059573
157.6,81.9970671001941,47.33399963378906
157.61,81.96061614200097,47.37079925537117
157.62,81.95844022125179,47.407598876953166
157.63,82.07633989480071,47.444398498535165
157.64,81.78004911685973,47.48119812011716
157.65,81.90764069120253,47.51799774169927
157.66,81.6972519463049,47.554797363281274
157.67,81.92734051674081,47.59159698486327
157.68,81.94647957540067,47.62839660644538
157.69,81.76109569690048,47.665196228027376
157.7,81.56881565446383,47.701995849609375
157.71,81.80420272604171,47.62619552612292
157.72,81.70109848192973,47.55039520263668
157.73,81.60397884575414,47.47459487915043
157.74,81.6517329747777,47.398794555663976
157.75,81.80687531437817,47.322994232177734
157.76,81.70640838065742,47.24719390869149
157.77,81.60907484987366,47.17139358520504
157.78,81.82519458622374,47.09559326171879
157.79,81.8453001868245,47.01979293823255
157.8,81.71751436408748,46.943992614746094
157.81,81.6334075837873,46.9177932739258
157.82,81.56166517745497,46.89159393310551
157.83,81.59410020596694,46.86539459228515
157.84,81.58139997554566,46.83919525146486
157.85,81.62514937624829,46.81299591064457
157.86,81.41449889360676,46.786796569824205
157.87,81.48547462350017,46.76059722900391
157.88,81.59693538542233,46.73439788818362
157.89,81.81022570209349,46.70819854736333
157.9,81.88643355610121,46.68199920654297
157.91,82.03871239490262,46.69549865722655
157.92,82.03179105443928,46.70899810791013
157.93,81.9274300959068,46.72249755859375
157.94,81.99830894397094,46.735997009277334
157.95,82.05981116465969,46.749496459960916
157.96,81.90009793118627,46.76299591064454
157.97,81.81874903692625,46.776495361328124
157.98,81.89000307217242,46.789994812011706
157.99,82.00293073384603,46.803494262695324
158.0,81.93814795399354,46.816993713378906
158.01,81.92291280757112,46.78389434814456
158.02,81.81287920398752,46.75079498291012
158.03,81.77691669651132,46.71769561767577
158.04,81.66009473595425,46.68459625244142
158.05,81.77086937714323,46.65149688720698
158.06,81.87111366999059,46.61839752197264
158.07,82.12017053871263,46.58529815673829
158.08,81.82451676849958,46.55219879150385
158.09,81.92378298374153,46.519099426269506
158.1,81.91894588652818,46.486000061035156
158.11,81.9068217824289,46.5450019836427
158.12,82.01485708698803,46.604003906250064
158.13,81.94615961284089,46.663005828857436
158.14,82.09202483544237,46.72200775146481
158.15,81.9718097880678,46.78100967407235
158.16,81.99946117856598,46.84001159667972
158.17,81.89578610920132,46.899013519287095
158.18,81.90249698836851,46.95801544189463
158.19,81.99875703424038,47.017017364502
158.2,82.15093519740229,47.076019287109375
158.21,82.13416832039822,47.10561752319341
158.22,82.0803874786549,47.13521575927736
158.23,82.12259203804894,47.164813995361314
158.24,82.24208415365285,47.19441223144535
158.25,82.12988877962094,47.2240104675293
158.26,81.92847945549826,47.253608703613246
158.27,81.98670383520259,47.28320693969728
158.28,81.98462998010365,47.312805175781236
158.29,81.94537890681653,47.342403411865185
158.3,82.07662168538114,47.37200164794922
158.31,82.11246426130856,47.34170150756839
158.32,82.31472800342509,47.31140136718755
158.33,82.25701555625415,47.28110122680663
158.34,82.09210169471379,47.250801086425795
158.35,82.05888903718845,47.220500946044965
158.36,82.18712724340618,47.19020080566405
158.37,82.25443820531656,47.15990066528321
158.38,82.2761033120934,47.12960052490238
158.39,82.19854143678457,47.09930038452154
158.4,82.20657222214707,47.069000244140625
158.41,82.06419134090278,47.12109985351558
158.42,82.02602882680007,47.17319946289054
158.43,82.03355817813144,47.22529907226564
158.44,82.23174387869501,47.2773986816406
158.45,82.08941164162192,47.329498291015554
158.46,81.91613711129061,47.38159790039065
158.47,81.77832308189993,47.43369750976561
158.48,81.89677129294418,47.485797119140564
158.49,81.7270809371611,47.53789672851567
158.5,81.8951463826714,47.589996337890625
158.51,81.77323458113769,47.545496368408244
158.52,81.67104424751665,47.50099639892573
158.53,81.81381273632144,47.45649642944335
158.54,81.85324334914024,47.41199645996096
158.55,81.87642269673972,47.36749649047845
158.56,81.90669382830282,47.32299652099607
158.57,81.77675048812809,47.27849655151368
158.58,82.07849176239935,47.233996582031175
158.59,81.96511526702935,47.18949661254879
158.6,82.21069993065451,47.144996643066406
158.61,82.10110088041871,47.11659774780268
158.62,82.21866721114665,47.08819885253903
158.63,82.23944292977639,47.05979995727538
158.64,82.38254674329905,47.03140106201173
158.65,82.12432170228986,47.003002166748004
158.66,82.18147491418047,46.97460327148436
158.67,82.29895767068368,46.94620437622071
158.68,82.362830754971,46.917805480956986
158.69,82.38599230889531,46.88940658569334
158.7,82.2096744033383,46.86100769042969
158.71,82.23540424712284,46.84710693359373
158.72,82.21675067201991,46.833206176757805
158.73,82.21243052250509,46.81930541992188
158.74,82.24109689510422,46.80540466308592
158.75,82.19502929203442,46.79150390625
158.76,82.03517165551662,46.77760314941408
158.77,81.99695187805236,46.76370239257812
158.78,82.18538410073961,46.749801635742195
158.79,82.36379308179524,46.73590087890627
158.8,82.346029437336,46.72200012207031
158.81,82.30730761537276,46.79509963989251
158.82,82.24960417837093,46.86819915771472
158.83,82.34604226701457,46.94129867553713
158.84,82.35208515671569,47.014398193359334
158.85,82.49567855517513,47.087497711181534
158.86,82.36724467358047,47.16059722900395
158.87,82.43623391788857,47.23369674682615
158.88,82.67139645454186,47.306796264648355
158.89,82.56182465075294,47.379895782470555
158.9,82.7408730215366,47.45299530029297
158.91,82.79384704708438,47.41319656372074
158.92,82.60061913827455,47.37339782714851
158.93,82.63234758365738,47.33359909057616
158.94,82.5089762861203,47.29380035400393
158.95,82.3560946246139,47.2540016174317
158.96,82.47707893901911,47.214202880859354
158.97,82.47996793797039,47.174404144287124
158.98,82.3746164352557,47.134605407714886
158.99,82.39910794308753,47.09480667114254
159.0,82.63144794868272,47.05500793457031
159.01,82.58381927985432,47.031107330322286
159.02,82.41310380691864,47.007206726074195
159.03,82.41769234559247,46.98330612182617
159.04,82.1508198672036,46.95940551757814
159.05,82.30398554363161,46.93550491333004
159.06,82.43005316388927,46.911604309082016
159.07,82.24763599065017,46.88770370483399
159.08,82.49465125192557,46.8638031005859
159.09,82.38632596179501,46.83990249633787
159.1,82.3533425161963,46.816001892089844
159.11,82.32433588609987,46.791100311279244
159.12,82.30572994359966,46.76619873046872
159.13,82.26579295452501,46.741297149658195
159.14,82.33824842412275,46.71639556884767
159.15,82.27433357792556,46.691493988037074
159.16,82.11858184954858,46.666592407226545
159.17,82.04348899626683,46.641690826416024
159.18,82.01517718363583,46.616789245605425
159.19,81.87652504111512,46.5918876647949
159.2,82.05637882754392,46.566986083984375
159.21,81.88950410288291,46.569486999511724
159.22,81.90109593583357,46.57198791503907
159.23,81.91147938064854,46.5744888305664
159.24,81.95584195372508,46.57698974609375
159.25,81.90304717772361,46.579490661621094
159.26,81.84813972715607,46.581991577148436
159.27,81.75787415309189,46.584492492675786
159.28,81.8883142591733,46.58699340820312
159.29,82.04088938095992,46.58949432373046
159.3,82.05019952368345,46.59199523925781
159.31,82.0025722524096,46.6359954833984
159.32,82.02601602207514,46.67999572753899
159.33,81.89048924883976,46.7239959716797
159.34,81.90770466862287,46.76799621582029
159.35,81.97465152209459,46.81199645996087
159.36,82.03649062103908,46.855996704101585
159.37,82.02156644339124,46.899996948242176
159.38,82.14298401325233,46.94399719238276
159.39,82.03966002057753,46.98799743652335
159.4,82.08244973538818,47.03199768066406
159.41,82.30730761537276,47.00949783325197
159.42,82.30198463701987,46.986997985839885
159.43,82.23739152301957,46.96449813842773
159.44,82.05740339827162,46.941998291015636
159.45,81.89263867876873,46.919498443603544
159.46,81.75928037472649,46.896998596191395
159.47,81.8752457410203,46.8744987487793
159.48,81.82873079132041,46.85199890136721
159.49,81.7258155863883,46.82949905395506
159.5,81.53977517740714,46.80699920654297
159.51,81.62576250047195,46.78710021972658
159.52,81.52894298174223,46.76720123291013
159.53,81.59417683179107,46.747302246093746
159.54,81.58786809274037,46.72740325927735
159.55,81.58832783066657,46.70750427246091
159.56,81.84925253342274,46.68760528564452
159.57,81.84390601613264,46.66770629882813
159.58,81.85193864868239,46.647807312011686
159.59,81.78048382483212,46.62790832519529
159.6,81.95809463649671,46.608009338378906
159.61,82.09952518618643,46.589007568359335
159.62,82.03121482256792,46.57000579833982
159.63,81.9946602544945,46.55100402832031
159.64,82.17646360117415,46.53200225830079
159.65,82.19033800405818,46.51300048828122
159.66,82.26612636393999,46.49399871826171
159.67,82.26079830861026,46.47499694824219
159.68,82.245828097058,46.45599517822262
159.69,82.37768328905567,46.43699340820311
159.7,82.41824426267368,46.417991638183594
159.71,82.40698167228551,46.41389236450195
159.72,82.56561440517383,46.40979309082031
159.73,82.72598778078915,46.405693817138676
159.74,82.51961010737432,46.40159454345703
159.75,82.51996971717185,46.39749526977539
159.76,82.44894915992967,46.39339599609375
159.77,82.43253698882515,46.389296722412105
159.78,82.28590772497218,46.38519744873047
159.79,82.36271527612989,46.381098175048834
159.8,82.47124331818829,46.37699890136719
159.81,82.43726085734025,46.36639785766602
159.82,82.50087937603394,46.355796813964865
159.83,82.25807984727648,46.34519577026367
159.84,82.4451428305715,46.33459472656251
159.85,82.53896592877136,46.32399368286134
159.86,82.53676949981617,46.31339263916015
159.87,82.39986513975124,46.302791595458984
159.88,82.34873652165713,46.29219055175783
159.89,82.3145997310808,46.28158950805666
159.9,82.39347399580616,46.27098846435547
159.91,82.40069292380642,46.30279006958005
159.92,82.52475388363054,46.334591674804635
159.93,82.5559796068374,46.36639328002931
159.94,82.4490518615066,46.398194885253886
159.95,82.62725186153767,46.42999649047847
159.96,82.5887787551827,46.461798095703145
159.97,82.57857088084656,46.493599700927724
159.98,82.34525965845073,46.52540130615231
159.99,82.43148440612838,46.55720291137698
160.0,82.37470625861404,46.58900451660156
160.01,82.26443367697917,46.602903747558585
160.02,82.40623727729144,46.61680297851564
160.03,82.58929269896515,46.63070220947266
160.04,82.56960337351472,46.64460144042968
160.05,82.46433585021416,46.65850067138674
160.06,82.6594031750084,46.672399902343756
160.07,82.4690349512436,46.68629913330078
160.08,82.42434114408552,46.70019836425784
160.09,82.63801539661063,46.71409759521485
160.1,82.28114972110154,46.727996826171875
160.11,82.11367494698976,46.7077972412109
160.12,82.3075641487976,46.68759765624998
160.13,82.25577175498934,46.66739807128906
160.14,82.37904350190287,46.647198486328136
160.15,82.39632302935546,46.62699890136716
160.16,82.22130810138549,46.60679931640624
160.17,82.25634877502532,46.58659973144532
160.18,82.4453225542244,46.56640014648434
160.19,82.50661330778283,46.54620056152342
160.2,82.40270786402986,46.5260009765625
160.21,82.13446302341724,46.53990097045901
160.22,82.08290445736566,46.553800964355474
160.23,82.13819170292821,46.56770095825195
160.24,81.92009756338808,46.581600952148456
160.25,82.01635514467873,46.59550094604492
160.26,82.1066735788793,46.60940093994139
160.27,81.90839562635469,46.623300933837896
160.28,81.81054539916329,46.63720092773437
160.29,81.61032652434777,46.651100921630835
160.3,81.79053996284962,46.665000915527344
160.31,81.7415564773645,46.689301300048804
160.32,81.62108748642822,46.71360168457027
160.33,81.87046764625327,46.7379020690918
160.34,81.72797563553843,46.76220245361327
160.35,81.91270778026872,46.78650283813473
160.36,81.70713682824808,46.81080322265626
160.37,81.67147866568105,46.83510360717773
160.38,81.67106980149434,46.85940399169919
160.39,81.66018416889798,46.883704376220656
160.4,81.86715440215517,46.90800476074219
160.41,81.83562437809117,46.880104827880885
160.42,81.84034390270116,46.852204895019575
160.43,81.95009519302522,46.824304962158195
160.44,81.79190810605787,46.79640502929689
160.45,81.85300031591396,46.76850509643559
160.46,81.87454213022828,46.7406051635742
160.47,81.78602645004582,46.7127052307129
160.48,81.934103878792,46.6848052978516
160.49,81.94279364456284,46.65690536499021
160.5,81.99528756725728,46.629005432128906
160.51,81.89190940473824,46.646205139160145
160.52,81.93621548788651,46.663404846191426
160.53,81.94809859281892,46.68060455322266
160.54,82.22576950745182,46.697804260253896
160.55,82.1901841936044,46.71500396728518
160.56,82.33853066394659,46.732203674316416
160.57,82.35424063598776,46.749403381347655
160.58,82.21362271859826,46.766603088378936
160.59,82.19359369242669,46.78380279541017
160.6,82.22533361761604,46.801002502441406
160.61,82.34960895641672,46.78960266113279
160.62,82.39053517947649,46.77820281982421
160.63,82.33333496288581,46.76680297851562
160.64,82.37224254996443,46.75540313720704
160.65,82.28730565521981,46.74400329589842
160.66,82.22593617151787,46.732603454589835
160.67,82.34868520210931,46.721203613281254
160.68,82.36371609544241,46.70980377197264
160.69,82.5416633376465,46.69840393066405
160.7,82.68497831657962,46.68700408935547
160.71,82.4347705402218,46.65160446166986
160.72,82.3254070238653,46.616204833984355
160.73,82.37878685710992,46.58080520629885
160.74,82.43718383665949,46.54540557861324
160.75,82.59116860734159,46.510005950927734
160.76,82.47345171470053,46.47460632324223
160.77,82.57528188178485,46.43920669555662
160.78,82.31341963020276,46.403807067871114
160.79,82.6219571007956,46.36840744018561
160.8,82.52614099754003,46.3330078125
160.81,82.53734750460254,46.31600723266603
160.82,82.69096291593726,46.29900665283206
160.83,82.80545767727065,46.282006072998044
160.84,83.03046562990018,46.265005493164075
160.85,82.75304583509681,46.2480049133301
160.86,82.67072799591895,46.23100433349608
160.87,82.8336996724749,46.21400375366211
160.88,82.8157953607073,46.19700317382814
160.89,82.79589894740849,46.180002593994175
160.9,82.7848807220517,46.163002014160156
160.91,82.81390403697934,46.20160293579098
160.92,82.77462214647021,46.24020385742181
160.93,82.81485612921772,46.27880477905275
160.94,82.92279321008809,46.31740570068357
160.95,82.7326232833062,46.356006622314396
160.96,82.60090182741875,46.394607543945334
160.97,82.64370268048219,46.43320846557616
160.98,82.66364507154512,46.47180938720699
160.99,82.58574651941612,46.510410308837926
161.0,82.57010441050795,46.54901123046875
161.01,82.54321757896513,46.524610900878926
161.02,82.38573565327837,46.50021057128903
161.03,82.46211473703555,46.475810241699214
161.04,82.59971967603393,46.45140991210939
161.05,82.75002344638939,46.427009582519496
161.06,82.68810236755388,46.40260925292967
161.07,82.74856371944085,46.37820892333985
161.08,82.64988501512032,46.35380859374996
161.09,82.80055602547111,46.329408264160136
161.1,82.49038159405505,46.30500793457031
161.11,82.59722048438152,46.268507385253834
161.12,82.75711007032581,46.23200683593746
161.13,82.76045413617544,46.19550628662108
161.14,82.65372820454874,46.15900573730471
161.15,82.80200978108121,46.12250518798823
161.16,82.95695285037654,46.08600463867185
161.17,82.86238405700195,46.04950408935548
161.18,82.86769938605914,46.013003540039
161.19,82.91259046152365,45.97650299072262
161.2,82.75156678691829,45.94000244140625
161.21,82.84200592151147,45.94670181274415
161.22,82.98981866710864,45.95340118408203
161.23,82.87918648177136,45.96010055541992
161.24,82.69354709677877,45.96679992675782
161.25,82.95157027574822,45.9734992980957
161.26,82.96424793144159,45.980198669433584
161.27,82.97977277997543,45.986898040771486
161.28,82.9337691074915,45.993597412109374
161.29,82.93805666517073,46.000296783447254
161.3,82.8334551880274,46.006996154785156
161.31,82.81632287661932,46.037497711181615
161.32,82.92570287942628,46.067999267578074
161.33,82.95821481898041,46.09850082397462
161.34,82.96507210935178,46.12900238037108
161.35,82.9597214675372,46.159503936767535
161.36,82.87612317767875,46.19000549316408
161.37,82.80373372020291,46.22050704956054
161.38,82.89218040871285,46.251008605957
161.39,83.08632232072861,46.281510162353456
161.4,82.89161403492751,46.31201171875
161.41,82.94476504832765,46.33980941772459
161.42,82.88853762930238,46.36760711669917
161.43,82.7668659255788,46.395404815673835
161.44,82.90097875634063,46.42320251464842
161.45,83.0869924574472,46.451000213623004
161.46,83.01466552467181,46.47879791259767
161.47,82.95866552437944,46.50659561157226
161.48,82.86888345352143,46.53439331054685
161.49,82.8878940370202,46.562191009521506
161.5,82.88002310827733,46.589988708496094
161.51,82.79186592343859,46.56399002075197
161.52,82.71614432571798,46.53799133300778
161.53,82.83864090916832,46.51199264526367
161.54,82.84658708438516,46.48599395751955
161.55,82.76834511047387,46.459995269775355
161.56,82.75453775795441,46.433996582031234
161.57,82.86374826563117,46.407997894287114
161.58,82.80977407860489,46.38199920654292
161.59,82.85973289121802,46.35600051879881
161.6,82.90505949575723,46.33000183105469
161.61,82.62862055635895,46.34120101928713
161.62,82.74001137697968,46.352400207519544
161.63,82.9597214675372,46.363599395751955
161.64,82.78796806754035,46.37479858398437
161.65,82.62355065171654,46.38599777221681
161.66,82.57039989457553,46.39719696044922
161.67,82.64193542630052,46.40839614868164
161.68,82.58210405827933,46.41959533691408
161.69,82.6511574993844,46.430794525146496
161.7,82.56236420369942,46.441993713378906
161.71,82.72039410458092,46.423993682861294
161.72,82.84860746893433,46.40599365234374
161.73,82.75653129655669,46.38799362182618
161.74,82.82996810702281,46.36999359130857
161.75,82.68232999037006,46.351993560791016
161.76,82.7277237877212,46.33399353027346
161.77,82.57909764068765,46.31599349975585
161.78,82.65601616576832,46.29799346923829
161.79,82.61146446849814,46.27999343872074
161.8,82.53000699690067,46.261993408203125
161.81,82.60243092708362,46.27439422607421
161.82,82.56170903249378,46.28679504394529
161.83,82.546647237611,46.29919586181641
161.84,82.55926822147268,46.31159667968749
161.85,82.46502915178279,46.32399749755858
161.86,82.6240390010428,46.3363983154297
161.87,82.7104224019342,46.34879913330078
161.88,82.67197493053143,46.36119995117186
161.89,82.78569114467005,46.373600769042945
161.9,82.661292733659,46.38600158691406
161.91,82.84994582640398,46.39290161132812
161.92,82.91077527438765,46.39980163574218
161.93,82.8184458234948,46.40670166015625
161.94,82.82576054611236,46.41360168457031
161.95,82.74316218857027,46.42050170898437
161.96,82.67410245135669,46.42740173339844
161.97,82.5648050604851,46.4343017578125
161.98,82.57052836607417,46.44120178222656
161.99,82.5029982759753,46.44810180664063
162.0,82.39210083056105,46.45500183105469
162.01,82.4804558627875,46.49960174560543
162.02,82.5532434266124,46.544201660156304
162.03,82.72783952216432,46.58880157470704
162.04,82.76168888525997,46.633401489257785
162.05,82.88521028686404,46.67800140380866
162.06,82.79331960275958,46.7226013183594
162.07,82.85215928748045,46.767201232910146
162.08,82.93316396563299,46.81180114746101
162.09,82.9654713219987,46.856401062011756
162.1,82.93712961628174,46.9010009765625
162.11,83.03474280313682,46.908602142334
162.12,83.20592003332582,46.91620330810548
162.13,83.12420216720317,46.923804473876956
162.14,83.09669685553632,46.93140563964843
162.15,83.29234248662942,46.939006805419936
162.16,83.20018764478756,46.94660797119141
162.17,83.44979050342282,46.95420913696289
162.18,83.38800188215788,46.961810302734385
162.19,83.48746890170422,46.96941146850587
162.2,83.4436493578778,46.977012634277344
162.21,83.38055909375726,46.89460983276353
162.22,83.29309087311191,46.812207031249955
162.23,83.22493699223551,46.729804229736374
162.24,83.24137625651409,46.647401428222565
162.25,83.1870406478219,46.564998626708984
162.26,83.45303229427152,46.4825958251954
162.27,83.33959419438283,46.400193023681595
162.28,83.36850803068475,46.317790222168014
162.29,83.3333344917664,46.23538742065444
162.3,83.33311508377437,46.152984619140625
162.31,83.20363092474719,46.23218612670892
162.32,83.12268113575675,46.31138763427721
162.33,83.06307541013386,46.39058914184572
162.34,82.95889731620424,46.469790649414016
162.35,83.02651063099353,46.54899215698231
162.36,82.92756972955681,46.62819366455083
162.37,82.92653974067935,46.70739517211912
162.38,82.78127889174117,46.78659667968741
162.39,82.84170995186167,46.8657981872557
162.4,82.80536761936763,46.94499969482422
162.41,82.79813741609719,46.94709930419922
162.42,82.70029701332652,46.949198913574214
162.43,82.74804928033357,46.951298522949216
162.44,82.74048720998627,46.95339813232422
162.45,82.7751495312346,46.95549774169922
162.46,82.64529644109463,46.95759735107422
162.47,82.59227360443789,46.95969696044922
162.48,82.59331436427671,46.961796569824216
162.49,82.9075955263741,46.96389617919922
162.5,82.80956179653333,46.96599578857422
162.51,82.7379022958017,46.91609573364262
162.52,82.94703771676913,46.86619567871088
162.53,82.85097533950578,46.81629562377928
162.54,82.8049687921001,46.766395568847685
162.55,82.81557663509015,46.716495513915945
162.56,82.6945756377007,46.66659545898435
162.57,82.78479067533895,46.61669540405275
162.58,82.99048841453751,46.56679534912101
162.59,82.94284650030202,46.51689529418941
162.6,82.91884077642972,46.46699523925781
162.61,82.91368473287199,46.43969573974604
162.62,82.64599050293887,46.412396240234344
162.63,82.79844617277377,46.38509674072265
162.64,82.82339947202043,46.35779724121095
162.65,82.94227995345084,46.33049774169918
162.66,82.91566731347233,46.303198242187484
162.67,82.92319232100304,46.275898742675786
162.68,82.67929603771336,46.248599243164016
162.69,82.63202628488996,46.221299743652324
162.7,82.6951670516272,46.194000244140625
162.71,82.69871557959749,46.207901000976584
162.72,82.55743121381623,46.22180175781251
162.73,82.63864516560376,46.23570251464843
162.74,82.68785809806694,46.24960327148439
162.75,82.81346659102913,46.26350402832031
162.76,82.73806947808485,46.277404785156236
162.77,82.61382251982597,46.291305541992195
162.78,82.57158183613294,46.30520629882812
162.79,82.67658352547886,46.31910705566404
162.8,82.51119803031183,46.3330078125
162.81,82.44515566796878,46.40290679931635
162.82,82.5289666360082,46.472805786132696
162.83,82.61154157055068,46.542704772949236
162.84,82.60554056837813,46.612603759765584
162.85,82.80729744229414,46.68250274658193
162.86,82.6037672946828,46.75240173339848
162.87,82.6937399477144,46.82230072021483
162.88,82.88986343727879,46.89219970703117
162.89,82.69993701082318,46.962098693847516
162.9,82.7275823346229,47.03199768066406
162.91,82.78814816447085,47.03629837036132
162.92,82.6773805623721,47.04059906005859
162.93,83.0023446766203,47.044899749755864
162.94,82.99510587868188,47.049200439453124
162.95,82.89031395696598,47.05350112915038
162.96,83.05205230555087,47.05780181884766
162.97,82.96059713281396,47.06210250854492
162.98,82.89233487462647,47.066403198242185
162.99,82.72041982219969,47.07070388793946
163.0,82.68680388652513,47.07500457763672
163.01,82.91997371195195,47.080204772949216
163.02,83.04950118214727,47.08540496826173
163.03,83.01898093691706,47.09060516357422
163.04,82.98953531324075,47.095805358886714
163.05,83.06822321069376,47.101005554199226
163.06,83.14533046979184,47.10620574951172
163.07,83.07241115331375,47.11140594482422
163.08,83.08143169596916,47.116606140136724
163.09,83.0318054554502,47.12180633544922
163.1,82.91483050708129,47.12700653076172
163.11,83.04979752275348,47.08660659790031
163.12,83.04666664654218,47.046206665039016
163.13,82.99949806539419,47.005806732177724
163.14,82.94009104061483,46.965406799316426
163.15,83.06620659563383,46.92500686645502
163.16,83.09391306584975,46.88460693359373
163.17,82.99823578282574,46.84420700073243
163.18,83.00318192450604,46.80380706787103
163.19,83.07897032789067,46.76340713500973
163.2,83.00804448335839,46.72300720214844
163.21,83.10905048210671,46.69990615844723
163.22,83.1656814091245,46.67680511474608
163.23,83.23436567104861,46.653704071044935
163.24,83.1664421197934,46.630603027343724
163.25,83.1312467839585,46.60750198364258
163.26,83.3333344917664,46.58440093994143
163.27,83.4059033781284,46.56129989624022
163.28,83.35017168730181,46.538198852539075
163.29,83.36928257755102,46.51509780883793
163.3,83.45039752719678,46.49199676513672
163.31,83.35748403701622,46.48889770507813
163.32,83.43140002685426,46.485798645019536
163.33,83.3241518716477,46.48269958496093
163.34,83.38638161326493,46.479600524902345
163.35,83.37948756575265,46.47650146484376
163.36,83.34119465093313,46.473402404785155
163.37,83.4276421089211,46.47030334472657
163.38,83.3315017985854,46.46720428466797
163.39,83.26541571900634,46.46410522460938
163.4,83.13911029822721,46.46100616455078
163.41,83.18192140075872,46.57360534667959
163.42,83.07542653736684,46.6862045288084
163.43,83.01894229093655,46.798803710937534
163.44,82.998673716507,46.911402893066345
163.45,82.84156840134648,47.02400207519515
163.46,82.77132924544836,47.13660125732428
163.47,82.56833151720527,47.24920043945309
163.48,82.36947734024368,47.3617996215819
163.49,82.3981325762411,47.47439880371103
163.5,82.35882753572066,47.586997985839844
163.51,82.31471517618617,47.63199768066402
163.52,82.27242279936036,47.676997375488334
163.53,82.1624237695897,47.72199707031251
163.54,82.17427200079928,47.766996765136696
163.55,82.27329482977858,47.811996459961
163.56,82.10128022868818,47.85699615478518
163.57,82.34198813832856,47.901995849609364
163.58,82.2404173569489,47.94699554443367
163.59,82.1291968882888,47.991995239257854
163.6,82.38236708808212,48.03699493408203
163.61,82.27779611910752,47.980696105956916
163.62,82.49062557168365,47.924397277831964
163.63,82.47102504804559,47.86809844970701
163.64,82.45722967988783,47.81179962158206
163.65,82.43237011551034,47.75550079345695
163.66,82.5579707524067,47.699201965332
163.67,82.52272460835789,47.64290313720705
163.68,82.48946989137299,47.586604309081935
163.69,82.31275262040491,47.53030548095698
163.7,82.43076557302659,47.47400665283203
163.71,82.53800257914038,47.47680587768555
163.72,82.49388077868609,47.47960510253906
163.73,82.4359771840251,47.48240432739258
163.74,82.31457407662394,47.4852035522461
163.75,82.294699490243,47.48800277709961
163.76,82.12682013835057,47.49080200195312
163.77,82.02178411794684,47.49360122680664
163.78,81.89414841427396,47.49640045166016
163.79,81.7569920747841,47.49919967651367
163.8,81.96291368696001,47.50199890136719
163.81,82.18007788317374,47.53379898071287
163.82,82.142561156718,47.56559906005854
163.83,81.97545796910173,47.5973991394043
163.84,82.08837406149402,47.62919921874998
163.85,82.12105457401516,47.66099929809566
163.86,82.05209491318853,47.692799377441425
163.87,82.20352778576793,47.724599456787104
163.88,82.41156362585441,47.756399536132776
163.89,82.30038136401832,47.788199615478455
163.9,82.13665409287557,47.81999969482422
163.91,82.37179344037881,47.8218994140625
163.92,82.31926890880509,47.82379913330078
163.93,82.44708770493422,47.82569885253906
163.94,82.35348364898208,47.827598571777344
163.95,82.32196272542102,47.829498291015625
163.96,82.26440803034096,47.831398010253906
163.97,82.07423928935376,47.83329772949219
163.98,81.92490910093991,47.83519744873047
163.99,81.8709025944722,47.83709716796875
164.0,82.01572775133123,47.83899688720703
164.01,82.00913386435886,47.84389724731445
164.02,81.98235133005295,47.84879760742188
164.03,82.02834649847509,47.8536979675293
164.04,82.10897957838914,47.85859832763671
164.05,82.06634304924192,47.86349868774415
164.06,82.21645582141139,47.86839904785157
164.07,82.23310288614393,47.87329940795898
164.08,82.23725048974502,47.878199768066416
164.09,82.16314143171006,47.88310012817383
164.1,82.01115681508732,47.88800048828125
164.11,81.84959788862986,47.86080093383784
164.12,82.00120234842461,47.8336013793945
164.13,82.00999169484881,47.806401824951166
164.14,81.96745767828851,47.77920227050783
164.15,81.79872981057107,47.75200271606442
164.16,81.79194646537816,47.724803161621075
164.17,81.91036615144884,47.69760360717774
164.18,81.76409997153175,47.67040405273433
164.19,81.75010819504678,47.64320449829099
164.2,81.67751591735306,47.616004943847656
164.21,81.69123313040433,47.67160415649423
164.22,81.57094170224549,47.72720336914065
164.23,81.64639291262824,47.78280258178708
164.24,81.67520320729896,47.83840179443366
164.25,81.68170698916803,47.89400100708008
164.26,81.81638317478995,47.9496002197265
164.27,81.73916616691274,48.005199432373075
164.28,81.84056133665344,48.0607986450195
164.29,81.67101869354295,48.11639785766592
164.3,81.70021670994974,48.1719970703125
164.31,81.69192317447776,48.134497070312534
164.32,81.70792917843715,48.09699707031256
164.33,81.66189618040545,48.05949707031249
164.34,81.77492220706031,48.02199707031252
164.35,81.8020160953293,47.98449707031256
164.36,81.92278484087703,47.94699707031248
164.37,81.88619047360679,47.90949707031251
164.38,81.91769184759873,47.871997070312545
164.39,81.55957116852314,47.83449707031257
164.4,81.50599157284877,47.7969970703125
164.41,81.5764453009641,47.8972984313964
164.42,81.55617484534069,47.9975997924803
164.43,81.72605843072652,48.09790115356448
164.44,81.76798003922129,48.19820251464838
164.45,81.69956496850108,48.29850387573228
164.46,81.59532622347058,48.398805236816465
164.47,81.62609461038791,48.499106597900365
164.48,81.60466852121237,48.59940795898426
164.49,81.6761103990527,48.69970932006844
164.5,81.7803176128239,48.800010681152344
164.51,82.0378416085672,48.814408874511706
164.52,81.8823587762451,48.82880706787111
164.53,81.84747460518338,48.84320526123047
164.54,82.05472672071855,48.857603454589835
164.55,81.97781972687282,48.87200164794924
164.56,81.97077295143082,48.8863998413086
164.57,82.06280811472335,48.900798034667964
164.58,82.00330201901694,48.91519622802737
164.59,81.77911577717528,48.92959442138673
164.6,81.76914343905962,48.943992614746094
164.61,81.83553484912929,48.84689331054668
164.62,81.98655021540687,48.74979400634754
164.63,82.03007516993759,48.65269470214841
164.64,81.81215028518317,48.555595397949276
164.65,81.84677111373006,48.458496093749865
164.66,82.01561251607927,48.361396789550724
164.67,82.23705817183824,48.26429748535159
164.68,81.91726957134401,48.16719818115218
164.69,82.07046082892812,48.07009887695304
164.7,82.1643332703703,47.972999572753906
164.71,81.90138382020889,47.97799911499024
164.72,81.87657621332679,47.98299865722657
164.73,81.90112152577628,47.987998199462886
164.74,81.90687296410732,47.99299774169923
164.75,82.03969843795007,47.99799728393555
164.76,81.9987698368375,48.00299682617187
164.77,81.76690613902413,48.00799636840821
164.78,81.65198848452127,48.01299591064453
164.79,81.69495173570884,48.017995452880854
164.8,81.61371120237403,48.02299499511719
164.81,81.75857726239754,48.034396362304676
164.82,81.63414847999026,48.045797729492165
164.83,81.76420224568214,48.05719909667969
164.84,81.80283448001009,48.06860046386718
164.85,81.82123003180095,48.08000183105467
164.86,82.03533812630857,48.0914031982422
164.87,81.94743306482181,48.102804565429686
164.88,82.06530561491401,48.114205932617175
164.89,81.90660426047404,48.12560729980466
164.9,81.96977452234833,48.13700866699219
164.91,82.11273330240286,48.07680816650396
164.92,82.16815233849756,48.01660766601573
164.93,82.19947716683997,47.956407165527324
164.94,82.24716157693355,47.896206665039095
164.95,82.3808656914285,47.83600616455087
164.96,82.3572878619146,47.77580566406247
164.97,82.33506684502453,47.71560516357424
164.98,82.43713248955898,47.655404663086
164.99,82.28231676592179,47.595204162597604
165.0,82.41147378240325,47.535003662109375
165.01,82.36526866051133,47.53770294189453
165.02,82.41825709797662,47.54040222167969
165.03,82.37083106681804,47.54310150146485
165.04,82.42618950636205,47.54580078125
165.05,82.28258608513258,47.54850006103516
165.06,82.24901435987304,47.55119934082031
165.07,82.21467390942132,47.553898620605466
165.08,82.33130804247983,47.55659790039063
165.09,82.5644838930572,47.55929718017578
165.1,82.73678346486972,47.56199645996094
165.11,82.76797209738446,47.571696472167986
165.12,82.49436874465333,47.58139648437501
165.13,82.63554775347494,47.59109649658203
165.14,82.54872818882247,47.60079650878906
165.15,82.48507838002347,47.61049652099611
165.16,82.66377361556346,47.62019653320313
165.17,82.30243355625873,47.629896545410155
165.18,82.37344873605402,47.6395965576172
165.19,82.518402851642,47.64929656982423
165.2,82.66013585845221,47.65899658203125
165.21,82.64306003942153,47.67749633789066
165.22,82.84962410487144,47.69599609375001
165.23,82.84312546366482,47.714495849609364
165.24,82.89857799242462,47.73299560546877
165.25,82.76699454982757,47.751495361328125
165.26,82.64678739235403,47.76999511718748
165.27,82.47431197018119,47.788494873046886
165.28,82.58417902953215,47.80699462890624
165.29,82.52787490632028,47.82549438476559
165.3,82.69227428624347,47.843994140625
165.31,82.69875415097196,47.74209365844735
165.32,82.81233438334651,47.640193176269705
165.33,82.7942715766637,47.538292694091766
165.34,83.04179651196176,47.43639221191412
165.35,82.91485625490728,47.33449172973647
165.36,82.97619891181267,47.23259124755854
165.37,83.01340312677245,47.13069076538089
165.38,83.02016608468715,47.02879028320324
165.39,83.0525676887736,46.926889801025595
165.4,83.09433836403404,46.824989318847656
165.41,83.07581312902374,46.852692413330054
165.42,83.2129358720172,46.88039550781245
165.43,83.22701357741417,46.90809860229493
165.44,83.32563602799073,46.935801696777325
165.45,83.10430740472769,46.96350479125972
165.46,82.9113417136306,46.991207885742206
165.47,82.85186329969372,47.018910980224604
165.48,82.74381807934313,47.046614074707
165.49,82.51638649739867,47.07431716918948
165.5,82.49034307130457,47.102020263671875
165.51,82.4770532592553,47.12921981811521
165.52,82.54834282550812,47.156419372558624
165.53,82.472822575473,47.18361892700196
165.54,82.62774664488181,47.210818481445294
165.55,82.57965009793574,47.23801803588871
165.56,82.53828516111614,47.26521759033205
165.57,82.66431350153192,47.292417144775385
165.58,82.62597956131135,47.3196166992188
165.59,82.54306343867658,47.34681625366213
165.6,82.58708275204629,47.37401580810547
165.61,82.47913333307623,47.35541458129879
165.62,82.51018347289494,47.336813354492165
165.63,82.552575445838,47.31821212768554
165.64,82.55302504798497,47.29961090087892
165.65,82.52248058326516,47.28100967407224
165.66,82.64627326971095,47.262408447265614
165.67,82.73054001548579,47.24380722045899
165.68,82.64533500000952,47.22520599365231
165.69,82.59382832217133,47.206604766845686
165.7,82.76963136895274,47.18800354003906
165.71,82.55898560357988,47.26730346679701
165.72,82.58976809838764,47.34660339355473
165.73,82.57110648905487,47.42590332031246
165.74,82.76213905648827,47.505203247070405
165.75,82.6022510322708,47.584503173828125
165.76,82.65057909623185,47.663803100585845
165.77,82.62433458159929,47.74310302734379
165.78,82.52026511152027,47.82240295410152
165.79,82.62265106463029,47.90170288085924
165.8,82.60874021907011,47.98100280761719
165.81,82.72479187549874,47.95920181274416
165.82,82.74657027680774,47.93740081787113
165.83,82.83664638182788,47.91559982299804
165.84,82.86027341672217,47.893798828125014
165.85,82.74442253000416,47.87199783325198
165.86,82.8312548442357,47.85019683837889
165.87,82.64949941576211,47.82839584350587
165.88,82.6966455956958,47.806594848632834
165.89,82.69898557940766,47.78479385375981
165.9,82.59445792277153,47.76299285888672
165.91,82.5855666427722,47.746092987060564
165.92,82.72564058158852,47.7291931152344
165.93,82.40125761794494,47.7122932434082
165.94,82.55753398293564,47.69539337158204
165.95,82.55537584486075,47.67849349975588
165.96,82.64279656003174,47.661593627929676
165.97,82.62280527921156,47.64469375610352
165.98,82.60050349285498,47.62779388427737
165.99,82.75945090932649,47.610894012451155
166.0,82.81790543443584,47.593994140625
166.01,82.87439848515862,47.5266952514649
166.02,82.9200895807939,47.45939636230461
166.03,82.95587117064154,47.39209747314451
166.04,82.75365031946161,47.32479858398441
166.05,82.70832655578059,47.257499694824126
166.06,82.7913513497461,47.19020080566403
166.07,82.65398527726394,47.12290191650393
166.08,82.83511511584108,47.055603027343636
166.09,82.7457214633626,46.98830413818354
166.1,82.65105467200935,46.92100524902344
166.11,82.6397247751749,46.96080627441414
166.12,82.59715623823797,47.000607299804734
166.13,82.75030639107561,47.04040832519532
166.14,82.55655767888389,47.08020935058592
166.15,82.62265106463029,47.12001037597662
166.16,82.54201015055675,47.15981140136721
166.17,82.59892301356768,47.1996124267578
166.18,82.42024658201655,47.239413452148504
166.19,82.36039288551063,47.2792144775391
166.2,82.4102673179463,47.31901550292969
166.21,82.4577817293355,47.281912994384705
166.22,82.46520889710965,47.24481048583982
166.23,82.26023409596024,47.207707977294945
166.24,82.32005139385154,47.170605468749955
166.25,82.24890537462021,47.13350296020508
166.26,82.0541119875408,47.0964004516602
166.27,81.99104365389309,47.05929794311521
166.28,81.96841769257254,47.022195434570335
166.29,82.1841792923476,46.98509292602545
166.3,82.19851580041964,46.94799041748047
166.31,82.33170572742753,46.94969177246094
166.32,82.32008987681863,46.951393127441406
166.33,82.4648879234491,46.953094482421875
166.34,82.3844459675736,46.954795837402344
166.35,82.68631535174791,46.95649719238281
166.36,82.63751415361685,46.95819854736328
166.37,82.65836199885838,46.95989990234375
166.38,82.79547441365699,46.96160125732422
166.39,82.5309574557935,46.96330261230469
166.4,82.62326792381887,46.965003967285156
166.41,82.69236428262617,46.94940414428712
166.42,82.58021540493975,46.93380432128909
166.43,82.53724474804815,46.91820449829101
166.44,82.50289554080504,46.90260467529298
166.45,82.63106239233561,46.88700485229494
166.46,82.63104954047286,46.87140502929687
166.47,82.7050221160919,46.85580520629883
166.48,82.6262237393831,46.8402053833008
166.49,82.56979607987067,46.82460556030272
166.5,82.60024650332355,46.80900573730469
166.51,82.81952660690177,46.86680526733394
166.52,82.87452719293599,46.924604797363344
166.53,82.72304304031482,46.982404327392594
166.54,82.65037344226535,47.040203857421844
166.55,82.71996976444835,47.09800338745126
166.56,82.69376566118947,47.1558029174805
166.57,82.83843502136374,47.21360244750975
166.58,82.88763660080694,47.27140197753916
166.59,82.85647690583504,47.329201507568406
166.6,82.70109416451525,47.387001037597656
166.61,82.76660867738109,47.36530075073238
166.62,82.73306051568507,47.34360046386716
166.63,82.64022602487294,47.32190017700195
166.64,82.52935195409269,47.30019989013673
166.65,82.52957030140651,47.278499603271456
166.66,82.58394776179217,47.25679931640624
166.67,82.3202566364466,47.23509902954102
166.68,82.27968772058765,47.21339874267574
166.69,82.22221832095603,47.19169845581053
166.7,82.20124609574219,47.16999816894531
166.71,82.26648542098862,47.15049972534177
166.72,82.56404710635772,47.13100128173827
166.73,82.41440013713535,47.111502838134776
166.74,82.42477756108741,47.09200439453123
166.75,82.5935070982998,47.072505950927734
166.76,82.56295514466369,47.05300750732424
166.77,82.56657791592781,47.03350906372069
166.78,82.55035957015055,47.0140106201172
166.79,82.61815320265818,46.9945121765137
166.8,82.28463805549626,46.975013732910156
166.81,82.34434875808442,46.98511123657226
166.82,82.37004834046765,46.99520874023436
166.83,82.38205910816599,47.005306243896484
166.84,82.30403684924917,47.01540374755859
166.85,82.50262586128744,47.02550125122069
166.86,82.47621866910796,47.03559875488282
166.87,82.52182557032658,47.04569625854492
166.88,82.51438301057642,47.05579376220702
166.89,82.47600681500114,47.06589126586912
166.9,82.60606741423044,47.07598876953125
166.91,82.49614084372426,47.07688980102539
166.92,82.39362799636034,47.07779083251953
166.93,82.43593867398006,47.07869186401367
166.94,82.30381880048499,47.079592895507815
166.95,82.3789921729123,47.08049392700195
166.96,82.12827437104612,47.08139495849609
166.97,82.20346369291921,47.082295989990236
166.98,82.36621817032646,47.083197021484374
166.99,82.48215077073438,47.08409805297852
167.0,82.36030306995647,47.084999084472656
167.01,82.37012532977982,47.06090011596682
167.02,82.49845230589916,47.03680114746091
167.03,82.46092074057913,47.012702178955074
167.04,82.36208655941512,46.988603210449234
167.05,82.34142364731319,46.964504241943324
167.06,82.43742773560531,46.940405273437484
167.07,82.57871220649267,46.916306304931645
167.08,82.4715771436711,46.89220733642574
167.09,82.48912318885841,46.8681083679199
167.1,82.59525456370474,46.84400939941406
167.11,82.36972113901065,46.888707733154384
167.12,82.39794007030878,46.933406066894584
167.13,82.48772354537412,46.97810440063478
167.14,82.41730728825812,47.02280273437498
167.15,82.37279431484569,47.0675010681153
167.16,82.40612176802472,47.11219940185549
167.17,82.48235621530522,47.15689773559569
167.18,82.40989511260912,47.20159606933601
167.19,82.44333276756012,47.24629440307621
167.2,82.2507197104427,47.290992736816406
167.21,82.24009682105763,47.305092620849635
167.22,82.04356583281388,47.31919250488282
167.23,82.08028500694627,47.33329238891601
167.24,82.12511607271153,47.347392272949236
167.25,82.14021624478066,47.36149215698242
167.26,82.24750777059184,47.37559204101561
167.27,82.00232899759543,47.38969192504884
167.28,82.09717448617984,47.40379180908202
167.29,82.10263815765627,47.41789169311521
167.3,82.22950025889567,47.43199157714844
167.31,82.28913965511231,47.380892181396526
167.32,82.2758340034922,47.32979278564462
167.33,82.33900534110484,47.27869338989257
167.34,82.49249393592196,47.227593994140655
167.35,82.51444722452037,47.17649459838874
167.36,82.43794120824951,47.12539520263669
167.37,82.43909652754574,47.07429580688478
167.38,82.36986228583011,47.02319641113287
167.39,82.57691352547616,46.97209701538096
167.4,82.36750130039341,46.920997619628906
167.41,82.28164988215393,46.909397888183605
167.42,82.52528047179752,46.897798156738304
167.43,82.5452727965647,46.88619842529297
167.44,82.71161820335482,46.874598693847666
167.45,82.6187057905322,46.86299896240236
167.46,82.78111166580877,46.85139923095702
167.47,82.74678891127903,46.83979949951172
167.48,82.75013919642983,46.82819976806642
167.49,82.55307643116544,46.81660003662108
167.5,82.5262694346028,46.80500030517578
167.51,82.6174978101335,46.78560104370119
167.52,82.52755381072747,46.76620178222654
167.53,82.46336009738815,46.74680252075195
167.54,82.59633388980737,46.72740325927735
167.55,82.59307023483696,46.708003997802706
167.56,82.56411133962341,46.68860473632812
167.57,82.44204904697123,46.66920547485352
167.58,82.48112355171803,46.649806213378874
167.59,82.46555554936464,46.63040695190428
167.6,82.54876672520338,46.61100769042969
167.61,82.54588936683382,46.63390655517583
167.62,82.57497354148094,46.6568054199219
167.63,82.5894083365366,46.67970428466798
167.64,82.52619237235314,46.70260314941405
167.65,82.3559278286906,46.72550201416019
167.66,82.37206290598326,46.74840087890626
167.67,82.43180531477505,46.771299743652335
167.68,82.37284564190534,46.794198608398474
167.69,82.20670041029315,46.81709747314455
167.7,82.16692202498072,46.839996337890625
167.71,82.36112424256035,46.81819610595699
167.72,82.19486265929396,46.796395874023425
167.73,82.505695097072,46.77459564208986
167.74,82.28647202566128,46.752795410156224
167.75,82.2731409417219,46.730995178222656
167.76,82.36021325445128,46.70919494628909
167.77,82.62200850542415,46.687394714355456
167.78,82.39570701792788,46.66559448242189
167.79,82.46527309191671,46.64379425048832
167.8,82.47388826169718,46.62199401855469
167.81,82.35415082378825,46.68139495849604
167.82,82.33008933652505,46.7407958984374
167.83,82.37446245246966,46.80019683837892
167.84,82.14555320772499,46.85959777832028
167.85,82.25547683441918,46.91899871826163
167.86,82.27040945266508,46.97839965820316
167.87,82.22276958314559,47.037800598144514
167.88,82.32210383131572,47.09720153808587
167.89,82.28226546707447,47.156602478027224
167.9,82.50981104199057,47.21600341796875
167.91,82.43620824448423,47.140303039550844
167.92,82.5010976856797,47.064602661132945
167.93,82.56172187896301,46.988902282714825
167.94,82.50307532739498,46.91320190429692
167.95,82.33092318699335,46.83750152587901
167.96,82.33053833240635,46.76180114746089
167.97,82.39570701792788,46.68610076904299
167.98,82.47932593383086,46.61040039062509
167.99,82.32160354732564,46.53470001220697
168.0,82.49439442711264,46.45899963378906
168.01,82.54872818882247,46.4919006347656
168.02,82.59327581749908,46.52480163574222
168.03,82.61871864143498,46.55770263671876
168.04,82.48731264311972,46.590603637695295
168.05,82.5442708747887,46.623504638671925
168.06,82.38014707906807,46.656405639648455
168.07,82.45595868934737,46.68930664062499
168.08,82.37239653067563,46.72220764160162
168.09,82.23877621977398,46.75510864257815
168.1,82.20073336076814,46.78800964355469
168.11,82.13188759317356,46.82740859985359
168.12,82.0166752442499,46.86680755615239
168.13,81.93091092427974,46.906206512451185
168.14,81.8687278649312,46.945605468749974
168.15,81.98678064515441,46.985004425048885
168.16,82.15126837398662,47.02440338134768
168.17,82.19361932802403,47.06380233764647
168.18,82.17974464817387,47.10320129394538
168.19,82.10145957715352,47.14260025024417
168.2,81.90330308037889,47.18199920654297
168.21,81.90920174739193,47.16389999389645
168.22,82.04425736335646,47.14580078124999
168.23,82.01402483862714,47.12770156860353
168.24,81.95626432938657,47.10960235595701
168.25,82.05676304081723,47.09150314331055
168.26,81.94680593514381,47.073403930664085
168.27,82.04510257131075,47.05530471801757
168.28,82.05254955107823,47.037205505371105
168.29,82.04310481407127,47.01910629272464
168.3,82.02022198930226,47.001007080078125
168.31,82.03890448074581,47.01160736083983
168.32,81.97637962768148,47.02220764160155
168.33,82.04398843446582,47.03280792236328
168.34,82.15585602796097,47.043408203125
168.35,82.01412726896676,47.054008483886705
168.36,81.87719028111422,47.06460876464844
168.37,81.91991841312262,47.075209045410155
168.38,81.92621438283173,47.08580932617186
168.39,81.7633201332383,47.09640960693357
168.4,81.91734634876391,47.10700988769531
168.41,81.75325927433212,47.12880935668944
168.42,81.85589115556257,47.150608825683555
168.43,81.88541645288322,47.17240829467774
168.44,81.98754874665161,47.19420776367186
168.45,81.8866254635885,47.21600723266599
168.46,81.89686085539645,47.23780670166017
168.47,82.04021067044329,47.259606170654294
168.48,81.97571398485417,47.28140563964841
168.49,81.85348638272734,47.303205108642594
168.5,81.96167851380159,47.32500457763672
168.51,81.86602868196822,47.302504730224626
168.52,81.93827593268597,47.28000488281248
168.53,81.89709115907006,47.257505035400385
168.54,81.84609320664454,47.23500518798829
168.55,81.86115491454464,47.21250534057614
168.56,81.96620326809632,47.19000549316405
168.57,81.97342265809242,47.16750564575196
168.58,81.9775253050106,47.1450057983398
168.59,82.07809468947015,47.12250595092772
168.6,81.96220969957221,47.100006103515625
168.61,81.96967211970932,47.09200515747069
168.62,82.15925840442281,47.08400421142577
168.63,82.3218601030281,47.076003265380855
168.64,82.48152159832779,47.06800231933594
168.65,82.17124097864144,47.060001373291
168.66,82.10249723997698,47.05200042724609
168.67,82.1563558080585,47.043999481201176
168.68,82.20486732930861,47.03599853515624
168.69,82.2676651853796,47.02799758911132
168.7,82.46436152799805,47.019996643066406
168.71,82.39512950930585,47.051197052002
168.72,82.19374750607071,47.082397460937514
168.73,82.2208081237652,47.11359786987303
168.74,82.26972979341903,47.14479827880863
168.75,82.16830612833482,47.17599868774414
168.76,82.19668281068992,47.20719909667965
168.77,82.41320648616798,47.23839950561525
168.78,82.36032873153837,47.26959991455077
168.79,82.44737013123645,47.30080032348628
168.8,82.38280339394875,47.332000732421875
168.81,82.48964966333405,47.321499633789074
168.82,82.31375313611512,47.310998535156266
168.83,82.33433560367752,47.300497436523436
168.84,82.38916203872077,47.28999633789063
168.85,82.33519513331495,47.27949523925783
168.86,82.38203344319898,47.268994140625
168.87,82.51281619808711,47.25849304199219
168.88,82.3687074517693,47.24799194335939
168.89,82.61969531297056,47.23749084472659
168.9,82.63631888799704,47.22698974609375
168.91,82.72243866774791,47.252191925048805
168.92,82.64727581034614,47.27739410400386
168.93,82.63702576446971,47.302596282958994
168.94,82.83784309535075,47.32779846191405
168.95,82.5898451903148,47.353000640869105
168.96,82.54847127984628,47.37820281982423
168.97,82.40573673772035,47.40340499877929
168.98,82.53343638108953,47.42860717773435
168.99,82.47687350102062,47.453809356689476
169.0,82.26980673583427,47.47901153564453
169.01,82.31086704963323,47.434909820556676
169.02,82.3120984403436,47.3908081054687
169.03,82.48948273222085,47.346706390380845
169.04,82.45932234221982,47.302604675293
169.05,82.41374555327639,47.258502960205014
169.06,82.48055858398551,47.21440124511716
169.07,82.42853849665902,47.17029953002931
169.08,82.5653060829199,47.12619781494133
169.09,82.64642750633597,47.08209609985348
169.1,82.55487485255618,47.037994384765625
169.11,82.41770518085244,47.024794769287084
169.12,82.46769967394667,47.01159515380858
169.13,82.43718383665949,46.99839553833007
169.14,82.57141482213878,46.98519592285157
169.15,82.45056671719614,46.971996307373026
169.16,82.3917029997774,46.95879669189453
169.17,82.2495144232457,46.94559707641602
169.18,82.38828939446758,46.93239746093748
169.19,82.313163087653,46.919197845458974
169.2,82.49147949350467,46.90599822998047
169.21,82.65245570049566,46.935298156738334
169.22,82.644165383593,46.964598083496114
169.23,82.37237086721377,46.993898010253886
169.24,82.3767465452285,47.02319793701175
169.25,82.19418331217699,47.05249786376953
169.26,82.29396201808173,47.08179779052731
169.27,82.14569416234923,47.111097717285176
169.28,81.98661422363759,47.14039764404295
169.29,81.93109008656452,47.16969757080073
169.3,82.00161203813667,47.198997497558594
169.31,82.09685422955842,47.20769805908203
169.32,82.22082094368518,47.21639862060545
169.33,82.30602495424526,47.22509918212891
169.34,82.37184476712663,47.23379974365234
169.35,82.51817167601985,47.24250030517577
169.36,82.47896641260412,47.25120086669922
169.37,82.30189485331901,47.259901428222655
169.38,82.1940294981252,47.26860198974608
169.39,82.22512849338722,47.277302551269514
169.4,82.21332787359863,47.28600311279297
169.41,82.2984061531515,47.22810287475591
169.42,82.34361747552082,47.17020263671885
169.43,82.33160309896198,47.11230239868162
169.44,82.23618633348131,47.054402160644564
169.45,82.31266283083082,46.99650192260751
169.46,82.24060967878349,46.93860168457028
169.47,82.34488759994598,46.88070144653322
169.48,82.38185378854173,46.82280120849616
169.49,82.245045964853,46.76490097045893
169.5,82.41978450616324,46.707000732421875
169.51,82.41103740062279,46.70479965209961
169.52,82.48677333546397,46.702598571777344
169.53,82.41369421347582,46.70039749145508
169.54,82.50114905269713,46.69819641113281
169.55,82.44860254257979,46.69599533081055
169.56,82.28520235183178,46.69379425048828
169.57,82.3848437808365,46.691593170166016
169.58,82.2793029857691,46.68939208984374
169.59,82.37786293916542,46.687191009521484
169.6,82.33605466743889,46.68498992919922
169.61,82.485502117251,46.67999038696288
169.62,82.57203149003364,46.67499084472656
169.63,82.41602377030667,46.66999130249023
169.64,82.46183228548034,46.66499176025391
169.65,82.50073811700531,46.65999221801757
169.66,82.58383212804362,46.654992675781244
169.67,82.4568316918975,46.649993133544925
169.68,82.4731307249989,46.644993591308584
169.69,82.4217868442157,46.639994049072264
169.7,82.4938679374959,46.63499450683594
169.71,82.56534462317016,46.66629409790045
169.72,82.60678701127979,46.697593688964865
169.73,82.49236552514458,46.728893280029276
169.74,82.43785135042134,46.760192871093786
169.75,82.46992086233848,46.7914924621582
169.76,82.28816493933813,46.82279205322262
169.77,82.50874512370281,46.854091644287124
169.78,82.48658072601417,46.88539123535154
169.79,82.53585112131707,46.91669082641596
169.8,82.3480565389463,46.94799041748047
169.81,82.2454562632509,46.97369079589841
169.82,82.38812256594538,46.999391174316365
169.83,82.24730261870639,47.02509155273438
169.84,82.34935235747828,47.05079193115233
169.85,82.26946049524905,47.07649230957028
169.86,82.35395836923989,47.10219268798829
169.87,82.32069277781063,47.127893066406244
169.88,82.31580549506292,47.15359344482419
169.89,82.28353511824555,47.17929382324213
169.9,82.32784437548337,47.204994201660156
169.91,82.2336541848202,47.146495056152396
169.92,82.36997776968146,47.08799591064463
169.93,82.35809618886827,47.0294967651367
169.94,82.25352780742209,46.97099761962894
169.95,82.11041443887153,46.91249847412118
169.96,82.16421793076734,46.85399932861325
169.97,82.43330717554382,46.79550018310549
169.98,82.3458113329532,46.73700103759772
169.99,82.30456273275115,46.67850189208979
170.0,82.25706684722984,46.62000274658203
170.01,82.25837477251304,46.60430221557618
170.02,82.35604330277336,46.58860168457029
170.03,82.07932433778856,46.57290115356445
170.04,81.97769171730255,46.557200622558604
170.05,81.8864463499267,46.54150009155271
170.06,81.90225388203284,46.525799560546865
170.07,82.04793276903538,46.51009902954102
170.08,81.84466065751002,46.494398498535126
170.09,81.79364707094955,46.478697967529286
170.1,81.72276089105283,46.46299743652344
170.11,81.7621951271706,46.513796997070415
170.12,81.94052837403173,46.56459655761724
170.13,82.05036600972242,46.61539611816408
170.14,82.13692317359586,46.666195678710906
170.15,82.08465932220861,46.716995239257884
170.16,82.10380393582325,46.76779479980472
170.17,82.13551370804852,46.81859436035155
170.18,82.03387831127147,46.869393920898524
170.19,82.23132079376258,46.92019348144535
170.2,82.17851424787324,46.97099304199219
170.21,82.32707468160088,46.90869445800771
170.22,82.23477601651201,46.8463958740234
170.23,82.30638409835352,46.7840972900391
170.24,82.31921759844016,46.721798706054614
170.25,82.3910228396946,46.65950012207031
170.26,82.39835074990289,46.59720153808601
170.27,82.33670894268981,46.534902954101526
170.28,82.35736484526309,46.472604370117224
170.29,82.60552771850028,46.410305786132916
170.3,82.58981949300176,46.34800720214844
170.31,82.55676321609926,46.30390625000004
170.32,82.44113761142026,46.259805297851635
170.33,82.61957965419792,46.21570434570311
170.34,82.73044999833164,46.17160339355471
170.35,82.71213252920501,46.127502441406314
170.36,82.71739160279269,46.08340148925779
170.37,83.02818537473226,46.03930053710939
170.38,82.879057770376,45.995199584960986
170.39,82.68871304012613,45.95109863281259
170.4,82.7887013205537,45.90699768066406
170.41,82.65029632209387,46.042097473144416
170.42,82.81264316649238,46.17719726562477
170.43,82.73911115611554,46.31229705810551
170.44,82.93626695044173,46.44739685058586
170.45,82.79696671892812,46.582496643066214
170.46,82.67392247851623,46.71759643554695
170.47,82.80586937116523,46.852696228027305
170.48,82.69818843838128,46.98779602050766
170.49,82.49221143234365,47.122895812988396
170.5,82.48524530668014,47.25799560546875
170.51,82.30118941165918,47.19519653320318
170.52,82.25811831575561,47.132397460937426
170.53,82.2997785374095,47.06959838867186
170.54,82.35783957670719,47.00679931640629
170.55,82.17207402430437,46.94400024414053
170.56,82.20412384774205,46.88120117187496
170.57,82.28712610388116,46.81840209960939
170.58,82.31173928376828,46.755603027343646
170.59,82.27076851906051,46.69280395507807
170.6,82.29764942280072,46.6300048828125
170.61,82.31089270351241,46.59220428466789
170.62,82.33691420604933,46.55440368652339
170.63,82.34804370911081,46.51660308837889
170.64,82.29841897911963,46.47880249023439
170.65,82.21300739050304,46.44100189208979
170.66,82.2379556573271,46.403201293945294
170.67,82.07040959616408,46.365400695800794
170.68,82.20489296666399,46.32760009765619
170.69,82.29383376191845,46.28979949951169
170.7,82.4970397418333,46.25199890136719
170.71,82.42245429563819,46.30109939575204
170.72,82.51178878813684,46.35019989013675
170.73,82.51108244750647,46.39930038452145
170.74,82.4206059752424,46.448400878906305
170.75,82.2030278622106,46.497501373291016
170.76,82.24927080243835,46.546601867675726
170.77,82.37414165546097,46.59570236206058
170.78,82.36380591285754,46.64480285644528
170.79,82.3133811487948,46.69390335082999
170.8,82.41187166091589,46.743003845214844
170.81,82.39564285020326,46.701102447509804
170.82,82.35681313206062,46.65920104980476
170.83,82.29288466941648,46.6172996520996
170.84,82.06347411105826,46.57539825439456
170.85,82.07731335522033,46.53349685668951
170.86,82.12518013500973,46.49159545898435
170.87,82.42169699519214,46.44969406127931
170.88,82.39763206128482,46.40779266357427
170.89,82.410973226929,46.36589126586922
170.9,82.26400409903313,46.32398986816406
170.91,82.17925761362014,46.300289916992206
170.92,81.9816856629811,46.27658996582035
170.93,81.93812235826704,46.25289001464843
170.94,82.1115674608441,46.22919006347657
170.95,82.22835922971062,46.20549011230472
170.96,82.40422229391697,46.1817901611328
170.97,82.31320156900998,46.158090209960946
170.98,82.31404816113924,46.13439025878909
170.99,82.48727412108585,46.11069030761717
171.0,82.47896641260412,46.08699035644531
171.01,82.59494618611355,46.10699157714842
171.02,82.59148982666565,46.126992797851585
171.03,82.50995230878638,46.14699401855469
171.04,82.42751161153717,46.1669952392578
171.05,82.39452633579477,46.186996459960966
171.06,82.48907182558489,46.206997680664074
171.07,82.31617748786118,46.22699890136718
171.08,82.25788750501573,46.24700012207035
171.09,82.10537967111472,46.267001342773455
171.1,82.0319191062411,46.28700256347656
171.11,82.14198453592522,46.31940231323249
171.12,82.17397722637043,46.35180206298832
171.13,82.1562532889402,46.38420181274415
171.14,82.12450107592024,46.416601562499984
171.15,81.87168933926951,46.4490013122559
171.16,81.93499970963015,46.481401062011734
171.17,81.7784765064921,46.51380081176757
171.18,81.58507138159621,46.54620056152349
171.19,81.55111241487027,46.578600311279324
171.2,81.66484752595912,46.611000061035156
171.21,81.57105662468274,46.55079956054677
171.22,81.59323178247477,46.49059906005856
171.23,81.54578841129099,46.43039855957035
171.24,81.59360213898714,46.370198059081964
171.25,81.48432600579567,46.30999755859375
171.26,81.530117445784,46.249797058105536
171.27,81.55034636048575,46.18959655761715
171.28,81.45404371178721,46.12939605712894
171.29,81.42783678079338,46.06919555664073
171.3,81.54555860209966,46.008995056152344
171.31,81.48687850057735,46.06819610595698
171.32,81.5556641261667,46.12739715576162
171.33,81.54966968210559,46.186598205566426
171.34,81.48437705529952,46.24579925537106
171.35,81.55800067946494,46.305000305175696
171.36,81.66254777158959,46.3642013549805
171.37,81.46737207665426,46.423402404785136
171.38,81.60945801450957,46.48260345458978
171.39,81.84267813251378,46.54180450439441
171.4,81.81732951553975,46.60100555419922
171.41,81.82481091546903,46.56710510253909
171.42,81.95026157747364,46.533204650878965
171.43,82.0234679017021,46.49930419921874
171.44,82.14352860010207,46.46540374755861
171.45,82.06147613016103,46.43150329589849
171.46,82.13183634124017,46.397602844238264
171.47,82.07941400000541,46.36370239257813
171.48,82.09062856494211,46.32980194091801
171.49,81.99022432829504,46.29590148925779
171.5,81.9088818576167,46.262001037597656
171.51,81.86379005686891,46.28210220336912
171.52,81.77754317578167,46.30220336914065
171.53,81.82709376699647,46.322304534912114
171.54,81.76566604876055,46.342405700683585
171.55,81.73810523817838,46.36250686645511
171.56,81.69989722852263,46.38260803222657
171.57,81.76277041339735,46.40270919799804
171.58,81.68891383966883,46.422810363769564
171.59,81.86281786350135,46.442911529541036
171.6,81.84054854641295,46.4630126953125
171.61,81.84132235505136,46.44981231689451
171.62,81.6997949945979,46.436611938476545
171.63,81.70961613034626,46.42341156005859
171.64,81.74443256567619,46.41021118164063
171.65,81.829817886833,46.397010803222635
171.66,81.98149364413568,46.38381042480468
171.67,81.86921397843965,46.37061004638672
171.68,81.89701439114287,46.357409667968724
171.69,82.08436470855244,46.34420928955077
171.7,81.98322182184002,46.33100891113281
171.71,81.83521510323662,46.3458076477051
171.72,81.92374459351893,46.360606384277354
171.73,81.83692894852027,46.3754051208496
171.74,81.65842746203393,46.390203857421895
171.75,81.93328483773986,46.40500259399414
171.76,81.99609411576402,46.419801330566386
171.77,82.08070770315666,46.43460006713868
171.78,81.81908153921121,46.44939880371093
171.79,82.00227778610157,46.46419754028318
171.8,82.03126604309675,46.47899627685547
171.81,81.82644151967936,46.49209747314452
171.82,81.85332009654982,46.50519866943357
171.83,81.91039174283975,46.51829986572266
171.84,81.81027685358268,46.53140106201171
171.85,81.61863507358288,46.54450225830076
171.86,81.7139741700465,46.55760345458985
171.87,81.66147456396564,46.5707046508789
171.88,81.67732425505454,46.58380584716795
171.89,81.7230804171801,46.59690704345701
171.9,81.92197865300241,46.610008239746094
171.91,81.79578883349288,46.54290847778326
171.92,81.75021046044604,46.47580871582043
171.93,81.83724869776107,46.408708953857406
171.94,81.7733752159661,46.34160919189457
171.95,81.91190164197906,46.27450942993173
171.96,81.78189663101296,46.20740966796871
171.97,81.86794752784338,46.140309906005875
171.98,81.93919738222186,46.073210144043045
171.99,81.96593446716109,46.006110382080024
172.0,81.9483801631697,45.93901062011719
172.01,81.92249051785988,45.9717102050781
172.02,81.81574375846269,46.0044097900391
172.03,81.78070756932436,46.03710937500001
172.04,81.9992947441798,46.069808959960916
172.05,81.96025775306715,46.102508544921925
172.06,82.02250756509714,46.135208129882834
172.07,82.171202530482,46.16790771484374
172.08,82.09279342977574,46.200607299804744
172.09,81.96148651838814,46.23330688476565
172.1,82.11040162756174,46.26600646972656
172.11,82.01568933957158,46.295506286621155
172.12,81.96681767188907,46.32500610351566
172.13,81.84842112572728,46.35450592041016
172.14,82.13011941071262,46.38400573730467
172.15,81.91563806238784,46.41350555419926
172.16,82.03441613635293,46.44300537109377
172.17,82.05545671935796,46.472505187988276
172.18,82.11237458104173,46.50200500488286
172.19,81.9630800844207,46.53150482177737
172.2,81.9404899798858,46.561004638671875
172.21,82.15902773242186,46.4917037963866
172.22,82.10049878408967,46.42240295410152
172.23,81.96405287295559,46.35310211181645
172.24,82.15261390168162,46.283801269531175
172.25,82.11742877832836,46.214500427246094
172.26,82.19463193731677,46.14519958496101
172.27,82.08953973838877,46.07589874267574
172.28,82.13811482208376,46.006597900390666
172.29,82.11054255202426,45.937297058105585
172.3,82.11177244337566,45.86799621582031
172.31,81.96922410891572,45.95329666137688
172.32,82.02045246636352,46.03859710693345
172.33,81.98383628941333,46.123897552490256
172.34,81.97886940911903,46.209197998046825
172.35,81.97230900804652,46.294498443603395
172.36,81.79953539177774,46.379798889160206
172.37,81.63527260478756,46.465099334716776
172.38,81.58611854636507,46.55039978027334
172.39,81.68008421384911,46.63570022582991
172.4,81.52326865506788,46.72100067138672
172.41,81.81309660145256,46.68850021362307
172.42,81.80910037337706,46.65599975585943
172.43,81.75319535725826,46.623499298095695
172.44,81.83067477897326,46.59099884033205
172.45,81.7937749367447,46.5584983825684
172.46,81.98260735656942,46.52599792480467
172.47,81.95207901860138,46.493497467041024
172.48,81.88037579471751,46.46099700927738
172.49,81.92650871253815,46.428496551513646
172.5,81.92736611078324,46.39599609375
172.51,82.11411054076501,46.44329605102535
172.52,81.99739996461386,46.490596008300834
172.53,82.1064942247191,46.53789596557618
172.54,82.06394799471137,46.58519592285153
172.55,82.04540992073717,46.63249588012702
172.56,81.97706447185288,46.679795837402374
172.57,82.08008006372089,46.72709579467772
172.58,81.97366587002841,46.77439575195321
172.59,82.1419717221528,46.82169570922856
172.6,82.1089667671913,46.868995666503906
172.61,82.15302396945565,46.87289657592774
172.62,82.06906474182748,46.87679748535157
172.63,82.13200291008214,46.88069839477539
172.64,82.33931324053368,46.88459930419921
172.65,82.02327583393136,46.888500213623054
172.66,81.95819703190374,46.89240112304688
172.67,82.06539526947361,46.8963020324707
172.68,82.04437261873024,46.90020294189454
172.69,81.89354707727804,46.90410385131836
172.7,82.10257410415069,46.90800476074219
172.71,82.01172017289626,46.90400390624999
172.72,82.313175914771,46.90000305175781
172.73,82.25488699486499,46.89600219726563
172.74,82.20181010606062,46.89200134277343
172.75,82.07990073860856,46.88800048828125
172.76,82.22548746095556,46.88399963378907
172.77,82.13415550723546,46.87999877929687
172.78,81.96823848947943,46.87599792480469
172.79,81.95732667298286,46.87199707031251
172.8,81.89428915303864,46.86799621582031
172.81,82.0018040805415,46.8363952636719
172.82,82.11101657155838,46.804794311523494
172.83,82.005196866773,46.77319335937499
172.84,82.02716845132203,46.741592407226584
172.85,82.25419457721728,46.70999145507817
172.86,82.04916219139935,46.678390502929666
172.87,82.12548763438882,46.64678955078126
172.88,82.13213104007552,46.61518859863285
172.89,82.22211576075257,46.58358764648444
172.9,82.14284306095328,46.55198669433594
172.91,82.22941051474034,46.60988922119136
172.92,82.23294903568036,46.667791748046774
172.93,82.11400804800807,46.72569427490236
172.94,82.28651050077872,46.78359680175778
172.95,82.23843004449249,46.841499328613196
172.96,82.25551530228965,46.89940185546878
172.97,82.26069572434815,46.9573043823242
172.98,82.19263236041225,47.015206909179625
172.99,82.28781866012389,47.0731094360352
173.0,82.38098118299304,47.131011962890625
173.01,82.45402012668049,47.15091094970701
173.02,82.43144589713276,47.17080993652346
173.03,82.30653801749693,47.19070892333985
173.04,82.10075499502366,47.21060791015624
173.05,82.0803874786549,47.230506896972685
173.06,82.09287028940697,47.25040588378907
173.07,82.1028303183229,47.270304870605464
173.08,81.98629418273383,47.29020385742191
173.09,82.14573260454047,47.3101028442383
173.1,82.30030440730704,47.33000183105469
173.11,82.21273818518547,47.30920104980465
173.12,82.2930000992933,47.28840026855466
173.13,82.311469916851,47.26759948730468
173.14,82.40027582414268,47.2467987060547
173.15,82.30406250206396,47.22599792480466
173.16,82.57102940587384,47.20519714355468
173.17,82.61937403880198,47.184396362304696
173.18,82.56779194476061,47.16359558105465
173.19,82.46897075497235,47.14279479980467
173.2,82.28280410576889,47.12199401855469
173.21,82.35254704275646,47.12059631347656
173.22,82.38753225099232,47.119198608398435
173.23,82.4459323296441,47.117800903320315
173.24,82.37701601893444,47.11640319824219
173.25,82.59452216786565,47.11500549316406
173.26,82.57893061909272,47.113607788085936
173.27,82.45459784164788,47.11221008300781
173.28,82.27988008833424,47.11081237792969
173.29,82.20570054540435,47.109414672851564
173.3,82.37547617512284,47.10801696777344
173.31,82.28079063205269,47.10171661376954
173.32,82.40134745582719,47.095416259765635
173.33,82.28890880085461,47.089115905761716
173.34,82.35140516017954,47.08281555175782
173.35,82.37035629793225,47.07651519775391
173.36,82.43555357402438,47.070214843749994
173.37,82.48380717487125,47.0639144897461
173.38,82.37434696547457,47.05761413574219
173.39,82.34230887272203,47.051313781738294
173.4,82.21116142003366,47.045013427734375
173.41,82.2015537374942,47.05521240234374
173.42,82.19126086980326,47.06541137695311
173.43,82.10558464592256,47.0756103515625
173.44,82.01214269252277,47.08580932617187
173.45,82.22685923709592,47.096008300781236
173.46,82.0783764830629,47.10620727539063
173.47,81.82710655618554,47.11640625
173.48,82.16002731343136,47.126605224609364
173.49,82.22969256796485,47.13680419921876
173.5,82.18955613574508,47.147003173828125
173.51,82.10846713125518,47.233001708984304
173.52,82.07302248751857,47.319000244140724
173.53,81.9794582581995,47.404998779296896
173.54,82.18785783075653,47.490997314453075
173.55,82.2356222052424,47.576995849609496
173.56,82.2385839000832,47.662994384765675
173.57,82.35429195726662,47.748992919921854
173.58,82.45132415025952,47.834991455078274
173.59,82.49850367209307,47.920989990234446
173.6,82.53955678599316,48.006988525390625
173.61,82.44317872056175,47.979290008544865
173.62,82.17053609714789,47.95159149169919
173.63,82.23619915460014,47.92389297485351
173.64,82.16765252252047,47.89619445800783
173.65,82.13128538396622,47.86849594116207
173.66,81.97984229134788,47.84079742431639
173.67,82.04975129287959,47.81309890747071
173.68,82.07516150306908,47.78540039062495
173.69,82.16148825046011,47.757701873779276
173.7,82.09181987756112,47.730003356933594
173.71,82.07418805541037,47.66630325317372
173.72,82.15686840460945,47.60260314941403
173.73,82.23721202614567,47.53890304565433
173.74,82.35981550065983,47.47520294189446
173.75,82.31180341881354,47.411502838134766
173.76,82.36925920481063,47.34780273437507
173.77,82.580562298832,47.2841026306152
173.78,82.52122835763377,47.22040252685551
173.79,82.41142244331029,47.15670242309581
173.8,82.4139637476072,47.09300231933594
173.81,82.26073419343895,47.12320251464841
173.82,82.19587527624543,47.153402709960886
173.83,82.23712227778218,47.183602905273446
173.84,82.16772941718723,47.21380310058592
173.85,82.13489867232686,47.244003295898395
173.86,82.14340046121863,47.274203491210955
173.87,82.10107525925335,47.30440368652343
173.88,82.11127279890326,47.3346038818359
173.89,82.05870973522626,47.36480407714838
173.9,82.25504086584915,47.39500427246094
173.91,82.2859846749522,47.35740432739261
173.92,82.26872954529516,47.319804382324286
173.93,82.16610182108664,47.28220443725585
173.94,82.06214212109094,47.24460449218752
173.95,82.1630389083581,47.2070045471192
173.96,82.29214078992999,47.16940460205076
173.97,82.29388506437178,47.13180465698243
173.98,82.1307984930297,47.0942047119141
173.99,82.10557183498958,47.05660476684567
174.0,82.07511026883786,47.019004821777344
174.01,82.11704442305395,47.0275047302246
174.02,81.96521766682193,47.03600463867188
174.03,81.80106984314529,47.044504547119146
174.04,82.04304078379279,47.0530044555664
174.05,82.02387764703127,47.061504364013686
174.06,82.07607091333428,47.07000427246094
174.07,81.9450461480021,47.0785041809082
174.08,81.99311118631877,47.08700408935548
174.09,81.97854938333187,47.095503997802744
174.1,81.98523165141283,47.10400390625
174.11,81.99998608812106,47.09040374755857
174.12,82.00986366016248,47.07680358886717
174.13,81.92722534359936,47.063203430175776
174.14,81.83486977837414,47.04960327148438
174.15,81.90630996652425,47.03600311279295
174.16,81.71706704291825,47.02240295410156
174.17,81.74735983640088,47.00880279541016
174.18,81.90692414580174,46.99520263671873
174.19,81.9793430484304,46.981602478027334
174.2,81.8000085127481,46.96800231933594
174.21,81.70703458979385,47.00110244750982
174.22,81.73731274168858,47.034202575683615
174.23,81.91599635375387,47.0673027038574
174.24,81.89677129294418,47.100402832031286
174.25,81.97125936780199,47.13350296020508
174.26,82.0549956672079,47.16660308837887
174.27,82.32114174806865,47.199703216552756
174.28,82.33075641656187,47.23280334472654
174.29,82.3675911198724,47.265903472900334
174.3,82.2153789802022,47.29900360107422
174.31,82.27896314014448,47.281203460693376
174.32,82.11894058446818,47.26340332031253
174.33,82.02322461589713,47.245603179931635
174.34,82.09935865028116,47.22780303955079
174.35,82.08127129979692,47.21000289916995
174.36,82.01817331854537,47.19220275878905
174.37,82.04625513462815,47.17440261840821
174.38,82.06774551446999,47.15660247802737
174.39,82.02992150951444,47.13880233764652
174.4,81.96716327503444,47.121002197265625
174.41,82.10735256426022,47.17180252075191
174.42,82.0050688358296,47.222602844238196
174.43,82.00642596891487,47.273403167724624
174.44,82.07038397978806,47.32420349121091
174.45,82.00250823794984,47.375003814697195
174.46,82.06145051517923,47.42580413818362
174.47,81.81098657943629,47.47660446166991
174.48,81.82055223049767,47.52740478515619
174.49,81.91829327323441,47.57820510864262
174.5,81.90129425528349,47.629005432128906
174.51,81.8190687506493,47.59580535888675
174.52,81.71760382846824,47.562605285644494
174.53,81.85598069565877,47.52940521240233
174.54,81.9407203448963,47.496205139160175
174.55,81.91410253683708,47.46300506591792
174.56,81.67582929684383,47.42980499267576
174.57,81.90935529470592,47.39660491943361
174.58,81.87632035242831,47.36340484619135
174.59,81.90524795362373,47.33020477294919
174.6,81.87125438896076,47.29700469970703
174.61,81.82248333217173,47.354603576660274
174.62,81.63907935760598,47.41220245361335
174.63,81.59378093208703,47.469801330566426
174.64,81.6161571521916,47.5274002075195
174.65,81.63220682811568,47.58499908447274
174.66,81.66641904340246,47.642597961425814
174.67,81.67768202486033,47.700196838378886
174.68,81.66572910705317,47.75779571533213
174.69,81.63716319576461,47.81539459228521
174.7,81.58096579701613,47.87299346923828
174.71,81.6484752605902,47.846194458007766
174.72,81.48546186103675,47.81939544677733
174.73,81.31429876022474,47.79259643554689
174.74,81.38950366069017,47.765797424316375
174.75,81.52907064046742,47.73899841308594
174.76,81.5726910858867,47.7121994018555
174.77,81.53065361696333,47.685400390624984
174.78,81.43627638030291,47.65860137939455
174.79,81.50647660825018,47.63180236816411
174.8,81.47906799254737,47.605003356933594
174.81,81.5816553752204,47.60660247802734
174.82,81.46683611359529,47.60820159912109
174.83,81.53043659508312,47.60980072021484
174.84,81.57581959245202,47.61139984130859
174.85,81.42587206843378,47.612998962402344
174.86,81.59576044021188,47.6145980834961
174.87,81.67204085560886,47.616197204589845
174.88,81.67553541777905,47.61779632568359
174.89,81.71810227377186,47.61939544677734
174.9,81.67058427660187,47.620994567871094
174.91,81.53611755712448,47.565895080566456
174.92,81.54618419454621,47.51079559326181
174.93,81.46152124472692,47.45569610595702
174.94,81.59674381769126,47.40059661865237
174.95,81.72054978736963,47.345497131347734
174.96,81.6835597838475,47.29039764404294
174.97,81.57234631536375,47.235298156738295
174.98,81.46549621366111,47.18019866943366
174.99,81.52670897022969,47.12509918212886
175.0,81.61720451643765,47.06999969482422
175.01,81.51023567884044,47.07229995727539
175.02,81.59058822764383,47.07460021972656
175.03,81.55343613517978,47.076900482177734
175.04,81.6687188522817,47.079200744628906
175.05,81.48449191674165,47.08150100708008
175.06,81.5035281258523,47.08380126953125
175.07,81.52684939290899,47.08610153198242
175.08,81.60632886297257,47.0884017944336
175.09,81.71526499003758,47.090702056884766
175.1,81.74861257089105,47.09300231933594
175.11,81.6205637910081,47.08410339355467
175.12,81.67301191549616,47.075204467773425
175.13,81.73533151727227,47.066305541992186
175.14,81.70129017212025,47.05740661621094
175.15,81.5039110426309,47.04850769042967
175.16,81.54904407628946,47.039608764648435
175.17,81.57925463406123,47.03070983886719
175.18,81.47282113449624,47.02181091308592
175.19,81.27157593415697,47.01291198730468
175.2,81.42932946771647,47.00401306152344
175.21,81.2391795935852,47.03641052246099
175.22,81.3147449776522,47.06880798339846
175.23,81.39214395594355,47.10120544433592
175.24,81.25382851549648,47.13360290527348
175.25,81.05966404203143,47.16600036621094
175.26,81.37850289413558,47.1983978271484
175.27,81.46438601920586,47.23079528808596
175.28,81.3255055629205,47.26319274902342
175.29,81.40113658716602,47.295590209960885
175.3,81.51004421291033,47.32798767089844
175.31,81.50327284849962,47.282689666748084
175.32,81.40806954067487,47.23739166259773
175.33,81.46187854158148,47.192093658447256
175.34,81.46252933429423,47.1467956542969
175.35,81.4954232650587,47.10149765014655
175.36,81.54312009118468,47.05619964599607
175.37,81.3751996198834,47.01090164184571
175.38,81.37225989242394,46.96560363769537
175.39,81.53176426287176,46.92030563354501
175.4,81.57446602714657,46.87500762939453
175.41,81.62686102046482,46.83870620727542
175.42,81.6954117752375,46.80240478515631
175.43,81.70058730918774,46.7661033630371
175.44,81.69813370228579,46.72980194091799
175.45,81.56347830446356,46.69350051879888
175.46,81.63112104601588,46.65719909667967
175.47,81.69633185818064,46.62089767456056
175.48,81.74977583294094,46.58459625244145
175.49,81.83356522435793,46.548294830322234
175.5,81.89109057460892,46.511993408203125
175.51,81.7061911249871,46.535395050048805
175.52,81.6340335131177,46.55879669189456
175.53,81.4398998660061,46.582198333740244
175.54,81.50031166042426,46.605599975585925
175.55,81.53439409828844,46.629001617431676
175.56,81.46392025292488,46.65240325927736
175.57,81.42238922750398,46.67580490112304
175.58,81.32503381618065,46.69920654296879
175.59,81.48446639196973,46.722608184814476
175.6,81.5225537929319,46.746009826660156
175.61,81.54453723183386,46.73000869750973
175.62,81.66419592560007,46.71400756835936
175.63,81.67192586205711,46.69800643920898
175.64,81.62642672097948,46.6820053100586
175.65,81.63248785524726,46.66600418090818
175.66,81.55052510618698,46.65000305175781
175.67,81.68349589402598,46.634001922607425
175.68,81.65421143615896,46.61800079345701
175.69,81.65732872965306,46.601999664306625
175.7,81.54477980669282,46.58599853515625
175.71,81.56713015665086,46.59749832153322
175.72,81.46858438055341,46.60899810791016
175.73,81.74504613773104,46.620497894287105
175.74,81.70094512993923,46.63199768066408
175.75,81.75126507339883,46.643497467041016
175.76,81.67478794785583,46.65499725341795
175.77,81.58940055753162,46.666497039794926
175.78,81.46090873765638,46.67799682617187
175.79,81.48153106986473,46.68949661254881
175.8,81.36706926210196,46.70099639892578
175.81,81.45836940998929,46.68399810791017
175.82,81.61818802312824,46.66699981689456
175.83,81.7382586250395,46.6500015258789
175.84,81.52031986895824,46.63300323486329
175.85,81.40171060176927,46.61600494384768
175.86,81.55233810936936,46.599006652832024
175.87,81.65656217655561,46.58200836181641
175.88,81.50897839271357,46.5650100708008
175.89,81.46187854158148,46.54801177978519
175.9,81.36487572853814,46.53101348876953
175.91,81.51481816386357,46.55001296997069
175.92,81.49917570168917,46.569012451171844
175.93,81.55278497944671,46.58801193237305
175.94,81.4506751060135,46.607011413574206
175.95,81.39316437137985,46.62601089477536
175.96,81.41708856581387,46.645010375976575
175.97,81.48955866312423,46.66400985717773
175.98,81.47530964072628,46.68300933837889
175.99,81.69415944844582,46.702008819580094
176.0,81.58828951912325,46.72100830078125
176.01,81.57860337526343,46.696407318115256
176.02,81.56045218120049,46.67180633544919
176.03,81.72003216607933,46.647205352783196
176.04,81.73483941312213,46.6226043701172
176.05,81.69283045908342,46.598003387451136
176.06,81.7034243380966,46.57340240478514
176.07,81.68629429162817,46.54880142211915
176.08,81.61892885026256,46.52420043945308
176.09,81.80765536035274,46.49959945678709
176.1,81.69547566971892,46.474998474121094
176.11,81.60572858361755,46.529098510742294
176.12,81.56738553398799,46.583198547363345
176.13,81.36334537379459,46.63729858398439
176.14,81.44569250706319,46.69139862060544
176.15,81.4256807016136,46.74549865722664
176.16,81.49667406767018,46.799598693847685
176.17,81.44819335849697,46.853698730468736
176.18,81.5740574058649,46.907798767089936
176.19,81.56346553589303,46.96189880371098
176.2,81.52866213289859,47.01599884033203
176.21,81.3711885939833,46.98249969482416
176.22,81.44764469902739,46.94900054931639
176.23,81.42154723318527,46.91550140380861
176.24,81.35374910505432,46.882002258300744
176.25,81.51931142187755,46.84850311279297
176.26,81.39803694328113,46.81500396728519
176.27,81.40083044687184,46.781504821777325
176.28,81.30915460185881,46.74800567626955
176.29,81.36113913770305,46.714506530761774
176.3,81.52802384187113,46.681007385253906
176.31,81.2888026607847,46.71110610961912
176.32,81.29357012849691,46.74120483398433
176.33,81.36578119520482,46.771303558349615
176.34,81.28411181296393,46.801402282714825
176.35,81.20664319681154,46.831501007080035
176.36,81.25545979542788,46.86159973144533
176.37,81.49801422397694,46.89169845581054
176.38,81.40210603522884,46.921797180175744
176.39,81.43798604309028,46.951895904540955
176.4,81.4248769634245,46.98199462890625
176.41,81.68221810284284,46.907095336914125
176.42,81.45681265581376,46.832196044922
176.43,81.41142450864598,46.75729675292967
176.44,81.47821932697508,46.682397460937544
176.45,81.58503307081746,46.60749816894542
176.46,81.5846371932971,46.53259887695308
176.47,81.58285575904661,46.457699584960956
176.48,81.68396867929684,46.38280029296884
176.49,81.79323790107667,46.3079010009765
176.5,81.75210877082533,46.233001708984375
176.51,81.86789635832821,46.258400726318335
176.52,81.71090691591546,46.283799743652374
176.53,81.7901435870486,46.309198760986334
176.54,81.69757142255988,46.3345977783203
176.55,81.92643193082463,46.35999679565433
176.56,81.83673709927561,46.38539581298829
176.57,81.59887661778197,46.41079483032226
176.58,81.64731271949677,46.43619384765629
176.59,81.66446423131545,46.46159286499026
176.6,81.7316950770034,46.48699188232422
176.61,81.71701592057686,46.47919235229491
176.62,81.70107292325466,46.471392822265614
176.63,81.5560216294206,46.463593292236325
176.64,81.40693422496352,46.45579376220704
176.65,81.46321841176469,46.44799423217772
176.66,81.49015851506373,46.44019470214843
176.67,81.43678672552467,46.43239517211914
176.68,81.32106864766753,46.424595642089834
176.69,81.26077431314886,46.41679611206054
176.7,81.3623378981112,46.40899658203125
176.71,81.30127612788644,46.378198242187445
176.72,81.27281227197483,46.34739990234373
176.73,81.30119963971883,46.31660156250002
176.74,81.37855391047987,46.28580322265621
176.75,81.28573065004186,46.2550048828125
176.76,81.36323059776899,46.22420654296879
176.77,81.352881961563,46.19340820312498
176.78,81.55448947813517,46.16260986328127
176.79,81.45731030512113,46.131811523437555
176.8,81.64774707454124,46.10101318359375
176.81,81.64701889173946,46.14991226196285
176.82,81.75318257384649,46.19881134033195
176.83,81.65302330307095,46.24771041870119
176.84,81.67374021420004,46.296609497070285
176.85,81.72874252375969,46.34550857543938
176.86,81.5050342703706,46.39440765380862
176.87,81.57673900170546,46.44330673217772
176.88,81.48259033217943,46.49220581054682
176.89,81.48098229812004,46.54110488891592
176.9,81.61614437949838,46.590003967285156
176.91,81.70021670994974,46.59820480346679
176.92,81.70730296587263,46.60640563964842
176.93,81.81207355707686,46.61460647583008
176.94,81.65749481663175,46.622807312011716
176.95,81.83218394320387,46.631008148193345
176.96,81.85527716765077,46.639208984375
176.97,81.77101000993778,46.64740982055664
176.98,81.54506068329603,46.65561065673827
176.99,81.62366766888117,46.663811492919926
177.0,81.54038798090498,46.67201232910156
177.01,81.5735594000616,46.65681152343751
177.02,81.63697158081729,46.64161071777342
177.03,81.73368903923331,46.626409912109374
177.04,81.76648425159038,46.61120910644532
177.05,81.82749023232226,46.59600830078123
177.06,81.73528038921806,46.58080749511718
177.07,81.78350763160618,46.565606689453126
177.08,81.74302647173565,46.55040588378904
177.09,81.70999953093607,46.53520507812499
177.1,81.57585790106748,46.52000427246094
177.11,81.65957730616206,46.55000381469733
177.12,81.68602595005423,46.58000335693363
177.13,81.6755481951187,46.61000289916993
177.14,81.66454089017222,46.64000244140623
177.15,81.67186197678558,46.67000198364262
177.16,81.69386553640584,46.700001525878925
177.17,81.50198370397567,46.73000106811523
177.18,81.47908075451006,46.76000061035161
177.19,81.70251699466462,46.790000152587915
177.2,81.6005177407083,46.81999969482422
177.21,81.6159016985169,46.80320053100583
177.22,81.57795211906517,46.78640136718749
177.23,81.50648937235918,46.76960220336915
177.24,81.62187941927915,46.75280303955076
177.25,81.6688082899478,46.73600387573242
177.26,81.61730669867511,46.71920471191408
177.27,81.6460863114901,46.70240554809569
177.28,81.72470361955325,46.68560638427736
177.29,81.67023929926582,46.668807220459016
177.3,81.85135025776037,46.652008056640625
177.31,81.8649157616644,46.66030731201171
177.32,81.9885984911832,46.668606567382795
177.33,81.91563806238784,46.67690582275391
177.34,81.97456191711643,46.685205078124994
177.35,81.97513794997336,46.69350433349608
177.36,81.85491900909895,46.70180358886719
177.37,81.91003346373091,46.71010284423828
177.38,81.88077238910209,46.718402099609364
177.39,81.86888137430427,46.72670135498045
177.4,81.7125938985635,46.73500061035156
177.41,81.67460906602423,46.71480102539064
177.42,81.71100915679234,46.69460144042972
177.43,81.6184945718795,46.674401855468744
177.44,81.74261742849642,46.654202270507824
177.45,81.55341059961187,46.6340026855469
177.46,81.58961765787423,46.613803100585926
177.47,81.67279470423067,46.593603515625006
177.48,81.56812613052642,46.573403930664085
177.49,81.53002808409218,46.55320434570311
177.5,81.59945132916059,46.53300476074219
177.51,81.53463665806028,46.619302368163986
177.52,81.6014883753079,46.70559997558603
177.53,81.45216800225032,46.79189758300784
177.54,81.70855539340134,46.878195190429636
177.55,81.50169013783602,46.96449279785168
177.56,81.5420093679327,47.05079040527349
177.57,81.7650971472266,47.13708801269529
177.58,81.76406161874183,47.223385620117334
177.59,81.85624291779807,47.30968322753914
177.6,81.599674825871,47.39598083496094
177.61,81.75215990414262,47.33858261108387
177.62,81.88284493022006,47.28118438720696
177.63,81.88100267015325,47.22378616333006
177.64,81.7189969230015,47.16638793945316
177.65,81.72067759601654,47.108989715576094
177.66,81.69431279406786,47.051591491699185
177.67,81.8392823175525,46.99419326782228
177.68,81.64577971092763,46.93679504394522
177.69,81.80598018423572,46.87939682006831
177.7,81.8591210230142,46.821998596191406
177.71,81.76584503027978,46.79969787597653
177.72,81.58381351843343,46.777397155761705
177.73,81.60777209683987,46.75509643554689
177.74,81.52641535956379,46.732795715332
177.75,81.54753752519206,46.71049499511719
177.76,81.39739916379447,46.68819427490237
177.77,81.4259230996238,46.665893554687486
177.78,81.39627667796658,46.64359283447267
177.79,81.27624092811267,46.62129211425785
177.8,81.27021214974005,46.59899139404297
177.81,81.21400106279147,46.62659378051755
177.82,81.18705569361506,46.65419616699214
177.83,81.04692910594846,46.681798553466805
177.84,81.12907779912268,46.70940093994139
177.85,81.14784320170786,46.73700332641597
177.86,81.32965571550292,46.76460571289064
177.87,81.214485228609,46.792208099365226
177.88,81.26864444908018,46.81981048583981
177.89,81.26930721499386,46.8474128723144
177.9,81.32055866516427,46.87501525878906
177.91,81.19408144161753,46.96341247558586
177.92,81.1320959092462,47.05180969238266
177.93,81.2490685879371,47.14020690917971
177.94,81.17766090184497,47.22860412597651
177.95,81.28144140705194,47.31700134277331
177.96,81.31246928427332,47.405398559570365
177.97,81.20966911706941,47.493795776367165
177.98,81.28938902627901,47.582192993163964
177.99,81.1250664738249,47.67059020996101
178.0,81.17639981149665,47.75898742675781
178.01,81.25405791324738,47.6673889160157
178.02,81.38398724268421,47.57579040527333
178.03,81.50166461037061,47.48419189453122
178.04,81.16826028218124,47.39259338378911
178.05,81.06745442277176,47.30099487304675
178.06,81.0877786376715,47.20939636230464
178.07,80.97417268918635,47.11779785156253
178.08,81.33353183941706,47.026199340820156
178.09,81.18927230743094,46.93460083007805
178.1,81.10744965541237,46.84300231933594
178.11,81.0809038912519,46.85570220947268
178.12,81.133834210641,46.86840209960939
178.13,81.37233641401099,46.8811019897461
178.14,81.31009800459091,46.89380187988281
178.15,81.1546762047638,46.90650177001955
178.16,81.01288508782551,46.919201660156254
178.17,81.2272715481368,46.93190155029296
178.18,80.94468494871482,46.94460144042971
178.19,80.9057345104835,46.957301330566416
178.2,81.00734327316097,46.970001220703125
178.21,80.95549098358268,46.92470245361321
178.22,80.91867455503454,46.87940368652341
178.23,80.87478434055491,46.83410491943362
178.24,80.79707262945054,46.788806152343696
178.25,80.84038243273426,46.743507385253906
178.26,80.96824417785324,46.69820861816412
178.27,80.90349633701078,46.65290985107419
178.28,80.9443542279221,46.6076110839844
178.29,80.8863359190242,46.562312316894605
178.3,80.95006561652254,46.51701354980469
178.31,81.08525786347845,46.563311767578085
178.32,81.00649070269915,46.60960998535148
178.33,81.0832463647055,46.655908203125016
178.34,81.13336302014612,46.70220642089841
178.35,81.24779419921362,46.74850463867181
178.36,81.17906849135609,46.79480285644534
178.37,81.0775302797048,46.841101074218734
178.38,81.04383621334819,46.88739929199213
178.39,80.89416247006248,46.93369750976553
178.4,80.75231335843544,46.97999572753906
178.41,80.86505800222886,46.95679702758791
178.42,80.80844072611738,46.93359832763676
178.43,80.95673763584803,46.91039962768554
178.44,80.90457726919759,46.88720092773439
178.45,80.73683315881551,46.86400222778324
178.46,80.93067442982829,46.840803527832016
178.47,80.88071578420288,46.817604827880864
178.48,80.82850365217583,46.79440612792971
178.49,80.98701641836989,46.771207427978496
178.5,81.07282643930895,46.748008728027344
178.51,81.12646724281888,46.70530853271488
178.52,81.10859561378935,46.6626083374023
178.53,81.1478686737021,46.619908142089834
178.54,81.0371224238974,46.57720794677737
178.55,80.91680501988925,46.53450775146478
178.56,80.87847795681787,46.49180755615232
178.57,80.78044449410669,46.449107360839854
178.58,80.78792281175792,46.40640716552727
178.59,80.70984005493861,46.36370697021481
178.6,80.6452908573122,46.321006774902344
178.61,80.57626844024975,46.33110733032228
178.62,80.70815075393861,46.3412078857422
178.63,80.72723580020875,46.35130844116211
178.64,80.77362090824373,46.36140899658203
178.65,80.70086028926129,46.37150955200197
178.66,80.70768080116457,46.38161010742188
178.67,80.68598190724376,46.391710662841795
178.68,80.57835613096088,46.401811218261734
178.69,80.78217267332268,46.41191177368165
178.7,80.74483033428206,46.42201232910156
178.71,80.69728503632687,46.45021133422856
178.72,80.88692083115097,46.478410339355484
178.73,80.92422605438644,46.506609344482406
178.74,80.78057156547821,46.534808349609406
178.75,80.72431414895348,46.56300735473633
178.76,80.65002672042932,46.59120635986325
178.77,80.58567913559563,46.61940536499025
178.78,80.51307935016307,46.64760437011717
178.79,80.5334037368059,46.675803375244094
178.8,80.69442742892254,46.704002380371094
178.81,80.93711034272758,46.74120330810544
178.82,80.74037753044999,46.77840423583978
178.83,80.81940289568773,46.815605163574226
178.84,80.77259803323993,46.85280609130857
178.85,80.73774782791848,46.89000701904292
178.86,80.73825597965889,46.927207946777365
178.87,80.76113716328769,46.96440887451171
178.88,80.71236768869862,47.00160980224605
178.89,80.66460973250386,47.0388107299804
178.9,80.66834933952023,47.076011657714844
178.91,80.80199087054588,47.058810424804705
178.92,80.53332761070213,47.04160919189456
178.93,80.64409739095676,47.02440795898437
178.94,80.71504143213133,47.00720672607423
178.95,80.74626593003343,46.990005493164084
178.96,80.76295407623687,46.972804260253895
178.97,80.72484766393255,46.955603027343756
178.98,80.72594010486682,46.93840179443362
178.99,80.72667687153105,46.92120056152342
179.0,80.86641838299428,46.90399932861328
179.01,80.93819785651678,46.89719848632813
179.02,80.69792641469506,46.89039764404296
179.03,80.79315847735815,46.88359680175781
179.04,80.84606472753816,46.87679595947266
179.05,80.91119654403543,46.86999511718749
179.06,80.91955209938733,46.86319427490234
179.07,80.78848195241984,46.85639343261719
179.08,80.90603971835573,46.84959259033202
179.09,80.85363507211446,46.84279174804687
179.1,80.9880979083568,46.83599090576172
179.11,80.96014689718226,46.8402931213379
179.12,80.95126134476531,46.84459533691407
179.13,80.90334373540138,46.848897552490236
179.14,80.99322554151333,46.8531997680664
179.15,81.0216658524371,46.857501983642585
179.16,80.92067129329214,46.86180419921875
179.17,80.75617570011073,46.86610641479492
179.18,80.8145031921043,46.8704086303711
179.19,80.78557825706012,46.87471084594727
179.2,80.75303754046398,46.87901306152344
179.21,80.74382669527459,46.961512756347794
179.22,80.75208467004843,47.04401245117192
179.23,80.67266682355694,47.126512145996045
179.24,80.68648989605468,47.20901184082041
179.25,80.57913029769735,47.29151153564453
179.26,80.70952251580741,47.37401123046865
179.27,80.74276589642858,47.45651092529302
179.28,80.66403832269596,47.53901062011714
179.29,80.49904281069058,47.62151031494127
179.3,80.38761215671252,47.704010009765625
179.31,80.33629443706319,47.62510986328132
179.32,80.23757073217814,47.54620971679701
179.33,80.32022062082304,47.46730957031248
179.34,80.43385522689458,47.38840942382817
179.35,80.72066851044848,47.309509277343864
179.36,80.54333850206883,47.23060913085933
179.37,80.59207593183541,47.15170898437502
179.38,80.62389233302463,47.07280883789071
179.39,80.55841945128383,46.9939086914064
179.4,80.68440715209223,46.915008544921875
179.41,80.9012836277606,46.951107788085906
179.42,80.79242140737743,46.98720703124994
179.43,80.85254176748904,47.023306274414075
179.44,80.65522616994903,47.05940551757811
179.45,80.52932469978899,47.09550476074214
179.46,80.30919733103144,47.13160400390627
179.47,80.30356561154883,47.1677032470703
179.48,80.30980549282013,47.20380249023433
179.49,80.29678753515367,47.23990173339847
179.5,80.34138238339698,47.2760009765625
179.51,80.3901347397731,47.21790161132817
179.52,80.28176909996407,47.15980224609368
179.53,80.09871549919669,47.10170288085936
179.54,80.11691211495717,47.04360351562503
179.55,80.0246027259873,46.98550415039054
179.56,80.07665581975803,46.92740478515622
179.57,80.21376350335721,46.86930541992189
179.58,80.36735687482339,46.8112060546874
179.59,80.38488679738363,46.75310668945308
179.6,80.3854445415794,46.69500732421875
179.61,80.34517152108103,46.756605529785276
179.62,80.46312296069567,46.81820373535163
179.63,80.3921502994074,46.879801940917986
179.64,80.42245011529253,46.94140014648434
179.65,80.16657104943498,47.00299835205087
179.66,80.27572031846081,47.06459655761722
179.67,80.27508695109785,47.12619476318358
179.68,80.35535447656163,47.1877929687501
179.69,80.26628340349656,47.24939117431646
179.7,80.21468786727642,47.31098937988281
179.71,80.06160738412161,47.24968948364247
179.72,80.06528871252098,47.188389587402305
179.73,80.22783846785947,47.12708969116215
179.74,80.1232649686666,47.065789794921805
179.75,80.18279406519468,47.00448989868164
179.76,80.1016068242811,46.943190002441476
179.77,80.34448718860034,46.88189010620113
179.78,80.2742129082402,46.82059020996097
179.79,80.51707551679021,46.75929031372081
179.8,80.40995550418302,46.69799041748047
179.81,80.3258275816241,46.73888931274411
179.82,80.36161538346697,46.779788208007744
179.83,80.39481239802527,46.820687103271496
179.84,80.44947120851208,46.86158599853513
179.85,80.54083889296635,46.90248489379877
179.86,80.4731041218924,46.94338378906252
179.87,80.65019177982842,46.98428268432616
179.88,80.81780141893123,47.0251815795898
179.89,80.9209638111567,47.066080474853436
179.9,81.03573515364977,47.10697937011719
179.91,81.02990620293065,47.066381072998084
179.92,80.90175414386117,47.02578277587897
179.93,80.95043451046396,46.985184478759756
179.94,80.8945312366052,46.944586181640645
179.95,80.93902462832285,46.90398788452154
179.96,80.97637367245625,46.863389587402324
179.97,81.04769279221867,46.82279129028321
179.98,81.14197201369849,46.78219299316411
179.99,81.02865898742922,46.741594696044885
180.0,81.02508920697491,46.70099639892578
180.01,81.06905837115707,46.70629730224609
180.02,81.05101486936131,46.71159820556641
180.03,81.10315874984366,46.71689910888672
180.04,80.97578843699111,46.722200012207026
180.05,81.00093001736181,46.72750091552735
180.06,80.84067480544596,46.73280181884766
180.07,80.86766434924877,46.738102722167966
180.08,80.84569607148207,46.74340362548829
180.09,80.81917411232247,46.748704528808595
180.1,80.86491815064929,46.754005432128906
180.11,80.7128185997079,46.78690567016608
180.12,80.914541257942,46.819805908203165
180.13,80.76445336245253,46.852706146240244
180.14,80.74424593612673,46.885606384277324
180.15,80.92181593142763,46.9185066223145
180.16,81.10100061000124,46.95140686035158
180.17,80.98972651866741,46.98430709838866
180.18,80.87100816327481,47.017207336425834
180.19,80.76924354810906,47.05010757446292
180.2,80.77496781297668,47.0830078125
180.21,80.7763147289394,47.10170745849612
180.22,80.75788455898174,47.120407104492195
180.23,80.5688443393637,47.139106750488274
180.24,80.77034899574106,47.157806396484396
180.25,80.73632501155261,47.17650604248047
180.26,80.49092462820077,47.19520568847654
180.27,80.587303694717,47.21390533447266
180.28,80.72005879497098,47.23260498046874
180.29,80.55735352359129,47.251304626464815
180.3,80.66294630069294,47.27000427246094
180.31,80.61235951056085,47.321002960205035
180.32,80.7368966773358,47.37200164794913
180.33,80.59973591896399,47.423000335693374
180.34,80.70219388623977,47.47399902343747
180.35,80.79052791542611,47.52499771118157
180.36,80.71859802767344,47.57599639892581
180.37,80.83096958782515,47.62699508666991
180.38,80.76540630584002,47.677993774414006
180.39,80.69352570553266,47.728992462158104
180.4,80.6916714732674,47.779991149902344
180.41,80.76469477424565,47.73809280395511
180.42,80.83993751875263,47.69619445800788
180.43,80.90408131118008,47.654296112060536
180.44,80.9957703328749,47.612397766113304
180.45,80.89910909815104,47.57049942016607
180.46,81.21927599975027,47.52860107421873
180.47,81.06399198511728,47.486702728271496
180.48,80.9683332311389,47.444804382324264
180.49,81.0965061634306,47.40290603637692
180.5,80.96333996450035,47.36100769042969
180.51,80.84384009169169,47.325407409667996
180.52,81.01172072051318,47.28980712890621
180.53,81.0461272392371,47.25420684814452
180.54,80.90830971727434,47.218606567382835
180.55,80.9382614541981,47.183006286621044
180.56,80.88519153184929,47.14740600585935
180.57,80.88652665100709,47.11180572509767
180.58,80.97632278233185,47.076205444335876
180.59,80.966863860883,47.04060516357419
180.6,80.95146487385637,47.0050048828125
180.61,81.0727500586796,47.04530334472664
180.62,81.06630875506828,47.08560180664067
180.63,81.14462102667648,47.1259002685547
180.64,81.0050655203038,47.16619873046873
180.65,81.16424798832408,47.20649719238287
180.66,80.92003538671494,47.246795654296896
180.67,81.02946076772112,47.28709411621092
180.68,80.83908582968863,47.32739257812507
180.69,80.83578081013562,47.3676910400391
180.7,80.98873408231047,47.407989501953125
180.71,81.03764424421979,47.325189971923685
180.72,80.70539456394516,47.242390441894486
180.73,80.67831782281756,47.15959091186528
180.74,80.66138446811637,47.07679138183585
180.75,80.70726165525019,46.99399185180664
180.76,80.72403468942996,46.911192321777435
180.77,80.8413993835754,46.828392791748
180.78,80.87423761582743,46.745593261718795
180.79,80.79127768475331,46.6627937316896
180.8,80.8021433765384,46.579994201660156
180.81,80.95706838193769,46.56319503784181
180.82,81.02953712795579,46.54639587402347
180.83,81.1196290578614,46.52959671020508
180.84,81.16898632690389,46.51279754638673
180.85,81.20640112541038,46.49599838256838
180.86,81.34980874022673,46.47919921874999
180.87,81.45709338087717,46.46240005493164
180.88,81.36646986336667,46.4456008911133
180.89,81.62540484439498,46.42880172729495
180.9,81.62064042925732,46.41200256347656
180.91,81.63421235050998,46.38520278930666
180.92,81.5014093359363,46.358403015136766
180.93,81.6490501466068,46.33160324096679
180.94,81.55454054961281,46.30480346679689
180.95,81.4904392975812,46.27800369262699
180.96,81.40422990931467,46.251203918457016
180.97,81.48833344049098,46.224404144287114
180.98,81.56043941286683,46.19760437011722
180.99,81.66184507532446,46.170804595947246
181.0,81.46667022062482,46.144004821777344
181.01,81.32335083895929,46.1625045776367
181.02,81.35124970399875,46.18100433349611
181.03,81.2408871862177,46.19950408935547
181.04,81.19716445991628,46.21800384521483
181.05,81.30195177492959,46.23650360107425
181.06,81.27463493147533,46.25500335693361
181.07,81.2218880488547,46.273503112792966
181.08,81.54357970301895,46.292002868652375
181.09,81.23710884571445,46.310502624511734
181.1,81.29363386564324,46.329002380371094
181.11,81.32166787915224,46.30770339965816
181.12,81.51218864417248,46.28640441894529
181.13,81.38147462285325,46.26510543823242
181.14,81.35962157070385,46.24380645751955
181.15,81.21531341032676,46.22250747680661
181.16,81.23991869864128,46.201208496093734
181.17,81.32393732904437,46.179909515380864
181.18,81.3328560611658,46.15861053466793
181.19,81.30527905886993,46.13731155395506
181.2,81.29359562335245,46.11601257324219
181.21,81.10042765662841,46.16951217651376
181.22,81.22060113160782,46.22301177978519
181.23,81.15500735494197,46.27651138305661
181.24,81.02444016394156,46.33001098632818
181.25,81.13887730811047,46.38351058959961
181.26,81.14062205256361,46.437010192871035
181.27,81.1641078782671,46.49050979614261
181.28,81.14687526888922,46.54400939941403
181.29,81.00470922666388,46.597509002685456
181.3,80.94552447376142,46.65100860595703
181.31,80.95061259749515,46.65770721435546
181.32,81.06889288368481,46.66440582275389
181.33,80.73542305409929,46.671104431152344
181.34,80.77444683905954,46.677803039550774
181.35,80.79783513764527,46.68450164794921
181.36,80.84405619783166,46.69120025634766
181.37,80.69498624594627,46.697898864746094
181.38,80.656851429929,46.704597473144524
181.39,80.59285016447625,46.711296081542955
181.4,80.78589594577072,46.717994689941406
181.41,80.74653272357044,46.73109436035155
181.42,80.76177244521195,46.7441940307617
181.43,80.83259661750992,46.75729370117188
181.44,80.80514904215086,46.770393371582024
181.45,80.94122513385918,46.783493041992166
181.46,80.7281440607457,46.79659271240235
181.47,80.72450468981505,46.80969238281249
181.48,80.69051576393437,46.82279205322264
181.49,80.80003372308336,46.83589172363283
181.5,80.8534189531721,46.84899139404297
181.51,80.88979456057972,46.826693725585955
181.52,80.96682569552945,46.80439605712888
181.53,81.14863920071922,46.78209838867187
181.54,81.11897963628688,46.759800720214855
181.55,81.139679633522,46.737503051757784
181.56,81.22074129041721,46.71520538330077
181.57,81.11775083860836,46.692907714843756
181.58,80.92166331254182,46.67061004638668
181.59,80.89009973838463,46.64831237792967
181.6,81.02272212140133,46.626014709472656
181.61,81.01154256627734,46.6673126220704
181.62,80.95155391791415,46.70861053466802
181.63,80.87831266397748,46.74990844726564
181.64,80.85995350061688,46.79120635986326
181.65,80.85193155416813,46.832504272460994
181.66,80.86854161696175,46.873802185058615
181.67,80.83580623310509,46.915100097656236
181.68,80.75122073906431,46.95639801025398
181.69,80.6792956562586,46.9976959228516
181.7,80.60857677124699,47.03899383544922
181.71,80.71483820046704,46.98469314575186
181.72,80.86725750206944,46.930392456054655
181.73,80.87749256238406,46.876091766357455
181.74,80.9234247949097,46.8217910766601
181.75,80.81871654656345,46.76749038696289
181.76,80.90202119414853,46.71318969726568
181.77,80.8188182277313,46.65888900756833
181.78,81.07208809473238,46.604588317871126
181.79,81.00381849599216,46.55028762817392
181.8,80.9705850233513,46.49598693847656
181.81,81.12627622815306,46.572388458251886
181.82,81.02254395506921,46.64878997802721
181.83,80.8791391298685,46.725191497802754
181.84,80.81215189423386,46.80159301757808
181.85,80.82127130529133,46.87799453735341
181.86,80.97508870171093,46.95439605712895
181.87,80.99328916081014,47.03079757690428
181.88,80.98828876028055,47.1071990966796
181.89,81.04327618972283,47.183600616454925
181.9,81.12597060515547,47.26000213623047
181.91,81.0218058394944,47.30720214843746
181.92,81.06643605108,47.35440216064445
181.93,81.15893026230609,47.401602172851575
181.94,81.21105787532133,47.44880218505857
181.95,81.2874769726802,47.49600219726556
181.96,81.19334254510059,47.54320220947268
181.97,80.99861418182567,47.590402221679675
181.98,81.18113213276456,47.63760223388667
181.99,81.08961831561989,47.68480224609379
182.0,81.22987098337525,47.73200225830078
182.01,81.33804560011313,47.706101226806666
182.02,81.22919563590715,47.68020019531247
182.03,81.13449642662219,47.65429916381835
182.04,81.08523240131275,47.628398132324236
182.05,80.97461797240533,47.60249710083004
182.06,80.72339955594823,47.57659606933592
182.07,80.7035020920771,47.550695037841805
182.08,80.72970653951276,47.52479400634761
182.09,80.8316432778176,47.49889297485349
182.1,80.73946284645129,47.472991943359375
182.11,80.69525295475334,47.38709335327131
182.12,80.80378917683908,47.301194763183496
182.13,80.75175434294998,47.21529617309568
182.14,80.70864611104648,47.12939758300786
182.15,80.76921813560877,47.0434989929198
182.16,80.90311483325712,46.957600402831986
182.17,80.92675704291511,46.87170181274416
182.18,80.88066492414578,46.78580322265611
182.19,80.77630202213255,46.699904632568284
182.2,80.91251916028261,46.61400604248047
182.21,80.8290502222967,46.67660522460948
182.22,80.83695027086912,46.73920440673832
182.23,80.56937734033833,46.80180358886715
182.24,80.60669178429144,46.864402770996165
182.25,80.51612403955065,46.927001953125
182.26,80.56480881776395,46.989601135253835
182.27,80.48892051490559,47.05220031738285
182.28,80.57591309087522,47.11479949951168
182.29,80.58792560058974,47.17739868164052
182.3,80.45633181560673,47.23999786376953
182.31,80.49547837077965,47.24089736938476
182.32,80.53249657243094,47.241796875
182.33,80.50207454944629,47.242696380615236
182.34,80.5188960228896,47.243595886230466
182.35,80.57588770880702,47.2444953918457
182.36,80.51982214327147,47.24539489746094
182.37,80.44737884496759,47.24629440307617
182.38,80.49197743188975,47.24719390869141
182.39,80.65442624331578,47.24809341430664
182.4,80.75985390142195,47.248992919921875
182.41,80.73351752674961,47.23529357910157
182.42,80.604622763792,47.22159423828127
182.43,80.81161809083304,47.20789489746093
182.44,80.78292240387891,47.19419555664063
182.45,80.782223502403,47.180496215820334
182.46,80.78744627564048,47.166796874999996
182.47,80.94304407142153,47.15309753417969
182.48,80.85935597266423,47.13939819335939
182.49,80.82991456951557,47.12569885253905
182.5,81.02020235862436,47.11199951171875
182.51,81.06047870484402,47.12679977416991
182.52,81.0438871246828,47.141600036621114
182.53,81.06670337302992,47.15640029907227
182.54,81.14365311307516,47.17120056152343
182.55,80.93123406426987,47.18600082397463
182.56,80.83625113571803,47.20080108642579
182.57,80.76482183322906,47.21560134887695
182.58,80.77679758833975,47.23040161132815
182.59,80.95037090800031,47.24520187377931
182.6,80.84556894889899,47.26000213623047
182.61,80.86046203678372,47.30450210571298
182.62,80.81909785127269,47.349002075195365
182.63,80.82317786796581,47.393502044677746
182.64,80.7116944959409,47.43800201416013
182.65,80.88632320356668,47.48250198364264
182.66,80.8860816100635,47.52700195312502
182.67,80.75148754078677,47.57150192260741
182.68,80.68969026233509,47.61600189208992
182.69,80.63068420101244,47.66050186157231
182.7,80.66803188201867,47.70500183105469
182.71,80.95657226305656,47.63260269165027
182.72,80.92669344975377,47.56020355224605
182.73,80.83590792502297,47.48780441284184
182.74,80.92275708440366,47.415405273437415
182.75,81.08826879006202,47.3430061340332
182.76,80.92420061751669,47.27060699462899
182.77,80.93507524379045,47.19820785522457
182.78,81.0756843710196,47.125808715820355
182.79,80.97898181274233,47.053409576416136
182.8,80.87605580055553,46.98101043701172
182.81,81.00290232098185,47.00770950317381
182.82,80.9321879910735,47.034408569335895
182.83,81.01275147386592,47.061107635498054
182.84,81.04639452770013,47.08780670166014
182.85,80.88066492414578,47.11450576782223
182.86,81.12136086143576,47.14120483398439
182.87,81.12679833543902,47.16790390014648
182.88,81.07974539786463,47.194602966308565
182.89,80.94669472806005,47.22130203247065
182.9,80.963276356967,47.24800109863281
182.91,81.03271883638317,47.261299896240224
182.92,80.87308059982335,47.274598693847636
182.93,80.95558002985474,47.287897491455084
182.94,80.7102211027206,47.301196289062496
182.95,80.71871234811564,47.3144950866699
182.96,80.67378430883504,47.32779388427735
182.97,80.72455550074945,47.34109268188476
182.98,80.7682270512157,47.35439147949217
182.99,80.61915089277106,47.36769027709962
183.0,80.61705632382434,47.38098907470703
183.01,80.59761621675435,47.34709014892581
183.02,80.46257762918965,47.31319122314449
183.03,80.66563827525827,47.27929229736327
183.04,80.61376854017338,47.245393371582054
183.05,80.53077106596602,47.21149444580073
183.06,80.46521552897393,47.17759552001951
183.07,80.5435034522571,47.14369659423829
183.08,80.62414622948451,47.10979766845697
183.09,80.72615605336838,47.075898742675754
183.1,80.6804639845033,47.04199981689453
183.11,80.71566383069484,47.0534004211426
183.12,80.72936355507349,47.064801025390636
183.13,80.72936355507349,47.076201629638675
183.14,80.75313918030677,47.08760223388671
183.15,80.77529818755076,47.09900283813478
183.16,80.7935397217709,47.11040344238282
183.17,80.74970887096242,47.12180404663086
183.18,80.79333639130549,47.13320465087892
183.19,80.86533770575083,47.14460525512696
183.2,80.70455628507821,47.156005859375
183.21,80.80185107351248,47.20920486450204
183.22,80.80248651554778,47.26240386962893
183.23,80.77374797424824,47.31560287475583
183.24,80.62134704579655,47.368801879882874
183.25,80.52026617548049,47.422000885009766
183.26,80.64714455660858,47.47519989013666
183.27,80.62914807125688,47.5283988952637
183.28,80.54363033713224,47.5815979003906
183.29,80.5503236532946,47.63479690551749
183.3,80.60646330219582,47.68799591064453
183.31,80.92131992057497,47.69959716796874
183.32,80.75599782708366,47.71119842529295
183.33,80.6452908573122,47.72279968261719
183.34,80.75679825724814,47.7344009399414
183.35,80.66883187611893,47.74600219726561
183.36,80.76461853890358,47.75760345458985
183.37,80.61347657807106,47.76920471191406
183.38,80.81898345976548,47.780805969238266
183.39,80.6720572893947,47.792407226562474
183.4,80.78953670029968,47.80400848388672
183.41,80.87547092771393,47.76620788574222
183.42,80.9436291885484,47.72840728759772
183.43,80.71894098924291,47.69060668945311
183.44,80.84792708639046,47.65280609130861
183.45,80.8589491463853,47.61500549316412
183.46,80.68900446421769,47.57720489501951
183.47,80.85186799041297,47.53940429687501
183.48,81.07626996736124,47.50160369873051
183.49,81.13570625125878,47.463803100585906
183.5,81.03847152378376,47.426002502441406
183.51,81.09380700891631,47.49490280151361
183.52,81.00212612120791,47.563803100586014
183.53,81.03093707196811,47.632703399658226
183.54,81.27189457702495,47.70160369873043
183.55,81.44000193719326,47.770503997802834
183.56,81.29467915840816,47.83940429687504
183.57,81.27072197435105,47.90830459594724
183.58,81.45137689313871,47.977204895019646
183.59,81.40688319972419,48.04610519409186
183.6,81.23701964474434,48.11500549316406
183.61,81.32261135447501,48.08920593261713
183.62,81.26952388905181,48.06340637207028
183.63,81.18375630725335,48.03760681152343
183.64,81.20970733961468,48.011807250976574
183.65,81.30527905886993,47.98600769042965
183.66,81.22346166674306,47.9602081298828
183.67,81.21238294013612,47.93440856933594
183.68,81.28043443858277,47.90860900878902
183.69,81.35281820119457,47.88280944824216
183.7,81.31303023721237,47.85700988769531
183.71,81.4228612565265,47.78041000366198
183.72,81.4401805619247,47.70381011962886
183.73,81.51596699645869,47.62721023559575
183.74,81.65205236201963,47.55061035156241
183.75,81.68050587832673,47.4740104675293
183.76,81.7161979652895,47.39741058349618
183.77,81.71160982323582,47.32081069946285
183.78,81.73754282091888,47.24421081542973
183.79,81.91332198353288,47.16761093139662
183.8,81.8540747813271,47.09101104736328
183.81,81.68170698916803,47.029909515380915
183.82,81.85880123104712,46.96880798339854
183.83,81.88481514794698,46.907706451416
183.84,81.94972402832589,46.84660491943363
183.85,81.83187699341943,46.78550338745126
183.86,81.87044206109991,46.72440185546871
183.87,81.83282342377045,46.66330032348635
183.88,81.89748779393365,46.60219879150397
183.89,81.8963490706145,46.54109725952161
183.9,81.95301334477075,46.47999572753906
183.91,82.10958170581492,46.506395721435524
183.92,81.97119536556544,46.532795715331986
183.93,81.98514204065239,46.559195709228526
183.94,82.13365579466792,46.58559570312499
183.95,82.0604003043677,46.61199569702145
183.96,82.24785396497872,46.63839569091798
183.97,82.0419010490166,46.66479568481444
183.98,82.12218204623271,46.691195678710905
183.99,82.23486576359521,46.717595672607445
184.0,82.36315152995442,46.743995666503906
184.01,82.39629736216666,46.6986968994141
184.02,82.46343713029611,46.65339813232417
184.03,82.3384023730576,46.60809936523436
184.04,82.51210985305919,46.562800598144555
184.05,82.56847283408925,46.51750183105462
184.06,82.31244477064048,46.47220306396482
184.07,82.41615212165206,46.426904296875016
184.08,82.36771943349875,46.38160552978508
184.09,82.49272507557309,46.33630676269527
184.1,82.521498067553,46.29100799560547
184.11,82.7904508496321,46.31980743408209
184.12,82.77728481354973,46.348606872558626
184.13,83.04564880237884,46.377406311035166
184.14,83.02259437310508,46.4062057495117
184.15,83.23498480954686,46.435005187988324
184.16,83.21057573150308,46.463804626464864
184.17,82.98259329458283,46.492604064941396
184.18,82.75263427253726,46.52140350341802
184.19,82.76738042317358,46.550202941894554
184.2,82.95297384895173,46.579002380371094
184.21,82.9589745802178,46.60660324096684
184.22,82.94553762426894,46.63420410156252
184.23,82.98591615411229,46.661804962158186
184.24,83.03749983463673,46.68940582275394
184.25,82.88974758955712,46.71700668334961
184.26,82.99683182675446,46.74460754394528
184.27,82.92811047627805,46.77220840454103
184.28,82.93104598924201,46.7998092651367
184.29,82.73877678961331,46.82741012573238
184.3,82.85116837392447,46.855010986328125
184.31,82.80432552433761,46.87321014404295
184.32,82.84039739717747,46.89140930175778
184.33,82.84656134716127,46.909608459472665
184.34,82.73093866347143,46.92780761718749
184.35,82.77642297942113,46.946006774902315
184.36,82.79997709979888,46.9642059326172
184.37,82.97084146934739,46.98240509033202
184.38,83.13062803140583,47.000604248046855
184.39,82.94763003278344,47.01880340576168
184.4,82.9147918853498,47.03700256347656
184.41,82.93015760483625,46.97110214233404
184.42,82.98600631014278,46.90520172119152
184.43,83.0318054554502,46.83930130004881
184.44,82.83488349700816,46.77340087890629
184.45,82.79145426435667,46.707500457763764
184.46,82.69672273748826,46.64160003662106
184.47,82.65728869722916,46.575699615478534
184.48,82.6432785371018,46.50979919433601
184.49,82.44158691000588,46.443898773193304
184.5,82.51173741780724,46.37799835205078
184.51,82.61118176127998,46.36629867553712
184.52,82.60401143993127,46.35459899902342
184.53,82.76709744929856,46.342899322509766
184.54,82.7233516569452,46.3311996459961
184.55,82.79232904112907,46.31949996948241
184.56,82.7516053706159,46.30780029296874
184.57,82.60818766452408,46.29610061645508
184.58,82.51746530806966,46.284400939941385
184.59,82.79312663574343,46.27270126342773
184.6,82.7822693872654,46.26100158691406
184.61,82.75442200483766,46.26780166625978
184.62,82.69169573923836,46.27460174560547
184.63,82.65537347683426,46.281401824951175
184.64,82.73225035071955,46.28820190429687
184.65,82.70036129957029,46.295001983642585
184.66,82.70660361011893,46.30180206298829
184.67,82.77165081492787,46.30860214233398
184.68,82.74703326779462,46.3154022216797
184.69,82.66410783047891,46.3222023010254
184.7,82.80835242166737,46.329002380371094
184.71,82.8561423022665,46.38330307006845
184.72,82.71249255825161,46.43760375976566
184.73,82.73569036149499,46.49190444946286
184.74,82.85996454478963,46.546205139160215
184.75,82.86295033091876,46.60050582885742
184.76,82.76541247851328,46.65480651855463
184.77,82.78062285251328,46.709107208251986
184.78,82.68730527898137,46.763407897949186
184.79,82.79034793564519,46.81770858764639
184.8,82.64660744924706,46.87200927734375
184.81,82.8037594507735,46.8331092834473
184.82,82.55418117341333,46.79420928955085
184.83,82.69362423712604,46.755309295654286
184.84,82.72351882452702,46.716409301757835
184.85,82.52547312642471,46.677509307861385
184.86,82.53192076430983,46.63860931396482
184.87,82.54207437524971,46.59970932006837
184.88,82.53985221539712,46.56080932617192
184.89,82.53156112847276,46.52190933227547
184.9,82.55052656284953,46.483009338378906
184.91,82.62301089887713,46.48290863037109
184.92,82.4197459999006,46.48280792236328
184.93,82.4675969607562,46.48270721435547
184.94,82.4849114535357,46.48260650634766
184.95,82.43904517984957,46.482505798339844
184.96,82.34251414306168,46.48240509033203
184.97,82.45674182377455,46.482304382324216
184.98,82.40500518262017,46.48220367431641
184.99,82.42159431065375,46.482102966308595
185.0,82.38719859564998,46.48200225830078
185.01,82.31475365790594,46.524703216552695
185.02,82.4521842903298,46.567404174804736
185.03,82.46054200429342,46.610105133056656
185.04,82.49521626792128,46.65280609130857
185.05,82.58002268642555,46.69550704956061
185.06,82.46047781132782,46.738208007812524
185.07,82.48087958814162,46.78090896606444
185.08,82.3701124982253,46.82360992431648
185.09,82.33496421446414,46.8663108825684
185.1,82.35356063055256,46.90901184082031
185.11,82.23475037449724,46.83530883789048
185.12,82.27715490228057,46.761605834960854
185.13,82.19714426072493,46.68790283203123
185.14,82.10586648670109,46.6141998291016
185.15,82.09667488612328,46.54049682617177
185.16,82.06846276298016,46.46679382324214
185.17,82.10897957838914,46.39309082031252
185.18,82.19450375858047,46.31938781738269
185.19,82.16143698929184,46.245684814453064
185.2,82.23640429263729,46.17198181152344
185.21,82.26925531598681,46.17548370361329
185.22,82.54389836696106,46.178985595703125
185.23,82.52858131882321,46.18248748779297
185.24,82.50107200217697,46.18598937988282
185.25,82.48393557898733,46.189491271972656
185.26,82.32525308707969,46.19299316406249
185.27,82.28266303355947,46.196495056152344
185.28,82.25752846673069,46.19999694824219
185.29,82.20175883231535,46.203498840332024
185.3,82.10821090828786,46.207000732421875
185.31,81.96009135847137,46.235102081298805
185.32,82.22092350308111,46.263203430175736
185.33,82.1230532800655,46.291304779052744
185.34,82.34128252486168,46.319406127929675
185.35,82.25242507869153,46.3475074768066
185.36,82.28170118080935,46.37560882568361
185.37,82.30147158796032,46.40371017456054
185.38,82.47512087121842,46.43181152343747
185.39,82.33395074111496,46.4599128723144
185.4,82.38650562132854,46.488014221191406
185.41,82.3719089255839,46.433112335205124
185.42,82.36669292728638,46.37821044921884
185.43,82.5574569060901,46.32330856323241
185.44,82.48401262150495,46.268406677246126
185.45,82.63299018306617,46.213504791259844
185.46,82.7694255669245,46.158602905273405
185.47,82.76483367571278,46.10370101928712
185.48,82.7574187504969,46.04879913330085
185.49,82.63183350592934,45.99389724731441
185.5,82.44848700362506,45.938995361328125
185.51,82.58142311274891,45.991196441650345
185.52,82.47863257216662,46.043397521972715
185.53,82.35994380822956,46.095598602294935
185.54,82.36158615394903,46.147799682617155
185.55,82.46505482967463,46.200000762939524
185.56,82.64794417414772,46.25220184326175
185.57,82.61855157977682,46.30440292358397
185.58,82.54046876542147,46.35660400390634
185.59,82.38316270552997,46.40880508422856
185.6,82.50469341551951,46.46100616455078
185.61,82.59598696279102,46.413105773925686
185.62,82.63053546678258,46.365205383300726
185.63,82.63545778801507,46.317304992675766
185.64,82.53281985733058,46.269404602050805
185.65,82.63053546678258,46.22150421142571
185.66,82.42051612686247,46.17360382080076
185.67,82.56977038567689,46.1257034301758
185.68,82.65980165156628,46.0778030395507
185.69,82.7942329830206,46.02990264892574
185.7,82.5667063844531,45.98200225830078
185.71,82.69314853889108,46.067702484131004
185.72,82.73399285056827,46.153402709960986
185.73,82.89478060410497,46.23910293579097
185.74,82.99544076272558,46.32480316162119
185.75,82.82314213598151,46.41050338745117
185.76,82.82991663774217,46.49620361328115
185.77,82.75039641903177,46.581903839111376
185.78,82.75849913562914,46.66760406494136
185.79,82.83499930638415,46.75330429077134
185.8,82.7286753844349,46.83900451660156
185.81,82.75793321872797,46.75420379638679
185.82,82.64605476807186,46.66940307617202
185.83,82.85012599073505,46.58460235595701
185.84,82.67130646956983,46.49980163574224
185.85,82.60352314979512,46.415000915527465
185.86,82.79492123494722,46.33020019531245
185.87,83.00938412799691,46.24539947509768
185.88,82.83651770346916,46.16059875488291
185.89,82.78225652364918,46.07579803466814
185.9,82.9692445728432,45.990997314453125
185.91,82.81728784909869,46.010997009277325
185.92,82.76324519670646,46.030996704101526
185.93,82.78513799864363,46.05099639892579
185.94,82.96489182008412,46.07099609374999
185.95,83.1118345253444,46.09099578857419
185.96,83.00033529892292,46.11099548339845
185.97,83.0215831202987,46.13099517822265
185.98,82.79865201087797,46.150994873046855
185.99,82.58478289682428,46.17099456787111
186.0,82.57038704743117,46.19099426269531
186.01,82.47905629283736,46.25529403686518
186.02,82.38497210790038,46.319593811035226
186.03,82.20518779653803,46.383893585205094
186.04,82.01739226955607,46.44819335937496
186.05,82.0699228857033,46.512493133545014
186.06,81.93725210594494,46.57679290771488
186.07,81.95428045315356,46.64109268188475
186.08,82.03576070676978,46.705392456054796
186.09,82.31756284774517,46.76969223022466
186.1,82.2670624786012,46.83399200439453
186.11,82.05778761394357,46.80729370117182
186.12,82.0135126878885,46.78059539794919
186.13,81.84610599731829,46.753897094726554
186.14,81.87065953503097,46.72719879150392
186.15,82.08562002258647,46.700500488281214
186.16,82.07320180511708,46.67380218505858
186.17,82.15875861549668,46.647103881835946
186.18,82.22337212765264,46.62040557861324
186.19,82.23229517281582,46.5937072753906
186.2,82.158374163511,46.56700897216797
186.21,82.18909470701024,46.60420684814459
186.22,82.23953267940617,46.64140472412112
186.23,82.30000940691373,46.67860260009763
186.24,82.12298921859686,46.715800476074264
186.25,82.03053615207054,46.75299835205078
186.26,82.01180979818064,46.7901962280273
186.27,82.07034555523153,46.82739410400393
186.28,82.02163046528938,46.864591979980446
186.29,82.21649428015643,46.90178985595697
186.3,82.09743069192672,46.938987731933594
186.31,82.16239813885765,46.94028930664062
186.32,82.06896227718691,46.94159088134765
186.33,81.98328582877146,46.942892456054686
186.34,82.0599904678252,46.944194030761714
186.35,82.04989216528602,46.94549560546875
186.36,82.13716662796067,46.946797180175786
186.37,82.0963674406902,46.948098754882814
186.38,82.12890219471754,46.94940032958984
186.39,82.17378498246255,46.95070190429687
186.4,82.11493048512328,46.952003479003906
186.41,82.1387426833663,46.90700378417973
186.42,82.1235913973886,46.862004089355544
186.43,82.1037142602858,46.81700439453124
186.44,82.10827496399222,46.772004699707054
186.45,82.15870735517996,46.72700500488288
186.46,82.09906401024715,46.68200531005857
186.47,82.31438166832488,46.637005615234386
186.48,82.26997344452404,46.59200592041021
186.49,82.20540571461082,46.547006225585896
186.5,82.17723259068796,46.50200653076172
186.51,82.17641233533449,46.518006134033186
186.52,82.20218184119203,46.5340057373047
186.53,82.3089750897802,46.55000534057618
186.54,82.23963525047161,46.566004943847645
186.55,82.36806588078912,46.58200454711916
186.56,82.56775340393918,46.598004150390636
186.57,82.4307912455834,46.614003753662104
186.58,82.48994500340963,46.63000335693362
186.59,82.57099086429682,46.646002960205095
186.6,82.69037151704441,46.66200256347656
186.61,82.75505221723046,46.59650421142565
186.62,82.62190569618305,46.53100585937493
186.63,82.54113669721306,46.4655075073242
186.64,82.63169213483447,46.40000915527347
186.65,82.48313947507876,46.334510803222564
186.66,82.45186334201767,46.26901245117184
186.67,82.44684379169884,46.203514099121115
186.68,82.42858984108302,46.1380157470702
186.69,82.43930191849039,46.072517395019474
186.7,82.49601243010846,46.00701904296875
186.71,82.43097095359299,45.9984161376953
186.72,82.47736141668481,45.989813232421874
186.73,82.47123047876012,45.98121032714844
186.74,82.58866311805203,45.97260742187499
186.75,82.64117711822229,45.96400451660156
186.76,82.68631535174791,45.955401611328135
186.77,82.68697101717497,45.946798706054686
186.78,82.88557069239947,45.93819580078125
186.79,82.7842118047836,45.929592895507824
186.8,83.01661066675479,45.920989990234375
186.81,83.08317142838389,45.91399154663087
186.82,83.22181571418116,45.906993103027354
186.83,83.18220508287125,45.899994659423825
186.84,83.02323848812183,45.89299621582032
186.85,83.10604737663438,45.885997772216804
186.86,83.0250549059271,45.878999328613276
186.87,83.04656357343167,45.87200088500977
186.88,82.99465507430536,45.86500244140626
186.89,83.05548607370709,45.85800399780275
186.9,83.10040220076839,45.85100555419922
186.91,83.12487245666489,45.84200439453126
186.92,83.11365191205688,45.8330032348633
186.93,83.27108584642122,45.82400207519531
186.94,83.16259992183664,45.81500091552735
186.95,83.11184741454191,45.80599975585939
186.96,83.18287560615107,45.7969985961914
186.97,83.09661952741537,45.78799743652344
186.98,83.21147851353929,45.77899627685548
186.99,83.2410537758783,45.76999511718749
187.0,83.17341761203501,45.76099395751953
187.01,83.25786874629557,45.77599487304686
187.02,83.17415257002561,45.790995788574236
187.03,83.15995685061003,45.80599670410157
187.04,83.19871750201536,45.8209976196289
187.05,83.15251135412197,45.83599853515627
187.06,83.25870728192838,45.8509994506836
187.07,83.32606191877328,45.86600036621093
187.08,83.25096711342107,45.88100128173831
187.09,83.31372443280948,45.89600219726564
187.1,83.32330010093357,45.91100311279297
187.11,83.34628652548948,45.890703582763635
187.12,83.31817666288632,45.87040405273435
187.13,83.1943974207891,45.850104522705074
187.14,83.35876195677594,45.82980499267579
187.15,83.37752526725696,45.809505462646456
187.16,83.54645130454558,45.78920593261718
187.17,83.68974311791705,45.768906402587895
187.18,83.5488678956818,45.74860687255856
187.19,83.76659475718323,45.72830734252928
187.2,83.98803202410188,45.7080078125
187.21,84.01383130761903,45.726406860351595
187.22,84.13391940642583,45.74480590820313
187.23,84.23394046904572,45.76320495605468
187.24,84.19997295459125,45.781604003906274
187.25,84.03063342386184,45.80000305175781
187.26,83.89177646271551,45.81840209960935
187.27,83.676648027661,45.836801147460946
187.28,83.6539716930894,45.85520019531249
187.29,83.63423343433689,45.87359924316403
187.3,83.56374943691863,45.891998291015625
187.31,83.576163581199,45.92139816284177
187.32,83.65972616122215,45.95079803466792
187.33,83.43556482585443,45.98019790649415
187.34,83.39608410959065,46.0095977783203
187.35,83.43019903357064,46.03899765014644
187.36,83.21961666979405,46.06839752197267
187.37,83.22583985217344,46.09779739379882
187.38,83.09275316724269,46.127197265624964
187.39,83.06255999430924,46.156597137451115
187.4,83.00085052165481,46.185997009277344
187.41,83.01086547840386,46.22889709472653
187.42,83.09323001346786,46.27179718017571
187.43,83.0593902221463,46.314697265625014
187.44,82.99533772140941,46.3575973510742
187.45,83.21795289391977,46.40049743652337
187.46,83.01427907531583,46.44339752197268
187.47,83.19809849841816,46.48629760742186
187.48,82.9715368968219,46.529197692871044
187.49,83.08038786526345,46.57209777832035
187.5,83.17638969625017,46.61499786376953
187.51,82.98283799902312,46.621797943115226
187.52,82.85842019376214,46.62859802246094
187.53,82.91036331978991,46.63539810180664
187.54,82.63504651796501,46.64219818115234
187.55,82.59400820781224,46.648998260498054
187.56,82.54369284576079,46.655798339843756
187.57,82.46342429147562,46.66259841918945
187.58,82.51740109295137,46.669398498535166
187.59,82.64509079370048,46.67619857788087
187.6,82.69066721622649,46.68299865722656
187.61,82.63052261496081,46.621899414062376
187.62,82.62248399899633,46.56080017089837
187.63,82.70356921214163,46.49970092773436
187.64,82.51691305886897,46.438601684570344
187.65,82.4453225542244,46.377502441406165
187.66,82.53303820923185,46.316403198242156
187.67,82.54529848694662,46.25530395507814
187.68,82.7972754734219,46.19420471191396
187.69,82.55080916626336,46.133105468749946
187.7,82.54303774864249,46.07200622558594
187.71,82.50026297388743,46.100606536865286
187.72,82.45742225506666,46.12920684814455
187.73,82.76677588866413,46.15780715942381
187.74,82.81658020206413,46.18640747070316
187.75,82.74137457789678,46.21500778198242
187.76,82.55719998353145,46.243608093261685
187.77,82.43769730854413,46.27220840454103
187.78,82.57505062650296,46.300808715820295
187.79,82.40277203450545,46.32940902709956
187.8,82.42600980356455,46.358009338378906
187.81,82.468559899428,46.314608764648476
187.82,82.40796992600676,46.271208190918045
187.83,82.3911383383787,46.22780761718749
187.84,82.57090093398541,46.18440704345706
187.85,82.62836352309183,46.14100646972663
187.86,82.47070406306632,46.09760589599607
187.87,82.58957536872713,46.05420532226564
187.88,82.6245916085999,46.01080474853521
187.89,82.83173093953756,45.96740417480478
187.9,82.93268757891452,45.92400360107422
187.91,83.1239701445576,45.952404022216776
187.92,82.82677704186287,45.980804443359325
187.93,82.92742810570687,46.00920486450196
187.94,82.93773477260821,46.03760528564452
187.95,82.97836898006888,46.06600570678707
187.96,82.90563878867293,46.0944061279297
187.97,82.72207861705533,46.12280654907226
187.98,82.80872552573723,46.15120697021481
187.99,82.8140584299435,46.17960739135744
188.0,82.71220967822046,46.2080078125
188.01,82.9163045738289,46.18090591430666
188.02,82.94350318202795,46.15380401611325
188.03,83.01910975691709,46.12670211791991
188.04,83.1991817562244,46.099600219726575
188.05,83.16182633566663,46.07249832153317
188.06,83.09676129566459,46.04539642333983
188.07,82.95395249417477,46.018294525146494
188.08,83.00731025963285,45.99119262695308
188.09,83.01572182416758,45.96409072875974
188.1,83.01740934096435,45.936988830566406
188.11,83.04917907339237,45.904689788818295
188.12,83.13610664970058,45.87239074707028
188.13,83.16321879336321,45.84009170532226
188.14,83.18018063475073,45.80779266357424
188.15,83.36597786932903,45.77549362182613
188.16,83.48104863434456,45.743194580078104
188.17,83.28334920859581,45.710895538330085
188.18,83.40392785698646,45.678596496581974
188.19,83.50119514765498,45.646297454833956
188.2,83.38687221177759,45.61399841308594
188.21,83.19913017235943,45.72429733276386
188.22,83.16884031518295,45.83459625244147
188.23,83.01559300679611,45.944895172119075
188.24,82.91503648980114,46.055194091797
188.25,83.08513670084682,46.16549301147461
188.26,83.15911236870586,46.27579193115222
188.27,83.1967315402985,46.38609085083014
188.28,83.00635062396695,46.49638977050775
188.29,83.08567796104778,46.60668869018536
188.3,83.05147250133675,46.71698760986328
188.31,83.057547658809,46.70839004516602
188.32,82.85176034754402,46.699792480468766
188.33,82.88275182715022,46.69119491577148
188.34,83.06158070864802,46.68259735107422
188.35,83.04186093079936,46.67399978637697
188.36,83.07131583504957,46.665402221679685
188.37,83.15346539081405,46.65680465698242
188.38,83.14429912946522,46.64820709228517
188.39,83.24004764030938,46.63960952758791
188.4,83.33168248575001,46.631011962890625
188.41,83.32145461265479,46.5893104553223
188.42,83.27005372644774,46.54760894775398
188.43,83.18504193060177,46.50590744018554
188.44,83.2659382116587,46.46420593261721
188.45,83.45197321623246,46.422504425048885
188.46,83.15574736564356,46.380802917480445
188.47,83.32555859341993,46.33910140991212
188.48,83.28163318631616,46.2973999023438
188.49,83.32719117717096,46.25569839477536
188.5,83.18773698075137,46.21399688720703
188.51,82.92241984913395,46.26189727783199
188.52,82.95238151385801,46.30979766845709
188.53,82.96603794804989,46.35769805908205
188.54,83.05774093372408,46.40559844970701
188.55,83.11782166244214,46.4534988403321
188.56,82.94963877240532,46.501399230957055
188.57,82.93246869898911,46.549299621582016
188.58,82.93065973456788,46.59720001220711
188.59,82.86557580799686,46.64510040283207
188.6,82.99038537629563,46.69300079345703
188.61,82.8500616463086,46.639700317382704
188.62,82.97875534583129,46.586399841308534
188.63,82.92834222541258,46.53309936523436
188.64,82.90368207406293,46.479798889160186
188.65,82.92493039586368,46.42649841308586
188.66,82.99325114851924,46.37319793701169
188.67,82.90261361464798,46.31989746093752
188.68,82.95706874505213,46.26659698486319
188.69,82.90659140809042,46.213296508789014
188.7,83.01899381891256,46.159996032714844
188.71,83.01331295586121,46.15529708862304
188.72,83.044759804352,46.150598144531244
188.73,83.24346594617265,46.14589920043946
188.74,83.11072605809805,46.14120025634765
188.75,82.94539598507701,46.13650131225586
188.76,83.14204954330168,46.13180236816407
188.77,83.16850508149051,46.12710342407226
188.78,83.10308299097154,46.122404479980474
188.79,83.07252712861155,46.11770553588868
188.8,82.9227030884015,46.113006591796875
188.81,83.0436260166712,46.08150711059573
188.82,82.88239142774339,46.050007629394585
188.83,82.87333021446382,46.01850814819335
188.84,83.02102918675631,45.9870086669922
188.85,83.07214054460039,45.95550918579106
188.86,82.86342651730102,45.92400970458983
188.87,82.99209195269174,45.89251022338868
188.88,82.98127962428146,45.86101074218754
188.89,82.79950109576231,45.82951126098639
188.9,82.77180516849992,45.798011779785156
188.91,82.87074322600617,45.91291122436514
188.92,82.74150318233656,46.027810668945115
188.93,82.57655379162355,46.142710113525425
188.94,82.63349141233958,46.2576095581054
188.95,82.72963984614802,46.37250900268538
188.96,82.64035455068142,46.48740844726569
188.97,82.53398868557899,46.60230789184567
188.98,82.72202718130607,46.71720733642565
188.99,82.54501589296554,46.832106781005955
189.0,82.41684522064423,46.94700622558594
189.01,82.26556213301812,46.908404541015656
189.02,82.36528149168856,46.86980285644527
189.03,82.32942225919072,46.83120117187499
189.04,82.34547776210293,46.792599487304706
189.05,82.5310473643505,46.75399780273432
189.06,82.3750142247858,46.715396118164044
189.07,82.44389760778546,46.67679443359376
189.08,82.52778499949133,46.638192749023375
189.09,82.44144570174704,46.599591064453094
189.1,82.45966898210219,46.56098937988281
189.11,82.35187987444668,46.54319152832028
189.12,82.46917618312831,46.525393676757794
189.13,82.51514073670698,46.50759582519531
189.14,82.53719336979495,46.489797973632825
189.15,82.5023690240614,46.472000122070284
189.16,82.57282802280595,46.4542022705078
189.17,82.83590004873857,46.436404418945315
189.18,82.8186002206926,46.41860656738278
189.19,82.74467974372104,46.4008087158203
189.2,82.75479498739254,46.38301086425781
189.21,82.73783799496853,46.34291000366204
189.22,82.8784785703337,46.30280914306638
189.23,82.78334993459553,46.262708282470726
189.24,82.83893687333567,46.222607421874955
189.25,83.03999279465333,46.1825065612793
189.26,83.091709265418,46.14240570068364
189.27,82.97741594836745,46.10230484008787
189.28,82.89546284034279,46.06220397949221
189.29,82.99340570857457,46.02210311889655
189.3,82.93750301034999,45.98200225830078
189.31,82.89520539237606,45.970101928710946
189.32,82.80029872492248,45.95820159912111
189.33,82.74675032870428,45.94630126953125
189.34,82.88619496540058,45.93440093994141
189.35,83.00391612997323,45.92250061035158
189.36,83.12009025830076,45.91060028076171
189.37,82.97023619225101,45.89869995117188
189.38,83.06432530014938,45.88679962158204
189.39,83.08036209174873,45.874899291992215
189.4,83.2356877897757,45.862998962402344
189.41,83.10385630387337,45.89429855346677
189.42,83.07888012137622,45.92559814453119
189.43,82.99841610831928,45.95689773559571
189.44,83.22095156903252,45.988197326660135
189.45,83.05707091497995,46.01949691772457
189.46,83.03756425180777,46.050796508789084
189.47,83.11868527198885,46.08209609985351
189.48,83.08593570462028,46.11339569091793
189.49,82.88279044141885,46.14469528198245
189.5,82.89359635164146,46.175994873046875
189.51,82.9803265758653,46.20239562988279
189.52,83.04531381705641,46.22879638671878
189.53,82.77678314836201,46.255197143554696
189.54,82.77478936584775,46.28159790039061
189.55,82.96695228053088,46.3079986572266
189.56,82.93634420391615,46.33439941406252
189.57,82.97403530845818,46.36080017089843
189.58,82.93687210362096,46.38720092773442
189.59,83.01216650140235,46.41360168457034
189.6,82.84106654140348,46.44000244140625
189.61,82.96699091440861,46.48010253906258
189.62,83.12131479733979,46.52020263671879
189.63,82.99931773872531,46.560302734375014
189.64,82.83469048156144,46.60040283203123
189.65,82.73998565631561,46.64050292968756
189.66,82.69226142962137,46.68060302734377
189.67,82.74424248064021,46.720703124999986
189.68,82.74370233372373,46.76080322265632
189.69,82.87175999774783,46.800903320312536
189.7,82.6129743875184,46.84100341796875
189.71,82.69134861200675,46.850803375244155
189.72,82.7251004953913,46.86060333251954
189.73,82.74550283030155,46.870403289794915
189.74,82.86116142673494,46.88020324707033
189.75,82.86131586374462,46.8900032043457
189.76,82.82198412875364,46.89980316162108
189.77,82.86381261537217,46.90960311889649
189.78,83.03804737865754,46.91940307617187
189.79,83.03543849835658,46.92920303344725
189.8,83.13645470919674,46.939002990722656
189.81,83.21988751860353,46.88030319213872
189.82,83.17943275568933,46.82160339355479
189.83,83.02913869794273,46.76290359497069
189.84,83.15309151091772,46.70420379638675
189.85,82.8867741924054,46.64550399780282
189.86,83.03803449518385,46.58680419921872
189.87,83.11164118750179,46.52810440063478
189.88,83.09783100544387,46.46940460205085
189.89,83.04483710833935,46.41070480346691
189.9,83.04169344187358,46.35200500488281
189.91,83.04509478855705,46.36130447387694
189.92,83.17593839980204,46.37060394287108
189.93,83.40900228195545,46.379903411865236
189.94,83.37646666844664,46.38920288085937
189.95,83.30201370269536,46.3985023498535
189.96,83.18532561803535,46.40780181884766
189.97,83.22805832882135,46.417101287841795
189.98,83.24466559467939,46.426400756835925
189.99,83.39317911055372,46.43570022583009
190.0,83.39973802466585,46.44499969482422
190.01,83.08426037854508,46.50150070190425
190.02,83.07840331632768,46.55800170898444
190.03,82.77604994812984,46.61450271606447
190.04,82.75633837241672,46.6710037231445
190.05,82.77313004257918,46.72750473022469
190.06,82.62885188664119,46.78400573730472
190.07,82.6887516091679,46.84050674438475
190.08,82.7016856017508,46.89700775146494
190.09,82.72249010362509,46.95350875854497
190.1,82.7487694955315,47.010009765625
190.11,82.68409125113506,47.0371086120606
190.12,82.75447345065733,47.06420745849613
190.13,82.71641435397784,47.09130630493165
190.14,82.81408416211819,47.11840515136717
190.15,82.83725117145258,47.14550399780277
190.16,82.75250565944728,47.1726028442383
190.17,82.67435955575431,47.19970169067382
190.18,82.48854535295322,47.22680053710942
190.19,82.70183989007309,47.25389938354495
190.2,82.51822304835234,47.28099822998047
190.21,82.50619594012848,47.307597351074264
190.22,82.72438038320415,47.33419647216798
190.23,82.69631131501089,47.360795593261706
190.24,82.6355863101156,47.3873947143555
190.25,82.57004017491104,47.41399383544922
190.26,82.46751992590532,47.440592956542936
190.27,82.38694193815408,47.46719207763673
190.28,82.41302679752363,47.493791198730456
190.29,82.44081668460869,47.52039031982417
190.3,82.32694639963694,47.54698944091797
190.31,82.24177643606698,47.5094909667969
190.32,82.24590502829544,47.471992492675845
190.33,82.16007857415987,47.43449401855467
190.34,82.22398749453433,47.396995544433615
190.35,82.39174149948867,47.35949707031256
190.36,82.45903989544696,47.321998596191385
190.37,82.22505157186738,47.28450012207033
190.38,82.2736154303589,47.24700164794926
190.39,82.10490566785155,47.209503173828196
190.4,82.22419261733994,47.17200469970703
190.41,82.31879428853972,47.182303619384754
190.42,82.16387191244414,47.192602539062484
190.43,82.23449395456934,47.202901458740236
190.44,82.34398953115617,47.213200378417966
190.45,82.27659063353973,47.22349929809569
190.46,82.25118131213344,47.23379821777344
190.47,82.16478181404035,47.24409713745117
190.48,82.44600935441157,47.25439605712889
190.49,82.41531142487544,47.26469497680665
190.5,82.32107760938541,47.274993896484375
190.51,82.16907507967984,47.26929321289063
190.52,82.1923888238611,47.263592529296865
190.53,82.17830918205196,47.25789184570312
190.54,82.04584533341004,47.252191162109376
190.55,81.99524916028447,47.24649047851562
190.56,81.86537627949332,47.240789794921874
190.57,81.79750226588392,47.23508911132813
190.58,81.74940512215841,47.229388427734364
190.59,81.89057880785695,47.22368774414062
190.6,81.91417931277282,47.217987060546875
190.61,81.8812969186343,47.17228927612295
190.62,81.74925172483908,47.126591491699166
190.63,81.91170970487572,47.08089370727538
190.64,82.11038881625298,47.035195922851585
190.65,82.2363401869732,46.98949813842767
190.66,82.28184225219422,46.94380035400388
190.67,82.36457577842465,46.89810256958009
190.68,82.39044534748845,46.852404785156175
190.69,82.27701383491396,46.80670700073238
190.7,82.12530825968105,46.761009216308594
190.71,82.03120201743822,46.820508575439554
190.72,82.00844248185604,46.880007934570344
190.73,82.10996604362403,46.93950729370114
190.74,82.03092030483747,46.9990066528321
190.75,82.17159982856313,47.05850601196289
190.76,82.03154775629118,47.11800537109368
190.77,81.98862409479231,47.17750473022464
190.78,82.02418495669977,47.23700408935544
190.79,82.12725576699046,47.29650344848623
190.8,82.29620010150249,47.35600280761719
190.81,82.23921214523895,47.32030258178714
190.82,82.2030278622106,47.28460235595709
190.83,82.17973183145659,47.24890213012694
190.84,82.14870549457443,47.213201904296895
190.85,82.17126661075271,47.17750167846685
190.86,82.20097690968142,47.1418014526367
190.87,82.26486967044036,47.10610122680665
190.88,82.18020605066128,47.0704010009766
190.89,82.22185936052374,47.034700775146554
190.9,82.20443149487907,46.999000549316406
190.91,82.22307726517121,46.99210052490235
190.92,82.10308653289488,46.98520050048829
190.93,82.32010270447633,46.97830047607422
190.94,82.23622479684079,46.97140045166016
190.95,82.35726220080643,46.9645004272461
190.96,82.13236167431545,46.95760040283203
190.97,82.15212694752924,46.95070037841797
190.98,81.9843611489557,46.94380035400391
190.99,82.07281755336015,46.93690032958984
191.0,82.01864707138367,46.93000030517578
191.01,82.08180928021308,46.87540130615239
191.02,82.31678037452613,46.820802307128844
191.03,82.17741202209224,46.76620330810545
191.04,82.23324391586195,46.71160430908206
191.05,82.3361188119564,46.657005310058516
191.06,82.49158222156689,46.602406311035125
191.07,82.45298024483938,46.547807312011734
191.08,82.40138595779172,46.49320831298819
191.09,82.58479574508853,46.4386093139648
191.1,82.43715816310724,46.384010314941406
191.11,82.47697621998788,46.432709503173925
191.12,82.43918638605254,46.48140869140631
191.13,82.46024671685858,46.530107879638685
191.14,82.42849998835152,46.57880706787107
191.15,82.35968719319007,46.62750625610359
191.16,82.62015794887073,46.67620544433596
191.17,82.58018970912487,46.72490463256835
191.18,82.51456280968242,46.773603820800865
191.19,82.78642438760001,46.82230300903324
191.2,82.62173863130266,46.871002197265625
191.21,82.53588965469214,46.92200317382821
191.22,82.53461805806393,46.97300415039065
191.23,82.50643351733802,47.0240051269531
191.24,82.31720367924846,47.07500610351568
191.25,82.40419662549786,47.126007080078125
191.26,82.29383376191845,47.17700805664057
191.27,82.2853049513734,47.22800903320315
191.28,82.23867364924425,47.2790100097656
191.29,82.2389044330261,47.33001098632804
191.3,82.31254738716466,47.381011962890625
191.31,82.04671616222186,47.40871124267576
191.32,82.10037067877258,47.43641052246089
191.33,82.02867942637758,47.4641098022461
191.34,81.9007888568329,47.49180908203123
191.35,81.84166769352777,47.519508361816364
191.36,81.65285722063975,47.54720764160158
191.37,81.84533855866283,47.57490692138671
191.38,81.79501524014435,47.602606201171845
191.39,81.8507362868791,47.63030548095698
191.4,81.96770088137542,47.65800476074219
191.41,81.93951733118921,47.658905029296875
191.42,82.00204733457713,47.65980529785156
191.43,82.00868574573768,47.66070556640625
191.44,81.93462857911732,47.66160583496094
191.45,81.7421572560756,47.662506103515625
191.46,81.88876204880226,47.66340637207031
191.47,81.86807545170129,47.664306640625
191.48,81.89509520465695,47.66520690917969
191.49,81.89457063093079,47.666107177734375
191.5,81.93091092427974,47.66700744628906
191.51,81.81168991708506,47.72180633544917
191.52,82.17546392018518,47.77660522460944
191.53,82.0528056871838,47.831404113769544
191.54,81.85109443628,47.886203002929655
191.55,82.02424897961984,47.94100189208992
191.56,81.95852981741834,47.99580078125003
191.57,82.16238532349313,48.05059967041014
191.58,82.18264125191406,48.1053985595704
191.59,82.14530974093158,48.160197448730514
191.6,82.10321464033079,48.214996337890625
191.61,82.16647347546893,48.111597442626746
191.62,82.28217569413013,48.008198547363165
191.63,82.35783957670719,47.90479965209958
191.64,82.40577524071031,47.801400756835996
191.65,82.3935124959312,47.698001861572116
191.66,82.32314288753705,47.594602966308535
191.67,82.29818811184616,47.491204071044955
191.68,82.26072137040768,47.387805175781075
191.69,82.42452084506402,47.28440628051749
191.7,82.10586648670109,47.181007385253906
191.71,82.18252589946172,47.253107452392705
191.72,81.98675504183313,47.32520751953129
191.73,81.98811202336961,47.39730758666988
191.74,82.07705718086599,47.46940765380867
191.75,82.11507141347214,47.541507720947266
191.76,81.91333477945871,47.61360778808586
191.77,82.0211695081805,47.68570785522465
191.78,81.97023533501543,47.75780792236324
191.79,82.03563265196962,47.829907989501834
191.8,81.92561292811921,47.902008056640625
191.81,81.80375516766927,47.883406066894544
191.82,81.78055414263936,47.86480407714847
191.83,81.94662675567658,47.84620208740234
191.84,82.04899570658169,47.82760009765626
191.85,81.97801174141564,47.808998107910185
191.86,82.0481760914805,47.790396118164054
191.87,81.96004016016819,47.77179412841797
191.88,82.02175850916059,47.7531921386719
191.89,82.14047251768024,47.73459014892582
191.9,82.23132079376258,47.71598815917969
191.91,82.0569167263784,47.793388366699155
191.92,82.13830702426233,47.870788574218615
191.93,82.23394265307813,47.9481887817383
191.94,82.09388227790711,48.02558898925777
191.95,81.98035433694493,48.10298919677724
191.96,82.10946640464759,48.18038940429692
191.97,82.03231606746188,48.257789611816385
191.98,82.01301334245797,48.33518981933585
191.99,82.00488959267675,48.41259002685553
192.0,82.07683943297914,48.489990234375
192.01,82.05931167830296,48.40679016113288
192.02,82.05358690477495,48.32359008789053
192.03,82.07892726284547,48.24039001464841
192.04,82.1309138091737,48.157189941406294
192.05,82.12205392400003,48.07398986816394
192.06,82.06426818714345,47.99078979492183
192.07,82.01262923162275,47.90758972167971
192.08,81.96138412092625,47.82438964843736
192.09,81.90540149723176,47.74118957519524
192.1,82.20739262800895,47.657989501953125
192.11,82.13373267342551,47.64929046630858
192.12,82.06257757816014,47.64059143066405
192.13,82.07480286378636,47.63189239501953
192.14,81.90418594760838,47.623193359375
192.15,81.94777862709837,47.614494323730455
192.16,82.00659241053802,47.605795288085936
192.17,82.11275892538721,47.59709625244141
192.18,81.97413949430764,47.588397216796864
192.19,81.98260735656942,47.57969818115234
192.2,81.88840381700115,47.57099914550781
192.21,82.00795595517515,47.5406990051269
192.22,82.00212415171596,47.51039886474608
192.23,82.11535327053262,47.48009872436525
192.24,82.26095218512336,47.44979858398434
192.25,82.20250230318685,47.419498443603516
192.26,82.16974150708926,47.38919830322269
192.27,82.18938950855252,47.35889816284178
192.28,82.13355328971375,47.32859802246095
192.29,82.10901801198865,47.29829788208013
192.3,82.11589136262774,47.26799774169922
192.31,82.07986231182426,47.329797363281195
192.32,81.95168225156522,47.39159698486318
192.33,81.97783252783536,47.45339660644533
192.34,81.85979898405024,47.51519622802731
192.35,81.91559967407366,47.57699584960929
192.36,81.94238410180913,47.63879547119144
192.37,81.92100611417878,47.70059509277342
192.38,82.03592717815938,47.7623947143554
192.39,82.10435480091341,47.82419433593738
192.4,82.09462526077674,47.88599395751953
192.41,81.98501402536529,47.87459411621095
192.42,82.16221872384527,47.86319427490236
192.43,82.05863289158815,47.851794433593746
192.44,82.14300964095605,47.840394592285165
192.45,81.87189402216752,47.82899475097658
192.46,81.81840374680698,47.81759490966796
192.47,81.77294052688721,47.80619506835938
192.48,81.73408527821437,47.79479522705079
192.49,81.69100311636082,47.783395385742175
192.5,81.75673640080177,47.771995544433594
192.51,81.50480451861237,47.78919601440428
192.52,81.58804687955775,47.80639648437502
192.53,81.65868298225168,47.82359695434571
192.54,81.71665806463491,47.8407974243164
192.55,81.62061488317025,47.85799789428713
192.56,81.66741562327434,47.87519836425782
192.57,81.70376938551271,47.89239883422851
192.58,81.71392304867258,47.90959930419925
192.59,81.89060439615658,47.926799774169936
192.6,81.9718865910425,47.944000244140625
192.61,81.88495587869161,47.89380111694326
192.62,82.06973076355028,47.843601989746034
192.63,81.88738030188698,47.79340286254882
192.64,81.84728274357809,47.74320373535159
192.65,81.8564475813868,47.693004608154226
192.66,81.80984206643429,47.642805480957
192.67,81.84443042756847,47.59260635375978
192.68,81.73133718892132,47.54240722656242
192.69,81.5097378678899,47.49220809936519
192.7,81.64867966427535,47.44200897216797
192.71,81.78765027741974,47.46310653686527
192.72,81.86069440858913,47.48420410156251
192.73,82.0325977824593,47.505301666259754
192.74,82.06773270648937,47.526399230957054
192.75,82.08503079235476,47.5474967956543
192.76,82.03028005072565,47.56859436035154
192.77,81.93556280580646,47.58969192504884
192.78,81.78405742115442,47.61078948974608
192.79,81.61564624524195,47.631887054443325
192.8,81.63055899694183,47.652984619140625
192.81,81.65019992471161,47.74968643188468
192.82,81.78115506464435,47.84638824462874
192.83,81.83723590777944,47.94309005737308
192.84,81.94292162688326,48.039791870117135
192.85,81.76723853595061,48.13649368286119
192.86,81.6771325929809,48.23319549560552
192.87,81.67233472838663,48.32989730834958
192.88,81.83674988921827,48.42659912109364
192.89,81.89485210930668,48.523300933837696
192.9,81.58289406931415,48.62000274658203
192.91,81.8399857768212,48.56160202026372
192.92,81.69781422493143,48.50320129394541
192.93,81.72400065591668,48.444800567626935
192.94,81.73902556150396,48.386399841308624
192.95,81.90540149723176,48.32799911499032
192.96,81.85416432042985,48.269598388671845
192.97,81.95264217346309,48.211197662353534
192.98,82.24158411286815,48.15279693603522
192.99,82.30921879899292,48.09439620971675
193.0,82.13283575682559,48.03599548339844
193.01,82.09668769636215,48.05069732666014
193.02,82.23614787013084,48.06539916992189
193.03,82.28295800286254,48.0801010131836
193.04,82.16725523398203,48.094802856445305
193.05,82.19990016984592,48.10950469970705
193.06,82.20776437576285,48.12420654296876
193.07,82.12647419878311,48.13890838623046
193.08,82.00127916516766,48.153610229492216
193.09,82.07373975908793,48.16831207275392
193.1,81.98927698817548,48.183013916015625
193.11,82.23976346439336,48.23941345214855
193.12,82.38905937445112,48.29581298828131
193.13,82.41547186066033,48.35221252441408
193.14,82.37292263252479,48.408612060546844
193.15,82.54739226651189,48.465011596679766
193.16,82.51638649739867,48.52141113281253
193.17,82.3466837522174,48.5778106689453
193.18,82.30939837443317,48.63421020507822
193.19,82.1396396322183,48.690609741210984
193.2,82.15174251105994,48.74700927734375
193.21,82.18396140241117,48.728809356689425
193.22,82.29687987007979,48.71060943603515
193.23,82.40533887401747,48.69240951538087
193.24,82.23462216448333,48.67420959472654
193.25,82.28534342621799,48.656009674072266
193.26,82.22973102980566,48.63780975341799
193.27,82.2754621018628,48.619609832763665
193.28,82.27342306993576,48.60140991210938
193.29,82.20024626402397,48.58320999145511
193.3,82.28302212669405,48.56501007080078
193.31,82.05654531985192,48.50190811157232
193.32,82.16797291720268,48.43880615234386
193.33,82.04397562833917,48.37570419311522
193.34,82.03017761029963,48.31260223388676
193.35,81.88940175039603,48.249500274658295
193.36,82.04923903060292,48.18639831542965
193.37,82.14880800898335,48.12329635620119
193.38,82.21432778487164,48.060194396972726
193.39,82.06670167004091,47.997092437744264
193.4,82.1950036562172,47.933990478515625
193.41,82.0391734013041,48.01959075927727
193.42,81.9515542624036,48.10519104003892
193.43,81.93180033626709,48.190791320800805
193.44,81.7298161733141,48.27639160156245
193.45,81.65810806232392,48.3619918823241
193.46,81.48053562480837,48.447592163085986
193.47,81.75779745044146,48.53319244384763
193.48,81.78038154049938,48.61879272460928
193.49,81.80834589595808,48.704393005371166
193.5,81.97426750110445,48.78999328613281
193.51,81.91709042417082,48.82369461059567
193.52,81.97822935816936,48.85739593505863
193.53,82.03394233797444,48.891097259521494
193.54,81.93743127516288,48.924798583984355
193.55,81.98585892810715,48.958499908447315
193.56,82.15842542372378,48.992201232910176
193.57,82.05622514248647,49.02590255737304
193.58,81.84826763553757,49.059603881836
193.59,81.95365329727512,49.09330520629886
193.6,81.98527005603944,49.12700653076172
193.61,81.8242737779236,49.01730651855447
193.62,81.99688786578638,48.907606506347534
193.63,81.80128722491955,48.79790649414059
193.64,81.83095614752017,48.688206481933655
193.65,81.98046954742465,48.578506469726406
193.66,81.86358538410127,48.46880645751947
193.67,81.81848047788162,48.359106445312534
193.68,81.66802890621781,48.24940643310528
193.69,81.73204018411035,48.13970642089834
193.7,81.7184217907917,48.030006408691406
193.71,81.68518259369124,47.9978050231933
193.72,81.81819913078381,47.965603637695295
193.73,81.8344221361183,47.93340225219728
193.74,81.80594182162477,47.901200866699185
193.75,81.5423285405064,47.86899948120117
193.76,81.61814970457482,47.83679809570316
193.77,81.55846033323392,47.80459671020506
193.78,81.72485699383937,47.77239532470705
193.79,81.59849347798726,47.74019393920904
193.8,81.4917666396668,47.70799255371094
193.81,81.4461263254778,47.689993286132825
193.82,81.56995848025822,47.67199401855472
193.83,81.61719174366246,47.65399475097656
193.84,81.76794168552138,47.635995483398446
193.85,81.47134081035662,47.61799621582034
193.86,81.63128710633988,47.59999694824218
193.87,81.58205124550626,47.58199768066407
193.88,81.5043194881862,47.563998413085955
193.89,81.49412141947373,47.54599914550785
193.9,81.64667396417727,47.52799987792969
193.91,81.52566218679497,47.587398529052685
193.92,81.81619134962942,47.64679718017568
193.93,81.5986595051212,47.70619583129884
193.94,81.56624910790654,47.76559448242184
193.95,81.5949814051167,47.82499313354484
193.96,81.63752087760129,47.884391784668004
193.97,81.6555401113559,47.943790435791
193.98,81.78505471853966,48.00318908691399
193.99,81.7243201844676,48.06258773803716
194.0,81.79314839530339,48.121986389160156
194.01,81.92812113683341,48.05708923339849
194.02,81.84546646485555,47.992192077636645
194.03,81.88450809946936,47.92729492187498
194.04,81.86203755457987,47.86239776611332
194.05,81.90714166818137,47.79750061035147
194.06,81.96173610975785,47.73260345458981
194.07,81.93859587985432,47.66770629882814
194.08,81.82445282357618,47.602809143066295
194.09,81.67619984076607,47.53791198730463
194.1,81.65596171247572,47.47301483154297
194.11,81.73889773851003,47.55171356201188
194.12,81.80411321426928,47.63041229248056
194.13,81.70491954882851,47.709111022949244
194.14,81.9082676709993,47.787809753417925
194.15,81.79030980904177,47.86650848388683
194.16,81.78849416257795,47.94520721435551
194.17,81.79523261387358,48.02390594482419
194.18,81.84743623284433,48.1026046752931
194.19,82.03476188197912,48.18130340576179
194.2,82.01392240835148,48.26000213623047
194.21,81.84709088219769,48.20570144653311
194.22,81.84239674381507,48.151400756835905
194.23,81.69142480902127,48.097100067138705
194.24,81.75111167433448,48.04279937744135
194.25,81.83843817042083,47.98849868774414
194.26,81.80137673514584,47.93419799804693
194.27,82.07031993886551,47.87989730834958
194.28,81.91711601661214,47.825596618652376
194.29,82.03290510846273,47.77129592895517
194.3,81.9865886203423,47.71699523925781
194.31,82.2152123268357,47.74059600830076
194.32,82.32067995010696,47.76419677734371
194.33,82.25942624939817,47.78779754638673
194.34,82.20377774540104,47.81139831542968
194.35,82.1284153108451,47.83499908447262
194.36,82.21823775271172,47.858599853515635
194.37,82.06897508526349,47.882200622558585
194.38,82.02948613909709,47.905801391601535
194.39,81.85181073743249,47.929402160644486
194.4,82.05991362358743,47.9530029296875
194.41,82.02847454758839,47.922103881835966
194.42,81.94406067393804,47.891204833984425
194.43,81.89174307953691,47.860305786132805
194.44,81.73759394968069,47.829406738281264
194.45,81.99122288191334,47.79850769042973
194.46,81.9756627816717,47.76760864257811
194.47,81.77108671878578,47.73670959472657
194.48,81.83401286427008,47.705810546875036
194.49,81.8488304336035,47.67491149902341
194.5,82.00271308430904,47.644012451171875
194.51,82.15794486257157,47.607012176513706
194.52,82.07198501097263,47.57001190185542
194.53,82.01826294735578,47.533011627197254
194.54,81.98109680590107,47.496011352539085
194.55,82.02783430302128,47.45901107788081
194.56,82.00921068481685,47.42201080322263
194.57,81.90400681474225,47.385010528564464
194.58,81.976885259308,47.34801025390619
194.59,81.87825211209682,47.31100997924801
194.6,81.81936288782619,47.274009704589844
194.61,81.88482794164604,47.31850967407235
194.62,81.85131188451284,47.36300964355474
194.63,81.7374149990843,47.40750961303712
194.64,81.7543970024277,47.45200958251951
194.65,81.85945360732258,47.49650955200202
194.66,81.69786534126615,47.5410095214844
194.67,81.74654172926189,47.585509490966786
194.68,81.9160731305771,47.630009460449294
194.69,81.90325189981584,47.67450942993168
194.7,81.83126309557757,47.71900939941406
194.71,81.8545608513307,47.65850830078114
194.72,81.8229820972342,47.5980072021484
194.73,81.97925344088817,47.53750610351566
194.74,81.89961172599676,47.47700500488274
194.75,81.95595714697937,47.41650390625
194.76,81.96227369830072,47.35600280761726
194.77,81.91035335575489,47.29550170898434
194.78,81.94756105076522,47.2350006103516
194.79,81.98251774724318,47.17449951171886
194.8,82.0888608266634,47.11399841308594
194.81,81.9944298136741,47.167499542236285
194.82,82.12110582258441,47.221000671386626
194.83,82.05906833934652,47.274501800537124
194.84,81.96124332452061,47.32800292968747
194.85,82.02257158736256,47.38150405883781
194.86,82.03351976219662,47.43500518798831
194.87,82.11092689208212,47.48850631713866
194.88,82.0871955833764,47.542007446289
194.89,82.10368863871265,47.59550857543935
194.9,82.24157129132956,47.649009704589844
194.91,82.22289778391963,47.660208892822254
194.92,82.45856487241986,47.67140808105467
194.93,82.36877160900474,47.68260726928711
194.94,82.29038370863097,47.69380645751953
194.95,82.13807638167503,47.70500564575194
194.96,82.10901801198865,47.71620483398438
194.97,82.00599066085287,47.727404022216795
194.98,82.08476179664773,47.738603210449206
194.99,82.17326592774963,47.74980239868165
195.0,82.10663514582848,47.76100158691406
195.01,82.12788358676855,47.71890106201175
195.02,82.17436171486082,47.67680053710933
195.03,82.15339559425986,47.63470001220702
195.04,82.2028740398834,47.59259948730471
195.05,82.22119272179972,47.55049896240229
195.06,82.22192346054347,47.50839843749998
195.07,82.15062765038566,47.46629791259767
195.08,82.18138519623608,47.424197387695244
195.09,82.11332903510893,47.382096862792935
195.1,82.24718722088325,47.339996337890625
195.11,82.41146094762851,47.29899673461906
195.12,82.33979433182587,47.25799713134761
195.13,82.32726710473419,47.21699752807616
195.14,82.26905013698043,47.17599792480471
195.15,82.30041984238746,47.134998321533146
195.16,82.24194311635453,47.093998718261695
195.17,82.10192075982107,47.05299911499024
195.18,82.12936345445426,47.01199951171868
195.19,82.17783496832024,46.97099990844723
195.2,82.13706412081572,46.93000030517578
195.21,82.33559282765043,46.99370040893565
195.22,82.34312995561575,47.057400512695345
195.23,82.5742283881232,47.121100616455045
195.24,82.51715707572977,47.184800720214916
195.25,82.52085590180326,47.24850082397461
195.26,82.37029214007964,47.3122009277343
195.27,82.55956368615054,47.37590103149417
195.28,82.5209329615613,47.43960113525387
195.29,82.542344119233,47.50330123901357
195.3,82.5971947859211,47.56700134277344
195.31,82.51961010737432,47.48590087890632
195.32,82.76238343566777,47.4048004150392
195.33,82.67678921205126,47.323699951171854
195.34,82.74367661248597,47.24259948730473
195.35,82.81961667250401,47.161499023437614
195.36,82.73307337547841,47.08039855957027
195.37,82.7224643856845,46.999298095703146
195.38,82.69326424914662,46.91819763183603
195.39,82.93572617712826,46.83709716796891
195.4,82.96194283058547,46.75599670410156
195.41,82.91032469909884,46.80239715576168
195.42,83.00689162748053,46.848797607421794
195.43,82.80459569649354,46.89519805908204
195.44,82.84777100100526,46.94159851074216
195.45,82.73145304938825,46.98799896240228
195.46,82.60775076223781,47.03439941406253
195.47,82.6097425320328,47.080799865722646
195.48,82.77243544707945,47.12720031738276
195.49,82.88110429340112,47.173600769043006
195.5,82.86565302854058,47.220001220703125
195.51,82.81538364213841,47.18440246582034
195.52,83.00586114611669,47.14880371093746
195.53,82.87810530915661,47.11320495605468
195.54,82.83425298071471,47.077606201171896
195.55,82.99466795441342,47.04200744628901
195.56,82.9376060157581,47.00640869140623
195.57,82.72297874525596,46.970809936523445
195.58,82.67211633608115,46.93521118164056
195.59,82.72378886482369,46.899612426757784
195.6,82.54149635391254,46.864013671875
195.61,82.6975455855133,46.926212310791136
195.62,82.33056398935082,46.9884109497071
195.63,82.49811842602857,47.05060958862306
195.64,82.38349635269985,47.11280822753903
195.65,82.53207489419415,47.17500686645516
195.66,82.42568890619913,47.23720550537113
195.67,82.54270377856301,47.299404144287095
195.68,82.65622182675493,47.36160278320323
195.69,82.43013018123887,47.42380142211919
195.7,82.42058030427171,47.486000061035156
195.71,82.37013816133535,47.45559997558588
195.72,82.32566358549445,47.4251998901367
195.73,82.5116218346241,47.394799804687516
195.74,82.43457799149577,47.36439971923825
195.75,82.52617952864837,47.33399963378906
195.76,82.59396966087269,47.303599548339875
195.77,82.63414686829852,47.27319946289061
195.78,82.63364563703722,47.24279937744142
195.79,82.68125010253553,47.21239929199224
195.8,82.42627935783425,47.18199920654297
195.81,82.25906720775498,47.25819931030267
195.82,82.50274143816958,47.33439941406237
195.83,82.26320905718349,47.410599517822284
195.84,82.25218145357358,47.48679962158199
195.85,82.28972961746427,47.56299972534169
195.86,82.24534086672305,47.63919982910161
195.87,82.2089180810408,47.71539993286131
195.88,82.29261533335205,47.791600036621006
195.89,82.3755788309292,47.86780014038071
195.9,82.2959692373413,47.944000244140625
195.91,82.30933424032489,47.850301361084064
195.92,82.41166630414428,47.7566024780275
195.93,82.20886680507877,47.66290359497068
195.94,82.44581679256034,47.56920471191412
195.95,82.40604476189189,47.47550582885756
195.96,82.56547309073599,47.381806945800726
195.97,82.56046292972763,47.288108062744165
195.98,82.63687153661782,47.194409179687604
195.99,82.69258284547375,47.10071029663078
196.0,82.63521359629941,47.00701141357422
196.01,82.6479313209722,47.071611785888614
196.02,82.61329564924391,47.1362121582032
196.03,82.65381817995359,47.200812530517595
196.04,82.54613342653481,47.265412902832
196.05,82.54026324849082,47.33001327514658
196.06,82.61812750094158,47.39461364746097
196.07,82.48632391376424,47.459214019775374
196.08,82.30830809799035,47.52381439208995
196.09,82.2197184342188,47.588414764404355
196.1,82.35203383612445,47.65301513671875
196.11,82.57565446042014,47.607813262939366
196.12,82.53824662718186,47.562611389160104
196.13,82.47887653241987,47.51740951538085
196.14,82.39787590171466,47.472207641601585
196.15,82.52406033104737,47.4270057678222
196.16,82.39897960501476,47.381803894042946
196.17,82.40256668907152,47.33660202026368
196.18,82.34169306323825,47.2914001464843
196.19,82.35148214077856,47.24619827270504
196.2,82.15205006016342,47.20099639892578
196.21,82.28170118080935,47.20349731445313
196.22,82.25119413442111,47.20599822998047
196.23,82.03500518489358,47.20849914550781
196.24,81.96791848444323,47.21100006103516
196.25,82.04898290006425,47.2135009765625
196.26,82.07298406234439,47.21600189208984
196.27,82.04475680389416,47.21850280761719
196.28,82.06111752077969,47.22100372314453
196.29,82.13498836489285,47.22350463867187
196.3,82.09155087073029,47.22600555419922
196.31,81.95078632953272,47.18220520019535
196.32,82.14259959817615,47.138404846191484
196.33,82.13420675989245,47.094604492187486
196.34,82.33510533150115,47.05080413818362
196.35,82.1784501647766,47.00700378417975
196.36,82.06836029871538,46.96320343017575
196.37,82.13142632634877,46.91940307617189
196.38,82.08887363629262,46.87560272216802
196.39,82.15925840442281,46.83180236816415
196.4,82.03121482256792,46.788002014160156
196.41,82.01378156682689,46.88480224609367
196.42,81.99293195623466,46.98160247802718
196.43,82.06951302538202,47.07840270996096
196.44,81.87148465662736,47.175202941894476
196.45,81.86045136430148,47.27200317382799
196.46,81.93465417429812,47.368803405761774
196.47,81.93032224958039,47.46560363769529
196.48,81.8009419716483,47.562403869628795
196.49,81.90364854959765,47.65920410156258
196.5,81.9097647549135,47.756004333496094
196.51,81.9433183727117,47.651802825927824
196.52,81.98396430378095,47.547601318359256
196.53,81.96249129416454,47.443399810790986
196.54,82.01604784967807,47.339198303222716
196.55,81.99132529801288,47.23499679565415
196.56,81.77800344779516,47.13079528808588
196.57,81.84851066173776,47.02659378051761
196.58,81.70065120569303,46.92239227294904
196.59,81.75162300510867,46.81819076538077
196.6,81.68723987973513,46.7139892578125
196.61,81.90437787589661,46.714290618896484
196.62,81.92691821561792,46.71459197998047
196.63,81.87436302978213,46.71489334106445
196.64,81.96557606659972,46.71519470214844
196.65,81.95445964098816,46.71549606323242
196.66,81.98802241103505,46.715797424316406
196.67,82.049764099457,46.71609878540039
196.68,82.11740315461542,46.716400146484375
196.69,82.03011358506586,46.71670150756836
196.7,81.77995961830295,46.717002868652344
196.71,81.8937389931007,46.739704132080114
196.72,81.73708266278211,46.76240539550783
196.73,81.68914385077098,46.78510665893553
196.74,81.91273337202541,46.80780792236331
196.75,81.94304960930361,46.830509185791016
196.76,81.9380327732558,46.85321044921872
196.77,81.86252364822533,46.8759117126465
196.78,81.99174776509957,46.898612976074205
196.79,81.99416096645959,46.92131423950192
196.8,81.91324520799893,46.94401550292969
196.81,81.98640939738722,46.96781311035154
196.82,81.9739346836406,46.9916107177734
196.83,81.83165957100375,47.01540832519532
196.84,82.05123686252492,47.03920593261717
196.85,82.02575992778632,47.06300354003903
196.86,81.86285623944589,47.08680114746095
196.87,81.9625296934646,47.11059875488281
196.88,81.92551055306886,47.13439636230466
196.89,81.91128744403993,47.15819396972652
196.9,82.04888044796073,47.18199157714844
196.91,82.06328199645353,47.17499313354493
196.92,81.87001990664652,47.167994689941416
196.93,81.98598694405389,47.16099624633789
196.94,82.0819245619602,47.15399780273438
196.95,81.99118447589251,47.14699935913087
196.96,81.87950584910901,47.14000091552734
196.97,82.04515379617517,47.13300247192383
196.98,82.07418805541037,47.126004028320324
196.99,81.99300876910387,47.11900558471679
197.0,82.08728524989236,47.11200714111328
197.01,81.9551123983279,47.06200637817387
197.02,81.9054654737776,47.012005615234315
197.03,81.8960420005129,46.96200485229491
197.04,81.97729488826982,46.9120040893555
197.05,81.96566566666661,46.862003326415945
197.06,82.02937089418,46.81200256347653
197.07,82.1108756466891,46.76200180053712
197.08,81.97282103011665,46.712001037597574
197.09,82.01357670664338,46.66200027465816
197.1,82.08907859049589,46.61199951171875
197.11,82.02820564456587,46.55370025634754
197.12,81.94834176718429,46.49540100097649
197.13,82.05105756892308,46.43710174560545
197.14,82.09329301802187,46.378802490234406
197.15,81.99491630023029,46.320503234863196
197.16,82.08382671976194,46.262203979492156
197.17,82.1770403429722,46.20390472412111
197.18,82.15798330762921,46.1456054687499
197.19,82.179565214223,46.08730621337886
197.2,82.16876749871007,46.02900695800781
197.21,82.16910071145331,46.064007568359436
197.22,82.35586367645737,46.09900817871096
197.23,82.32232190429995,46.13400878906248
197.24,82.26866542703307,46.1690093994141
197.25,82.17313776567407,46.204010009765625
197.26,81.94093791214802,46.23901062011715
197.27,81.88522454681264,46.27401123046877
197.28,81.8049571843553,46.30901184082029
197.29,81.83495930697224,46.344012451171814
197.3,81.94334396924975,46.37901306152344
197.31,81.9883168517468,46.3786117553711
197.32,81.93694495916994,46.37821044921875
197.33,81.87319888165703,46.37780914306641
197.34,81.88229480872425,46.37740783691406
197.35,81.92219619537144,46.37700653076172
197.36,81.96450086961704,46.37660522460938
197.37,82.06020819336098,46.37620391845703
197.38,82.010324585501,46.37580261230469
197.39,82.07431614029882,46.37540130615235
197.4,81.96638246896467,46.375
197.41,81.95919539047442,46.409300231933564
197.42,81.82488764954802,46.44360046386713
197.43,82.0597215131504,46.47790069580079
197.44,81.96517926689222,46.512200927734355
197.45,81.83690336860799,46.54650115966792
197.46,81.84579902142434,46.58080139160158
197.47,81.8102001263549,46.615101623535146
197.48,81.77949934078453,46.64940185546871
197.49,81.84248627653038,46.683702087402374
197.5,81.806351023272,46.71800231933594
197.51,81.7787833561082,46.77060241699214
197.52,81.75865396541377,46.8232025146485
197.53,81.70778859989746,46.8758026123047
197.54,81.75362999385331,46.928402709960906
197.55,81.84591413731711,46.981002807617266
197.56,81.80650447415356,47.03360290527347
197.57,81.94577565859367,47.08620300292967
197.58,81.96088493421554,47.138803100586024
197.59,81.85191306642442,47.191403198242234
197.6,81.75492112702288,47.24400329589844
197.61,81.82601947868294,47.22800369262692
197.62,81.96224809880633,47.21200408935545
197.63,81.92833868735791,47.19600448608398
197.64,81.75061312836928,47.18000488281251
197.65,81.78592416224701,47.164005279540994
197.66,81.78470949952587,47.14800567626952
197.67,81.9987698368375,47.13200607299805
197.68,81.83543253037567,47.116006469726535
197.69,81.97276982783768,47.10000686645506
197.7,81.97358906622017,47.084007263183594
197.71,82.03568387387769,47.09830780029299
197.72,81.86445524513077,47.11260833740235
197.73,81.96168491094096,47.12690887451171
197.74,82.10131866048569,47.14120941162111
197.75,82.1032915048403,47.15550994873047
197.76,82.14830825184406,47.169810485839825
197.77,82.235570920953,47.184111022949224
197.78,82.1862300353132,47.19841156005859
197.79,82.14806478096791,47.212712097167945
197.8,82.11518671857478,47.227012634277344
197.81,82.05584093047247,47.234712219238276
197.82,82.08914263873689,47.24241180419921
197.83,82.34407933781478,47.25011138916016
197.84,82.18437154841372,47.25781097412109
197.85,82.19766980262018,47.26551055908202
197.86,82.34935235747828,47.27321014404297
197.87,82.41459266229448,47.2809097290039
197.88,82.38826372853009,47.288609313964834
197.89,82.33640104813026,47.296308898925766
197.9,82.3557353720659,47.30400848388672
197.91,82.26095218512336,47.252907562255906
197.92,82.44951401939433,47.20180664062509
197.93,82.33278333017762,47.150705718994125
197.94,82.31652382673929,47.09960479736331
197.95,82.23337212480146,47.04850387573249
197.96,82.30989220518656,46.99740295410153
197.97,82.22752589879117,46.94630203247072
197.98,82.15254982868439,46.8952011108399
197.99,82.24016092818592,46.84410018920894
198.0,82.06119436558116,46.792999267578125
198.01,82.12658951189131,46.807800292968736
198.02,82.12336077546281,46.82260131835939
198.03,82.07835086544357,46.83740234375001
198.04,82.07484128938631,46.85220336914062
198.05,81.83883466322835,46.86700439453127
198.06,81.88549321537441,46.88180541992188
198.07,81.91392339312698,46.89660644531249
198.08,81.8774077640078,46.91140747070315
198.09,81.85688249236242,46.926208496093764
198.1,81.67935588686045,46.941009521484375
198.11,81.53087063913237,46.94300765991211
198.12,81.50199646773287,46.94500579833985
198.13,81.58702524323976,46.94700393676758
198.14,81.50070733330332,46.94900207519531
198.15,81.48986497022173,46.95100021362305
198.16,81.66704509927852,46.952998352050784
198.17,81.81028964145747,46.954996490478514
198.18,81.84677111373006,46.95699462890625
198.19,82.04949516154137,46.95899276733399
198.2,82.03020322040014,46.96099090576172
198.21,82.0162143010653,46.93459320068355
198.22,81.85671620273531,46.908195495605455
198.23,81.91623948048421,46.88179779052736
198.24,81.86591355193082,46.85540008544919
198.25,81.94963443697266,46.829002380371094
198.26,81.84062528787084,46.802604675293
198.27,81.87332680961765,46.77620697021483
198.28,81.99068519844022,46.74980926513673
198.29,82.03313560334308,46.723411560058636
198.3,82.10021695252401,46.69701385498047
198.31,82.1928887150664,46.683812713623055
198.32,82.17056172914924,46.67061157226565
198.33,82.13525744288465,46.6574104309082
198.34,82.25265588176765,46.64420928955079
198.35,82.21459699279177,46.63100814819338
198.36,82.22024404827498,46.61780700683593
198.37,82.24196875949069,46.60460586547852
198.38,82.23223106875334,46.59140472412111
198.39,82.3386717840399,46.5782035827637
198.4,82.26173439295682,46.56500244140625
198.41,82.37813241469736,46.52330245971683
198.42,82.31757567520597,46.48160247802741
198.43,82.31881994365422,46.43990249633788
198.44,82.51618101045136,46.39820251464846
198.45,82.3420266264228,46.35650253295904
198.46,82.41969465823107,46.31480255126951
198.47,82.4393789401606,46.27310256958009
198.48,82.24743083860481,46.23140258789067
198.49,82.4511187443392,46.18970260620114
198.5,82.27037098131204,46.14800262451172
198.51,82.25079664396787,46.17690353393552
198.52,82.41454132223005,46.205804443359405
198.53,82.51786344236069,46.23470535278321
198.54,82.57352178028628,46.26360626220701
198.55,82.46663402770626,46.2925071716309
198.56,82.32556096079482,46.321408081054706
198.57,82.30728196205226,46.35030899047851
198.58,82.32203969225768,46.37920989990239
198.59,82.39819674493516,46.408110809326196
198.6,82.37935147618212,46.43701171875
198.61,82.43437260643587,46.425810241699196
198.62,82.4300274914474,46.41460876464843
198.63,82.39334566212095,46.40340728759765
198.64,82.5702842703122,46.39220581054688
198.65,82.6254655033923,46.38100433349608
198.66,82.72571773690348,46.369802856445304
198.67,82.60966543081979,46.358601379394536
198.68,82.63147365247117,46.34739990234373
198.69,82.665496115052,46.336198425292956
198.7,82.60398574041444,46.32499694824219
198.71,82.97579967335707,46.31269760131834
198.72,82.79195597399918,46.30039825439452
198.73,82.77866118482012,46.28809890747071
198.74,82.88279044141885,46.27579956054686
198.75,82.79860055132794,46.26350021362305
198.76,82.74205618256649,46.251200866699236
198.77,82.6773548514446,46.23890151977538
198.78,82.8032062443871,46.22660217285157
198.79,82.74043576851419,46.21430282592775
198.8,82.78987195928774,46.202003479003906
198.81,82.62425747357706,46.21230239868163
198.82,82.92184049759331,46.22260131835936
198.83,82.84535170214839,46.23290023803711
198.84,82.6963755997055,46.24319915771484
198.85,82.64453811759647,46.253498077392564
198.86,82.58862457235979,46.263796997070315
198.87,82.70306134437095,46.274095916748045
198.88,82.74429392329564,46.28439483642577
198.89,82.90050890119785,46.2946937561035
198.9,83.15853219090678,46.30499267578125
198.91,82.89088032630978,46.27289352416995
198.92,83.06356505664843,46.240794372558646
198.93,83.13133701889815,46.208695220947256
198.94,83.20844776465162,46.17659606933596
198.95,83.33813572719988,46.14449691772465
198.96,83.29797481989901,46.11239776611326
198.97,83.257894547329,46.08029861450196
198.98,83.24648443309682,46.048199462890665
198.99,83.21361941623084,46.01610031127927
199.0,83.16281910523895,45.98400115966797
199.01,83.04034065289531,46.02400207519528
199.02,83.0199986176412,46.0640029907227
199.03,82.76601700804349,46.104003906250014
199.04,82.99605901196588,46.14400482177732
199.05,82.93902234660621,46.184005737304744
199.06,83.0441671416443,46.22400665283205
199.07,82.77396613362016,46.26400756835936
199.08,82.72745374100211,46.30400848388679
199.09,82.83889826928386,46.3440093994141
199.1,82.97041648732545,46.384010314941406
199.11,82.96812417882413,46.362908172607376
199.12,82.93638283066684,46.34180603027341
199.13,82.96167240185761,46.320703887939445
199.14,82.78570400855313,46.29960174560548
199.15,82.84827288125598,46.278499603271456
199.16,82.7632194724314,46.25739746093749
199.17,82.90061188363075,46.236295318603524
199.18,82.6857496817036,46.215193176269494
199.19,82.68518401359421,46.19409103393553
199.2,83.03857560193907,46.17298889160156
199.21,82.8952826267241,46.16738967895507
199.22,82.7384552839983,46.16179046630859
199.23,82.73584468153366,46.156191253662115
199.24,82.75574673978973,46.15059204101562
199.25,82.7373364493274,46.14499282836914
199.26,82.57020718751497,46.13939361572266
199.27,82.62463016268447,46.133794403076166
199.28,82.64145987675994,46.12819519042969
199.29,82.72904830896401,46.12259597778321
199.3,82.69368852077625,46.11699676513672
199.31,82.63170498674718,46.18719711303705
199.32,82.59396966087269,46.25739746093738
199.33,82.53980083633236,46.32759780883791
199.34,82.62065913922424,46.39779815673824
199.35,82.65444800915877,46.46799850463857
199.36,82.5057978339853,46.538198852539104
199.37,82.60649146211237,46.608399200439436
199.38,82.56767632232328,46.67859954833976
199.39,82.68861018939208,46.748799896240094
199.4,82.6355606056875,46.819000244140625
199.41,82.65108037884711,46.79049987792971
199.42,82.61997803475563,46.7619995117188
199.43,82.51555170826687,46.73349914550781
199.44,82.52778499949133,46.70499877929689
199.45,82.57777432037564,46.67649841308598
199.46,82.44844849065815,46.64799804687498
199.47,82.39533484547292,46.61949768066407
199.48,82.46986950504363,46.590997314453155
199.49,82.50451362716656,46.56249694824216
199.5,82.35925094854043,46.53399658203125
199.51,82.53070057447195,46.537496948242186
199.52,82.69023009588336,46.54099731445313
199.53,82.70898230847116,46.544497680664065
199.54,82.71596430712295,46.547998046875
199.55,82.4344367892396,46.551498413085945
199.56,82.613398453128,46.554998779296874
199.57,82.6472629572226,46.55849914550781
199.58,82.51343264712757,46.56199951171875
199.59,82.4861955077892,46.56549987792969
199.6,82.73947124387352,46.569000244140625
199.61,82.83287614735406,46.64000091552749
199.62,82.82778067669814,46.71100158691414
199.63,82.71496134996517,46.7820022583008
199.64,82.6762749961,46.85300292968746
199.65,82.60953692887807,46.92400360107432
199.66,82.52072746895315,46.995004272460974
199.67,82.57733749852268,47.06600494384764
199.68,82.74422961997885,47.13700561523449
199.69,82.55685313871145,47.208006286621156
199.7,82.5134454898404,47.27900695800781
199.71,82.52444563767823,47.241806793212824
199.72,82.50595193947517,47.20460662841795
199.73,82.55825336856245,47.16740646362307
199.74,82.48414102578093,47.130206298828085
199.75,82.43411587547078,47.0930061340332
199.76,82.59775372561518,47.05580596923832
199.77,82.67293906167822,47.01860580444334
199.78,82.56942351445204,46.98140563964846
199.79,82.5201366791299,46.94420547485358
199.8,82.32743387163163,46.907005310058594
199.81,82.20943084154067,46.93800430297849
199.82,82.2874210811838,46.96900329589838
199.83,82.46368106807535,47.000002288818365
199.84,82.4650933465199,47.03100128173826
199.85,82.46170389856971,47.06200027465816
199.86,82.3228863298357,47.09299926757814
199.87,82.37289696898098,47.12399826049804
199.88,82.19547791948291,47.15499725341793
199.89,82.35164893219986,47.18599624633783
199.9,82.46081161502174,47.21699523925781
199.91,82.3014202831423,47.26189651489254
199.92,82.27802695777687,47.30679779052727
199.93,82.21721217838162,47.35169906616212
199.94,82.28490737850595,47.39660034179685
199.95,82.25623337085621,47.44150161743158
199.96,82.1973108957781,47.48640289306643
199.97,82.03944232230312,47.53130416870116
199.98,82.0904492283072,47.57620544433588
199.99,82.16425637729266,47.62110671997074
200.0,82.14345171676001,47.66600799560547
