Time_ns,Protein_A,ECD_A,GLP1_A
0.0,41.343852970026326,41.028857480589394,9.46843411531957
0.1,41.45682236148186,41.12958378073769,9.945899222163366
0.2,41.743587687643654,41.41843972260804,9.918491597224348
0.3,41.366889826032555,41.04429887187453,10.061711969652372
0.4,41.40105529490121,41.093286615407564,9.976990747868129
0.5,41.25006562659092,40.92757657191073,10.605689249757491
0.6,41.25228662816356,40.937734920581256,9.970489341474945
0.7,41.40342788794726,41.10817112324561,10.13039943775832
0.8,41.48988585736612,41.18639735808684,10.54792121369833
0.9,41.46413741547382,41.16890899682825,9.983219281162071
1.0,41.66730362436052,41.36781153465928,10.081653521166896
1.1,41.38802438574509,41.08932198255058,10.06356126834464
1.2,41.44059827203656,41.14269519152283,9.735840492508707
1.3,41.380513143904444,41.08674767073768,9.894440008600096
1.4,41.50065340401978,41.20289016961603,10.326104458579088
1.5,41.170849751726,40.892346399778745,10.247990576060749
1.6,41.418632949131336,41.11666826154751,10.085097445440871
1.7,41.03891882888137,40.748160337936504,9.74192852359619
1.8,40.96849163081303,40.677117828232895,9.775017858893653
1.9,41.20339470083822,40.915083276244815,9.548615305203066
2.0,41.00403151811317,40.717014782014544,9.76907661769101
2.1,40.97256669710927,40.68154842211096,9.806562145023902
2.2,40.91981166407894,40.64397502256796,9.486701068986664
2.3,40.77849844654856,40.48751060153251,9.863917191490495
2.4,40.75343820308557,40.44305429320427,9.53012189262029
2.5,40.669674974717886,40.381506678338724,9.491226587642306
2.6,40.97829021079716,40.69039721487929,9.5903886138768
2.7,40.72453099572328,40.43792513614259,9.614752352502393
2.8,40.83367990527724,40.53614143039799,9.769200839167452
2.9,40.960387216649664,40.67025021164215,9.554543129088877
3.0,41.03209338603813,40.724971074288426,9.743725797215102
3.1,41.11430667982108,40.815902522104146,9.752652049250504
3.2,40.70296586849529,40.413397878423815,9.789199290680855
3.3,40.64443558386871,40.33606776696703,9.697234591691483
3.4,40.74652064191309,40.44876867365044,9.723677470696128
3.5,40.587697414989044,40.28118878530394,9.524362447782172
3.6,40.65268861113159,40.349188195847596,9.44072618717725
3.7,40.97726212516258,40.667251692462024,9.270154551176267
3.8,40.67845052333652,40.36068884528455,9.286052595886554
3.9,40.73941676610031,40.426542413130036,9.238090052079116
4.0,40.75563244459818,40.442112832106616,9.328838403440635
4.1,40.57658677528512,40.27298769091251,9.649973966692192
4.2,40.51247665021529,40.20838613533991,9.585093636589987
4.3,40.49470384091098,40.18916296778894,9.424523174650552
4.4,40.52518748391644,40.225799511652426,9.521132210696942
4.5,40.683532300322284,40.38115692691701,9.600999315540943
4.6,40.7504038353863,40.435626856592364,9.770089538426442
4.7,40.438555824163565,40.15554904788655,9.653608526384724
4.8,40.883378477851124,40.572467985870865,9.462664905840377
4.9,40.50966473733464,40.19882707785361,9.668363397950804
5.0,40.52660636495151,40.21357326522978,9.906835080532518
5.1,40.48827414624238,40.1877556119892,9.66478456590372
5.2,40.618471338610036,40.31773930230362,9.583266648337796
5.3,40.96963036620861,40.63612521063917,9.672080300442456
5.4,41.01361979855332,40.69018179411315,10.380408974399318
5.5,40.95898208940466,40.61921853928733,10.379810691884988
5.6,41.12625242105609,40.79313970939111,9.967507057089867
5.7,41.24599268166223,40.91472701807608,10.181165337678936
5.8,41.032619080433,40.716037998548494,10.049364014876152
5.9,40.91296188303091,40.59882506251889,10.064100830140674
6.0,40.967784803033126,40.65709257399385,9.684828710769724
6.1,40.742352254284604,40.438802860830876,9.609300334730362
6.2,40.72103683766211,40.418412412420444,9.904991126340889
6.3,40.778250044130026,40.473314360568615,9.752258525594499
6.4,40.74481395921802,40.44481314861987,9.876866392703384
6.5,40.882951008266375,40.55759228879992,9.840251073229553
6.6,40.81820863239072,40.50488655378122,9.777161022208164
6.7,40.83244788168007,40.52089406315022,9.63845400078692
6.8,40.69839134913848,40.38631261226021,9.49456655526187
6.9,41.07313350171943,40.756078232532346,9.450253511722801
7.0,40.92235586684285,40.610120153795755,9.504649995270006
7.1,40.763744192664234,40.45932010814931,9.541546773347624
7.2,40.72618666905856,40.41548932554588,9.378997347663127
7.3,40.679260603628585,40.363054807843426,9.423518754504888
7.4,40.806755436250846,40.494425435118,9.609158617485143
7.5,40.84083847309217,40.51426585223563,9.849736727946416
7.6,40.68727261350137,40.3803038619922,9.884423225811052
7.7,40.857245500947414,40.538012553723995,9.776499631718085
7.8,41.03689705142866,40.716028062219834,9.96716545908338
7.9,41.31949406305775,40.991888835123376,9.718149703319455
8.0,40.95669596174166,40.632247051975185,9.985045684922186
8.1,40.98593788034485,40.66420149836883,9.674148898385452
8.2,40.995518942110486,40.661206617321014,9.925552315983182
8.3,41.09690799207283,40.777600052509236,9.712229190630683
8.4,41.14886393913555,40.83848745187178,9.741208571089857
8.5,41.20733931805858,40.889322920746416,10.007808783724279
8.6,41.257523026427826,40.91542043051696,10.137038201743568
8.7,41.04126405374696,40.7065186954592,9.948750559085903
8.8,40.97455568843321,40.645358423392814,9.907149594472013
8.9,41.057992798705314,40.7392202791525,9.954586762120993
9.0,40.90639626052213,40.58935083163609,9.803937584265029
9.1,40.80321734380404,40.473199651602606,9.793719216494441
9.2,40.94077717541686,40.60349192279613,10.06177179211675
9.3,40.94009145722829,40.597629584894115,9.86146183877623
9.4,40.81499943776997,40.49136130401753,9.686786680635526
9.5,40.72437785446068,40.396002305228045,9.596821983244153
9.6,40.61678938699615,40.28489053590909,9.595110992439276
9.7,40.8962912649685,40.57383997193748,9.677839114317806
9.8,40.97675216209349,40.659747594315846,9.665635504488922
9.9,40.88315504527861,40.5709196511052,9.57424116722993
10.0,40.85703264534848,40.55453659584376,9.521963055960356
10.1,40.88301842740338,40.57671666983449,9.790945179225096
10.2,40.93595236380314,40.61212576707401,9.499565618964354
10.3,41.05051139502204,40.725747332780756,9.744285052157482
10.4,40.822376511505354,40.51600694672457,9.477779178278059
10.5,40.77341053624909,40.44166599876913,9.716701591301407
10.6,40.93171326551906,40.586427309263634,9.98688941054467
10.7,41.05539549701368,40.71887556233084,9.982167369630739
10.8,40.832681953861126,40.50612602225361,9.608062350666126
10.9,40.94458784887348,40.61221171810834,9.773228758215225
11.0,40.88703396828455,40.559070789502954,9.73547123943378
11.1,40.78863794631111,40.446556792091144,9.671603274312684
11.2,40.90704492717839,40.56710511293488,9.812635104612493
11.3,41.00559301210309,40.67804046338043,10.061030734572562
11.4,40.92724024214014,40.617432085772165,9.865427293366752
11.5,40.65475245645742,40.34797823182267,9.763033529091171
11.6,40.86485259832277,40.54812186082216,10.138595078380005
11.7,40.68724716109288,40.37077659982545,9.654709496245895
11.8,40.96416857116274,40.624977607408134,10.141237796499913
11.9,40.775824434347925,40.454780454273326,9.692866528167746
12.0,40.68461611890362,40.37026950242868,9.955859882265171
12.1,40.85788761777775,40.539127315475575,10.03613264824414
12.2,41.04990282861029,40.72818166901193,9.934179727619956
12.3,41.00149374556994,40.68381603612654,10.014775958634297
12.4,40.925737627295774,40.60638597390899,10.050474315050806
12.5,40.816383125095136,40.49079783620938,9.973501415081444
12.6,40.90268271855254,40.57174935327151,10.136675044599444
12.7,40.853813988218974,40.52008678199128,10.289822442449069
12.8,40.70646564303826,40.387391921766216,9.955390225752403
12.9,40.71592124167607,40.39143407180719,9.80666169244845
13.0,40.70388391541322,40.37430484119157,9.675842336040656
13.1,40.636171672514116,40.315544598947284,9.621720214807642
13.2,40.51040704150412,40.18517430039539,9.647577586288937
13.3,40.39460183926712,40.07030564623142,9.607841511812422
13.4,40.49974438943069,40.17781644310943,9.752324409494625
13.5,40.53171150505108,40.20887550878637,9.856027415994593
13.6,40.600809161642864,40.28982570879954,9.781314092932378
13.7,40.69525349754724,40.38676031273027,9.748399601942127
13.8,40.71819572612607,40.40970805222055,9.67685957094133
13.9,40.568751110942884,40.25028564518282,9.904847515372932
14.0,40.65262579877782,40.30751086579387,10.020719933497531
14.1,40.75287216302742,40.4295279481641,10.187588177474295
14.2,40.760380101037775,40.423598722095434,10.185531322878996
14.3,40.69297085546981,40.36332897212559,9.93689669007324
14.4,40.5832060360342,40.25887034933577,9.992913798126931
14.5,40.2178787403473,39.90833386514359,9.670148320178992
14.6,40.40962648780361,40.110429120895944,9.567926999974064
14.7,40.55931414745691,40.23357162523231,9.62642110544116
14.8,40.48235810359936,40.154296404479545,9.862547391791137
14.9,40.563480144393516,40.217192340297444,10.143978287261506
15.0,40.53311355748585,40.1904445759848,10.400139062643015
15.1,40.697381681253724,40.35125481016365,10.601648078029841
15.2,40.408392069075944,40.07302553620928,10.121781697404563
15.3,40.70541837784084,40.36625025072992,10.225627809456027
15.4,40.48180674983474,40.15611479864349,9.886409622263963
15.5,40.36461449782891,40.0301382628633,10.041753906070735
15.6,40.636134601739066,40.29142855995268,10.072338302765138
15.7,40.406525060539,40.080316295814875,10.129040263971667
15.8,40.441529227501995,40.113538698947096,10.291828472940232
15.9,40.487147202742015,40.15709712210216,10.259770361617315
16.0,40.529609952932184,40.19832614036426,10.33622401725675
16.1,40.522323846465234,40.21299854919275,10.09436710623622
16.2,40.44727639480927,40.145311481497274,9.89338336522298
16.3,40.415635566523505,40.09703826513256,9.847490350490345
16.4,40.5538092715335,40.22664986488939,10.1910404695233
16.5,40.55449253265439,40.23213421549212,10.110094607520388
16.6,40.54437662681042,40.21937610864217,10.06364335154458
16.7,40.49873574629167,40.170571714910594,9.943002752117234
16.8,40.57647149564592,40.257172539708996,9.917698629717648
16.9,40.53021725952277,40.210159606481284,9.829851665386876
17.0,40.56833660530573,40.24242030816322,9.874185571891436
17.1,40.74470577964594,40.42170644426103,10.186880696910787
17.2,40.693192192942725,40.3714520160582,10.07897508797695
17.3,40.43121979719522,40.12093607462132,9.724765476493939
17.4,40.56547853196811,40.259120523124466,9.859004002335315
17.5,40.56257226217487,40.24440905309283,9.814500256368555
17.6,40.50875917068038,40.18581883295318,9.795100455448901
17.7,40.457325772824,40.14533518458862,10.004996592743998
17.8,40.3728159995915,40.05872498214706,9.695546153612769
17.9,40.69027007447033,40.36741055319059,9.736111652439686
18.0,40.56190835095479,40.240615276082146,9.70665547127585
18.1,40.708669438225016,40.375437064492395,10.074132908163811
18.2,40.5875192826037,40.25564646342514,10.01927719352648
18.3,40.39634831491885,40.084257016551945,9.629407615429875
18.4,40.75195308160132,40.41343227380494,10.017366365443817
18.5,40.46786678087897,40.14228222770861,9.91700997634292
18.6,40.46868867574816,40.14463654565439,10.039527298470517
18.7,40.43325973080979,40.12423804312089,9.658598153105157
18.8,40.35875825323009,40.038075607543405,9.760224337160887
18.9,40.33611223978614,40.02738679817653,9.614288366127374
19.0,40.572818239855124,40.24769422283081,9.773273529476436
19.1,40.43663381472051,40.11005361227989,9.899743199553535
19.2,40.44447212664861,40.12264749584417,9.70606685686178
19.3,40.47018294424829,40.14972622649382,9.76972219889201
19.4,40.3997808420545,40.072921333986876,10.012865692305017
19.5,40.20538838715078,39.88102433825601,9.793176655357403
19.6,40.2628465157604,39.948062633559026,9.75760101650378
19.7,40.26296735482105,39.94397295357677,9.792227957571306
19.8,40.36725434010947,40.03896461905743,10.10249628513779
19.9,40.40319497240303,40.09206390238192,9.619357146905559
20.0,40.42215275649767,40.10555159641931,9.81047373753929
20.1,40.44513597322594,40.11560538893209,9.885108736422643
20.2,40.40032746232754,40.08933321964314,9.629480716269898
20.3,40.19301096043378,39.87796131127133,9.72371658830799
20.4,40.317324859564806,39.994688664920716,9.692717351015204
20.5,40.288741848088065,39.98271007246572,9.51335538458762
20.6,40.53247383790711,40.21674700107688,10.08762591168574
20.7,40.36640534485301,40.058828346471905,9.878467898534977
20.8,40.40400316945263,40.083856565960225,9.817680512285492
20.9,40.42008006558166,40.107515412559295,9.676185928845209
21.0,40.319172193438774,40.01986017086138,9.848398628861881
21.1,40.219761821884646,39.90800573451984,9.773922459288697
21.2,40.57834421724164,40.25925595232024,10.103246305888325
21.3,40.39857460972603,40.06724709887961,10.054875220349055
21.4,40.28241598980653,39.9767121596172,9.495627593375755
21.5,40.42386848934741,40.11827823366255,9.762190196393966
21.6,40.36522562245049,40.05091269040535,9.889641749022246
21.7,40.54014403237366,40.235561143985194,9.776476858814481
21.8,40.36072660879347,40.062809543270546,9.803268657465425
21.9,40.1849323120551,39.88836599483371,9.708194556125653
22.0,40.170127357737016,39.87271695521253,9.643788524975442
22.1,40.34986251129291,40.03704340960849,9.843452264427677
22.2,40.23446629790424,39.918433882164535,9.852960425287224
22.3,40.3439707716446,40.02742791195702,9.705431103904376
22.4,40.468241483419064,40.16295120805568,9.776271306149864
22.5,40.267382605354534,39.95684262987908,9.795945615479136
22.6,40.51791689451064,40.190857002314125,9.861370316941066
22.7,40.43182659953616,40.12644212544529,9.790119343316654
22.8,40.47541326278002,40.15131099072599,10.0128094932752
22.9,40.51544879520481,40.18058573947253,10.603536907469698
23.0,40.452115461189926,40.129152692116016,9.945048598164762
23.1,40.250481291025025,39.922872471409114,10.016784967995855
23.2,40.35758483323784,40.03859974930114,10.121557714943048
23.3,40.29595460369019,39.97197849372603,10.180891509763459
23.4,40.395497800133356,40.07955269488976,10.061180244108339
23.5,40.59925933003136,40.26832901956548,10.304252487385929
23.6,40.41174012584458,40.087922446834554,10.148357456237482
23.7,40.558964112695804,40.2250389758047,10.130828537278829
23.8,40.501096139441266,40.178391163764225,10.156677210706615
23.9,40.66943764785377,40.3327701452472,10.514062645554764
24.0,40.59422739841431,40.24125508274271,10.35582660753567
24.1,40.37018821863663,40.03390372010274,10.097377631562969
24.2,40.36388095810503,40.02706160869169,10.421958015320984
24.3,40.653100229418285,40.31275901709759,10.535701102492753
24.4,40.61140926538776,40.2775262061841,10.415196076592377
24.5,40.58659884763386,40.24944118723794,10.235367989167598
24.6,40.52458813946486,40.193096987167664,10.144427180584994
24.7,40.427917731471524,40.09930556321941,10.325548808299358
24.8,40.6081894146402,40.28073675212151,10.261686553022887
24.9,40.62797452502838,40.2939990737233,10.153726336604636
25.0,40.33564054948736,40.0008625128041,10.25855526074907
25.1,40.25151518156972,39.92063135175183,10.184510006224766
25.2,40.450942337169415,40.132480554168076,9.917592317337268
25.3,40.14219433497103,39.837455387735744,9.60562761189885
25.4,40.3908136064501,40.08670391485169,9.7670603555423
25.5,40.41895929251056,40.103056597838425,10.096937646086342
25.6,40.41590088095562,40.10551899282131,9.961479483946865
25.7,40.32617995400432,40.01791551317928,10.057576651646514
25.8,40.31838014627477,40.01625360229298,9.95997365268213
25.9,40.341504187273415,40.050268943884475,9.85371600352579
26.0,40.45761906288523,40.15815786610553,9.931135864122814
26.1,40.57692932550255,40.254077670209085,10.617564387502123
26.2,40.2083393308518,39.90294145554756,10.149199760079577
26.3,40.36169000596699,40.06068795868209,9.991646066514125
26.4,40.54372143049884,40.23281557032017,10.213393445718953
26.5,40.44153764721605,40.11471746943716,10.139442337679084
26.6,40.305895931108125,39.977489527916724,10.639088914024603
26.7,40.276008330008786,39.96543845290755,10.08893273961714
26.8,40.37174023428245,40.051812187438806,10.0867923243474
26.9,40.42718456880674,40.10615426948192,10.156975246025617
27.0,40.39009273370903,40.07790496488796,10.274794897629967
27.1,40.561529892348474,40.23816160899584,10.08318976167527
27.2,40.279876462645,39.97023378126351,9.987125518641058
27.3,40.3634711948411,40.047748864299486,9.984676860556366
27.4,40.582019038988214,40.270091954621414,10.41361014163961
27.5,40.49913160588881,40.19357155508082,9.923311577226823
27.6,40.3743768117716,40.07624275325453,9.930420090024322
27.7,40.389561170026475,40.07442544519502,10.129738654132309
27.8,40.44611413281668,40.128456652686886,10.09807261047393
27.9,40.343368458797656,40.02985295346543,10.407521513949275
28.0,40.09983190923597,39.80704375138903,10.178362253956353
28.1,40.197619105555056,39.86857835770751,10.115868848608168
28.2,40.14922999432408,39.850616192867925,10.209078435410444
28.3,40.18559449376638,39.88129637463853,10.001721385673918
28.4,40.11332060146049,39.816883634074095,9.970313642293881
28.5,40.261262699177415,39.97155577571844,9.831483513682498
28.6,40.331292745667305,40.03609896256544,9.616945292718215
28.7,40.1081626456083,39.81467721291419,9.668014424765213
28.8,40.232853788722274,39.93596385231826,9.720380685385313
28.9,40.28319375418066,39.97927333760225,10.019217304056447
29.0,40.31264638059648,39.99906469790238,9.777549696964378
29.1,40.26292212399149,39.96078720246044,9.951681187769047
29.2,40.011249597345646,39.70224708516923,9.826365525379048
29.3,39.9916204883105,39.69203828666694,9.769097365008653
29.4,40.09368096501522,39.782058258932786,9.900246018129415
29.5,40.08222138695135,39.772221527254345,9.982328116044725
29.6,40.12433091561518,39.830867875131055,10.047770484118734
29.7,39.97360207876038,39.66734342935006,9.851377681344573
29.8,40.227175336719064,39.91686403612106,9.81991628729305
29.9,39.939592040753965,39.654394196893556,9.63311402915206
30.0,40.1606992986273,39.85696010393739,9.876103679742377
30.1,40.05234708565241,39.75124583344541,10.375161098377873
30.2,39.985042727963204,39.688474178464354,10.218602980204105
30.3,40.111152232787774,39.80999975469346,9.863822356915874
30.4,40.17640077123854,39.875601004407756,10.174896699168887
30.5,40.28375057574985,39.98697678487711,9.937779864746965
30.6,40.05949590733691,39.762885541509284,10.011864407537104
30.7,40.13803848942272,39.8476675158597,9.810404157050447
30.8,39.98863207135889,39.70093996811455,9.76215450663613
30.9,40.14781190232323,39.84810347696012,9.924540032820236
31.0,40.25929170771583,39.95668521550338,9.788286057658055
31.1,40.28278030375962,39.970873887089475,9.733253749399918
31.2,40.11811555969166,39.81580282274539,9.69471162277322
31.3,40.24347483658834,39.92381711866319,9.913885434546136
31.4,40.228743602780575,39.9165701062446,9.860080434202507
31.5,40.3172120254053,39.99371177900944,9.894707111323761
31.6,40.42155254836444,40.0990835644629,9.885241301515515
31.7,40.10982465212425,39.79380239051813,10.140984459815604
31.8,40.248034250121464,39.936359097418716,9.839508170534119
31.9,40.458443956853394,40.14284019496817,9.927678322789847
32.0,40.198132352819314,39.87405831187441,9.777843781433992
32.1,40.09521528772556,39.78506262732386,9.867286466257946
32.2,40.16032852492604,39.847199620123575,9.73202548805591
32.3,40.29389949205992,39.96852343123979,9.977917681549162
32.4,40.27130845079934,39.95061660589182,9.801403974552475
32.5,40.22702562183106,39.909896092316764,9.837627484138741
32.6,40.28994547931836,39.962397309195005,9.991049395282328
32.7,40.12977526772499,39.80978595167065,9.845021629695125
32.8,40.06139947156992,39.734559236210515,10.092465037238263
32.9,40.127467482940304,39.80917304948184,10.236201225002926
33.0,40.071236624282186,39.74241375764624,10.046187163270247
33.1,40.112283016591284,39.795606851506946,9.755059859358926
33.2,40.303287592839915,39.99843707024246,9.89678916484802
33.3,40.184520553179446,39.87754714167223,9.746756138199261
33.4,40.134666694025626,39.8266835839436,9.92313549025476
33.5,40.35790531239814,40.0524918126335,9.430043768662996
33.6,40.42337353544698,40.112259909525534,10.055500894571288
33.7,40.299195026010494,39.985084420562956,9.797153468536477
33.8,40.29980966737137,40.00604553176361,9.479221629503538
33.9,40.227516115757915,39.93118017648385,9.710472426057569
34.0,40.34728169419087,40.044901703202,9.919562648293338
34.1,40.29886049488776,40.00910188742407,9.7212626107083
34.2,40.32633177042047,40.032230036227105,9.678240707281335
34.3,40.475290875029785,40.174457052288275,9.854193251976191
34.4,40.376279437325266,40.084707632764946,9.676959107117087
34.5,40.45550566240005,40.16235381772302,9.965761161788224
34.6,40.33047662142245,40.03178039348504,9.782260665126868
34.7,40.180912614777405,39.88799804450891,9.61482300291734
34.8,40.351956974807784,40.03749818271003,9.696032154377354
34.9,40.374703414277256,40.07176059751964,9.63089707984133
35.0,40.41495972650782,40.110802410325554,9.672406722329784
35.1,40.60687133147161,40.28455456012441,10.116784867648692
35.2,40.62783877474023,40.30393557187411,9.83314228982232
35.3,40.43006517560187,40.116897676774,9.721944121117117
35.4,40.52389551580183,40.20914722995018,9.879553442363221
35.5,40.26768842203739,39.957667385675855,9.554221655278184
35.6,40.54493078305424,40.232309465626564,9.516186008721428
35.7,40.53755700998413,40.214749690783044,9.765673483131899
35.8,40.66219059299604,40.3399023589921,9.846200975108307
35.9,40.4042269587159,40.09398565441442,9.818929358764203
36.0,40.297933855860734,39.988891444595886,9.566167735665632
36.1,40.31142976057027,40.00589207765021,9.747471248842789
36.2,40.21776660356606,39.913487302479545,9.868057659602211
36.3,40.23957820520738,39.925361672613775,9.633538203832465
36.4,40.30544774826453,40.00213571061123,9.934537382585068
36.5,40.42951357925007,40.12236200874582,9.64696366252203
36.6,40.377050595464695,40.06962210739118,9.597226678318883
36.7,40.40674354738371,40.10907880479493,9.787592699125646
36.8,40.31205813461636,40.00550179254281,9.48925648326002
36.9,40.34328083559505,40.04193500363194,9.596627102305357
37.0,40.15542519657894,39.86041938666153,9.363958717664628
37.1,40.43877410326297,40.14382848374727,9.488922102699489
37.2,40.282336282480806,39.98035314533105,9.781436247634558
37.3,39.99251685983557,39.697106108968505,9.636511655797747
37.4,40.13108120784062,39.82104621123969,9.66018862328452
37.5,40.27417919006686,39.96480012655439,9.759091722167186
37.6,40.19428550121327,39.90024411158556,9.823851299689853
37.7,40.239812266625826,39.93160562466726,9.666740886379115
37.8,40.0399047229222,39.73134397589314,9.546127378087414
37.9,40.09217480994975,39.78830916904877,9.613792499891938
38.0,40.13295702083691,39.820100156178604,9.781767206510692
38.1,40.18581862318264,39.87819779480722,9.386747184450183
38.2,40.01274694017949,39.7174010694814,9.291945255378781
38.3,39.908846907372876,39.614164413845195,9.504381213837137
38.4,40.03453932735749,39.733497557259916,9.580269280377129
38.5,40.27442871172628,39.98121698546243,9.666221871915978
38.6,40.33751813471752,40.03450883594292,9.892149050359777
38.7,40.25019519681263,39.93495654444967,9.655448706578852
38.8,40.404599822738994,40.091777263841706,9.713808848757854
38.9,40.26776432571392,39.966050546995504,9.455873210711628
39.0,40.215351008439654,39.90037893616974,9.731376661822022
39.1,40.22039922994132,39.902524790152874,9.946063811300707
39.2,40.20715215101826,39.89604926768855,9.578596978184356
39.3,40.153703172375714,39.852637736614604,9.846479341825367
39.4,40.160109600210916,39.84788485210362,9.638439042330102
39.5,40.26647701462881,39.963212782930704,9.680153542450002
39.6,40.27318181880221,39.98117069743704,9.499331222756235
39.7,40.299078831980054,39.98842261891967,9.52864235169531
39.8,40.58912059423904,40.27360691736007,9.68173358992636
39.9,40.33682973215449,40.02723039195784,9.700076191971599
40.0,40.533521986023686,40.22347849373375,9.867565908375989
40.1,40.34239404392145,40.024080018748684,9.694956199896067
40.2,40.43303005545073,40.110029822079724,9.717782359774153
40.3,40.46711170978746,40.131113579162424,9.783617177607592
40.4,40.33717330293724,40.01086889115744,9.899455499140934
40.5,40.32326611874432,40.009452959913475,9.772507374532648
40.6,40.49045788159345,40.16308869180253,9.827916064679854
40.7,40.191552369976314,39.88173779278426,9.740192045620521
40.8,40.379164802165604,40.049065828559485,9.934146042230552
40.9,40.371574231568374,40.058257786316,9.53344732106446
41.0,40.23706156167303,39.92575850907439,9.605199235915421
41.1,40.41650618265909,40.09803438119773,9.666101473968304
41.2,40.31851981556593,39.99571697629889,9.907715625942638
41.3,40.53975679249483,40.21889008634663,9.750867571988397
41.4,40.62955188583792,40.30372744907741,9.826572020927724
41.5,40.355275037413854,40.03327242444616,10.017679673566182
41.6,40.24167814188571,39.926268293871445,9.449312309681103
41.7,40.25619648497485,39.944920769021536,9.603260890621971
41.8,40.20340385190173,39.88486262569534,9.68033566673685
41.9,40.29401427530144,39.97951720049102,9.902705933709935
42.0,40.27541731517022,39.95104013127082,10.007306234436516
42.1,40.37218080584344,40.05336751952553,9.732677507018453
42.2,40.279927893647184,39.96671175666402,9.752265143041429
42.3,40.40292866868288,40.08755141886218,9.674017564630894
42.4,40.62047097516539,40.29433227486733,10.12304218351469
42.5,40.272184369991145,39.94995385957088,10.117026064028092
42.6,40.188851493521334,39.85962286564186,9.911417415557565
42.7,40.10056924627571,39.794519888353406,9.881048853836896
42.8,40.1356078924615,39.817144368441646,9.954235960692685
42.9,40.15665596542295,39.836149832672774,9.91775988705159
43.0,40.05041007297637,39.73972711315205,9.975688123228794
43.1,40.03809992510603,39.71425649169664,9.749491250660963
43.2,40.15045450399816,39.83006791558237,9.619842172537105
43.3,40.110164676601194,39.773488555269225,9.904170676458648
43.4,40.16338475309569,39.83765526044695,9.890747297923989
43.5,40.163039410354074,39.828592479198434,9.844683598649002
43.6,40.22415857788756,39.895696373311175,9.837766122110477
43.7,40.452058439680506,40.10857828850853,10.299747374723795
43.8,40.1241151052753,39.80168563021298,10.053999196472382
43.9,39.92824674047012,39.60954619676386,9.716107087555784
44.0,40.1954224943047,39.873717991126085,9.540708715179168
44.1,40.34586922672448,40.013043377940605,9.979199550919526
44.2,40.191945054519884,39.86679178499874,9.748667360820862
44.3,40.049955310212624,39.73420102085047,9.980792253983463
44.4,40.27631426994228,39.95405886088222,10.061554834312266
44.5,40.122151303925236,39.79789089566244,9.796933318755642
44.6,40.01121260921503,39.68421760579127,9.856986101526521
44.7,40.00404301712453,39.666798081999794,9.729999462314732
44.8,40.06010172911904,39.728701343096986,9.861619740468944
44.9,40.13139225091365,39.804068015847065,10.1035741066942
45.0,40.0274904020926,39.70289201921812,10.246739400789153
45.1,40.12562874463069,39.79168738353803,10.28358575318416
45.2,40.095141597645856,39.76533152391344,10.360653687314926
45.3,40.23282056471618,39.883678823203205,10.47245621783288
45.4,40.126352973970974,39.767905109963145,10.47438263500674
45.5,40.15926015795445,39.806540322781444,10.309395240501374
45.6,40.17312435950942,39.81667470921605,10.34409985382231
45.7,40.27948845815111,39.93306948010457,9.826297996818019
45.8,39.96981939382562,39.61545914395815,10.130446905726037
45.9,39.927781576276864,39.564697033556456,10.262357419933144
46.0,39.92453515050196,39.561163744183176,9.892038194688132
46.1,39.85664580274454,39.50617429290046,10.02476595995266
46.2,39.96989880323061,39.631693028914945,10.01121024651866
46.3,40.09183383390184,39.73835099682837,10.31991054208106
46.4,40.076528553119246,39.71664189217413,10.403587489336111
46.5,39.96587126433505,39.61372822211693,10.408207267684874
46.6,39.88948812667717,39.52951287323078,10.536785661711189
46.7,40.077268464654836,39.72457798453211,10.464796447945082
46.8,40.09908669033635,39.75027495704237,10.247055065675024
46.9,40.09962217560834,39.75799305155182,10.397604105686188
47.0,39.73686742920216,39.41078107864359,10.070722574644991
47.1,39.771285043329485,39.43148242063021,10.101014260273091
47.2,39.75527457719467,39.41774197121214,9.872086563361497
47.3,39.82562251000171,39.48931260350893,9.731188309573481
47.4,39.953096228221035,39.61949415545722,9.860436139369751
47.5,39.882944877996486,39.56329416050969,9.729040189287666
47.6,39.793937036696356,39.459301879772894,9.855371089967068
47.7,40.201258335077526,39.847564058079115,10.211005002513472
47.8,40.16043626029427,39.80052599699911,10.170342065686333
47.9,40.04886734975649,39.69092074810754,10.322262652142852
48.0,40.06613771828438,39.708979887923284,10.415498029224269
48.1,39.96022015481121,39.60245104604422,10.35410309713299
48.2,40.027532903718,39.66719592132094,10.287208919121372
48.3,39.854618437473064,39.490247069357814,10.661546932702382
48.4,39.87911261459083,39.53245734136917,10.48442423351789
48.5,39.79533481142923,39.43877682180187,10.273995939254055
48.6,40.00167596960832,39.642414473836716,10.500318923093662
48.7,40.062909249417274,39.70443925016149,10.455016229229042
48.8,39.96100932727005,39.60450459601625,10.428263177029033
48.9,39.986848558007495,39.637284401922216,10.391005582190926
49.0,40.0858664478019,39.72653663307328,10.243758881897172
49.1,39.97494362308982,39.61226636928006,10.319497852953592
49.2,39.71167765127917,39.36610839627672,9.97845621823381
49.3,40.127615268610825,39.776061927880754,10.150671496114676
49.4,40.009890046509895,39.6682529102078,10.155979643568758
49.5,39.84669822387264,39.49752310107629,10.132258508182419
49.6,39.981538428937796,39.621398407019626,10.18170441231475
49.7,40.19413948308829,39.82438075318245,10.308477936391517
49.8,40.202223674179024,39.838911207778885,10.345852967028893
49.9,40.29141803560487,39.92488759401414,10.0735501061637
50.0,40.14517973399195,39.77334629966288,10.211574986328069
50.1,40.22031938300324,39.85686877594589,10.336125089714411
50.2,40.02574039058742,39.67331467589438,9.812902630659075
50.3,40.113435093061575,39.77113238344609,9.57141084410672
50.4,40.0395462263113,39.69645392593321,9.75775121857137
50.5,40.03920169006572,39.702308009320525,9.86722503674056
50.6,40.060071265956665,39.72333173160189,9.730907080689368
50.7,39.91247492117085,39.57282179031735,9.803624760644372
50.8,39.90965021061517,39.57356941698958,9.625103880927998
50.9,39.92096369139266,39.58381787677133,9.767149061070182
51.0,39.835861448887485,39.506040048112865,9.540439170640598
51.1,39.770248198109826,39.4475382764616,9.75447642832305
51.2,39.813643059488946,39.47481357958915,9.865982718253004
51.3,39.81156621717921,39.4868026525605,9.982307991772272
51.4,40.02036918226401,39.68180267330347,9.972349794176921
51.5,39.832242984445564,39.49972526692859,9.86656427837375
51.6,39.76797185984718,39.43325429915175,10.122582523437188
51.7,39.867369070873515,39.51893138776334,10.039156482830219
51.8,39.785408317627606,39.44124072218275,10.170320093988765
51.9,39.81948561658733,39.47237345321998,10.323219763357288
52.0,39.78588478121681,39.45501640757264,10.036278698445837
52.1,39.70684575761532,39.3774724251536,9.993882596042882
52.2,39.693029544852635,39.370652784815185,10.002329240144546
52.3,39.87148367928686,39.53745187814366,10.07279027304964
52.4,39.7754952007151,39.4385946719131,9.9483536387138
52.5,39.87030421550809,39.528538283831374,9.991445391316288
52.6,39.97382076221636,39.63338734538711,10.01227844467794
52.7,39.876411609365,39.54252419199305,10.038526864002522
52.8,40.11830697709252,39.772940517236194,10.184490697482946
52.9,40.011900896926555,39.67132217330806,10.339277806231857
53.0,40.062085481082285,39.70025599718135,10.743703391613648
53.1,39.991456932951365,39.62443183948621,10.264663007020166
53.2,39.68956422320777,39.35446367871096,10.044039699592721
53.3,39.92930205568599,39.58106870380035,10.1618018157612
53.4,39.919792199952894,39.570873071962296,10.136779442535945
53.5,40.075988145482135,39.70578475015666,10.478100999797217
53.6,39.99981808396029,39.64612686433153,10.07722960788349
53.7,39.881619191393995,39.52986342217607,10.10337725952694
53.8,39.901473183949186,39.56012636844499,10.245948122119884
53.9,40.09932959154076,39.73757880634194,10.118913555216809
54.0,39.9269903230644,39.57645217021922,9.936901178201902
54.1,39.99765320835935,39.637277048067915,10.006089302810462
54.2,40.01938637164721,39.6671751314703,9.962589290609369
54.3,39.824725582794464,39.478384729466775,9.92721736006256
54.4,39.87381618318317,39.53427973771348,9.861111443024734
54.5,40.04030690465696,39.6865989821936,9.98180574958551
54.6,40.129452870099826,39.776169513522376,9.832157476561177
54.7,40.23356243989125,39.8708298301037,9.98975107841691
54.8,39.8888207153063,39.533833452016935,9.916856016066859
54.9,39.99909461624851,39.63998850963477,9.91754662188228
55.0,39.97841042612626,39.63140982277196,9.881183856246643
55.1,40.00831966550237,39.65546979607748,10.005270869646685
55.2,39.81494743735308,39.46666567723839,9.816293316030569
55.3,39.84267988675643,39.49252941701627,9.864196609240178
55.4,39.937804112823805,39.58355476270414,9.983250177135874
55.5,39.76124397253209,39.40953951687613,10.132795517748743
55.6,39.88729561760148,39.529643904395854,10.041418924489568
55.7,39.765722355640676,39.406221739275985,10.054985306700084
55.8,39.7932759672147,39.43690990608948,9.86111460716454
55.9,40.005800947324985,39.66278218060766,9.872315046195915
56.0,40.00772478371678,39.6508530238525,10.155191464877
56.1,39.852858494383156,39.499616438754,9.887203070905658
56.2,39.85625177083752,39.49972779189872,9.80634444306215
56.3,39.84493305042703,39.48216688853457,10.079968604365083
56.4,39.85926570613118,39.49992545753407,10.010529080713846
56.5,39.82910270900512,39.46448731789537,10.295851011701263
56.6,39.90521534748557,39.53542409207582,10.307407443476828
56.7,39.803201239885006,39.44314603477382,10.115501674726309
56.8,39.858591629016516,39.49850881521468,9.886181190827562
56.9,39.77806241523856,39.42752326939903,9.71771656879536
57.0,39.92920051975745,39.56229597970489,9.937494034895167
57.1,39.926796283074694,39.55536308009875,10.024067174419978
57.2,39.851616641294854,39.49533845347937,9.915216373941252
57.3,39.84680323497551,39.489526343790594,9.9368608838228
57.4,39.82452944778433,39.48104996595965,9.915473888830373
57.5,39.73971280723279,39.40136333416364,9.815809942559758
57.6,39.819523302751435,39.468657312360925,9.973137150129364
57.7,39.7066848351808,39.367976109974485,9.740123228766247
57.8,39.9251139045168,39.551309324920744,10.26644312644869
57.9,39.85735878937888,39.48546525788828,10.381687473257877
58.0,39.93918607536894,39.57071851902341,10.251238497480092
58.1,40.14729103704093,39.768016363377576,10.319749222722098
58.2,40.04543040924655,39.67307171301515,10.56378857074361
58.3,39.93415524496841,39.56424620763835,10.379196127856911
58.4,40.08846937888495,39.70935870083417,10.591369932902628
58.5,40.04479945135327,39.6643042244082,10.367340261632613
58.6,39.79477004976737,39.42173013941158,10.346018515937011
58.7,40.040236329258676,39.658901663094916,10.618197587538384
58.8,39.60413994473436,39.23061035179828,10.33428813151166
58.9,40.03707612160747,39.661902332380386,10.220464527873691
59.0,40.022389593255994,39.65655210341201,10.336375468058371
59.1,39.86336798303312,39.48808836294394,10.277123983644367
59.2,40.002988790949296,39.62572175562575,10.620529653499464
59.3,39.956812026699026,39.56834436985268,10.471630970416719
59.4,39.948794256485556,39.56973566821661,10.613559300370996
59.5,40.035263543501664,39.64540228724438,10.76615967667264
59.6,39.94291726877174,39.564565768193994,10.60941691593144
59.7,40.133117466432104,39.740397684364694,10.544373306154803
59.8,39.91289174317638,39.53230443505894,10.385477305201304
59.9,40.125216497388216,39.74374898565975,10.425065040079634
60.0,39.8735477849253,39.50420801379374,10.328400890881907
60.1,40.1652758413979,39.791001534178754,10.472805982168689
60.2,39.826125452387025,39.44576293863933,10.529845433277272
60.3,39.83599819094936,39.46071642508989,10.319121240700643
60.4,39.657484380038625,39.27153391049369,10.35340716849802
60.5,39.86537038185239,39.48091209308903,10.671928551018928
60.6,39.792727055060034,39.42459130882991,10.231520312946428
60.7,39.80095569773009,39.42577143156004,10.290129235588962
60.8,39.93050179915464,39.54784584915101,10.556634306271368
60.9,39.89388057045464,39.5161486151846,10.307195109166779
61.0,39.795201812272744,39.41686182724164,10.559213328853598
61.1,39.78239280630108,39.40267418285414,10.531489385715311
61.2,39.883040495211894,39.48980754981758,10.774866179814856
61.3,39.988692861589435,39.611073310090624,10.36439213701783
61.4,39.96721954215176,39.60004738917631,10.313932298983952
61.5,39.74387537960938,39.36467875697516,10.394074170924338
61.6,39.719023781365706,39.33995106879988,10.3355558250441
61.7,39.90697054461269,39.51940359567105,10.512137394386468
61.8,39.91149726832023,39.52907757847449,10.446067132851168
61.9,39.9621931646888,39.580713507579546,10.511598087301897
62.0,39.861061889571914,39.477831789002884,10.444970177825093
62.1,39.423378521608264,39.06474298501378,9.991230430094404
62.2,39.76483731161769,39.38657381901708,10.532133394852702
62.3,39.615914981413006,39.24519302040772,10.347340865929494
62.4,39.65695752257504,39.27794826633408,10.295420444378577
62.5,39.799087888832695,39.42013996384869,10.47594106749882
62.6,39.55832112011712,39.179870601493725,10.242530492073548
62.7,39.660705787827965,39.27863710311444,10.247803541051608
62.8,39.61235980496064,39.22274784824646,10.318092763852997
62.9,39.90491314181797,39.502246329296185,10.486289077874442
63.0,39.66290499758606,39.2804066717206,10.677396743230807
63.1,39.74421227687181,39.36798666866726,10.349494147494093
63.2,39.601619603333965,39.23262434030081,10.129054080296111
63.3,39.64949114081935,39.27486120100173,10.3098556050754
63.4,39.84049272003471,39.44714781112435,10.394988788221863
63.5,39.79177883443801,39.408230892615755,10.359057738099986
63.6,39.803245529276865,39.42386860754694,10.309848968179363
63.7,39.83854095578881,39.455241928026126,10.407646459876007
63.8,39.89937748256843,39.50042168695395,10.718693608544289
63.9,39.772544122651155,39.37711694578101,10.63686573547184
64.0,40.07539350133672,39.67510724024127,10.688281775419897
64.1,40.131667971944964,39.75498937447705,10.076555678555616
64.2,39.914778471234754,39.53266434373944,10.259551794719437
64.3,39.96348375074247,39.579740042026664,10.418814776330878
64.4,39.66736731809834,39.295685809817556,9.768216885910688
64.5,39.79745824316161,39.411298687030026,9.960060188335277
64.6,39.94755197804488,39.56942871565192,10.43435691876525
64.7,39.82205259812791,39.44623115433081,10.137419539016577
64.8,39.86967402579535,39.48780728253557,10.377784302402443
64.9,39.918273665576116,39.54319533277059,10.315842531417779
65.0,39.80978562730354,39.426778064979224,10.096961870794123
65.1,39.90749961196749,39.51574654221867,10.147390164265252
65.2,39.76152319131851,39.365228476780686,10.401543773419727
65.3,39.86239420084477,39.46428217118286,10.17522375057152
65.4,39.7961267019974,39.41403078163725,10.540795787688273
65.5,39.84789859571496,39.46101898125213,10.3000974542153
65.6,39.7033701616209,39.31569172733164,10.451148342096019
65.7,39.842591251734824,39.460593342278635,10.3096692734053
65.8,39.89303674895769,39.507430337034734,10.32813155675633
65.9,39.84763640543755,39.47889352303532,10.083145899881535
66.0,39.89212997514921,39.50020895348349,10.28925568503294
66.1,39.707331120453404,39.33400131819273,10.119887806587506
66.2,39.981376686168716,39.61103401258614,10.207005740587816
66.3,39.79132444091517,39.415969089375736,10.206990822260307
66.4,39.88156738627548,39.499923560597956,10.193193842602687
66.5,40.02220960026843,39.654764593040774,10.207511736734054
66.6,39.93436323940693,39.556013389643276,10.235711660233653
66.7,39.79121218558327,39.416732524836945,10.203176699778265
66.8,39.69074827048275,39.32786961832391,9.86844271123026
66.9,39.83476529982182,39.44442665078113,10.090037747750438
67.0,39.85691015866791,39.48140813390691,10.156422069257905
67.1,39.75894483047034,39.39813816405749,10.00067293879692
67.2,39.70409808278102,39.333133449139844,10.083874073739498
67.3,39.59921143619003,39.23330974781945,10.158825510575072
67.4,39.75630253115325,39.39403852232847,10.071965150418304
67.5,39.786046172775244,39.421518630975754,10.022665780264521
67.6,39.80638771392097,39.413855892068725,10.549608263525974
67.7,39.846188467816674,39.46657811906556,10.246431575593594
67.8,39.87642880658379,39.5058382821317,10.373478820041404
67.9,39.91830555438155,39.54273776344833,10.246538547089093
68.0,39.812313945005286,39.43276071894927,10.125259625990735
68.1,39.696062644995486,39.324071866709055,9.93919185968712
68.2,39.74861599761914,39.388517539459926,9.79294133497722
68.3,39.72055042051325,39.358989965299166,9.826402811585012
68.4,39.73604386346706,39.3652997416579,10.227682576719799
68.5,39.777791889485535,39.39696429583654,10.09828275949189
68.6,39.803151925149265,39.4248531861275,10.333957639946203
68.7,39.7672465393005,39.3833800911396,10.220173433233805
68.8,39.69751082459635,39.31496241591279,10.172342792796584
68.9,39.6489618604811,39.26022311540131,10.51091541751521
69.0,39.639630423449155,39.266368586175204,10.03090700740167
69.1,39.64354364830184,39.25945164238348,10.033316517166499
69.2,39.83480085166413,39.446954939099236,10.156930082298956
69.3,39.72471315545341,39.34188876205929,10.17510110348463
69.4,39.98912912705566,39.597180076083575,10.402635897136806
69.5,39.90357199855017,39.50313488371675,10.433904454037826
69.6,39.88819706753137,39.49244715014717,10.349772637670792
69.7,40.05332152238885,39.66056870704436,10.300509918353946
69.8,39.97589357237554,39.59976391035685,9.958556863628992
69.9,39.99343447901226,39.60920197043662,10.152987732414003
70.0,40.04566073811952,39.66382456775713,9.98396515100864
70.1,39.85491708436353,39.47437602064908,10.125093967654259
70.2,39.85561140590858,39.48258719936108,9.915222631849998
70.3,39.67591824988945,39.30007092545972,9.893838522606623
70.4,39.6209454711555,39.25804843802718,9.952940715010165
70.5,39.885030136673244,39.494673616919606,10.119221952419712
70.6,39.97873950843509,39.595740270351165,10.276442569815693
70.7,39.985758344005674,39.61628534573975,10.057694862609933
70.8,39.92763821549397,39.5560870171756,9.969147790598237
70.9,39.934690842174675,39.55252395862909,10.115717471517245
71.0,39.875547530263205,39.509211809284835,10.002066908761066
71.1,39.72085198471947,39.3456721449243,10.135993911843466
71.2,39.57748323237025,39.21182093959408,9.987125629347249
71.3,39.54830277073988,39.18880455290126,9.879331608799752
71.4,39.72500220518072,39.35144924243748,10.196130337385453
71.5,39.673615792719545,39.29239433273567,10.030148287949977
71.6,39.880205515205155,39.497841304373786,10.025125598295674
71.7,39.7610389017438,39.3783685231532,10.403808899792274
71.8,39.737265648492716,39.36577168392147,10.16942087127965
71.9,39.810651210034955,39.426774690409644,10.01642979623804
72.0,39.76700984391226,39.4022236388616,9.908643865096536
72.1,39.86499946263743,39.47619509280451,9.809504206852969
72.2,39.723753497612414,39.36836166153772,9.865607915652795
72.3,39.85394231501636,39.48568520246829,9.88971220812604
72.4,39.82212139753059,39.450040799178886,9.86474887358957
72.5,39.61370264753856,39.258919133067465,9.831309406616517
72.6,39.64704545891778,39.284163104721976,9.744470043600726
72.7,39.6064192795551,39.24821742343109,9.755305552350249
72.8,39.62170770145817,39.264129089262525,9.893210093176469
72.9,39.40314787837244,39.05122665592981,9.824518789617912
73.0,39.58081984701879,39.2172140796056,9.992999747022035
73.1,39.47143910507619,39.11705049223079,9.65040334728405
73.2,39.37137462402912,39.0031852718291,9.665688176291123
73.3,39.409801103217475,39.045274154784835,9.5762987601394
73.4,39.34301236473344,38.98953368415567,9.699217701976117
73.5,39.26907490049574,38.90766009515754,9.641980446150754
73.6,39.56268054246525,39.20328812544972,9.705463640942153
73.7,39.2670222948221,38.904147294739836,9.821141291299147
73.8,39.50918902908795,39.141803265685695,9.79295851342712
73.9,39.35236523883031,38.994474403330635,9.715246177123039
74.0,39.37015318128385,39.00378976372241,9.989113113022032
74.1,39.38676809246342,39.01483333048447,9.814764204949343
74.2,39.34768299754581,38.98187464630238,9.871482217930037
74.3,39.36712454255476,38.99318378226406,9.86327510394655
74.4,39.35695927212246,38.972609684320204,9.934728084835601
74.5,39.30435959578584,38.93015598944338,9.931422841009166
74.6,39.30677390829565,38.93301714900786,9.769188946386087
74.7,39.31727043423972,38.932518387779545,9.793415238379156
74.8,39.24678413222783,38.87842407811887,9.891484131510712
74.9,39.29307132624843,38.91817270549451,9.882729392092187
75.0,39.5792972009088,39.19867312147884,9.826432956556765
75.1,39.355351964182205,38.98947480059606,9.956521185557492
75.2,39.314526259627264,38.931079703306686,9.89146803864842
75.3,39.386465276233864,39.02198845948467,9.684559162828021
75.4,39.317906186547255,38.941408384204635,10.020225630537533
75.5,39.47435365441877,39.09845771191464,10.005185538364412
75.6,39.48363559385526,39.11638773777978,9.784891179016252
75.7,39.53637745643709,39.16038958012788,10.016264019223769
75.8,39.36752716770481,39.00264705063784,9.804854715441374
75.9,39.42766371759229,39.053985045765,9.78807894853208
76.0,39.43386708353585,39.05641617310869,9.88417786440339
76.1,39.58205070287855,39.21831410593049,10.014171780651912
76.2,39.760957927436806,39.38026571179246,10.185173956813646
76.3,39.84561394714977,39.45885448889794,10.241045724413963
76.4,39.781750679249384,39.40307754471901,10.31399863880612
76.5,39.572046884752396,39.18424792388608,10.155869791756036
76.6,39.58506051163932,39.214817685200615,10.112651678592034
76.7,39.58826570534618,39.207459869801305,10.052425450401305
76.8,39.56388894944158,39.18785166986903,10.14912050356459
76.9,39.73500251677386,39.34708610846926,10.05144181283138
77.0,39.59689910598448,39.20911152398335,10.246908279557958
77.1,39.53969925064734,39.15321866616712,10.185844748336686
77.2,39.72842726212983,39.33247146126569,10.271776968508798
77.3,39.59237742720991,39.199035628485305,10.291196581725517
77.4,39.64485734811136,39.25441311309981,10.251889823398551
77.5,39.667850037639845,39.26518382929985,10.219589095063238
77.6,39.56428488255692,39.1616159593232,10.307482878065434
77.7,39.44269762440981,39.047456326081196,10.197807414641776
77.8,39.51141660599494,39.12806749745631,10.392597861699029
77.9,39.435599346494726,39.03794147706524,10.551074345109981
78.0,39.447036201668894,39.05934877124998,10.077195901359444
78.1,39.38237999877491,38.98300470219928,10.300634556661738
78.2,39.31312589992758,38.923548758657084,10.27728226888125
78.3,39.48644683565467,39.08478913249521,10.259218212490744
78.4,39.4992731693704,39.100285730270066,10.4778074547977
78.5,39.484281293756204,39.08562351232586,10.15395665430048
78.6,39.38542387729459,39.003261988570394,10.025723653492772
78.7,39.38224546877725,39.01005688742755,9.90808125914727
78.8,39.28167410093522,38.89362219748348,10.150725220484462
78.9,39.36207841036575,38.984944199605636,10.148230650103127
79.0,39.33702750743022,38.96089194487226,10.287706762274174
79.1,39.155302739899774,38.790039884823045,10.05012823115661
79.2,39.26258859660166,38.88977736581772,9.900572279093991
79.3,39.17571279351469,38.80844299884444,9.896359398422103
79.4,39.2877329571913,38.921143587750315,9.925386321787052
79.5,39.46170918255064,39.094019054235666,10.119152620686085
79.6,39.52572307698376,39.151368834891564,9.890503899229989
79.7,39.501100923023856,39.128648919737884,9.773962439807839
79.8,39.426342415338844,39.047489648679,9.76388817192608
79.9,39.560460419903094,39.17979304830988,10.210571277403243
80.0,39.26728589593912,38.888212990365204,10.382178081207547
80.1,39.465217465902725,39.08322081886761,10.248817444747496
80.2,39.39684731839557,39.014422495553646,10.609208746294364
80.3,39.59615639026685,39.18988985637913,10.468978448217449
80.4,39.37800919656878,38.990430706221424,10.260337986086974
80.5,39.37392599404617,38.97327597444965,10.490126924824015
80.6,39.41753138948498,39.020649024059736,10.304645596991932
80.7,39.51200336079314,39.12696941295585,10.62033865508876
80.8,39.40096101192659,39.02199675882459,10.197661345724084
80.9,39.48236785548601,39.081404803356044,10.727313989475135
81.0,39.40449835729368,39.00359608843607,10.659040341831824
81.1,39.54784143377377,39.15904080861616,10.462552053351972
81.2,39.489531923545016,39.09722022569664,10.433722731224314
81.3,39.63480410959515,39.2465375725599,10.578365675827909
81.4,39.48765186506099,39.099989156740705,10.435556129963073
81.5,39.39708344144796,38.9984976518129,10.401364597854426
81.6,39.571456584500275,39.18015390096737,10.351879577304521
81.7,39.400470012125936,39.005849034250815,9.930879795527751
81.8,39.57836436521397,39.16814399768647,9.988078486997825
81.9,39.62673808508718,39.215461365166576,10.258490482887593
82.0,39.38374352506536,38.98751425275605,9.862645700944189
82.1,39.3135441151725,38.928756018348295,10.096746814897143
82.2,39.40656252305593,39.01011602580719,10.375293390497392
82.3,39.35224387297182,38.96557328519011,10.142205892973521
82.4,39.28320050224253,38.91322244529661,10.023773577149884
82.5,39.36300402021046,38.98877572370372,10.138955367280982
82.6,39.49275329635963,39.10655922013968,10.218043554851683
82.7,39.558280069049715,39.18432185696001,9.984835787392052
82.8,39.47171949519615,39.092532530032706,9.983058293386177
82.9,39.2158671973024,38.83577249033546,9.907430344711441
83.0,39.28773576705284,38.91012089545936,9.589542279564524
83.1,39.303008778825955,38.936015503169386,9.627340856765189
83.2,39.19958417398823,38.82469225179737,9.748907329874996
83.3,39.13803577615674,38.76700824463285,9.79567374002049
83.4,39.13463086886158,38.77081069631227,9.710050096624636
83.5,39.07141405263983,38.70211756708633,9.75461001410996
83.6,39.32926796271959,38.947365922738804,9.849701123393181
83.7,39.20188923168834,38.82891579220241,9.995138533008534
83.8,39.06972627685593,38.700683159901345,9.896292764004013
83.9,39.165551291450214,38.78983324482155,9.745375736701355
84.0,39.225487471020834,38.841916830915764,9.806262633748347
84.1,39.01516387410387,38.63177372145648,9.79834536173573
84.2,39.29035733455866,38.906900985476945,9.94782684636446
84.3,39.321836855194555,38.94055501896061,9.932220934741272
84.4,39.277038195026606,38.887850870638545,9.798501162978502
84.5,39.2235969521033,38.84639787973252,9.734568036820578
84.6,39.22066706684883,38.851549169845725,9.86368084093996
84.7,39.178276998714345,38.80618837502633,9.564367651610933
84.8,39.14433680058344,38.774778004813754,9.570602259598983
84.9,39.22253601395882,38.839426426043815,9.823225059138124
85.0,39.186750261571596,38.808280239946804,9.878503290218182
85.1,39.164345283902314,38.793884454175206,9.86867932835195
85.2,39.146052457456,38.77435110585948,9.942046351915046
85.3,39.081450815357705,38.70295285755847,10.013655457475236
85.4,39.027632285412565,38.63666941366541,9.992952018465171
85.5,39.23419857207389,38.865325791250136,10.047094255150732
85.6,39.15901727984271,38.78118830881263,9.870556358260895
85.7,39.258240888829256,38.88602109590513,9.861418585935855
85.8,39.200448479087214,38.83042723564147,9.671455786073043
85.9,39.2004449550139,38.83608007782356,9.811761630869729
86.0,39.13563093085843,38.753830198296896,10.050733907476548
86.1,39.05128049133432,38.679955102932105,9.81077266824687
86.2,39.2982516570732,38.920886522930765,9.775361618018836
86.3,39.23193841355769,38.84175372544791,10.185194811759558
86.4,39.361552659314064,38.98913568952641,10.04417373000391
86.5,39.33326707350389,38.9624210514798,9.580026073526321
86.6,39.262501985932836,38.880995972179726,9.706766307630252
86.7,39.45825778176338,39.09115382142797,9.617731000751236
86.8,39.23212431764982,38.853680542549306,9.735370530075496
86.9,39.35935276910483,38.97397806463516,9.875118574976604
87.0,39.50311836772265,39.112636740714336,9.630544955966457
87.1,39.19826997448648,38.80877841294953,9.682271066175671
87.2,39.007701670710816,38.633102718163855,9.868434072462922
87.3,39.11070766917009,38.72036117376416,10.029843368028256
87.4,39.11488954944988,38.73476731313476,10.132986291026688
87.5,39.097370015478745,38.71319368845851,9.90533817070447
87.6,39.3027037927081,38.920063265948656,9.820263650794892
87.7,39.27077391000381,38.88534069641438,9.7229864026653
87.8,39.25200493598801,38.85255987817948,9.861044620947961
87.9,39.4809760956466,39.081223257632864,9.690516966238482
88.0,39.365559057092945,38.97002582202012,9.98407163149523
88.1,39.17900165357716,38.79924512416236,9.637356975117552
88.2,39.227973051910574,38.85724388691633,9.817479191686953
88.3,39.195355216740786,38.82268741685504,9.656713672138064
88.4,39.149933794129765,38.77900968628398,9.510233121537318
88.5,39.11071153038633,38.737737566954436,9.717330154838205
88.6,39.205990716409175,38.83914873719173,9.633332649652596
88.7,39.174229649472665,38.80275537881556,9.841466752752126
88.8,39.25333220990556,38.879439205986316,9.68087228212152
88.9,39.13497663461651,38.77300764029167,9.690309008858204
89.0,39.11073359427066,38.737101373573246,9.796054106626816
89.1,39.21147009544692,38.82585707371787,9.796117669009359
89.2,39.11483038151158,38.74659741512444,9.469365356495532
89.3,39.195007481650606,38.82551346922613,9.452296183132416
89.4,39.22506563575263,38.87704080530759,9.731002312121918
89.5,39.322485089700095,38.95650958397433,9.645318072528863
89.6,39.38500957421535,39.02176328685001,9.784550622721532
89.7,39.32041229031766,38.957537299044795,9.894445635059391
89.8,39.33454362008009,38.97555051225258,9.732715418382707
89.9,39.44723210622925,39.09197273476159,9.599576586873567
90.0,39.296137263636965,38.938823602473,9.674384363842869
90.1,39.38194554916193,39.016241560367746,9.589754018528586
90.2,39.3114662636382,38.95290212671959,9.69774200683893
90.3,39.45810800083913,39.0932044226829,9.727536855108916
90.4,39.24079717660451,38.88371854756846,9.919031854627459
90.5,39.308649976967416,38.953243240770945,9.62718318576338
90.6,39.19086262115873,38.82569396142799,9.672757099776748
90.7,39.137727030260805,38.780117161876866,9.640053528607263
90.8,39.21014122962,38.84936346585576,9.704472500587663
90.9,39.24343562836326,38.881782398697794,9.556524249835949
91.0,39.201277079488115,38.85071756766508,9.604975909803294
91.1,39.245751012901145,38.88240781384443,9.656219426614461
91.2,39.17440505541126,38.805153312322744,9.583083634666089
91.3,39.28114877324592,38.906897384592966,9.838335254703724
91.4,39.14543772994802,38.774062430485706,9.587155018873835
91.5,39.09520800993472,38.72719218193594,9.438120113613063
91.6,39.39084636038342,39.01687370055544,9.656482735591348
91.7,39.202912217370255,38.85216711599513,9.764147801598
91.8,39.339627903090495,38.96362634772608,9.53663236999032
91.9,39.28558645977604,38.914124833415464,9.433993091760616
92.0,39.23207218429998,38.855725618566034,9.619328449891599
92.1,39.2998901110933,38.919933460339685,9.770252409621563
92.2,39.35107456326783,38.974591063681416,9.72889911653574
92.3,39.27514470487255,38.898397110722506,9.577698543305583
92.4,39.33419412308998,38.966918202239775,9.449793651214803
92.5,39.41551927111034,39.042326872709154,9.517474674338777
92.6,39.51803896457534,39.14211507647175,9.63097390694169
92.7,39.36121208829171,38.99137726458335,9.509937587727311
92.8,39.21434003721042,38.848160777772414,9.855818899022042
92.9,39.27307192981238,38.8984942526254,9.956756898251594
93.0,39.24751094753991,38.86774777737587,9.704588851459988
93.1,39.40176544538222,39.01622666475943,9.59979366039659
93.2,39.36378677293959,38.98023218404874,9.690898790547992
93.3,39.397662186296074,39.015316011909505,9.780744642288967
93.4,39.18215503994117,38.7904546010518,9.70232391317523
93.5,39.27936172420509,38.89079305923306,9.599147037583508
93.6,39.156024716874356,38.770890938179086,9.506680223204755
93.7,39.27014585523472,38.893510092300616,9.601148703043535
93.8,39.20612447617674,38.831008753023916,9.61423412278128
93.9,39.245507490721856,38.8703568828225,9.571207059621257
94.0,39.27291924956733,38.89635516987388,9.6309202496538
94.1,39.3753697731159,38.98706301529354,9.719062539016951
94.2,39.19244293690874,38.829001252938774,9.592794640204394
94.3,39.324419420518964,38.939109876312614,9.760221914596343
94.4,39.20778028523595,38.82148023905095,9.830482059490842
94.5,39.14920421498853,38.772593381413564,9.833888687414007
94.6,39.219973109396214,38.83869001862709,9.614382756398443
94.7,39.1683976584603,38.7917027913498,9.670892369101468
94.8,39.19709139927565,38.818861716129405,9.604650439229125
94.9,39.09303659437691,38.71227183051444,9.409681522133852
95.0,39.058653182632604,38.68400463696719,9.389678242152526
95.1,39.050662019670526,38.694799520941814,9.537478974883806
95.2,39.167945421590254,38.7861721620171,9.66097759673313
95.3,39.19383245829029,38.82405284343419,9.420491032721204
95.4,39.21633969996359,38.84627777701558,9.534829486089947
95.5,39.19112096322925,38.82464218966962,9.555952631283771
95.6,39.10691844883423,38.733704735863014,9.525997797822495
95.7,39.05001860319308,38.68900562011536,9.654535984323317
95.8,39.24112763244629,38.87642955376117,9.692764721652111
95.9,39.226179947306754,38.853664086469216,9.53053817795626
96.0,39.271752547692785,38.90630811144003,9.471683423594044
96.1,39.277048712491705,38.88809918856036,9.547111867671028
96.2,39.278762442087825,38.910301590598394,9.46030774242605
96.3,39.34514340574963,38.973865615223794,9.428678722416286
96.4,39.31284433971477,38.94880380666672,9.455530858783497
96.5,39.32918154090661,38.96329009499632,9.484505780561078
96.6,39.39642140392848,39.017232483967014,9.569818859411027
96.7,39.20435668880154,38.829794873456436,9.44743607702087
96.8,39.21801240281802,38.84746770834177,9.473586421739283
96.9,39.1512751438776,38.78156573743371,9.398083800095778
97.0,38.99046393489364,38.6244070689235,9.409443776846427
97.1,39.10297896909888,38.7253076514563,9.391648035802126
97.2,39.087974215534445,38.71498001780268,9.514249973034225
97.3,39.25473164980695,38.87414339640262,9.540549941943063
97.4,39.225687109419155,38.849095613982335,9.568630112466249
97.5,39.30349824710574,38.930509814270756,9.424055925530435
97.6,39.23871159693673,38.86527928673605,9.55358302322588
97.7,39.179493295096336,38.79979045035622,9.689101338983361
97.8,39.13968173990144,38.76673729287215,9.423121309175455
97.9,39.216623816730966,38.84602855806317,9.65598136328467
98.0,39.24881555798334,38.870800568995065,9.335251766012526
98.1,39.2690837828496,38.894425010800695,9.555251602652245
98.2,39.25281928681288,38.89469464897053,9.389768516316915
98.3,39.03524325178407,38.67635075993486,9.456728702323419
98.4,39.19944566261026,38.84010308559503,9.416895114693036
98.5,39.37821769851131,39.01542610838797,9.39203958819667
98.6,39.550384501493056,39.18267597068369,9.474886142840095
98.7,39.59504818350938,39.228154945947885,9.29137604989346
98.8,39.61146655648668,39.23986481991986,9.416992880103695
98.9,39.60930028139511,39.23363747687921,9.649949797914067
99.0,39.55664967369974,39.178028185982484,9.602559432825428
99.1,39.60799879671572,39.22963922680213,9.478929633298176
99.2,39.350461540589464,38.9686302553717,9.490226259152472
99.3,39.57863913456348,39.18608021249608,9.409305978024289
99.4,39.4619065957766,39.08250729457223,9.48335307696653
99.5,39.58666877207127,39.20674601382968,9.406950771082522
99.6,39.51635118924271,39.122722696220706,9.427429225730332
99.7,39.64260280231723,39.267930728988325,9.847788814559507
99.8,39.48290711438898,39.09765898494585,9.611300680806716
99.9,39.596632734041535,39.20619490571847,9.863709582695295
100.0,39.58558189105025,39.19880443071639,9.505759392829816
100.1,39.60796324688301,39.2116229064009,9.585488909162422
100.2,39.70923886163037,39.316921884018655,9.389360750474507
100.3,39.407160469054254,39.0244710357557,9.647559313361892
100.4,39.55435704527635,39.166779229097244,9.405899255552958
100.5,39.72315528907959,39.330565629594396,9.441885271918723
100.6,39.732713171603976,39.33666354789262,9.573108486656642
100.7,39.57370242828885,39.1899300512067,9.57651696736033
100.8,39.49706814372512,39.12297392562784,9.495190846118499
100.9,39.664682882032984,39.26805099572441,9.9138224197647
101.0,39.85042667223905,39.46287695190582,9.574896712423659
101.1,39.5839473846699,39.18873751098784,9.712521837139557
101.2,39.4640694863113,39.06727139040037,9.47536466831083
101.3,39.43023372446016,39.035344759792174,9.249178658131596
101.4,39.48964651385159,39.09936066392982,9.431295239546424
101.5,39.77712978285386,39.38111853164823,9.516008226852216
101.6,39.69722575753017,39.293599594628,9.83298720800592
101.7,39.53965317926751,39.13744995685567,9.678270875251261
101.8,39.610308745733825,39.222859182267,9.64279037038086
101.9,39.728386283466186,39.331588045719776,9.944258507528167
102.0,39.823974689026976,39.440829531141006,9.532202101661042
102.1,39.90015275123403,39.517889784395045,9.65080899681805
102.2,39.824411591470216,39.443359128742856,9.739882002984082
102.3,39.733215282662854,39.34691064044922,9.628617372050917
102.4,39.83261078077896,39.460639025757665,9.681181497672974
102.5,39.913924315395406,39.52159523940842,9.84725584136372
102.6,39.86079822955644,39.47528936992382,9.678808900814003
102.7,39.95226283490962,39.577118565825295,9.635936610132042
102.8,39.796227219881715,39.425866729251176,9.653043911847648
102.9,39.668991498178265,39.298676161180076,9.901275941403162
103.0,39.806299963462656,39.43402487279225,9.88427204850841
103.1,39.73185197848463,39.348937647227366,9.791685771125259
103.2,39.74769290266854,39.37239959230399,9.972927524356429
103.3,39.78865774213049,39.402722535764106,9.705860363230546
103.4,39.785933696185985,39.41076923863671,9.580339357452392
103.5,39.809001908822715,39.42679635443033,9.890330614693728
103.6,39.86859326900465,39.48079112921669,9.795115896163777
103.7,39.672288845821136,39.2852762722712,9.639504116575504
103.8,39.73226937647483,39.34459790227923,9.888851076415285
103.9,39.53111243557542,39.14341130620204,9.77686017709998
104.0,39.56753139859577,39.191080709238506,9.669056049052942
104.1,39.624689951627744,39.239106532933754,9.88282499416233
104.2,39.56964725959473,39.19681503382145,9.550696633803776
104.3,39.62578920140585,39.24679930276196,9.629731773784842
104.4,39.49625747521533,39.127370246325356,9.566024827009675
104.5,39.67908041031995,39.295348921055364,9.755930668758536
104.6,39.70367074915224,39.320751299680914,9.84251781436871
104.7,39.57538714960511,39.200820621658906,9.930543149385928
104.8,39.619884518497365,39.23689457219272,9.666409182520447
104.9,39.61967434363992,39.242023219323684,9.815154358066861
105.0,39.650386055918254,39.2725982257637,9.871178777926664
105.1,39.59456949555816,39.20404203175053,9.823158936991026
105.2,39.49712217573619,39.10546170845283,9.823583639333496
105.3,39.653284840010954,39.260495646669206,9.901417405028425
105.4,39.48615722663741,39.11171363003288,9.69485514796877
105.5,39.59863701352916,39.22002523671592,9.82397859238786
105.6,39.54332404747396,39.16287583209444,9.797336360833667
105.7,39.671300072837326,39.299001009771324,9.60866274162846
105.8,39.66881141525712,39.28746087892216,9.783592371121557
105.9,39.6843431582113,39.30549145249621,9.89011274614062
106.0,39.682362864557426,39.29377051719646,9.820909889295285
106.1,39.580583283756624,39.20451514823456,9.889351560028508
106.2,39.68620120373134,39.30751236617898,9.779094562949815
106.3,39.674808850113976,39.30589098372181,9.765828548778831
106.4,39.70473327812813,39.336904108903006,9.693560936966062
106.5,39.64953325816585,39.286202910571134,9.618443663030781
106.6,39.71111887240675,39.34095530993186,9.762233694666513
106.7,39.67559737814091,39.30940086584763,9.86375645744371
106.8,39.722855092964735,39.353493731505516,9.820641324200242
106.9,39.66269507505444,39.29150657692122,9.873814627454333
107.0,39.655632972456424,39.29635293201708,9.884856305832612
107.1,39.52541223168009,39.16229160477125,9.88179491774407
107.2,39.68968795388188,39.31281161890006,9.90713010226361
107.3,39.61884855737512,39.247925048896356,9.829827415796547
107.4,39.58421426148609,39.22105299671493,9.75978560903609
107.5,39.654065198669656,39.281927577595084,9.8889358144751
107.6,39.6652608988567,39.31535766321523,9.718888511431334
107.7,39.88290738943694,39.51764562181071,9.985967876657478
107.8,39.64770433683095,39.280704331814114,9.93982909247753
107.9,39.84094864316494,39.47316279694482,9.65453539938019
108.0,39.73892121396506,39.36716089970336,9.728241695353878
108.1,39.77862279877369,39.39062916588914,9.92953496427359
108.2,39.9942948903684,39.6208886534269,9.86788227026402
108.3,39.793637438038125,39.430560633753075,9.721541725269708
108.4,39.586044183172866,39.22985912196701,9.701445363154708
108.5,39.783928387189476,39.41336568823063,9.827324258964843
108.6,39.495050693969276,39.13991276313171,9.659677403530694
108.7,39.522802621601926,39.1526454119384,9.667184498250052
108.8,39.881041187051665,39.502575781230185,9.957943223370224
108.9,39.76028060720238,39.38098500208243,9.70433043329579
109.0,39.82783660792166,39.455803061908995,9.767197240593829
109.1,39.73675275285755,39.37748192695219,9.64108316503245
109.2,39.74779866880391,39.39064036514726,9.654701661652167
109.3,39.65211951119554,39.2790450293104,9.850633940819687
109.4,39.47996472725839,39.11171561913274,10.017504496295963
109.5,39.60013393922245,39.221085553962034,9.939383797760023
109.6,39.74442949198816,39.35546891526671,10.005927968142506
109.7,39.58798571406805,39.22501005873243,9.887340120967256
109.8,39.54759093426004,39.1786277333349,9.923976189124403
109.9,39.49592537285916,39.12744528188173,9.488246068689156
110.0,39.44213427173228,39.05907370869736,9.890192469247127
110.1,39.69326817920611,39.29867332585349,10.030138462539183
110.2,39.62321254802102,39.237867796843105,9.778243989480487
110.3,39.53361064846218,39.17163436760602,9.68983211143303
110.4,39.61767028812428,39.24657553904745,9.776792071632842
110.5,39.49666623878735,39.110876937072206,9.997989819954414
110.6,39.693315964910695,39.329137154570304,9.743716833402805
110.7,39.64386671581038,39.286781250097306,9.653991610190362
110.8,39.626046219403904,39.25848654419944,9.830575310472572
110.9,39.712622984557136,39.332606796480256,9.700149917844147
111.0,39.591997697084054,39.20960107297067,9.768380417599179
111.1,39.73569874586284,39.352207385757076,10.101420957587846
111.2,39.730175808100114,39.34245281996114,9.908405015339884
111.3,39.81420852860873,39.42987842915097,9.903564575716974
111.4,39.611093878883835,39.22879375644147,10.049731112952792
111.5,39.725163365982226,39.347415955136725,9.71945156536134
111.6,39.78089827325979,39.4009575366955,9.925707770305841
111.7,39.80135535843505,39.41892293955964,9.893028608312385
111.8,39.72262006809124,39.33938344969198,9.79029631172132
111.9,39.83858686638943,39.45095567858154,9.860104510657276
112.0,39.59452697617513,39.21460367113722,9.86815246017327
112.1,39.66417389066547,39.293059612577075,9.931559714818457
112.2,39.588961877975436,39.223709798445746,9.876958876364043
112.3,39.61304630263524,39.240841037583095,9.94620814432031
112.4,39.71488837631853,39.34332831568349,9.832262375619141
112.5,39.64393912220434,39.269866251386155,9.691596416128984
112.6,39.595177817086615,39.21737916836635,9.966571475139814
112.7,39.559208305532664,39.18179085714422,9.850410787505822
112.8,39.60772466648169,39.23806700399351,9.894586657439824
112.9,39.5333701967441,39.17238918827003,9.70222798798158
113.0,39.38113630512837,39.02023676541694,9.817746252253402
113.1,39.45396417945946,39.08825206406851,9.679452836377259
113.2,39.64302627302566,39.27013538000758,9.767145086536853
113.3,39.560881778976146,39.19615162954695,9.747605100887716
113.4,39.48001403592948,39.10487939479815,9.849535854746412
113.5,39.54630078526083,39.1607799233634,9.980808143189718
113.6,39.417158363694874,39.026854391372474,9.868636984487319
113.7,39.58139318927979,39.19842070113414,9.729161931658076
113.8,39.54693398266953,39.162947804144636,9.728153518889686
113.9,39.528757571727574,39.146454127480446,9.717160715913561
114.0,39.52079022607387,39.143530752602715,9.832952182672049
114.1,39.58172109073269,39.20102891046365,9.736729768255463
114.2,39.47278536528293,39.08848135038517,9.750346054037319
114.3,39.40733574156223,39.00865321777808,9.72930720161782
114.4,39.313111067568485,38.94161091012487,9.750869879180765
114.5,39.26681112670066,38.89016312481536,9.720187883626046
114.6,39.59184992050406,39.210580575131175,9.585881827133173
114.7,39.24395823396237,38.85743440440009,9.833678508299032
114.8,39.44275160996513,39.05170013014417,9.640456228050452
114.9,39.39859296421187,39.0177990257045,9.611445880784407
115.0,39.23410616143706,38.84936464235687,9.697599949773808
115.1,39.10430956288941,38.72559097019553,9.74462676624629
115.2,39.24703564225311,38.85367689217766,9.851011945003998
115.3,39.237646847432146,38.84196546760088,9.88453280891082
115.4,39.26149537445161,38.86328256375963,10.072662171305721
115.5,39.10370291411543,38.727015472155195,9.591749228597537
115.6,39.33366629756684,38.94267932074291,9.6669246459788
115.7,39.33561299805752,38.959028108052294,9.856113963748282
115.8,39.07818955238474,38.71397080398691,9.501538827844586
115.9,39.12106513390699,38.74220804938535,9.75886285578263
116.0,39.17285720352645,38.787441393184814,9.829148969759649
116.1,39.240344054480815,38.86512516797907,9.8340635489183
116.2,39.227372435800014,38.840913201107,9.99894561247161
116.3,39.189857749008056,38.81424614049266,9.671780277379066
116.4,39.37389079694286,38.986758326773916,9.710061878681689
116.5,39.26458692459712,38.87979224214577,9.459487867203627
116.6,39.4041469548142,39.01942322503168,9.659803097022024
116.7,39.30682718081923,38.923787042626344,9.88798007591638
116.8,39.31540127853065,38.93642949094898,9.661587043601308
116.9,39.26638042876852,38.88818365621637,9.73665739755438
117.0,39.20118396024066,38.821855013435766,9.61380871485494
117.1,39.240974606025624,38.86726333502269,9.556605384991164
117.2,39.1078973008389,38.72833911145068,9.683788595400184
117.3,39.34952969793998,38.973662475695576,9.666744428795713
117.4,39.252210780249186,38.87540206776672,9.56554155519571
117.5,39.14912813209876,38.778216302279596,9.68275398673128
117.6,39.39197207944613,39.007252663600674,9.706335740201528
117.7,39.36020641225659,38.98875185965195,9.674070334073322
117.8,39.384158053304624,39.0183164959641,9.535671808027818
117.9,39.40288489164341,39.04913775752775,9.413940922767003
118.0,39.49989109597012,39.125145834273034,9.592627054740934
118.1,39.295253623117624,38.92236472767365,9.627638865852232
118.2,39.25986909109682,38.888043019160044,10.001246956476217
118.3,39.35761442824052,38.985133328622176,9.665053004626719
118.4,39.23627585900979,38.873940061797526,9.632168076231109
118.5,39.32388411735545,38.951318402026374,9.880708863595428
118.6,39.24804883443469,38.86915462498613,9.827458732631083
118.7,39.359587496434514,38.98131230677245,9.552553285273175
118.8,39.40678072967318,39.03589079698556,9.619982863088929
118.9,39.50908238565449,39.138893804230946,9.518813518356566
119.0,39.43245592132592,39.06570536708552,9.405359516234816
119.1,39.17889516220759,38.80287316946869,9.744361016380894
119.2,39.29797191231806,38.93281373508178,9.553661073311945
119.3,39.30892266533784,38.937273554081706,9.664179505269209
119.4,39.174942990953596,38.81332531556422,9.60981853072539
119.5,39.41008479262547,39.0357161520699,9.875276326714426
119.6,39.229224983133136,38.867832354113254,9.693371034134277
119.7,39.36661438224296,39.00712525650867,9.72160391841016
119.8,39.3124222249044,38.942070431417136,9.907785335845503
119.9,39.27237479159221,38.88735501304254,9.921454527931951
120.0,39.386560800159465,39.00533280964065,9.908096935011637
120.1,39.46450017647599,39.0840577972073,9.741844392303863
120.2,39.3787607613317,38.9969358384285,9.773953132847671
120.3,39.175544043749845,38.79886666865705,9.688260073422198
120.4,38.99954093890063,38.622287947531476,9.351397528663252
120.5,39.32569506453978,38.94863446323738,9.676908086459974
120.6,39.270171009418746,38.898320743722806,9.475510823281235
120.7,39.087149075706506,38.70461323726708,9.633850956592932
120.8,39.08782181946442,38.71727809547519,9.516091077104585
120.9,39.040303715089564,38.67193044204032,9.473575424932932
121.0,39.11108151177649,38.74216577334318,9.372732415456248
121.1,39.13130909013655,38.75174303124497,9.655690984086156
121.2,39.11361834142027,38.740683849827676,9.63726144239807
121.3,39.163694146828504,38.79607633244807,9.533567755832182
121.4,39.179444698924094,38.801214361441374,9.637006215762705
121.5,39.17500773238937,38.81153045406079,9.399611099473296
121.6,39.25392806832183,38.89791849461596,9.430944523775029
121.7,39.16618287720839,38.79613460930511,9.504351579103664
121.8,39.07487682688141,38.722500646448694,9.51229234560099
121.9,39.22836255345028,38.85966538148162,9.611706876405632
122.0,39.11120128215871,38.738492734066966,9.68846200565151
122.1,39.2305859138778,38.83835741711532,9.797451763849669
122.2,39.239275775331954,38.85495908274321,9.995143704361617
122.3,39.268476084210874,38.87506265338389,9.873361884000593
122.4,39.20713210145863,38.82737326706856,9.843341444014873
122.5,39.14626053845915,38.76054038586742,9.643545897103502
122.6,39.19525504874381,38.807729432716016,9.357929732270495
122.7,39.23919046497011,38.86308110332741,9.6483796164844
122.8,39.22888954942263,38.84217060360652,9.5891986242733
122.9,39.20914158608104,38.81725977376974,9.900764784675152
123.0,39.252515208308346,38.87994002851795,9.535728330745572
123.1,39.241069943385426,38.86716253101074,9.687975748184812
123.2,39.2018899144932,38.81877561162456,9.33070182511038
123.3,39.158217295169976,38.782283225528566,9.566620009888375
123.4,39.11943058552593,38.749300291084474,9.489664532698248
123.5,39.075477141399304,38.7012110647247,9.396120437365953
123.6,39.23624265482266,38.872326673079414,9.244719701481229
123.7,39.14056683487982,38.774745918659306,9.381898433376342
123.8,39.1514094597508,38.76956801963293,9.26864615871322
123.9,39.22498483744117,38.84769324912101,9.560358419951038
124.0,39.17909861254667,38.81035904373135,9.462275270991483
124.1,39.23597471408275,38.87121554458608,9.354303258570795
124.2,39.04635776099692,38.6674818726181,9.384916368298281
124.3,39.14535767611259,38.77277790187011,9.398800589928877
124.4,39.17117332094858,38.787880961854015,9.48129396876764
124.5,39.06210950558875,38.680579293564655,9.444832305974236
124.6,39.14839974890439,38.77724921193474,9.349684295262199
124.7,39.24950898538541,38.854844279383414,9.937225018396378
124.8,39.22043468252329,38.82586138552382,9.974094031259554
124.9,39.134433325467135,38.743758009743836,10.080444914125431
125.0,39.03789957707163,38.6544622859916,10.000262914100807
125.1,39.03437302941228,38.65781165031275,9.628131752664348
125.2,39.00040752131626,38.628447935183466,9.665331196443633
125.3,39.16164451768105,38.789998653557426,9.619854211773989
125.4,39.26546945239613,38.891266210348185,9.557144296877487
125.5,39.12253208553695,38.74895193915586,9.730639562142493
125.6,39.26655480595196,38.87693855724677,9.73661345607382
125.7,39.08060370748906,38.7047566862787,9.711384850194596
125.8,39.27619527258068,38.901012904712346,9.720068352360766
125.9,39.128086662904934,38.7608842528523,9.584839410151838
126.0,39.04170263992271,38.67969661989072,9.48291488152421
126.1,39.086895064708024,38.724624800316185,9.45736049159479
126.2,39.0029244579662,38.641958348205165,9.714050469415596
126.3,39.03695033093569,38.66523706157084,9.730710038230573
126.4,39.05523341915539,38.679616764857265,9.869654567020334
126.5,39.23548563077924,38.839605694353736,10.169031368218528
126.6,39.0814703987987,38.70728008434852,9.803516488620913
126.7,38.964421217450614,38.599367065927716,9.73075380703297
126.8,39.08745334481406,38.707103156216064,9.824024013822921
126.9,39.19838056357911,38.82123142025,9.81913468824471
127.0,39.077619484388215,38.698679059967304,9.807418080226386
127.1,39.10129561101122,38.73816131812767,9.620531713218408
127.2,39.20289935138552,38.82736207137488,9.958378247150712
127.3,38.9801144323308,38.612683616353486,9.577216965360188
127.4,39.17660289365892,38.80873440231431,9.727891677308536
127.5,39.0845674174035,38.69701599599211,9.76433523300684
127.6,39.12046078156118,38.73237504332116,9.908092538704473
127.7,39.290429432134495,38.9007723526861,9.782010656902296
127.8,39.264377050185516,38.8842729203103,9.793684369933452
127.9,39.32118136930422,38.950160655344185,9.801593258869769
128.0,39.23492883416203,38.86427554430844,9.71797491971128
128.1,39.28970957637046,38.90658627353226,9.850956136600885
128.2,39.14626727471463,38.777166053833334,9.939290090587432
128.3,39.214255216488844,38.85700189064239,9.68541568098138
128.4,39.154599315870236,38.80003569130086,9.636170902477074
128.5,39.38024543875998,39.003786597391766,9.809534946018552
128.6,39.2375753487411,38.86019123501043,9.851714855996951
128.7,39.02596169437998,38.63365322405808,9.797912665675879
128.8,39.175796701335145,38.794448278587254,9.740811801656521
128.9,39.20158480810379,38.83670298612798,9.845301274016869
129.0,39.100535442229514,38.72973849965164,9.542096662164044
129.1,39.06611728428696,38.692223924792685,9.689722128012065
129.2,39.07034801505603,38.68578171280602,9.763387824230035
129.3,39.18482614968671,38.8014283123629,9.720045571012443
129.4,39.29234410861414,38.91868906319286,9.806432430647517
129.5,39.20209642654671,38.82452905398905,9.943741953975415
129.6,39.162071976946955,38.77226553210839,10.009529252306749
129.7,39.25186332764642,38.867235875357714,9.939548618117502
129.8,39.24000843254788,38.853462253207844,9.9915354786198
129.9,39.323991154914346,38.93608554772358,9.852441018458979
130.0,39.22891837928193,38.84150709093679,10.03113024985462
130.1,39.18358029790328,38.80083151857441,9.733553637850166
130.2,39.18200306916013,38.805497991439445,9.795570640738694
130.3,39.27451563039234,38.91163385419837,9.484967998535003
130.4,39.20072715515274,38.83011950502769,9.862965219073176
130.5,39.220949531267756,38.85425608910489,9.664655508760271
130.6,39.039825357614234,38.66175488429648,9.725508117577007
130.7,39.09384881669085,38.723209689120125,9.709490653785505
130.8,39.02175536645861,38.65183508950366,9.720115702327355
130.9,39.040863477159405,38.6774974487983,9.721133744740639
131.0,39.27430362733753,38.900115557791295,9.64455637400885
131.1,39.23880139617276,38.871204965524214,9.679647764501551
131.2,39.284279246444534,38.924325182867605,9.570017870847554
131.3,38.9289155032301,38.56491131670426,9.620932930450877
131.4,38.941846956190496,38.562103054254315,9.614325437567476
131.5,39.07121698815308,38.70171138765463,9.677463003787754
131.6,39.24800565875697,38.883805051044305,9.505530602473236
131.7,39.26296748619302,38.89596718676862,9.662167915458868
131.8,39.262577066222626,38.896261505753635,9.616585093553693
131.9,39.3555341759267,38.97121192226726,9.718283326235968
132.0,39.32609655186079,38.957475227076436,9.727504865951524
132.1,39.30610865544429,38.932919369331174,9.538257592945824
132.2,39.24631928560001,38.88602715421208,9.533009821248072
132.3,39.25871865022875,38.88587816152743,9.673325036383167
132.4,39.53236683527616,39.1433953093339,9.703509157527128
132.5,39.438146482738624,39.059314006050386,9.724065136803086
132.6,39.223249452386035,38.84895810765323,9.682126496862105
132.7,39.23910329964307,38.864380411520585,9.725227276173277
132.8,39.36423596701843,38.99922946356194,9.619481500721248
132.9,39.166045938638526,38.78664622296851,9.743870403671533
133.0,39.14301719512407,38.76273208014786,9.579392920227535
133.1,39.16545228121002,38.78662984253357,9.74289842721414
133.2,39.24581361204337,38.863000254241086,9.579474581664364
133.3,39.34922822431436,38.963819375141405,9.416655095439323
133.4,39.40619080145403,39.00975912866849,10.019084975557705
133.5,39.34382271635613,38.97006955959944,9.529501951698457
133.6,39.26202450805466,38.887447480584726,9.494687593414197
133.7,39.31856008204365,38.93874928920865,9.553815551485483
133.8,38.95424979339655,38.57419824775748,9.47755631410544
133.9,39.27673149819092,38.90116902893433,9.533804699127927
134.0,39.40241586172851,39.02379198320241,9.735724993488319
134.1,39.208030765377366,38.828465387926975,9.65566641218002
134.2,39.327365645601695,38.962954140670575,9.688122634638527
134.3,39.123327876105236,38.74474096852358,9.884601760132783
134.4,39.25250870960431,38.86124013735519,9.820941112551875
134.5,39.26577055940137,38.89502115015059,9.649411917539725
134.6,39.291162537631635,38.916118108030126,9.551973647277777
134.7,39.281817401650734,38.904490203612326,9.600432734757527
134.8,39.51129752215776,39.13863857768072,9.410269704458985
134.9,39.333374127006664,38.94979182042745,9.443651480553436
135.0,39.18976389352421,38.8072208912836,9.610385295329726
135.1,39.11371940987246,38.726597983619676,9.433252118986047
135.2,39.03155380953302,38.66079536123997,9.354011312520246
135.3,39.1732865838682,38.80016301393771,9.56029015764826
135.4,39.2675962692815,38.88406246053552,9.579269652867664
135.5,39.10547339969866,38.739274508182696,9.573159557077204
135.6,39.098874075643906,38.7353384237364,9.40621921090762
135.7,39.267262856472286,38.89072967553806,9.635116609411902
135.8,39.404634719775125,39.03234833257617,9.569542148018394
135.9,39.462290083604344,39.087188511915954,9.35767872126493
136.0,39.350006843088416,38.97758940540268,9.352891865517874
136.1,39.466527190768076,39.08714841125227,9.634757540748543
136.2,39.49511790891214,39.128656632014085,9.26210635932526
136.3,39.43546234964329,39.061887689369286,9.477783713556557
136.4,39.40105837454985,39.03618752574911,9.432325012590065
136.5,39.274841267508386,38.90134518568413,9.387855853155564
136.6,39.4431804702335,39.076079313116516,9.527712610926544
136.7,39.28005862310039,38.90892976962961,9.321150699856073
136.8,39.255947620851764,38.879506003813766,9.417448862493295
136.9,39.46296352779778,39.08331837346385,9.588231366399473
137.0,39.37498352876837,39.014091878515714,9.370142835476376
137.1,39.56618261391042,39.197466667891284,9.584066918573852
137.2,39.44584957615666,39.08394727181039,9.496922815871851
137.3,39.34728427209423,38.98277534165548,9.344429252573402
137.4,39.31102822704649,38.94164949393927,9.65356995191503
137.5,39.53641706690855,39.16536908105219,9.404936124179141
137.6,39.3380269188543,38.9805703183298,9.327409999443216
137.7,39.58071981639556,39.211996082094686,9.40551927354894
137.8,39.506794401202235,39.13028451138219,9.61906882721102
137.9,39.41995720400705,39.05424705831377,9.423575444776466
138.0,39.436729726779795,39.06049617288879,9.477323158952942
138.1,39.48405847308943,39.10908950405216,9.515834957706032
138.2,39.34849962241594,38.97357757685151,9.365126717678967
138.3,39.31643839048513,38.95146462012804,9.690887910784003
138.4,39.19116364326057,38.82230941243083,9.682313835085926
138.5,39.262903598795,38.87475774933238,9.960667842809965
138.6,39.35280712832449,38.95996898389853,10.062786009605844
138.7,39.5264464329716,39.12621527871799,9.987294304493426
138.8,39.47402043380063,39.08343696145631,9.80895369845778
138.9,39.531077850625486,39.159262184599655,9.737159981334452
139.0,39.522710453374906,39.141013695287896,9.615872687363236
139.1,39.6658694605719,39.28636930443416,9.647455779499184
139.2,39.67992009240918,39.29757251663217,9.62393734787192
139.3,39.58827547276184,39.20102084944501,9.707927287555664
139.4,39.6565960650402,39.277664638809824,9.76905977185569
139.5,39.35294845236601,38.97218044507631,9.717337406413446
139.6,39.53593711714069,39.16413733674172,9.69216714627015
139.7,39.39808095121279,39.02834334742747,9.739958088678295
139.8,39.55672952209259,39.185188830763856,9.814948511415919
139.9,39.68131752691586,39.30626409916016,9.796940584388338
140.0,39.76520485378303,39.403827668463286,9.63101408484005
140.1,39.53777352286499,39.15916179535188,9.613523277370469
140.2,39.55386861914781,39.18684118648784,9.65659158556039
140.3,39.563155421595376,39.20554773686959,9.451436969439676
140.4,39.562689880551396,39.19265597594298,9.715929164731442
140.5,39.60310309850171,39.22596976513447,9.959523408026207
140.6,39.48887069922463,39.12500477183648,9.673057415741313
140.7,39.27662813616073,38.90025680673956,9.730557826057705
140.8,39.4134015890487,39.05348358693513,9.52156108302155
140.9,39.27875176142239,38.89190708151208,9.764335729109641
141.0,39.242342290052505,38.86527826537033,9.864036321862617
141.1,39.243789272783324,38.85889721249922,9.867845865106373
141.2,39.3010594540429,38.91842323603519,9.9605076083743
141.3,39.51874790685637,39.14760601043513,9.791232888793958
141.4,39.393695034230205,39.037766129694674,9.5068854486254
141.5,39.80986217730505,39.42337574464575,9.59882995622328
141.6,39.8410161515178,39.45981210444418,9.599149157759749
141.7,39.66616321758057,39.28831863302623,9.459359696130157
141.8,39.523027930666,39.13624815025909,9.76834558694118
141.9,39.78526480589595,39.40826266274937,9.587801741327379
142.0,39.59718756188395,39.20014789921257,9.804449314515402
142.1,39.42147986043254,39.04014884197822,9.52192010187997
142.2,39.52114803624051,39.13837455801703,9.576176304016265
142.3,39.234432352611904,38.86465102173953,9.552386676595063
142.4,39.41820521439247,39.05986881985902,9.418105138718222
142.5,39.30687164795001,38.93717486845833,9.684635046693128
142.6,39.3301212846407,38.962215338869875,9.604500700922879
142.7,39.396251847654916,39.02160188725361,9.756654664859523
142.8,39.37683823658775,39.01064690984773,9.650863848580931
142.9,39.472931872686736,39.086386767849305,9.959821227317407
143.0,39.372088760608236,38.98949600894102,9.870009798233841
143.1,39.432589334501245,39.04608253183604,9.78853583838954
143.2,39.39488130359249,39.005040765762345,9.621480836593715
143.3,39.42305762652455,39.0336180082148,9.947099141531107
143.4,39.52967207322673,39.15510008337845,9.845248480325255
143.5,39.373032021008775,39.000056671865735,9.681932233547904
143.6,39.19846683201189,38.81392221790291,9.790814883183016
143.7,39.44590391477631,39.0643167362164,9.65701225805158
143.8,39.25313160075531,38.87075927249811,9.643628637220969
143.9,39.09358458161786,38.712619246443275,9.945872955132113
144.0,39.167586676080646,38.77282918204989,10.006336984917931
144.1,39.07490505707418,38.68191248016432,10.204969318308299
144.2,39.18060846205097,38.779913955081724,9.937779257049169
144.3,39.258859656469895,38.85977788665399,9.883569409268176
144.4,39.389688839202705,38.99439512468885,10.046422846037077
144.5,39.237104579241084,38.845954936369864,9.928680451010882
144.6,39.46471386587829,39.07391573278943,10.0613065581825
144.7,39.32736027143672,38.92975451054271,10.072796644772161
144.8,39.35235616567818,38.98142287125805,10.015763193738074
144.9,39.06846677549747,38.70012619773965,9.893897202939728
145.0,39.259205340148476,38.862797667853776,10.17726953324061
145.1,39.2668268391528,38.88088263733972,9.91749102821221
145.2,39.384446458093315,38.994224684889595,10.124453611851314
145.3,39.2510272422164,38.878216172042194,9.732937697004074
145.4,39.45836267935928,39.07501604907423,9.937951233064652
145.5,39.463015999621796,39.08534372770085,9.934088200269745
145.6,39.24218995402402,38.85886459665671,10.011191129811367
145.7,39.36185450757758,38.97760565491868,9.858202124363373
145.8,39.49598906290066,39.118575944179625,10.018940205395234
145.9,39.61394362122386,39.23791612737186,10.031100594745897
146.0,39.45502443302564,39.059355696283426,10.238056262562864
146.1,39.342842985524165,38.95466169924592,10.271346892644175
146.2,39.222712856104536,38.84525811875587,10.205023346616949
146.3,39.476925326800405,39.10346824581577,9.968494275190423
146.4,39.494595447399554,39.11396197625754,10.214870093821494
146.5,39.16280366584474,38.802703834533446,9.9853085317161
146.6,39.3984122484685,39.02346246909072,10.224941443259675
146.7,39.33710069593667,38.95680194592904,10.145567585455135
146.8,39.068683813433765,38.69301701637914,10.174497199763636
146.9,39.16456879256042,38.78629731583976,10.025935649311087
147.0,39.269904737884566,38.892091347784294,10.285692566078344
147.1,39.30103002025285,38.91695555567253,10.0575594321276
147.2,39.49725286518292,39.122541043818906,10.059244153947759
147.3,39.46170406220606,39.081047874497855,10.249076936400467
147.4,39.47792866832363,39.091098641876,10.064531696735404
147.5,39.45268256173219,39.06348338178488,10.071974226777385
147.6,39.35802076152958,38.96758576067239,10.254755182950516
147.7,39.43510087801234,39.04522792374652,10.220803580697313
147.8,39.482388043798906,39.101483906800475,10.250561502428235
147.9,39.45646595081082,39.06925328847021,10.399899382698013
148.0,39.21826820741765,38.83458269391815,10.167985331449886
148.1,39.19977970103288,38.83788909419672,10.107212162266746
148.2,39.26327557734706,38.88987177474724,10.32111474622594
148.3,39.2709306544516,38.87478002456989,10.493338915777077
148.4,39.41901872588276,39.03600807719109,10.322662958426333
148.5,39.33916979451051,38.963619293462635,10.526679404279731
148.6,39.196205255581624,38.81424209064143,10.41388591327906
148.7,39.27927453276761,38.887190737621864,10.571765846294971
148.8,39.092937498541964,38.70903565622406,10.39955823200737
148.9,39.08931546915829,38.69475311988861,10.510622033965777
149.0,39.12204173208229,38.735201612168844,10.58429026556135
149.1,39.12117338313213,38.73601082044034,10.407548278288244
149.2,39.108686710057675,38.727956117073234,10.327462425704647
149.3,39.12498306497625,38.74250709063624,10.067502299551606
149.4,39.028741418734185,38.64581989666402,10.429960377846413
149.5,39.23874268654995,38.85744247901183,10.225776931908655
149.6,39.249107133128255,38.86094525689645,10.244459966088883
149.7,39.327288307860435,38.94814690478659,10.224108940152256
149.8,39.282411958534524,38.8961354288848,10.398246681216234
149.9,39.108630514748725,38.72264535309789,10.46142696100996
150.0,39.156143290999154,38.75468080852723,10.40077190118959
150.1,39.25707141136318,38.847674121602694,10.582785546634986
150.2,39.24017211016637,38.84081284183368,10.539252070423231
150.3,39.216311822929384,38.81650456008876,10.458053536817927
150.4,39.19992402811856,38.80237418263926,10.382063548739941
150.5,39.25819638747875,38.8485036181426,10.678904174988466
150.6,39.26759262095614,38.87845275107886,10.432610947942031
150.7,39.2108373342256,38.808422458629714,10.658738257612496
150.8,39.34449990654214,38.92651192900802,10.816459985018783
150.9,39.094196504677164,38.69514502817069,10.307157660108022
151.0,39.03109857969007,38.63269117399199,10.333351775869714
151.1,38.93646178633873,38.52660201224428,10.317569430681049
151.2,38.94914608343386,38.539010160961645,10.543280285884146
151.3,39.27505615504767,38.86063571457221,10.74205404064575
151.4,39.22405064177028,38.80718486264834,10.830557563838067
151.5,39.062966437054484,38.639837945747026,10.633107731687469
151.6,39.08559576536485,38.6787121916478,10.451929826028387
151.7,39.19779801002613,38.77610132263023,10.739391468804685
151.8,39.037981379143154,38.62215213337545,10.80587837598428
151.9,39.009879139047385,38.600601715013234,10.729371186184778
152.0,39.123478606324056,38.702566595250296,10.871998936079969
152.1,39.14563348838718,38.73567553063321,10.52006215811501
152.2,39.29885224699617,38.8848878502293,10.766004000563271
152.3,39.11492790533211,38.71086216685352,10.461185491968704
152.4,39.314867334165164,38.91558566890108,10.402963905476257
152.5,39.391499284432356,38.99731738630819,10.52918188462921
152.6,39.40129962099431,38.9959592734354,10.222817751346907
152.7,39.374731906314494,38.9635894385236,10.543927719705566
152.8,39.43001283872787,39.01341185714963,10.578455523090641
152.9,39.335753126762725,38.90340027589875,10.525453369036477
153.0,39.31759566787257,38.895006896283256,10.314186901494502
153.1,39.0618363390036,38.645860065711055,10.312089534396403
153.2,39.05731275669479,38.63686738384983,10.10912435442992
153.3,39.23681094878569,38.81820524022912,10.189336533714117
153.4,39.347484196493674,38.948185100807756,10.203490807999977
153.5,39.15285922418222,38.772206026470066,9.987617973382678
153.6,39.262238077966835,38.86963929425181,10.013254633378027
153.7,39.26444045003368,38.86572162227402,10.246300839877085
153.8,39.13888028302587,38.74222524387115,10.204823012736618
153.9,39.122292358423955,38.73024826235091,10.192575110569583
154.0,38.954272678097865,38.569373312946375,10.073502906394612
154.1,38.85387483014479,38.46808065483523,10.190585333876703
154.2,38.92151616809355,38.52860153497627,10.252937404825325
154.3,38.81185836433767,38.41903635757973,10.049832857197767
154.4,39.05691451822673,38.66625998685839,10.212013242609286
154.5,38.839302597616985,38.43522509606708,10.366337474387855
154.6,38.96414834320183,38.56120373902137,10.226871705451694
154.7,38.9880260877199,38.58647700647389,10.393277916818551
154.8,38.91770399646288,38.52197410503761,10.681917323279325
154.9,38.89756539741055,38.50325140013532,10.295012203366852
155.0,39.09214576229883,38.71178873672396,10.18341864587051
155.1,38.89107066379441,38.484921982252025,10.459667483935654
155.2,39.1400465849068,38.741894858640784,10.336667653863923
155.3,39.11877973417207,38.710652806663184,10.3069326060597
155.4,38.96185794065714,38.560937977187656,10.357200219029306
155.5,39.15820697689887,38.7640210245721,10.301655472357767
155.6,39.14040923584176,38.73818927141886,10.535856792785049
155.7,39.04572656887047,38.65745869606437,10.302372917684291
155.8,39.1576162100852,38.74845109031007,10.459354210445726
155.9,39.12050749481969,38.72628680194706,10.634534246310798
156.0,39.00550617536796,38.609070668718246,10.391524178344444
156.1,38.99721388110589,38.60943907687317,10.31261992208065
156.2,39.06784604060028,38.665637821802115,10.488079206528617
156.3,38.96406008792373,38.563181323271515,10.565023460168835
156.4,38.995632705458156,38.579482186096,10.57522394024644
156.5,39.1321656251123,38.72291937393341,10.705722400364781
156.6,38.95395009161521,38.553597907267985,10.515679367416455
156.7,39.0997800506012,38.68698597440713,10.620821545559366
156.8,39.10155383009102,38.67899697611497,10.696801979771505
156.9,39.102339145335506,38.694853971382,10.442399259382551
157.0,39.1646086354873,38.74500179660994,10.74915302171824
157.1,39.123692525826094,38.71452200019453,10.743513044380448
157.2,38.93141953463737,38.53738960357048,10.620255313086595
157.3,39.038361247839525,38.632267258831675,10.62088998962125
157.4,38.99725268218391,38.597136828805795,10.67415688491372
157.5,39.013544413152694,38.61454031364491,10.812074525480865
157.6,39.03793467801605,38.638477785095304,10.544145843144875
157.7,39.01065883165428,38.62218008604454,10.511251148652061
157.8,38.850299794403604,38.448309821226076,10.568600506359186
157.9,39.01001558957313,38.6088868425813,10.582257489135603
158.0,38.94596919903875,38.55174412797795,10.60075039029887
158.1,38.831905889521394,38.43474325839481,10.63352431534376
158.2,38.685788224177585,38.29818299736728,10.577287098158441
158.3,39.04679397673576,38.64066485582549,10.49454837461392
158.4,38.83052400063505,38.433733398732244,10.531003565128326
158.5,39.00753969223644,38.612383476326194,10.579518284437203
158.6,38.77396864381159,38.381159863587555,10.547569594617114
158.7,38.90920812582275,38.512710037184206,10.546177940221792
158.8,38.88489114492023,38.49022235133652,10.61012257196726
158.9,38.96632982196654,38.571069895882204,10.518267797491914
159.0,38.96352875862083,38.56341132205085,10.644664816180008
159.1,38.97712012249825,38.5699437439224,10.616668188615206
159.2,38.94267585438897,38.53771710328634,10.5977978729666
159.3,38.91352565996534,38.51491476098009,10.717623649757702
159.4,38.710076330497266,38.30949674773869,10.664831638938836
159.5,38.69980301410974,38.29335943824225,10.775066179559161
159.6,38.85386041474867,38.45187050347595,10.651615337122664
159.7,38.956429406804226,38.55942099632641,10.464154020149227
159.8,38.713942608325155,38.32235238962234,10.455239224072622
159.9,38.7470577054229,38.34722106504697,10.558078047149975
160.0,38.761190391570885,38.36685837657177,10.58593173544375
160.1,38.7482355346555,38.352687160567,10.71607757565224
160.2,38.827376932541455,38.42314577166069,10.839180693395226
160.3,38.673247874929956,38.296553234347144,10.790543560688008
160.4,38.5529201072167,38.15796910478699,10.677049835014392
160.5,38.60573138848516,38.219127703097605,10.578694706879563
160.6,38.63117550924687,38.24910612660399,10.702841928556358
160.7,38.662161455148976,38.28197609870263,10.602370596580656
160.8,38.563202189395675,38.18491015615037,10.527480506520714
160.9,38.60908217198123,38.22390766758922,10.606602900430582
161.0,38.68745341702738,38.30564043398254,10.594730219956944
161.1,38.71752781041982,38.323836082988436,10.462920513168475
161.2,38.60524173059126,38.214009386455025,10.443189301391143
161.3,38.78540609711514,38.40128192302463,10.74763303921969
161.4,38.70124254229071,38.306072565180735,10.605764336365818
161.5,38.641882349851045,38.25321895854544,10.576408977309761
161.6,38.67921108665555,38.281621165174364,10.640802223347853
161.7,38.647111754739576,38.25632192578361,10.517445722849404
161.8,38.57298808969707,38.18669285929312,10.496713297697488
161.9,38.747851948321134,38.35639058712178,10.422841326733254
162.0,38.67475922552688,38.292263436688096,10.50483033887418
162.1,38.71739301197827,38.33717754764716,10.459612323519087
162.2,38.70175769920231,38.31009732269898,10.479152720787182
162.3,38.50638584794263,38.10929418466155,10.56482502611192
162.4,38.601602789854454,38.21561330740011,10.301875503613692
162.5,38.619260784514005,38.22949149219497,10.38120644226784
162.6,38.57657280192996,38.194404492919205,10.536859077436585
162.7,38.75298929972262,38.35491883256524,10.538478133976637
162.8,38.791770077169076,38.38578459688747,10.427723339550882
162.9,38.70278522509104,38.30289465500028,10.765548668993576
163.0,38.67708991263815,38.26955173116138,10.573246440009578
163.1,38.62723042458633,38.233697014114654,10.132946090106666
163.2,38.57992266948383,38.18041489592154,10.175579093614006
163.3,38.66378535092877,38.257165521723174,10.410791675707681
163.4,38.4447640365622,38.04232822865756,10.350952215825917
163.5,38.503169689201364,38.09192517136546,10.316987482710164
163.6,38.57255532512649,38.17054738004236,10.291036394022433
163.7,38.62384766496969,38.215364712191715,10.527496545449518
163.8,38.539430465840454,38.134556466574764,10.2209793645183
163.9,38.526211002955314,38.1300891184351,10.372883467503561
164.0,38.47672983515893,38.068442990282456,10.398251587118043
164.1,38.45925269474187,38.07198743089426,10.477121634066735
164.2,38.63298515766786,38.23109587842124,10.370207415971759
164.3,38.52279387749875,38.13372845533128,10.417982935616402
164.4,38.54351365882178,38.14570012552596,10.310617479334766
164.5,38.627577325470135,38.24096952009792,10.34053179707134
164.6,38.51501409785765,38.141213894242945,10.19202374767997
164.7,38.44919412486636,38.07259695834675,10.004920409289687
164.8,38.61327178382206,38.225337283175925,10.006307091512923
164.9,38.678134939664886,38.283461102114785,10.098358121093813
165.0,38.6118027031084,38.224676464762425,10.180938990297753
165.1,38.354598534191325,37.97871376477818,10.064056926893551
165.2,38.43454363371038,38.05835601691981,10.113122830166608
165.3,38.55828948859891,38.16523451731913,10.134998977282796
165.4,38.50452556952265,38.12398321808856,10.044968007102893
165.5,38.496824802309135,38.10070186327476,10.083274482728292
165.6,38.55466608543289,38.16692116769026,10.114898726436172
165.7,38.5803492859096,38.184323946493365,10.42700377616985
165.8,38.53106968731877,38.13893001226208,10.042032235104472
165.9,38.5062381645843,38.1138950370668,10.223225004610407
166.0,38.50351702059141,38.10337677372012,9.974675953661292
166.1,38.44066551976517,38.05585960524049,9.926555122950985
166.2,38.60507295622835,38.21417998796584,10.044314398928325
166.3,38.56751971535056,38.17470537776355,10.037991033034137
166.4,38.44969897130406,38.055439786405415,9.69349291254466
166.5,38.37674837225175,37.98110235750221,10.046594950538012
166.6,38.392306866129,38.00341368859379,10.15795454242042
166.7,38.477533538955335,38.10312759578735,10.137993902988406
166.8,38.68367703871037,38.29504678232641,10.217684825645176
166.9,38.49707322482153,38.10043435251421,10.00777769795974
167.0,38.591864918664925,38.19023747980048,10.360950098415108
167.1,38.572984173891335,38.186019626874916,10.243349440380545
167.2,38.48803623940427,38.10207393842158,10.156115863409337
167.3,38.57412504743526,38.18843668262815,10.191457958475045
167.4,38.79507008679803,38.40193180482135,10.18713791273153
167.5,38.667996735828766,38.29346864467011,10.117618822740361
167.6,38.70157504714422,38.33323614061529,10.324652989853183
167.7,38.77235797428587,38.37898926696102,10.352650361826086
167.8,38.65545343132486,38.2690109184301,10.31638918194108
167.9,38.60067667636232,38.20599635880311,10.367247485801549
168.0,38.61901816668662,38.22882898315375,10.323472028069885
168.1,38.59485091508295,38.21012653741553,10.393974874671633
168.2,38.623034859320065,38.242608361034705,10.428744883983521
168.3,38.602489311352684,38.22196196811053,10.337638843251685
168.4,38.636019756152876,38.244371387460816,10.405458512269442
168.5,38.52775386960793,38.142879692524865,10.434859857746856
168.6,38.570205148829196,38.19265457316664,10.277076898456947
168.7,38.55056858244485,38.172987742714035,10.300669355140212
168.8,38.57186543840701,38.195002479703106,10.572933461882103
168.9,38.48340344964958,38.11001522004365,10.288964535117254
169.0,38.41853894112815,38.0298676446315,10.440508114551454
169.1,38.48671733834901,38.09921079187101,10.667246737172022
169.2,38.347872856220704,37.96397738702714,10.57192681282687
169.3,38.486004640190664,38.08875102469368,10.54712425587129
169.4,38.52040442199255,38.12987830540453,10.55950537433421
169.5,38.52795296599467,38.14206384885968,10.544477590378214
169.6,38.50801356772169,38.121101698202786,10.536782811945145
169.7,38.41694824603536,38.03761136382514,10.49929500341303
169.8,38.59883418875165,38.21567020222181,10.579031328912496
169.9,38.59733942954487,38.217237495676365,10.799369533157165
170.0,38.722412762886144,38.33417163902377,10.399162673109345
170.1,38.90242307246467,38.51264208272099,10.45846718715413
170.2,38.554225067898905,38.17017148556461,10.428962543689929
170.3,38.44176631141737,38.06022324650955,10.454003509382199
170.4,38.695566900265526,38.31512431370996,10.482774154662646
170.5,38.438462819373875,38.064590931696905,10.361177334318684
170.6,38.50463510722065,38.13640564852529,10.18370044222579
170.7,38.295749978671765,37.920222958458496,10.281738899212359
170.8,38.50527262533406,38.135820652819916,10.497796839828961
170.9,38.51438236026128,38.141210279393974,10.301204028836906
171.0,38.48496284923748,38.12174217336351,10.31462493450431
171.1,38.55419345338009,38.17629618475936,10.379345131637693
171.2,38.50547457422885,38.12511952952848,10.364006947651678
171.3,38.54102388526266,38.15627969686365,10.233143211957891
171.4,38.35227963250798,37.97144393079575,10.366535873044182
171.5,38.230309611634745,37.86019508653744,10.337775259948772
171.6,38.306390991818766,37.92451607570048,10.36529102872832
171.7,38.3494777836775,37.96523777731087,10.45324338581502
171.8,38.38802757002354,38.008691564918,10.282894993320582
171.9,38.293954419711625,37.90679654601026,10.335193737153775
172.0,38.25559728480857,37.864318413092406,10.416688910861684
172.1,38.375796597138226,37.989559699482605,10.388601385439117
172.2,38.3673614236335,37.98676002718413,10.273347313493321
172.3,38.48475962642365,38.116231938441345,10.26575290271697
172.4,38.50902048779749,38.13168424235143,10.459991579468886
172.5,38.39965900110992,38.01991133945143,10.508229622568708
172.6,38.37882201519323,38.00059227948032,10.590533157049173
172.7,38.409583121999546,38.02370222275248,10.685295001871339
172.8,38.459645423924904,38.07644632354021,10.47649959535993
172.9,38.3641996465616,37.97854147455462,10.412558236921981
173.0,38.35347981447616,37.96734032475952,10.33024387579576
173.1,38.306198525406266,37.92880501261678,10.386827798094993
173.2,38.42811631317411,38.0438079535237,10.548622727094342
173.3,38.298856312382235,37.912268658780135,10.595695018052988
173.4,38.35589030296144,37.969589519296996,10.321577147083396
173.5,38.208369275791206,37.821151317813076,10.46498877581205
173.6,38.25033320567868,37.85855543573652,10.498164385224268
173.7,38.348243806184605,37.96241074832787,10.293973351273138
173.8,38.34870610553065,37.96593310998519,10.354327144625294
173.9,38.28035378953194,37.88930713868299,10.790936754615377
174.0,38.32478575207578,37.93695854170659,10.230287070771956
174.1,38.303188571377035,37.91973970527429,10.243357817666793
174.2,38.26685014054567,37.871191091809656,10.488285112157385
174.3,38.455631507211734,38.07204636440738,10.452617801635574
174.4,38.40582784495319,38.02850493612861,10.309275591628465
174.5,38.46005734858682,38.077776190120744,10.402362996328343
174.6,38.56881287477702,38.188045898405605,10.455507672767903
174.7,38.47235917342901,38.085387074912,10.393114607594006
174.8,38.69170765289832,38.31946004807557,10.261631449320419
174.9,38.4031130967538,38.037630664750544,10.280127888726403
175.0,38.37406425591807,37.9968977935428,10.51420815725237
175.1,38.38391521917536,37.99812945354579,10.309150527992832
175.2,38.476477408073364,38.09028654787521,10.666000345041326
175.3,38.40201222118407,38.0134777308437,10.475401041131185
175.4,38.31248059241485,37.93191915312718,10.24204743029577
175.5,38.36988383003408,37.98848489245122,10.243481167508998
175.6,38.43051022219109,38.045929665595864,10.325093185466043
175.7,38.5287608981095,38.147514560703925,10.331593915036711
175.8,38.522643660770896,38.13463840369629,10.541499476177735
175.9,38.557326967448766,38.16977205094492,10.217450443138047
176.0,38.43589724907513,38.04596152861563,10.25501076325216
176.1,38.52802467893157,38.13754861217174,10.380938963371792
176.2,38.58266902961082,38.20544612846749,10.285295488290176
176.3,38.562846276304185,38.175106021538845,10.279467647808529
176.4,38.63092097671958,38.25315008900802,10.348290928398303
176.5,38.622417507651775,38.24263600447711,10.451091033504017
176.6,38.48577683849753,38.09741747598166,10.527681273446289
176.7,38.569879851212285,38.17130672014244,10.66685778578408
176.8,38.531308392749295,38.138157851022854,10.58896550290682
176.9,38.37020148586279,37.97753650823986,10.580510236299341
177.0,38.54272692459779,38.13789311978607,10.772877477927521
177.1,38.40895467444612,38.020424102351214,10.480017392893945
177.2,38.58770290467769,38.1889283614186,10.57465734605206
177.3,38.443866081009844,38.04961596632114,10.464978970588444
177.4,38.6696860959542,38.262763453274516,10.776329654186949
177.5,38.403655827099364,38.01595697688386,10.390731569342963
177.6,38.28378957993694,37.88695677937814,10.515808708473356
177.7,38.41702267050387,38.02477667822644,10.437802737936492
177.8,38.45730096917709,38.06792130025442,10.402781505952216
177.9,38.57690257755007,38.17393301617885,10.526145546466552
178.0,38.422955018343444,38.04306311516458,10.643111886413154
178.1,38.48069712281631,38.100404527176266,10.40005264974374
178.2,38.32310187194422,37.934858825839086,10.351239363025796
178.3,38.50624977749566,38.11443000058822,10.576345055029432
178.4,38.73392121791272,38.33421507307291,10.688716701159173
178.5,38.477169146293626,38.08181200858707,10.558808095259801
178.6,38.44788808989455,38.04711443869566,10.504458798648896
178.7,38.61326217295962,38.20439098019448,10.749069381482512
178.8,38.6065717445845,38.20172200880567,10.630846762138901
178.9,38.49626405872736,38.095943542928495,10.59428062767077
179.0,38.542235275513534,38.15706028901393,10.593938524940654
179.1,38.41978858862278,38.02908867564214,10.516547091192864
179.2,38.474575968783824,38.07940936085318,10.255265358207302
179.3,38.46001196036456,38.06230554110101,10.445616778120744
179.4,38.597165377894235,38.200481676526046,10.47372183215702
179.5,38.46698282361962,38.06861041235183,10.443059079218258
179.6,38.42382381274939,38.022589897466425,10.678488993094016
179.7,38.50572569219761,38.121582751039384,10.419021407114727
179.8,38.58411941456562,38.19823802714334,10.460787722184051
179.9,38.40423550034426,38.017757648763435,10.421671343344036
180.0,38.60864562841192,38.21288889043605,10.772893777787232
180.1,38.57482391076012,38.17677697730338,10.462259436866876
180.2,38.49640348681156,38.101900210104034,10.586797427230277
180.3,38.38286967576174,37.98701869520718,10.79825159768729
180.4,38.37898213515998,37.98729115321431,10.535305604266174
180.5,38.47085602923666,38.0851901754855,10.56337598531461
180.6,38.37410163841551,37.99082980454239,10.38761130827211
180.7,38.52163289228211,38.12645291465529,10.458796216194008
180.8,38.68530950852586,38.29960636468262,10.479216319423685
180.9,38.47338813878964,38.08395507266951,10.598283430568426
181.0,38.46479211257341,38.074386122236916,10.584903379556836
181.1,38.5012556165266,38.121864969943225,10.609994216852984
181.2,38.466993675446815,38.08390998887503,10.476012114361707
181.3,38.52949597433881,38.14226025943537,10.41808494224544
181.4,38.40634710651346,38.02485106054048,10.637023549507395
181.5,38.57865049282612,38.19433441126054,10.606856802730256
181.6,38.45259978910126,38.07340406240311,10.52507901667801
181.7,38.60896059829341,38.21977077668864,10.5710324435349
181.8,38.48328693713376,38.10417000849376,10.82755308805617
181.9,38.585525356672306,38.201990858356666,10.41945110703553
182.0,38.5675689825703,38.18324384974374,10.518790967200419
182.1,38.55229321115462,38.1730358394927,10.538466544334383
182.2,38.515890868257756,38.131339621441704,10.534065961751388
182.3,38.64828968968507,38.25231165535262,10.476544501654402
182.4,38.55007883807367,38.16008126618804,10.653320188976728
182.5,38.65634570190371,38.25533940726186,10.750523711550187
182.6,38.64377167948393,38.251315721146526,10.755444835225159
182.7,38.75786951047232,38.36670159091672,10.794993241456439
182.8,38.76311250500913,38.37188919614737,10.767646257845223
182.9,38.65633674566315,38.26906807169998,10.732330610350857
183.0,38.74495861869215,38.35522971610379,10.743298329781398
183.1,38.69048856240796,38.30543494275092,10.599803989133125
183.2,38.61444830937633,38.23466224667537,10.454201100462313
183.3,38.707540801021445,38.32430766240296,10.576924145221312
183.4,38.56234613720771,38.18672817006921,10.313474023122277
183.5,38.681032611419795,38.30625368116165,10.54184459580328
183.6,38.57623506686482,38.19968437951316,10.333081944611685
183.7,38.587703863008734,38.20625172352439,10.173902971690884
183.8,38.71935503486246,38.33517275751536,10.465734991157536
183.9,38.473760818012785,38.10208717139388,10.413472961883896
184.0,38.61384579410342,38.24899903707753,10.230870814503763
184.1,38.69452328172092,38.31721410185881,10.341132338400397
184.2,38.66681881986022,38.29675894936775,10.25580249268451
184.3,38.60386071143136,38.23691432079458,10.256714964336076
184.4,38.61057000738395,38.24266830354778,10.414204338786172
184.5,38.547382722399036,38.183975511268564,10.131666277940035
184.6,38.60730863667214,38.24188450708107,10.142338313893557
184.7,38.63986474088911,38.27071502851917,10.27650055809923
184.8,38.67199789016889,38.29851349417522,10.280061427725666
184.9,38.694923659679844,38.317514167724504,10.26522352279231
185.0,38.600745916371956,38.21670305919625,10.441307116527298
185.1,38.5983851400284,38.220369056863674,10.260310990335347
185.2,38.56222043375484,38.179424145326415,10.37531390026596
185.3,38.55818434104637,38.18113229133454,10.262293260232727
185.4,38.61733329057302,38.24508884554911,10.201418406166534
185.5,38.44948760549367,38.06294582146865,10.251956336801763
185.6,38.490244932981206,38.112431453000966,10.302514666643006
185.7,38.585132879550976,38.195202325420205,10.021805941764622
185.8,38.63725668867922,38.25829538537941,10.23814374936581
185.9,38.65691396348032,38.281000232679396,10.292799214122079
186.0,38.73536060036504,38.35552274226671,10.190778187583273
186.1,38.648367503818754,38.27875973307242,10.13104667354307
186.2,38.46640009346857,38.095242548977936,10.065471542201172
186.3,38.475483787414696,38.09796473952556,10.22109745220823
186.4,38.70082545169861,38.340086806244976,10.092941581348326
186.5,38.58302113598345,38.206167153319946,10.245125802702109
186.6,38.517616034879644,38.138082843753054,10.097447362389273
186.7,38.60693526796793,38.23476645045225,10.313939257497662
186.8,38.54129632809255,38.16835884212462,10.26758907456493
186.9,38.627966444084265,38.25724529027459,10.111333023010504
187.0,38.55830262357846,38.179443625901015,10.276414727933107
187.1,38.629806680603444,38.253296378320194,10.23167102701229
187.2,38.4745557971362,38.09708373046954,10.227980823064005
187.3,38.459078415963766,38.08655795330321,10.204683620678056
187.4,38.362567705340126,37.9915852905737,10.226394195936082
187.5,38.317849976561085,37.94327471442999,10.302927182898873
187.6,38.37365963155596,38.00394371306554,10.148528646637425
187.7,38.54992100568356,38.17335041855744,10.162108153485317
187.8,38.407685073120064,38.03522209650926,10.34391685948852
187.9,38.49759951147918,38.119308212594945,10.272901936819858
188.0,38.63010928004501,38.26024973309436,10.276766957748611
188.1,38.599040445498645,38.23010207355912,10.142228538466965
188.2,38.647587379698834,38.26565781566662,10.172755054354209
188.3,38.616405599697075,38.242638128835516,10.068112960885747
188.4,38.50225106646738,38.130352252778195,10.151189027428174
188.5,38.56683130506252,38.18967665682512,10.199149545063861
188.6,38.5493222839234,38.17031261269335,10.218032873609989
188.7,38.408165661807345,38.027262801111014,10.216379675414904
188.8,38.34985979356553,37.96959529248975,10.09207164111143
188.9,38.71323818372379,38.3362837352447,10.301506150880238
189.0,38.62784020894116,38.24874020141355,10.392428453946115
189.1,38.57610126667228,38.20043851409156,10.324685616163931
189.2,38.47568375353049,38.10278998747246,10.221108500544487
189.3,38.461551268277326,38.08316733305998,10.380272342420497
189.4,38.59772934313027,38.232061640144806,10.25572123956749
189.5,38.711520662697986,38.33357176948053,10.269770440301885
189.6,38.60252189663827,38.233019655375884,10.359955603731064
189.7,38.47914424282933,38.108487128232355,10.198790383520988
189.8,38.73926591308162,38.35273544651504,10.360516042664766
189.9,38.58183425698035,38.20597017812087,10.11928581037963
190.0,38.657678280917395,38.278376457157044,10.100046452442195
190.1,38.64070609468084,38.26085185875167,10.309645753992706
190.2,38.585766792048354,38.20797537127223,10.184119205257804
190.3,38.5845191968917,38.19815150303732,10.246433220211808
190.4,38.39739213833985,38.014924561198946,10.002103133846912
190.5,38.45514566784329,38.07449399961875,10.103937837179414
190.6,38.53127615188846,38.14791608100655,10.217167261798572
190.7,38.4413425457911,38.05464808235832,10.318322653914592
190.8,38.53391711611895,38.154881151337754,10.184862739765173
190.9,38.40314599562701,38.02959392120893,10.170473102210202
191.0,38.47425582930175,38.10091528638003,10.123471929217347
191.1,38.53176397322091,38.160573920751844,10.232080633891583
191.2,38.496048467137705,38.115124287821395,10.39275438722877
191.3,38.55671518473384,38.18352802904026,10.319539037414486
191.4,38.519540934167004,38.14693197368733,10.253042871146041
191.5,38.537785755261055,38.15690860399573,10.388449608814675
191.6,38.5245132562639,38.145959186024626,10.32230285068709
191.7,38.409209030876035,38.03581961143046,10.122234204352996
191.8,38.49445799066996,38.12742456224716,10.20091686439247
191.9,38.19182311561534,37.81448101609129,10.106476699256556
192.0,38.37280407385573,37.99990456655678,10.189733112467804
192.1,38.53370993627511,38.15612580068173,10.45608949350371
192.2,38.37029800813395,37.99024375600377,10.250013718128702
192.3,38.290660344051,37.92906828800561,10.145636347660064
192.4,38.36129439956403,37.98992381377445,10.298801861316646
192.5,38.451249595004455,38.08349915462626,10.142127378230105
192.6,38.41969591849351,38.05323354436589,10.340006812987012
192.7,38.586608864176405,38.21976551573639,10.216514688621906
192.8,38.588163065205556,38.221195427687114,10.292597392478175
192.9,38.53062225861751,38.16657580263536,10.39188380484424
193.0,38.561048128766146,38.202357629354765,10.226526591814029
193.1,38.457266530943876,38.08040724591141,10.286384266696086
193.2,38.50754133872123,38.14202234982042,10.239163048254216
193.3,38.46172143789294,38.09526437810054,10.252610545753557
193.4,38.51815752580271,38.1434883680907,10.190549520652318
193.5,38.407986077844726,38.04588515308773,10.117163834238294
193.6,38.36585768333403,37.999878160666626,10.25017938851828
193.7,38.49885150672888,38.138160970965984,10.211398142231962
193.8,38.42432917954799,38.05615066314747,10.073342727186574
193.9,38.474114307034796,38.10338433711873,10.154158911040083
194.0,38.51871859248831,38.15937322278524,10.215526432684639
194.1,38.43551262668489,38.070801912478274,10.146732454177103
194.2,38.526574671575545,38.15138238892608,10.212304387356694
194.3,38.62392051932924,38.24829011685003,10.090225938490272
194.4,38.56200550261556,38.18615865876467,10.181885613288319
194.5,38.536005006849614,38.17206108577367,10.111208904361902
194.6,38.534428502535846,38.17115030611887,10.178969485592727
194.7,38.46994830484658,38.097710301545,10.176765696201912
194.8,38.395417607434894,38.03193594205669,10.306793715317125
194.9,38.47012170777356,38.10848665133672,10.14251388088965
195.0,38.27531587050489,37.91127788956888,10.41263340451596
195.1,38.55225838468531,38.18885261949388,10.165854740425969
195.2,38.45480194151438,38.08795509789126,10.32333052227733
195.3,38.62546107059309,38.26625433869638,10.129605726831059
195.4,38.58138270765863,38.2069367139081,10.32366450911347
195.5,38.47796825390134,38.10127423945229,10.127147594072492
195.6,38.50426968932773,38.12218573707194,10.150123103336972
195.7,38.34199788694245,37.96419460535898,10.138557378461302
195.8,38.36467886111366,37.9899971727688,10.158907784324901
195.9,38.44191080093899,38.06569689122067,10.139122062373731
196.0,38.367702539997836,37.98978855470669,10.20012719569308
196.1,38.40046726480194,38.02398458019598,10.07032852660638
196.2,38.46035323733553,38.08291918475418,9.981650265783127
196.3,38.37167219585661,37.99818939735528,9.958379334804937
196.4,38.41781747877613,38.04149837606441,10.20765782482011
196.5,38.34149841786592,37.972930144886575,10.034760137300141
196.6,38.614069593201,38.22379892151292,10.188512621569366
196.7,38.498969109717365,38.111153257153866,10.151933049528836
196.8,38.447030532546734,38.0602222302108,10.248976077197588
196.9,38.504591305158876,38.12398892781046,10.184570938232362
197.0,38.50668703178069,38.1227877589922,10.239225402281452
197.1,38.57585562294686,38.1861284754488,10.049744537149413
197.2,38.68809083490977,38.305019841591815,10.241929864903042
197.3,38.855392401555044,38.46563836795109,10.155053448346493
197.4,38.620069336364985,38.240602999460265,10.247975868293748
197.5,38.78465691697102,38.38924833370169,10.26369853909525
197.6,38.691279267660924,38.302212012805846,10.114474474750976
197.7,38.551861745395755,38.16223859790694,10.14951532283374
197.8,38.45850027640613,38.07737529831884,10.022955256257328
197.9,38.515443312173886,38.13271341830262,9.909519174994589
198.0,38.67001597282339,38.29090922412934,10.113964491471275
198.1,38.63704764908191,38.258626636176984,10.05020327595424
198.2,38.532845935439404,38.16177014139103,10.20125440412073
198.3,38.81532319555897,38.433199317084814,10.511757567790937
198.4,38.75591724861925,38.38135392165865,10.185280177103138
198.5,38.55961993713721,38.18101398721064,10.16090801406931
198.6,38.477259299202075,38.08779853573117,10.185321552725465
198.7,38.623891349476644,38.24426215441165,10.05489259083188
198.8,38.3778467053447,37.99808033082907,10.122366412851557
198.9,38.48542999570707,38.090833927828285,10.145610736505116
199.0,38.42075761208735,38.034395007712014,10.047024919764398
199.1,38.52165171200206,38.12571875504768,10.264984323079874
199.2,38.55437636165487,38.16051011648564,10.210485470983295
199.3,38.459617370210744,38.07918724751709,10.228001683947792
199.4,38.46303455656269,38.074389506700534,10.18693810945858
199.5,38.53004217166531,38.144161436765756,10.220009484487269
199.6,38.62882827162769,38.24516156792299,10.185057341908022
199.7,38.44196640512926,38.047117671827955,10.459750850014272
199.8,38.51371376432509,38.117319038694006,10.194674284058516
199.9,38.546345533985104,38.1495067374208,10.178857276828792
200.0,38.57664949383029,38.19664136490847,10.3135047170294
