Time_ns,Protein_CA_A,ECD_CA_A,GLP1_CA_A,LNK_Heavy_A
0.0,8.879030389763938e-06,8.839171185949997e-06,1.0203046740437264e-05,1.2190787688247088e-05
0.1,1.761400765177243,1.7441304271866214,1.5917485543817667,1.4498371741590486
0.2,1.9747191035517802,1.9813968602672223,1.267430495112115,2.375218050793839
0.3,2.2466002199611763,2.2529900529786366,1.5314114663243534,4.297778764817681
0.4,2.336408227587358,2.3378760660647475,1.449358028787174,3.9990117170779538
0.5,2.530845009750228,2.5176515287923684,2.728710225104666,3.5423931835941334
0.6,2.46037050483365,2.4731333813495295,1.423880093106649,3.5202537307023625
0.7,2.932172244583912,2.943654775339295,1.5629184396864797,3.2493493275101866
0.8,3.0778392439712285,3.0676916055571577,2.605843218089329,4.528715189216825
0.9,3.223169488098914,3.2196740998022038,1.8602073600379365,4.339276726946319
1.0,3.5798882070734463,3.603001512542468,1.7210379445551096,3.9724834842204357
1.1,3.627190398071454,3.650457261615793,1.5421162630184908,4.056414694813272
1.2,3.5500644308626534,3.5693227608748064,1.6343875570321384,4.146629298932869
1.3,3.850887331124793,3.8633827214263925,1.6694435657384126,3.9872250645214167
1.4,3.8790902577389192,3.895358719748987,2.213595688798848,3.4177168238121522
1.5,3.916598948200848,3.9239356769774916,2.1226427847564246,3.3357991943682426
1.6,3.892810990827764,3.8966802567923144,2.0095508932475346,4.115680761466441
1.7,4.354977548331138,4.372915974390702,1.596255881224165,3.7979818059026482
1.8,4.155162319821439,4.165453392414809,1.518124062618649,3.302746946676559
1.9,4.255458164333066,4.282484294886145,1.1516403295357278,2.890372110280133
2.0,4.238869612860514,4.269424745988441,1.4971311939857772,3.392237195624205
2.1,3.868864640261745,3.8962089840644234,1.6768977888251926,3.373814455333406
2.2,3.9215546016392735,3.9443326597471984,1.4550794224335066,5.030439898629048
2.3,4.191412748245366,4.214085977060289,1.728256909024591,5.271602357261845
2.4,4.082192024115006,4.116052983207926,1.4630563083932708,3.7065213082408803
2.5,4.457323593503724,4.481403585464362,1.2267938202826754,4.1928821081645244
2.6,4.348479570560994,4.3839946008995065,1.30200864127535,5.235760271674093
2.7,4.565608422470612,4.597632459453983,1.3525848194254197,5.436170352232403
2.8,4.669488789797694,4.702987172513242,1.5521599610946355,5.254677667698393
2.9,4.656582984808786,4.6924186629875955,1.4460326185355865,4.368324476639459
3.0,4.600573332056882,4.640362058899024,1.655696654997588,2.8761101151928323
3.1,4.551488433057,4.591570375458014,1.497720660863193,4.8330376825168075
3.2,4.64588812648208,4.682844139453218,1.5169933185325728,4.555470375869468
3.3,4.78430918440769,4.819993707687353,1.5167136299510924,4.07179875083985
3.4,4.662299282767664,4.697011364582684,1.4801311692744292,3.5744393305492355
3.5,4.743777926541212,4.781143662642378,1.421319678807573,3.6364850734310847
3.6,4.628597155002096,4.668974685661019,1.3770042723387481,3.0131085578763575
3.7,4.771684133190665,4.810413532808411,1.425474579322717,4.3460311842738255
3.8,4.502343903896332,4.54502186986133,1.4078860590598976,3.8018360303337873
3.9,4.751459898911951,4.791211222750875,1.262321927537768,4.695625678568678
4.0,4.8519139262261675,4.890934606170848,0.9500458560180145,4.284571767733509
4.1,5.136209484004673,5.172619696251768,1.2481413004837636,4.083938172072263
4.2,4.849603295349218,4.878095270621955,1.3212725988340968,4.310970294651144
4.3,4.971789649497281,5.007890876730437,1.0798317198546343,3.945408550211123
4.4,5.119098885317604,5.150361836377329,1.2565719726489082,3.3210984584648737
4.5,4.928763040782479,4.965959966818583,1.4111929434964139,3.2581516723900052
4.6,5.0034592055297225,5.038192700733597,1.844508863951783,3.345888506219414
4.7,5.343587552705231,5.364135280429407,1.7586825711041494,3.497969943083866
4.8,4.958930664892817,4.998720748691675,1.3146767040765566,3.4518491973777565
4.9,5.020697165250901,5.053258576533796,1.4255020079145104,3.182421780340667
5.0,5.152605927163147,5.185995517460568,1.7352982724682136,3.548683887122362
5.1,5.331273686185066,5.365734098940049,1.2537483232479834,4.037102947254774
5.2,5.314642074312192,5.358247886858019,1.4150855141981669,4.40359293645095
5.3,5.3506166202963055,5.388019677699939,1.3652453049732032,4.902895317965982
5.4,5.105370196105073,5.110739067044543,2.3889851085089098,5.267883226735443
5.5,4.869106137590537,4.869902177019134,2.4695805923970497,5.001781080122428
5.6,4.847923136409767,4.867408578517246,1.6781611805345988,3.9061393965342126
5.7,4.897886678946064,4.905371382496878,1.9881952246948018,5.229478381511141
5.8,4.750987941527668,4.754477988981383,1.906104621396363,4.897496831788339
5.9,4.87064682333596,4.892504392467461,1.9839090296897963,5.1204701323523265
6.0,4.711596207115965,4.7385099098659,1.5631453098323023,5.157512034034241
6.1,4.6857232232115775,4.711088022970444,1.4461090983260858,3.6125596995203253
6.2,4.774973624032282,4.793379658853569,1.6343910688492238,3.214963248329342
6.3,4.690803004165263,4.705304469413325,1.5586322994526927,2.740260569111525
6.4,4.723629060166917,4.753777733060606,1.6592410471174976,3.118908679850532
6.5,4.746252344888461,4.774146343008599,1.7149042542042319,3.5117432742913524
6.6,4.868019242473105,4.888607625858377,1.7633612855980227,3.544487655311163
6.7,4.774758517781382,4.785647310081891,1.4105549797576147,2.9342205695995953
6.8,4.620776877041304,4.650413578729193,1.2985632741274846,3.404268374035545
6.9,4.753251360426298,4.787428279707002,1.201698233140621,4.034772486686289
7.0,4.893457011601214,4.926312278657232,1.3037950418827056,4.336761751887167
7.1,4.969081451342651,4.985487933614198,1.3555230643823761,5.374874795663853
7.2,4.836534786844658,4.868407418543242,1.5830300237844506,4.073428118557369
7.3,4.876790600378399,4.893568128527014,1.4589078389716013,3.52056428745495
7.4,4.951762562717486,4.987888356970941,1.4364995751555996,3.3819150870060097
7.5,4.995385000937203,5.014556817116127,1.5941882532122376,4.256253662218084
7.6,4.852190481187485,4.883938951770464,1.6323853170978269,2.9380036133708187
7.7,4.905019637996899,4.939481815946355,1.5385644308555502,3.8572230802223473
7.8,4.858171282044057,4.8833476870506765,1.6730901023278029,4.727223432478857
7.9,4.979415933364517,5.011079170699207,1.3848760593055147,3.480850429622007
8.0,4.899209381689698,4.920222002842905,1.7832012118455625,3.40125453171462
8.1,4.702899721392611,4.72780569669291,1.3898388668671846,3.208512975996996
8.2,4.72876121811404,4.746738347297243,1.8423099297937855,3.9758092120377806
8.3,4.731206081066369,4.754635088639279,1.5945062065491342,3.6988753090619246
8.4,4.802965980008241,4.834106542379587,1.5149500207682098,3.668416686237329
8.5,4.925341524676461,4.957259782087481,1.4053359000212404,3.578860437553738
8.6,4.841913920502764,4.870633553616022,1.7455987368142174,3.951565937604947
8.7,5.008013967587694,5.019710378114513,1.6933637500693821,3.7325115112728176
8.8,4.907716065552875,4.921883553480287,1.5977792283778764,4.020308755726301
8.9,4.930585695551671,4.952648829046516,1.6065302143504172,3.5985600141842875
9.0,4.8393720484331615,4.8566270889840855,1.4612366847631744,3.736684962062992
9.1,4.9937721165079685,5.008822551435467,1.5515111716865742,3.023157874102122
9.2,4.860255624832552,4.8767325558686325,1.72213755769142,4.771134112726277
9.3,4.959122669914845,4.985289623062192,1.5959492781757263,4.325249782711004
9.4,4.922393368513413,4.949875399561544,1.1254282512516465,4.518951883063257
9.5,5.019679421890947,5.048254824338794,1.5430156401870614,3.66456444837043
9.6,4.899535100654105,4.918996624339359,1.5442620940453595,4.117764567307615
9.7,4.8354077284721555,4.875107434755472,1.4946633960437448,4.5109436081517345
9.8,5.060479538872025,5.0987728639285965,1.526096420625026,4.815094216704509
9.9,5.149548100681108,5.1878721110014885,1.4453930046898453,3.770655659944397
10.0,5.1496983841338775,5.197147138327492,1.5450829998400188,3.76532348442657
10.1,5.337438065453747,5.384290331605717,1.507150896872818,3.620601823041389
10.2,5.383156305115376,5.430544397809081,1.3336807113876132,3.5946217986935167
10.3,5.344908772879748,5.394832773735242,1.096861462689569,3.5225187390763684
10.4,5.389645202910557,5.442874280620171,0.897354918816916,3.2219351194174846
10.5,5.674059102748851,5.71696323515078,1.1987019678586026,4.457565276507861
10.6,5.590203494228234,5.632381868720762,1.3882234790231298,4.85421442381212
10.7,5.537126276891611,5.5809347257323685,1.6497728202543414,4.037701213299616
10.8,5.498400896264369,5.546137144712877,1.1705882231971285,4.658552679715783
10.9,5.38976970624189,5.4303969735309865,1.4034839286775609,3.884723442882732
11.0,5.622541037428212,5.671176932851353,1.0670322424813534,3.8022793323821302
11.1,5.649803509312011,5.693399403639741,1.3228959802663158,3.9332165384025792
11.2,5.6653937888412775,5.710007030130391,1.6792145001749927,3.9403467091685362
11.3,5.635726459725894,5.6760690411624735,1.7283035262531854,3.2960196159936155
11.4,5.372847536096606,5.4164039226327,1.1275593310059457,3.576210176969268
11.5,5.447695935953465,5.4956784348240895,0.9711911645317636,4.243734904137103
11.6,5.446869941624498,5.4857665471334425,1.4768341007515344,3.458526545198066
11.7,5.538559313991354,5.58387443521592,0.8930780598972027,3.9226099808046935
11.8,5.503092047429291,5.5236166150092805,1.6941756502304506,4.787548956884409
11.9,5.234478785932993,5.273653894821091,1.3274790416169087,4.768208907608828
12.0,5.351676319915175,5.375106089352426,1.505917224389016,4.6507623429883935
12.1,5.346444377130917,5.374017496216999,1.4563965763399789,5.053660485051621
12.2,5.359489633877329,5.403511193878489,1.4610219727384566,4.75161367787247
12.3,5.30908563541361,5.35449715735586,1.5222406778972055,4.652523539409371
12.4,5.4210598038968465,5.460884718127533,1.54619242801643,4.8929043244229895
12.5,5.2587593863864095,5.301286606323234,1.3962823411130203,4.5514352851026905
12.6,5.268833049558224,5.307799883709253,1.434604779664748,4.323384001911888
12.7,5.427884310571709,5.465257843794655,1.6883669979919536,4.357138393568981
12.8,5.4994423760951,5.541268259491837,1.5069754758263227,5.325079629956883
12.9,5.5980647181691445,5.636085987165615,1.298294154859842,4.521594370423259
13.0,5.650630231120766,5.691582930729894,1.0750527966568506,4.27837516897269
13.1,5.732120653916574,5.780224160520114,0.9383443246771861,4.990081711899425
13.2,5.89464019223279,5.927916458023745,1.2744681947265764,4.614080182345199
13.3,5.9763860637670865,6.022213588063175,1.4355376518401668,4.492853901321058
13.4,5.715544579055069,5.7533848240303715,1.2238096375218455,4.7795283615588895
13.5,5.7285110914742425,5.775975352683504,1.6148624845526929,4.350982782749422
13.6,5.593082939682195,5.64507799933725,1.339732345357467,3.2764150580955187
13.7,5.621116295902824,5.667556187184259,1.4929362961807824,2.891925469215795
13.8,5.6095249932352225,5.645742649258426,1.5637902281794598,4.333084223238078
13.9,5.699746979038078,5.743964935028472,1.5193930134186873,4.038591883071302
14.0,5.758171044023113,5.792474839380184,1.6684747672133635,4.28100122869355
14.1,5.803438658954451,5.835031462471483,1.59547493600318,4.68493602073486
14.2,5.807394913645915,5.838095736778521,1.9491832865992371,3.5561822141835866
14.3,5.9376975007544,5.957622499616956,1.4329206055696129,4.075338149559518
14.4,6.038529094361546,6.059042321731733,1.6628706414531915,3.95298015658958
14.5,6.032330580149597,6.049536349689345,1.5237194219006032,4.337283005141841
14.6,5.900825044679478,5.918536377727888,1.3957172960976307,4.366805318561412
14.7,6.006768155885038,6.034489558063378,1.4711871121179931,4.519071092002806
14.8,6.165981304155085,6.201977435154714,1.7926968770275384,4.0627219243247685
14.9,6.304068755027817,6.341087898227337,2.270765863600186,4.139310934103108
15.0,6.164714931159769,6.186461173520982,2.540586518015789,4.193922731667079
15.1,6.454693512712445,6.48966829436793,2.6450665095787675,4.872228396631889
15.2,6.172906533363129,6.206865997618055,2.504521684972101,4.592123583700178
15.3,6.08989005580312,6.114529593403741,2.028094998729414,5.133300821926369
15.4,5.803723424248405,5.8458409259365585,1.277977700093208,5.546537282575628
15.5,5.930985242732389,5.973055067352261,1.8423505831469777,4.38057444299029
15.6,5.815456954562992,5.8567885186813164,1.7387049590091836,3.7639283102808494
15.7,5.577137202252032,5.6184407171140744,1.5361890339481248,5.277551706907309
15.8,5.748733401430353,5.783510571239522,2.3300657940452565,5.454998013304199
15.9,5.557099575477145,5.594924418426618,2.109447030403552,5.1307046271919035
16.0,5.589006066739119,5.6297959415197445,2.2645311997567656,5.432921646765445
16.1,5.55255890352545,5.589795720176764,2.0117877269283957,4.9125797414569
16.2,5.531606650431395,5.565670851414465,1.7959391996409053,5.1612558518277885
16.3,5.675737064458379,5.705594261418208,1.642733305373046,4.41075575438358
16.4,5.67859036857552,5.706341764546903,1.8456537853717858,5.853512748578403
16.5,5.622748150222668,5.6587993149391345,1.9765005590493638,5.541443382436226
16.6,5.82055788361665,5.867858525690901,1.8340876010988798,4.85721399258519
16.7,5.660887347604799,5.695722427919905,1.9538716914973049,4.762637798116038
16.8,5.582203166002516,5.625838212925245,1.767495546461229,4.14478553703404
16.9,5.782304127677532,5.824462312501937,1.67399087451141,4.191817853240797
17.0,5.721667260441852,5.759581315459586,1.727035864557113,4.279129861468647
17.1,5.662308898822235,5.699882718916759,2.0381715494688577,3.8631969926157903
17.2,5.568034235348358,5.601324035987444,1.8693442377851228,3.8108395922416283
17.3,5.424164046661782,5.45865731794442,1.618152552869106,3.9090631762485937
17.4,5.3529690761711075,5.391707721283575,1.6507243541887924,3.940260503696931
17.5,5.58285069512081,5.631915664175897,1.38494874738719,3.946258024918991
17.6,5.4513352363842165,5.495958921997578,1.6151541468157902,3.910762522295493
17.7,5.520695803819058,5.557984995543866,1.7859658530332425,4.88352680062218
17.8,5.383737180770419,5.427709421156276,1.4509612541184278,4.827677768924855
17.9,5.454572642675813,5.4982858766524645,1.3934762858844376,4.986221664943087
18.0,5.631003119308082,5.675757945513078,1.2164605988839137,4.35669164567219
18.1,5.349181317389452,5.387611784737149,1.739738326251416,5.106758766702868
18.2,5.249200172989894,5.290016923830277,1.4905870499039306,4.885004350704996
18.3,5.16144990689642,5.207288150888323,1.1566900445019028,4.569003398138055
18.4,5.277268765739687,5.318971164767995,1.6736523800139322,3.9212526580153932
18.5,5.367055998559423,5.405874272513839,1.568720571144253,4.654966113130939
18.6,5.356400801032979,5.39855350387399,1.707289775811424,3.760167792150682
18.7,5.333904092116736,5.378887319238778,1.5519020616066133,3.2226281428413674
18.8,5.341553818173241,5.382071870892755,1.5230894314724446,3.512303549817272
18.9,5.417566378053687,5.456683632023556,1.1906031571968296,4.158645033090658
19.0,5.256847696137863,5.300930453198704,1.4306719187777126,4.987631600318921
19.1,5.349177687891443,5.393389810529706,1.3716607045075224,4.145789887542727
19.2,5.3292596397052705,5.379082017071437,1.1859960559192988,4.182797850035486
19.3,5.439196244659085,5.47966410554122,1.4835973530240805,4.313294958049499
19.4,5.52366153661552,5.5620299296969495,1.401921051301283,4.325221863664661
19.5,5.542350077611994,5.586045758655041,1.2858475863202767,4.478831838062556
19.6,5.578868757548742,5.627538390901452,1.2192357639476956,4.739194108279957
19.7,5.511523168786491,5.559386787154353,1.4023987306765866,4.793540669245017
19.8,5.456528914886048,5.501618007411077,1.7027823162359446,4.590071224718756
19.9,5.21376542580726,5.262211620413788,1.0479461351574788,3.8284027043781292
20.0,5.356813425003939,5.409121151520832,1.3198469684239194,4.748394655556021
20.1,5.280597057421059,5.331268437967359,1.4746397047114645,5.512218988004323
20.2,5.344682590086554,5.397574427551478,1.0627638676977584,3.9966774562425793
20.3,5.325973349944796,5.378707922101702,1.266310557865187,4.483420334295814
20.4,5.292141383916492,5.346793177721763,1.1215982202329804,4.648481991789798
20.5,5.336728838308215,5.385107701388665,1.292938260864841,4.766177739306809
20.6,5.35129244635014,5.398992314198742,1.7925775286856478,4.357435439568933
20.7,5.336712267479609,5.384518125286042,1.5412735634049661,4.382930428418026
20.8,5.229710203011596,5.27928938728428,1.6171174999506652,4.7628540387403255
20.9,5.260719035739848,5.311268454666208,1.4473917673132977,5.163527148045364
21.0,5.268410944701299,5.314175726258125,1.5267419569666674,4.7142844434247415
21.1,5.2840450305703115,5.330850241341282,1.5739171110281953,4.973298889714304
21.2,5.282514422987281,5.322351752586754,2.053956498965706,5.605699060795176
21.3,5.278880946158576,5.324101324376671,1.6194742294209936,4.85881543356857
21.4,5.188958362742628,5.235010685232644,0.9210800147066293,4.175712249642292
21.5,5.3082669499535164,5.354777238887103,1.1636873085310144,4.189173560109396
21.6,5.471943607762751,5.523706554721999,1.1137384514924602,4.6119165762414855
21.7,5.303243523509079,5.350032113481258,1.130464931436178,3.891440344163504
21.8,5.334124659923424,5.378423380147775,1.1919688667697301,3.1190580998387056
21.9,5.2799716553547205,5.324836493503239,1.2835261742871875,2.5009130602643252
22.0,5.291582425327112,5.333637540654676,1.1108752413485843,4.026164710756515
22.1,5.310280412491335,5.358864633576245,1.5981339789807059,3.8025013718246394
22.2,5.478708753818606,5.526478320457698,1.5122837843114947,3.9082920289720797
22.3,5.355989889135743,5.406551216159177,1.278853997959763,3.8066989134185185
22.4,5.475142174279844,5.523600868452153,1.2249279523265062,4.882841798997549
22.5,5.392108554135766,5.435602372160541,1.5738168676864623,4.308684291889938
22.6,5.524935401143864,5.5765447664461885,1.0963627517608407,3.636707903435771
22.7,5.3947607969066524,5.443488022978381,1.0540287665316679,5.255762015123726
22.8,5.577558988636398,5.62863207489565,1.5214967959881769,4.359198838476273
22.9,5.438398557817426,5.4788756397218785,2.384915374086961,4.074496495754975
23.0,5.367593680004619,5.417778811682414,1.4347263897762617,3.3532234454210283
23.1,5.392158088088674,5.436899159136195,1.5115539113201604,3.4681219413492475
23.2,5.355707266436834,5.40208471316911,1.8442410957317965,3.7079644761172257
23.3,5.397097294213884,5.439357872229198,1.882711001807894,4.027212147364731
23.4,5.346697817201067,5.389247070156246,1.7674460587751835,3.80861838424998
23.5,5.3307184137771415,5.374027275274761,2.1356504359986213,3.986486210814762
23.6,5.386300989425728,5.429494016251176,2.0096362908197327,3.7674768580110505
23.7,5.420409044332562,5.4637430091172146,2.1409781712824927,2.869098299697491
23.8,5.408060585374128,5.4500717376559695,2.165347668968117,2.8009247004404014
23.9,5.413800814580238,5.452657539298656,2.5263421111669673,3.01444140065569
24.0,5.412094120598714,5.45037537288406,2.467449122018539,3.3114449125075707
24.1,5.395775695419206,5.441842974909416,1.8921875593116038,3.038176814466553
24.2,5.286986642441162,5.325178971573211,2.3677177188050087,3.0441093386291604
24.3,5.4131519095222895,5.446416883305679,2.5241598903969984,2.919570092426058
24.4,5.566406852345425,5.598473903221793,2.4591045349079277,4.420403228876384
24.5,5.431633047223896,5.47168401540487,2.1724801855889466,4.183902350122556
24.6,5.506977094867101,5.548238236311341,1.858229219677179,4.130328803767041
24.7,5.486219603161174,5.520858304743961,2.244776418767667,3.948536786306846
24.8,5.391299203880096,5.427460480295353,1.9092341398545534,3.8182402537901963
24.9,5.4808220650924095,5.520469436280502,2.0373677419301224,4.020967257891284
25.0,5.545889871507954,5.586982508819008,2.214931337991864,3.4081520283861417
25.1,5.41643447945166,5.456357680824478,2.0383132167701614,3.3033053695370316
25.2,5.5596812862308616,5.608865772973384,1.3759689809705378,3.9996425324171434
25.3,5.562888832281705,5.609280380635467,1.3281621235874506,3.3757273559097603
25.4,5.577660831178229,5.6327306116445355,1.0446571004979341,3.401454409320287
25.5,5.494220779900984,5.548024870686008,1.4350392832833077,3.7309167641079246
25.6,5.480543821977255,5.526492783144188,1.4581934948845297,4.019362035580477
25.7,5.584578357581782,5.6353104619293095,1.4573870485650353,4.106053343402137
25.8,5.425977089930259,5.474002346291356,1.3038246392786326,4.617948745313388
25.9,5.4063378956255255,5.451375859877011,1.166950645285975,4.75042774830274
26.0,5.469248955639387,5.516479926879905,1.2673237046614456,5.025942708911173
26.1,5.459228267732126,5.501473906486696,2.342541476295852,4.7015990670976056
26.2,5.404434289438767,5.440198311544781,1.8365340326459447,3.9848578192640076
26.3,5.456610849626238,5.500703177400149,1.5548894742343164,4.350258449519275
26.4,5.399524056970314,5.447645125332127,1.6381656248761527,3.2627562704329884
26.5,5.468262540853064,5.517985329027456,1.5661842889547404,4.675739093016276
26.6,5.683813288993332,5.732042501929594,2.2635728830565145,6.480960401473074
26.7,5.467131201214919,5.515953837147576,1.730862195289503,4.92538681350507
26.8,5.514712436989757,5.566492929155938,1.7616653607172177,3.765422696356326
26.9,5.505630814142352,5.5554616691887775,1.4917137996974505,2.9540202445173023
27.0,5.449400569953082,5.497226736808099,1.5562722197709007,3.7053661879007995
27.1,5.569499854024631,5.620200403016414,1.480854862946703,3.563984376526593
27.2,5.60844804840282,5.6579516969906525,1.3060040867995442,4.708441009152595
27.3,5.487626025782396,5.536973935143285,1.4174993797228026,4.707833721671133
27.4,5.640593614244092,5.689076378014125,2.158206727910111,5.128567064435353
27.5,5.562146460209231,5.612904060601813,1.304332023074974,3.7487031940533506
27.6,5.720754587143108,5.76780881748967,1.2968795428150353,5.074937978625487
27.7,5.779225140796475,5.825537538601392,1.7300903298801846,4.2110459638075906
27.8,5.8536017585030145,5.901868565722918,1.3830698768396081,3.321334393276998
27.9,5.9075220242376165,5.944639955522147,1.7954068100387137,5.38659203758813
28.0,5.769060435243918,5.807779758798533,1.7353509332858408,5.1609358447348415
28.1,5.638389247319738,5.683661743239462,1.6811105284420902,4.0635148051275625
28.2,5.722781621789377,5.763448203303264,1.9098802594801885,4.172544813145599
28.3,5.679774150635056,5.719784579245022,1.6798441466587954,3.341467194762688
28.4,5.758214767196856,5.803828698371424,1.560797507587257,3.1987121479942426
28.5,5.759479041358049,5.795818543101701,1.3619759912294789,5.432080761845952
28.6,5.679858843520189,5.720313977107614,1.184310931525662,6.116685046817327
28.7,5.63428958777386,5.677662597045323,1.1130727352944347,5.35794831071258
28.8,5.715443824602856,5.75376764556178,1.2868071848783027,7.053714883681952
28.9,5.892367221645705,5.936735834682706,1.506454659376771,6.705755893341089
29.0,5.782046515962187,5.833558685856936,1.4883064399447092,6.936139285141152
29.1,5.84319822560155,5.8940839979730395,1.6025560991593946,6.635504713754917
29.2,5.88672084640044,5.9354784283737105,1.0270858944295616,6.920035069325212
29.3,5.785890660211666,5.828466284289043,1.1053118518788496,6.854709886108767
29.4,5.813458238763025,5.862556272085656,1.33569118827758,5.758741260959955
29.5,5.746267528505765,5.796765088726142,1.4539861724712786,6.2311233258797865
29.6,5.8425906990626,5.885507838901284,1.3493268819602742,6.256180650291467
29.7,5.8284617572030335,5.873787092608164,1.1540346474029641,6.6680443998672825
29.8,5.809825892067236,5.854923893193573,1.246281492493368,7.157547914372623
29.9,5.874768584171773,5.918127814471968,1.1237882766010543,6.546078205487675
30.0,5.8997895604509365,5.935975367456765,1.1577279529097955,5.775990441024244
30.1,5.926329512683124,5.961304401008177,1.964889064032077,5.291769151743473
30.2,5.910651168875568,5.943835611374894,1.7832037415135062,5.178066556499071
30.3,5.827942838417286,5.860310754524412,1.3730694117304936,6.211538620361538
30.4,5.774283306865663,5.799037412317983,1.6443668935671842,5.243637119767759
30.5,5.797498958894056,5.829769866846793,1.166382196963435,4.642137318302838
30.6,5.746314481642642,5.7736812503969785,1.454775962194644,4.698340185652209
30.7,5.692681488011281,5.735734165172106,1.181521090621666,5.348057947198367
30.8,5.753815731370989,5.793053059133946,1.3201951838718171,5.975184862606785
30.9,5.821966482854001,5.860523113607826,1.4015295768188165,5.641748982243563
31.0,5.762605990234955,5.806770491974743,1.3463138507451589,6.137384740762434
31.1,5.671638657541158,5.715943420982585,1.350574586967258,6.834949939227545
31.2,5.765332805893165,5.812717234355421,1.051251258522716,4.744251995376032
31.3,5.808396082138814,5.850916906497581,1.5472169743171438,4.389045045108818
31.4,5.757292843019629,5.7978633856089665,1.4618017756959,4.180769460414301
31.5,5.752556654034715,5.799056744085613,1.3083049896685144,4.791656813675642
31.6,5.767969151658444,5.81641986587667,1.281846958014632,3.744622831977304
31.7,5.837519867266867,5.872834113470317,1.9495989836282814,5.246908814252625
31.8,5.838442466290498,5.873725849654216,1.8759601182696315,4.6508139259649255
31.9,5.767974998564177,5.813377847192209,1.5535552043881595,3.8025782200778333
32.0,5.680816690520316,5.724748345440977,1.641208369636859,3.628421552394812
32.1,5.71396177376942,5.7603185554348855,1.634768556825786,3.5423413067594285
32.2,5.768392433818625,5.813940290843971,1.8041576275541773,3.9668213706087756
32.3,5.7041211221202035,5.753609047254923,1.8584611837755765,2.8074185823735833
32.4,5.76213474501892,5.80589409790912,1.701856344980278,4.191131663167701
32.5,5.856479160058759,5.900228213353409,1.6959781025348097,4.160171914766832
32.6,5.9040512687738875,5.9527651271331585,1.759468908772015,3.6894302799640264
32.7,6.092437091943809,6.1442836490467085,1.625482234780215,3.456408382928832
32.8,6.079496311958938,6.124999968673671,1.8772459302042956,3.2200565915501835
32.9,6.019867742623667,6.058530761149514,2.0998646041718247,3.8608188793510076
33.0,6.199796060631669,6.24154543617332,1.917679980503327,3.7458362715228275
33.1,6.069730904718162,6.1069339549451875,1.5294881737933406,4.477905444353725
33.2,5.886130122842974,5.929531963762819,1.6448049790402473,4.142885051527995
33.3,5.958326854848236,6.0018236687447954,1.448663282050394,4.266457765684858
33.4,6.041762898746053,6.070429253898427,1.6692803969890753,4.106281899649716
33.5,5.841492129894142,5.879968094686666,1.1837579065625863,4.716548048696017
33.6,5.917148488977864,5.948183931022279,1.6466776913134413,4.234029192320628
33.7,5.963547533952468,5.994613507743222,1.5977836022463674,3.8451938635954033
33.8,6.017217887272509,6.0551367145852835,1.2318587129372538,4.123624281106637
33.9,6.03388545775921,6.057484599467618,1.4029071125417008,4.229018882956122
34.0,6.020817434022932,6.0497432147663615,1.551430293110873,4.2546259023350705
34.1,6.008257357619745,6.02977069079972,1.5778449964079404,4.198761117362471
34.2,5.876518163397637,5.909300529061281,1.0596543779902619,3.9613563831369145
34.3,6.2778579559156595,6.320230180659588,1.3169006349296215,3.956446783692518
34.4,6.342453706472224,6.390678056428945,1.244149994899865,4.0296709859129445
34.5,6.056239271562177,6.103330707541881,1.3075853377680169,4.494257173235401
34.6,5.993760052585844,6.043556723993518,1.1107170763397163,4.763572409273464
34.7,6.1433566626431455,6.195391727347731,0.9986040492456727,3.478083283026112
34.8,6.0702582351125365,6.116677988186019,1.160852231047423,3.2767370167931578
34.9,6.016740513339046,6.068703186255613,0.9516967247505281,3.1678141805282296
35.0,5.9188828649546465,5.963685831751446,1.0389582363694667,4.3904095270776535
35.1,6.027704064920588,6.062481724599404,1.5084447129471024,2.8428204626921825
35.2,6.064660148372203,6.108766929807158,1.283055155120102,3.173515226916149
35.3,6.004193006199128,6.0518306322127025,1.1528248816139859,3.797433789590264
35.4,6.204593888461777,6.2545755642777,1.3393875136927638,5.42974619536419
35.5,6.192863515151772,6.23968367801623,1.0800473530986279,4.05572218491381
35.6,6.301354733240206,6.351285933371334,0.8980502863663776,4.007408014201137
35.7,6.385844645095646,6.434517687423704,1.083055925528013,3.8269348244234997
35.8,6.2651460769223375,6.317984342452547,1.4265242707369397,4.42563081101308
35.9,6.230599019307394,6.2820355111840565,1.1777396644232792,4.220258912200451
36.0,6.112617146214781,6.166282680679744,1.1847229484289044,4.267642288365831
36.1,6.08884702466668,6.1309167655747965,1.2881043888155328,4.476707414629207
36.2,6.038251747577792,6.086193616067323,1.181911888078487,3.553485044077399
36.3,5.967567926471421,6.014750678369404,0.934017597489305,3.1041759241069853
36.4,5.951503281497514,5.995626834756569,1.1336817439521054,3.5369851500339515
36.5,6.0754726237226535,6.114283697304595,1.4574413607087973,4.957152056951576
36.6,6.0946139937831,6.139363375619268,1.2714104932556458,4.3589901483591555
36.7,6.087325633656961,6.132361237034936,1.461170402935997,5.012107788714168
36.8,6.170107848344134,6.224107069230822,0.8448374519177073,3.5966623229377084
36.9,6.283973282141706,6.33600942426595,1.071748292882467,3.046371462375065
37.0,6.305630386598991,6.350117997135234,1.413320878960013,4.257185746880247
37.1,6.238868527375273,6.288790906778495,1.6234329091472148,3.623343307518132
37.2,6.347805398981076,6.391836292085867,1.5782920672441139,3.2388551923435487
37.3,6.266405662694266,6.307232658080678,1.5620518820926885,3.3080146219255657
37.4,6.4144082417858135,6.465222421686304,1.5739399526150948,3.3230460239493436
37.5,6.25918849426562,6.3064063758599636,1.606090271453726,3.2286108406211316
37.6,6.194341119648779,6.234520887988122,1.4317619900574605,3.0092902780718465
37.7,6.10792383428281,6.145989894246036,1.1624655645633295,2.968079991514574
37.8,6.276763122068465,6.317340132118322,1.4032100023122789,3.9069388875788955
37.9,6.199458466903773,6.244170074602556,1.5110119604574492,3.531802590594763
38.0,6.15625124846217,6.19520097125194,1.409646878447828,3.467563644082142
38.1,6.121213465051448,6.1630072188028215,1.016740122829781,4.3319302405715865
38.2,5.969636238341388,6.012785529027749,1.1365432978284318,4.1691998133502715
38.3,6.029301837349087,6.062001516183997,1.0248917840588083,3.8349118840946628
38.4,5.903300975608723,5.937914709567656,1.0352924333568094,3.4381964570665757
38.5,5.908654058460755,5.945479201082018,1.1157113777856944,4.569934005452882
38.6,5.927451129544374,5.974619919481816,1.246702465294645,3.522957008558374
38.7,5.915990526217079,5.955427560142069,1.2122141485766829,3.9559279969970707
38.8,5.992985927593397,6.039536234282632,1.2809357121080007,2.91102976429825
38.9,6.088269125355729,6.1311809450039165,1.1135005692275255,3.1946139299205623
39.0,6.063788622676768,6.102044423056761,1.192612354436721,3.5606075467477316
39.1,5.949153668060138,5.984489285513535,1.4855111630921807,3.5248630648250026
39.2,6.076041236706859,6.118871450190914,1.2137791311486659,4.600983348815561
39.3,6.02182269485193,6.055932091071401,1.5004577588978785,4.2089791179186875
39.4,5.937042790431242,5.97791300177837,1.0641254436460064,4.862544736753728
39.5,5.978540838666797,6.019224003926034,1.0001296167939024,3.86243948686063
39.6,5.95851175877402,6.003901595216002,0.8059729772058172,5.063210442486057
39.7,5.936396628113997,5.979115123554616,1.0147621335323216,4.216689727713889
39.8,6.130744823331633,6.180084559238456,1.059565050972755,5.694884788511706
39.9,5.934270938624113,5.981306867097351,1.4558181726208141,5.438901364615379
40.0,6.03604193139283,6.08191976637037,1.6449091882273263,4.80247718519784
40.1,6.169735324307571,6.225518214855413,1.6763280536663505,4.670393392842678
40.2,6.200935237662129,6.2487241633645745,1.7130184566562006,5.592657767295603
40.3,6.230822241269983,6.273601597724566,1.8094687243447336,4.0826849118720085
40.4,6.280089701571918,6.324632598008856,1.5933937542276941,5.519815737569446
40.5,6.220359209910898,6.264682508439571,1.773461380341414,4.127430335640233
40.6,6.327148568471011,6.378220881404753,1.781611758351211,5.09243656365449
40.7,6.253348129053045,6.293807706495096,1.654154520295982,4.375378117956381
40.8,6.246109488194038,6.29548734589326,1.5458174855160365,2.620871584185863
40.9,6.210098271882911,6.262181284448722,1.34093274064061,3.2354600271380276
41.0,6.364244306412124,6.405485812484614,1.4555950807179288,4.495405320022243
41.1,6.267130313288744,6.300694550284001,1.6711359359025355,4.690845715041862
41.2,6.257592005075499,6.284726419353314,2.0567318999948485,4.740436745374648
41.3,6.313551549070628,6.3506149536187255,1.6314603358775497,4.619151713161595
41.4,6.254386582339355,6.290785763239515,1.6656904640998538,4.777863829879966
41.5,6.372831155644001,6.402919338894022,1.9813276383019727,3.912524766006152
41.6,6.349506400436042,6.390839250686192,1.5550577474913299,4.915333004088519
41.7,6.30865415454504,6.3436152327474264,1.97954102379379,4.944233104032948
41.8,6.403383034294402,6.44099018342982,1.6778952884305287,4.771369945398066
41.9,6.303391493640629,6.342763786809141,1.8021928990838527,5.02968926839956
42.0,6.4547599907137405,6.488983567492642,1.8602050372587302,4.628996444666091
42.1,6.519975960202774,6.566309265633743,1.869942290828017,4.05151945357131
42.2,6.627139657230965,6.671910612321612,1.3650304918135316,3.529613850688685
42.3,6.525108003577289,6.579930751556187,1.2100779735104719,4.706281059238657
42.4,6.3856182482292265,6.4333750068977,2.082753532986938,4.610297458231709
42.5,6.416599996314743,6.457504308925835,1.9085482366361401,5.425875928201644
42.6,6.6993047150908405,6.747739397490641,1.8211847851054042,4.429223731029073
42.7,6.462056410759681,6.500880464240876,1.6578086980672762,4.693884397319631
42.8,6.468392197357561,6.507866092023437,2.0400294716520118,4.926355963097154
42.9,6.499860019635687,6.539417146760864,2.1137918317325854,5.526847606578996
43.0,6.508063326497781,6.554093909371594,1.7204833317137211,5.300787102176756
43.1,6.445984541492164,6.486185747680491,2.2397708818855477,5.882396493147071
43.2,6.620852735877432,6.669037813044815,1.5437802893121801,4.996478551514679
43.3,6.525835698076361,6.575732869549895,1.809583661381312,6.2351115818314575
43.4,6.647906800536281,6.70278489262919,1.912522033143917,5.509915893241758
43.5,6.754517217462099,6.7995438485618305,2.1541745959361287,6.105636310033011
43.6,6.845539769539578,6.896865495957993,1.9404976775467342,5.6580295230025595
43.7,6.883050912610246,6.929455613009816,2.2513267462142137,5.257485543143658
43.8,6.9289632881661225,6.964574652699043,2.3706268466790323,5.618831018360826
43.9,6.766866748488754,6.812232178985259,1.91628487238627,5.620103559720864
44.0,6.590834032906816,6.636512094359071,1.8162442589735428,5.244930470090075
44.1,6.506059844342661,6.550374309219845,1.801580523577541,6.420754711741166
44.2,6.645963485174231,6.696198585195527,1.8038623992441067,5.538599746361756
44.3,6.5444412533574585,6.5883705974048965,2.052938580677707,5.4029491216396925
44.4,6.609973262940406,6.653319696123308,1.9025727362479343,5.026019904708162
44.5,6.64565179264151,6.694145455920405,1.7289756296959753,4.529491761344313
44.6,6.685101696540666,6.728916181542123,1.5326660325307737,4.196428820108139
44.7,6.445825736108926,6.486508671395174,1.6927743340470576,4.5318313004315245
44.8,6.63169921062729,6.671661949562309,1.7867179704258456,4.522272535196758
44.9,6.538940573043197,6.569943771822116,2.017541129032891,4.424978089037144
45.0,6.677760749858284,6.709229932447274,2.1451577861894466,4.774913881382814
45.1,6.744797493435172,6.783066186311201,2.301387794535586,4.692927523455432
45.2,6.710903688117407,6.738219903424292,2.387230311730206,5.282128368031216
45.3,6.59232770125772,6.622644639206081,2.193205191487329,4.752720081227264
45.4,6.719925387709499,6.743333541145936,2.2614150578251966,5.5172998250936764
45.5,6.996603290399299,7.0268427565140215,2.3442832854549884,4.503085151692787
45.6,6.999522720419409,7.0250629013576145,2.064555556122247,4.111380080548388
45.7,6.72426224829019,6.764561373219882,1.5726366403697885,3.7750670478139545
45.8,6.908162779534642,6.941118202842588,2.021810414717573,3.9630101933113293
45.9,7.074423242141991,7.113525758433172,2.160569846214277,3.789831945067972
46.0,7.080337721961364,7.106076487407,2.0245285313780443,5.109017530584168
46.1,6.91164406015352,6.9462002861591134,2.3708575523962305,6.088486100641122
46.2,7.090250921568942,7.128103954914497,2.321853260147633,4.3239633695677115
46.3,7.3376168479214465,7.372686893189702,2.373053356067806,4.628564714794103
46.4,7.147505843038993,7.179081551653926,2.566791455510066,3.686460360418135
46.5,7.268955031573806,7.301747685553282,2.4120938183362846,3.6095004950304097
46.6,7.214880614288057,7.244432540197118,2.5749993436087584,4.050071956117466
46.7,7.002846056758299,7.032540680471269,2.4117039100724664,3.914128655002098
46.8,7.056793888464883,7.094845922618818,2.319863562019403,5.009322371408311
46.9,6.969381354264944,7.001246778195189,2.4102083521803603,4.902118494684821
47.0,7.016518939812901,7.049786487676094,1.920927374414391,5.203044405928976
47.1,7.039192777118763,7.075311741035486,1.9402943447725876,3.806589641358024
47.2,7.023367038084132,7.05699207157721,1.6970164947929596,3.1849116938101885
47.3,7.182321331130185,7.220698299397103,1.7598104158237533,3.8330157390217092
47.4,7.057724615286407,7.0995561237289095,1.7792471344779688,4.875390539962851
47.5,7.019833943625784,7.060289707940208,1.688159547468344,4.871902073342804
47.6,7.272560807995201,7.31955763009885,1.847302607031148,5.032808400164949
47.7,7.22085967014504,7.2658832261746795,2.0704571725473824,5.19195667852754
47.8,7.472916196703595,7.517923944526342,2.0289182532130763,5.2616634758582705
47.9,7.52620372577426,7.567264778871938,2.190012725359372,4.803442709900859
48.0,7.533488833018201,7.56992626588713,2.108964962829653,3.6020702801704347
48.1,7.386856020886686,7.424194231151506,2.149228129758327,3.3032565316663307
48.2,7.3409587902972975,7.371160104401804,2.1160686837587206,4.302423199511103
48.3,7.290694885996684,7.318343057379452,2.3325029518067297,3.603836411279747
48.4,7.472948879829949,7.501539734038239,2.3348752397081634,3.618920623357196
48.5,7.543585118632568,7.582065389167258,2.22538586551817,4.399295235110956
48.6,7.294535123856107,7.329210982046972,2.518711266840027,4.251391659519727
48.7,7.225897797182564,7.246400017610167,2.3893433820372985,5.095963382665065
48.8,7.489504689404361,7.524889447993738,2.3507916111063696,4.8617182806837675
48.9,7.287467254470958,7.321742955928248,2.1157787459172397,4.0845485518481
49.0,7.099634877528972,7.139329217233844,2.045159936433562,4.897586405475748
49.1,7.015333219116575,7.057425305718549,2.11395778938472,3.6279853207221024
49.2,7.026855633376693,7.063176343405445,1.772476995055294,5.166528898524004
49.3,6.923959350519629,6.962012694534678,2.11331480770451,5.577424569100409
49.4,6.909352940399587,6.949356342613347,1.6175911716158016,4.667778224092318
49.5,6.8641312459166866,6.917771198402655,1.5378663551983838,4.738990245626317
49.6,7.114483929324583,7.161475204572643,1.398172591677401,4.661739369644007
49.7,7.02834683882569,7.072388477647997,1.9162655476970079,4.612853553633023
49.8,7.098753215783512,7.145316469834571,1.9166302110507882,4.105847429502734
49.9,7.02269566612106,7.079194465758378,1.9083302620897362,5.064876145034567
50.0,7.078202802495523,7.1228294741844795,1.7332535846605992,4.483150802830046
50.1,6.881337954104671,6.936155051093619,1.7847209296010085,3.771336276932268
50.2,7.106561058520196,7.16445570411694,1.4842961402678243,4.349032786484089
50.3,7.081949082115176,7.137426365199495,1.46774627012379,4.095084216477943
50.4,7.1399864506630175,7.192489623024878,1.3587896325973134,2.950209345504979
50.5,7.129621912635764,7.183778908636557,1.3027419311574628,3.682565904722504
50.6,6.991230007049232,7.046494874416898,1.2839071617310103,5.18064209798221
50.7,7.34012649899741,7.39273960029443,1.4544350090257352,5.479835220702972
50.8,6.954479991305756,7.009193861241831,1.326806323920742,5.41913714100542
50.9,7.023099694276047,7.075925438396538,1.274562004023267,4.238298792259411
51.0,7.170746374594646,7.221245878039289,1.3128451953654332,5.278762506337351
51.1,7.2468463590297825,7.289229283266737,1.543378806575915,6.245818124908927
51.2,7.207320399104146,7.265974466130924,1.5095638255205768,4.908852329235536
51.3,7.082992928245745,7.11857523876702,1.834393885539403,4.085835791603477
51.4,7.485247293700741,7.522630104678489,2.001231311276831,3.8369361038809524
51.5,7.5133092365880225,7.563176216045287,1.8763273094414523,5.045300120900255
51.6,7.5175819240612825,7.554493155525533,1.8045307754135478,4.637419733674942
51.7,7.48537410169745,7.530649344703992,1.9935293925924906,4.362751619943054
51.8,7.394966264394606,7.440101505363131,2.053375865789811,4.357272236376797
51.9,7.273799771498423,7.316013598288152,2.1842204527838005,5.259862576269775
52.0,7.333944712044296,7.370667791112054,1.9841351758282892,6.009935363631501
52.1,7.494374379670005,7.527591611054907,2.0187513162050563,5.04550735672685
52.2,7.414407772132553,7.445842510181194,1.9848474276336856,4.9268112983345675
52.3,7.393651782107033,7.438836831397514,1.8999740031446584,5.6116125547049105
52.4,7.2502275121988,7.290767168323568,1.9784480555475177,5.1139250319252385
52.5,7.539638703223406,7.573926118630455,2.092521770550082,4.271177985701974
52.6,7.307364048120255,7.344961886462434,2.104091965403334,3.3995758688694413
52.7,7.093060081684727,7.131429740222217,1.8002557113353883,4.076379785421553
52.8,7.201619550994626,7.23883236969977,2.2171998439136167,4.673520827583767
52.9,7.014939960713158,7.042854441659688,2.374750093508085,5.676906953158357
53.0,7.231462177198274,7.265232616527275,2.838530486532944,4.942067272265182
53.1,7.261988804371038,7.303772338681529,2.4428946043761566,4.33567838417216
53.2,7.349689537692398,7.393075908915703,1.945000029130575,4.50507779688283
53.3,7.452525103696545,7.4998837530694145,2.1155073390093064,5.312596885685169
53.4,7.2633729117365124,7.304608631515556,1.9738117292499036,5.413972839687494
53.5,7.245631267457194,7.292469872882852,2.290860778061465,4.536411565317566
53.6,7.3631954589377955,7.411457010370154,2.0669380104102255,4.11225118556722
53.7,7.58236364145395,7.6315995162786345,2.089615152471153,5.134441074185306
53.8,7.860510152525492,7.895813483716834,2.3772213057034777,5.0978764011141635
53.9,8.004147966738282,8.048472348801784,2.0990008862970724,4.091553846704544
54.0,7.7492623734375075,7.802434584691825,1.8054519357096792,4.678621574210573
54.1,7.744724035198804,7.791221657456356,1.7458766371626304,4.696080320519187
54.2,7.649018588133885,7.705986692315409,1.496566529448671,4.227388283279209
54.3,7.597943773605705,7.643592047886563,2.0334046943150277,4.063420096993789
54.4,7.4322485124129445,7.475408911948397,1.7313365890352743,3.8763211848827366
54.5,7.506824705683511,7.560749811575649,1.5395773918602456,4.259666781650505
54.6,7.5189348265758404,7.579156489138226,1.4934890966750076,4.11195553397831
54.7,7.208943597945688,7.268261715602177,1.5821892115505707,3.932103118845999
54.8,7.400468371230926,7.458060827466138,1.5312970619485775,4.660853616718834
54.9,7.42036527238371,7.4744334652255136,1.9234041208985144,3.784854260463664
55.0,7.601559773984938,7.660445053015523,1.6313894671204263,3.6074958088827436
55.1,7.79575113950719,7.846584877055545,1.7751964948316543,3.864587837109146
55.2,7.785405949029051,7.843244118238276,1.3450627604857421,4.401428441193082
55.3,7.458900345700575,7.512758107839372,1.5834251188521966,5.403370711738014
55.4,7.670548665391823,7.729848042893113,1.6688242115225402,4.40384160300037
55.5,7.753721047175639,7.804703277150068,2.053956564173687,3.960427197261339
55.6,7.952182044174354,8.017960333608118,1.8894842996609746,3.4755691652860112
55.7,8.362303641731629,8.422140227392326,1.8045580379546813,3.363447707465247
55.8,8.269181327889669,8.333049116548068,1.8097768241870533,3.696065063521211
55.9,8.341508066654084,8.395522310770668,1.600561322916966,4.093688004600653
56.0,8.416986359388183,8.466829120943622,2.0477961883656164,3.9849057472420446
56.1,8.864808959621843,8.908147407941522,2.1762895593121585,3.7695243954071334
56.2,8.823425938241392,8.869540543817042,1.9939026518952867,3.8248094209234313
56.3,9.005173220524865,9.04714138907332,2.3101948854603562,3.8121297858367424
56.4,8.794420567307828,8.841827699446936,2.449535440158019,4.281717452612145
56.5,9.062521527160882,9.111703959491354,2.4711354760978645,4.129450926011963
56.6,9.112570453404265,9.15470144209599,2.300845228193316,4.080203860160569
56.7,9.158144067732836,9.204503933745276,2.2204913291849713,4.181265170386081
56.8,8.910034644843131,8.959916448581778,1.992565920700969,4.1191421470996366
56.9,9.01694592705657,9.0602671919484,2.269378580240578,4.701746805948985
57.0,8.714547228321436,8.762846394129028,2.2210750520718037,4.782157890806615
57.1,8.544756534584709,8.592625628427351,2.115230976726748,3.7985930496814273
57.2,8.569679596611053,8.618631946417047,2.112997416293831,3.8579486304727775
57.3,8.536151894236758,8.590829378410385,1.9157085775005773,4.534117121859613
57.4,8.684494468196357,8.733627283226804,2.095735432986022,4.860074517337351
57.5,8.651348372463726,8.6986716100556,2.158781745292559,4.241994441212775
57.6,8.575093899211263,8.615919572348892,2.3163083117442484,4.375870875939131
57.7,8.583884025103867,8.621642531040138,2.04323408964802,4.20250567949363
57.8,8.935635218024034,8.973816260712821,2.3874855385827867,3.8199798880157663
57.9,9.2123722515946,9.244948119846542,2.277377365956689,3.3142292717370663
58.0,8.840343517220353,8.877942749939379,2.062167940661843,4.096189080241883
58.1,8.46909795624348,8.512854853486102,2.198844317166484,3.9514071586255097
58.2,8.638172491053265,8.66555294102174,2.561942592106887,3.693624928836792
58.3,8.833882177575989,8.8801775045722,2.326852890613406,2.814996595100302
58.4,8.89685962658065,8.941735071502007,2.5442481650171747,3.1618379012469116
58.5,8.51045753539883,8.559128054282269,2.1378248716639323,4.671063358958994
58.6,8.67913411076041,8.723229494794897,2.233493570986878,4.042037015923757
58.7,8.411377412029678,8.451767378317912,2.5798124905576936,2.6791370756850554
58.8,8.92397620621045,8.964213646593063,2.4057354720761213,4.010953536385177
58.9,8.307859520552084,8.347509839768373,2.130639422945741,3.061096449762385
59.0,8.386294404069057,8.434348036246327,2.148170036922435,4.282977580825247
59.1,8.545918502200541,8.590143195320579,2.209770207978126,5.434283072294816
59.2,8.509607727748318,8.541308828531276,2.4183734794768017,3.963817899388576
59.3,8.654794913146297,8.690211649421103,2.2213746614594867,4.3245821654999075
59.4,8.470534270500174,8.501427972121842,2.5991302253761766,5.70850135306003
59.5,8.645046689386128,8.687968858566332,2.6725864868319853,5.155733594957762
59.6,8.504538006170792,8.532941106150615,2.5362048704957694,3.218633292214154
59.7,8.49924589631986,8.536499626337076,2.574826353575061,5.54674818594455
59.8,8.371236573651437,8.40695325177834,2.386895226918726,4.019806475029601
59.9,8.245434784093813,8.280611545035665,2.3661551514456747,4.228311481359956
60.0,8.492718139135125,8.538399180826705,2.2294620466270705,5.168361304348962
60.1,8.347578324124878,8.383002310446114,2.3748095959523923,5.03393955855397
60.2,8.675126316854753,8.71893221168656,2.4255355597833064,3.7522030259714243
60.3,9.0151131524994,9.069723397822939,2.0193420224402887,5.015607115479262
60.4,9.027696480368146,9.077317468686411,2.181003600766712,5.539763480267555
60.5,9.313210933922893,9.353641057031673,2.7838861325395223,3.7356717832737165
60.6,9.127894340723532,9.171217479475501,2.1153743830509852,4.257866502560577
60.7,8.84800047124399,8.896152639562581,2.0568001894473533,3.1991986737901454
60.8,9.272029504606719,9.315172372970126,2.477601149536046,4.080753519226184
60.9,8.762318614209619,8.818344805811742,2.1652962752775995,3.355205879682637
61.0,9.041942924545904,9.090146177054576,2.4363076737764957,4.953586202894154
61.1,8.646152493718882,8.698197070225088,2.566808185116192,3.341915622051601
61.2,8.565591657326259,8.62078799446015,2.6066923738475514,2.8699911542056813
61.3,8.266209347176067,8.318480196180062,2.0076329938191106,3.6691354147783644
61.4,8.38233967739945,8.437589498992132,1.9860632465837291,2.9525073245439137
61.5,8.391839098687418,8.441323576750259,2.1695371172452282,4.03784804354196
61.6,8.11045091886899,8.157170878301953,2.417271157984569,4.29480824418087
61.7,8.124364250467673,8.166917222751337,2.3258797686360224,4.8263236721620135
61.8,8.265118367786874,8.310385581995366,2.325273325139928,5.19125729937392
61.9,7.933721826224658,7.968828039078555,2.5446761372857005,4.130182085716014
62.0,8.417637651684863,8.462227971882447,2.444193695574627,3.728509580653318
62.1,8.388122145646891,8.441962769339689,1.6572905352364198,4.2222733412948665
62.2,8.650947144471125,8.69240208912476,2.4639551775962163,5.084423751381089
62.3,8.481571520197019,8.524496679670674,2.2314635810951526,3.3698654320627335
62.4,8.514224353921852,8.563954497169652,2.2216240892852466,4.578285319469902
62.5,8.613712770537512,8.65204650159685,2.4366008961450976,4.840733296726024
62.6,8.888632929561247,8.926514186606283,2.4473807747749405,4.862422419254671
62.7,8.90521019207037,8.954395107436122,2.076907533116014,3.736884389966075
62.8,9.068622480811202,9.112791462263555,2.322962601076042,4.437554903740459
62.9,8.886306985123568,8.92991237998678,2.2676074077365715,4.8295868555056165
63.0,8.99419350988266,9.02779880407639,2.7687504970428494,4.031351768356952
63.1,8.723568709258123,8.7646471018833,2.2900423480682575,4.175343498789099
63.2,8.962215879104678,9.00236290726024,2.0760785012610645,3.9886657264501038
63.3,8.87693610427672,8.912943405639712,2.3232384864273437,4.6801599191162255
63.4,8.719014802446177,8.755971092830196,2.3328957867040905,4.418991736715693
63.5,8.723700108803042,8.76148977563188,2.195144512454137,4.728575826431471
63.6,8.524634746638897,8.559269526630972,2.2811167642933183,4.94000946020869
63.7,8.543642408338599,8.581665594331556,2.3520498444114346,4.495152020340275
63.8,8.343643266843717,8.380408800526308,2.5506786555201058,5.019140532404488
63.9,8.334372658332475,8.375377863796206,2.2647874468964426,4.633061041890962
64.0,8.128263830652102,8.161164298894574,2.5270830152791444,4.57693605722085
64.1,8.041138366902114,8.074013953530756,1.8683185696303226,4.178498776110425
64.2,8.399894265128793,8.434398419691867,2.294039981430611,4.632266332518596
64.3,8.529649406342225,8.550459217873334,2.416030949385355,3.639754006158122
64.4,8.526413952611325,8.557556001288273,2.2048802882721703,4.168588174036796
64.5,8.488400351657054,8.518847249945816,2.0246007363885297,3.54010927519688
64.6,8.545086498339966,8.569995803499557,2.374534537577593,3.9809948394989836
64.7,8.550190395799245,8.582918010858702,2.195848864331063,3.985754188003409
64.8,8.464987639789285,8.493924560346528,2.402388391461062,4.5548482729144935
64.9,8.459752896967398,8.499882007662277,2.279038599366027,4.139921950573664
65.0,8.685733052291464,8.721975288348938,2.1984982499546,4.256537901350312
65.1,8.63708427461856,8.674100599412409,2.1781689486578952,4.23592006542846
65.2,8.429483265200709,8.471039562712663,2.1243223784140017,4.219497646569608
65.3,8.266601036550394,8.305119855939424,1.9180594117747873,3.98063500147155
65.4,8.36596902534893,8.389922362523496,2.6559549113169942,4.453058006153792
65.5,8.240193120343482,8.269620910932517,2.241454624560927,4.114253983729893
65.6,8.268787356329907,8.301147314151128,2.4039447512411565,4.920766290192838
65.7,8.38090200119579,8.419394108632106,2.1923539095108016,4.005753803261592
65.8,8.302450705616483,8.337415338863895,2.197135801020994,4.344598680902299
65.9,8.119197294725058,8.150792357774366,1.9217329524687707,5.1031248527941235
66.0,8.116548563763029,8.147872919654471,2.2041674686021833,4.1435754454099145
66.1,8.223094522577105,8.251347817333993,2.0586719756441285,3.906274789763027
66.2,8.283532983723147,8.310902770321375,2.3570514220629013,4.490165147060924
66.3,8.250636591414652,8.292629825399208,1.8090106872173601,4.018047214647665
66.4,7.783614602909987,7.8105389239447485,2.2805623394780556,3.726005723534347
66.5,7.6608033443353625,7.686096292533536,2.1427285873763497,3.7479088977356216
66.6,7.77360997678201,7.808742510269084,2.0486626925213782,3.9524389378726745
66.7,8.044379979237357,8.06616966195915,2.163571720367935,3.7004065596761273
66.8,8.111302099841852,8.156971084596233,1.7621291065456834,2.9591904248221796
66.9,8.069845817467677,8.109628408873547,1.8122610867553086,3.3742069180290053
67.0,8.025200779018023,8.064791804857773,2.189139926405644,3.5624544870154016
67.1,8.1397445230077,8.183430737896304,1.9623961582784932,3.4492769323785817
67.2,8.389475493618246,8.426692834929838,1.8048084853242479,3.6811988749671256
67.3,8.221141252043909,8.257210979171383,1.9211249028616106,3.9174890206332984
67.4,8.087343475306438,8.125085409523601,1.9928681790257565,3.2159323318665893
67.5,7.93535270986758,7.981882178540505,1.9179416304294992,3.7125368542383703
67.6,8.104083995890054,8.143443337909824,2.2224069338907397,3.6722359072390676
67.7,7.798835632223655,7.837046291222027,1.946082728830804,3.77857416223599
67.8,8.097331823096132,8.1363622226287,2.248727024161673,3.633835837108004
67.9,7.92449354432811,7.967605333706828,1.900298019442391,3.9167940753251167
68.0,7.803672941770402,7.844199335459842,1.7001186638941608,3.437839466236371
68.1,7.982887303163666,8.032142559283656,1.8181532001505982,3.4710162607408983
68.2,7.815469790064074,7.861967918276238,1.6627338827693434,3.773131200953124
68.3,8.066755773269472,8.104570351342415,1.6962114382879634,3.9157984327645923
68.4,8.348133171473929,8.37613758194405,2.0294620291705465,3.19608407434889
68.5,8.08920398706721,8.1239476735268,1.7016574139793337,2.9079930369168037
68.6,7.928517798188092,7.96980018867938,1.8639878761735227,4.167062937622757
68.7,8.022175145962724,8.064736879497294,1.8536649057973305,5.121205102177726
68.8,7.890582542386279,7.921733241328657,2.06450742664857,4.293851610166463
68.9,7.938579325798432,7.981688134382268,2.026311765187634,5.459571463099018
69.0,7.985425417393439,8.029936526248532,1.9402436432601105,4.54998727391088
69.1,7.981560814708564,8.034835949220035,1.6037017864300034,3.758424266845358
69.2,8.030274688265967,8.082425942618617,2.286983388225327,4.897212163048577
69.3,7.988811519184606,8.025038977506977,2.4107679364768146,3.7187366967694655
69.4,8.170493378882911,8.211028474305278,2.7047728622101626,4.120523043345487
69.5,8.096635999722617,8.141390841982783,2.507172437768505,5.265806460475196
69.6,8.154207449136011,8.196458264641363,2.5340595884163224,5.6297721452836615
69.7,7.877854454982491,7.9188484225521,2.4003005272593625,4.870121312615927
69.8,7.676697481793123,7.726277993507438,2.0337657439096994,4.916847262683455
69.9,7.723267065653703,7.768755628059425,2.0784931242574705,5.098504146604512
70.0,7.994219289059404,8.04171393644664,2.247599359658139,4.628878127124373
70.1,8.228343508226946,8.275218779342508,2.2063871841516005,4.669352489164521
70.2,8.36642613959776,8.41120009662614,2.5154013427956743,4.437387321783529
70.3,8.38152625609746,8.428365689606748,2.5985744256219445,4.213558833239231
70.4,8.441881911384307,8.482072197041667,2.4744188477802855,3.3309841394272333
70.5,8.681794154434213,8.727994027595642,2.3281784846662066,3.208606994070942
70.6,8.738896455815421,8.767209276780866,2.8131628234216066,3.0240204499034453
70.7,8.57972036092079,8.621096058812592,2.4678993214401217,3.413786414323651
70.8,8.772882412004162,8.812825488444254,2.4737134946701596,2.961183249256805
70.9,8.519685261095072,8.568234639811784,2.212711666037698,3.7732606545076046
71.0,8.617003074650286,8.656103151989072,2.4065885467609984,3.1513393906385625
71.1,8.879595999056521,8.920217634672996,2.1888801167761547,3.6501701942260976
71.2,8.964431978730852,9.005321974837289,2.195838364800009,4.816072085982016
71.3,8.990471872177185,9.03888422840485,2.050418126720382,5.1394995263933065
71.4,9.26800619643938,9.313551324590431,2.170218805081714,4.386158177316565
71.5,9.0441536003094,9.08847464574756,2.1703467719059315,3.724044051734006
71.6,9.015730262685274,9.064048356029897,2.0243159771022876,4.855558137637618
71.7,8.817944546037117,8.85760659536991,2.203555777204617,5.713182629290299
71.8,8.46695396371949,8.51127933717624,1.8220061473152873,3.824459547778453
71.9,8.553661280488644,8.593676280540786,2.0266798867484646,3.8712664955351577
72.0,8.663419450314306,8.70899531460027,1.8133370194178005,3.494386219612294
72.1,8.710935401819462,8.75790128978058,2.1368436720436073,2.876053823453184
72.2,8.618740883822912,8.665499628138473,1.9033166199158063,2.467202457273188
72.3,8.74570270356513,8.789857185426037,2.206826744159906,3.558668599094449
72.4,8.462318153082679,8.509561062380111,2.026773400631575,3.7878683399432167
72.5,8.779165604968288,8.821931473071507,2.1046507784539448,3.077578101174173
72.6,8.85020385297555,8.891485823415367,2.1971989330996204,2.855572806063973
72.7,8.957168862159545,9.007487148275263,2.1703600903044085,2.7227849697751636
72.8,8.857604651342282,8.895977062553465,2.2507596331531277,3.31106605818603
72.9,9.269162238303855,9.302063385260864,2.258348278269296,3.7358971361950135
73.0,8.80331017151928,8.83753405046398,2.1801364327440362,3.4518295260626024
73.1,8.708059266745236,8.757748766117746,1.8399717365603734,4.612010169278054
73.2,8.825339488642548,8.869758986467952,1.8938456238885795,5.81706910935571
73.3,8.843957783291692,8.891237548999769,1.6991610890665014,4.990785312405391
73.4,9.244244148571667,9.29416589676342,1.9300295450390645,4.630674162784891
73.5,9.06863502569798,9.115916541540352,1.8020029731817806,4.249575215447096
73.6,9.057799534585083,9.10176575962981,1.8663339479062708,4.172703299444086
73.7,9.10711110298254,9.15158348910298,1.8849863705523804,5.393043399413975
73.8,9.127855414676649,9.175050913260705,1.7132155461168688,3.5326894384402716
73.9,9.0021277768669,9.04532093933528,2.001064344341718,3.7529029110223684
74.0,9.297803257433191,9.338456950326055,2.3116907614914117,3.3696897510143233
74.1,9.185085088647172,9.227996292819855,2.109367737589516,3.743055345104081
74.2,9.031042667080852,9.068411250683049,1.8971716932782838,2.354968980753678
74.3,9.07667018631973,9.12212453775943,1.8369820368605818,3.9841048855533376
74.4,9.526687606734583,9.587537351993747,1.5291095049285317,3.783360085880576
74.5,9.358186226405879,9.40702188281503,1.9318560489959313,2.9213167727778533
74.6,9.783696745589546,9.838305556876012,1.7908397610764961,4.363637906369593
74.7,9.750589074621223,9.802731827040809,1.7111311105889422,4.06091528141962
74.8,9.632620115263991,9.681130577695022,1.9775823479570118,3.9649550310514945
74.9,9.640486721570175,9.68361033542407,1.9298825229513976,5.195177241184151
75.0,9.342179796720712,9.387539084186413,2.0639844167910395,3.1977053710210264
75.1,9.538008457309338,9.588056735973712,1.7595066580197307,3.6838031258148933
75.2,9.457456655428214,9.502603622659949,1.9201044283667061,4.192800119210723
75.3,9.172477859356098,9.213952424302647,2.019771277020272,4.002812717742576
75.4,9.339150648194138,9.385886359919153,2.025534025936597,4.0600325163364595
75.5,9.14880415642777,9.191529446743202,2.0953528170569355,4.554698876508846
75.6,9.555255250739616,9.611945872729127,1.722694922643185,4.471494039971806
75.7,9.374172498367784,9.423275142802568,1.981982446125354,3.44833068922215
75.8,9.202674976493087,9.248482871977437,1.7415191372009946,5.441773623324317
75.9,9.174006135874082,9.224388400323106,1.772520220321881,4.065501878155031
76.0,9.281849095209404,9.321002396628423,1.9143569220530032,3.9000656210513918
76.1,8.976104059910838,9.02352403187372,1.9073562849868815,4.536378832415058
76.2,9.04385382581762,9.076483281081218,2.3429615109797375,3.776323207420235
76.3,9.033891805586036,9.077622691498616,2.1699947268109314,4.249857492726742
76.4,9.424892714769191,9.47086041411727,2.174212526910549,4.986098342292174
76.5,9.230571018130131,9.28270627999762,1.9370758849619405,4.872512658446442
76.6,9.483205166461126,9.532755628568752,1.9707566610639644,4.185181304143604
76.7,9.30638935350368,9.361141162114016,1.9262583251794663,5.0857653792049
76.8,9.677156526007307,9.735513520666562,1.9829505910938587,4.261044240086655
76.9,9.378315601994839,9.432954724273552,2.172527901323722,4.708264826346676
77.0,9.311448646331252,9.361908576536925,2.0650467219086464,3.1721568527708253
77.1,9.218272775581253,9.274945347699921,2.036844130932726,3.0023163772370456
77.2,9.0005642668726,9.047378076218186,2.139276894770208,4.043077483552311
77.3,9.296900759948388,9.341227251252326,2.307530118377203,3.9740577929377423
77.4,9.400396993887627,9.458943849888295,2.226412017903717,5.29769605793673
77.5,9.205026840573103,9.25042397408994,2.2520086495697083,3.703276204005127
77.6,9.347997970484869,9.400418810193985,2.2797170849636132,4.321325747711475
77.7,9.478460948467022,9.527808864119587,2.4463159338130422,4.712287015221503
77.8,9.665364180400077,9.714991669406814,2.6619416072194877,5.325689805581476
77.9,9.8440014189849,9.889262830816067,2.5308369065967917,3.840978516059011
78.0,9.366795040901899,9.421031876641948,1.840284640170298,4.917228429270646
78.1,9.60645723432797,9.653160819161828,2.3733573751515564,3.3131762363613855
78.2,9.746757388078926,9.791079946793037,2.1769368297682474,4.231292739204077
78.3,9.865201198237658,9.914730993570409,2.0812901969476063,5.4584201917231585
78.4,10.074490406333029,10.125333371664302,2.46344396908161,5.712755265932875
78.5,9.899191854879092,9.952831386795838,2.0146743317619684,3.223802834522826
78.6,9.907548957259085,9.965185698986788,1.9562434922341556,4.205239403173628
78.7,9.839245648059084,9.89014310531734,2.0870326761402893,4.764997341338913
78.8,9.851508094265807,9.902703914238122,2.2988066992167515,5.23272938778729
78.9,9.728171254237628,9.77590086840235,2.2823772503827424,4.922370248253483
79.0,10.04352359637458,10.093363351667204,2.44995711711096,2.615139306006245
79.1,9.686759251620648,9.736595989238257,2.1731792270817403,4.0191286911216295
79.2,9.844298939562938,9.904546020059303,1.718736755047158,4.239726570727118
79.3,9.445687453497563,9.499929411338533,2.0447581169566518,4.409083325984967
79.4,9.48995279339152,9.53659396304083,2.2035225702881585,4.639246392071581
79.5,9.457796469900808,9.509363541123006,1.9232910312345,4.03540279258505
79.6,9.413628575264356,9.468920689055626,1.9689412865190619,4.682056293381302
79.7,9.214407217414829,9.274319430375895,1.6864532926867382,6.353758705802211
79.8,9.272622232087633,9.33133832861831,1.9232645468929,3.460832320689335
79.9,9.389290686913364,9.440453215886302,2.02172638562495,4.140123499273906
80.0,9.545131187340726,9.583950463629707,2.148596443324281,5.155911287190129
80.1,9.17902715295873,9.218667206769975,2.3018567021875684,4.473371738711646
80.2,9.161616246844492,9.20417407724464,2.4353294211581855,3.8263020792702047
80.3,9.455587728864176,9.500539971154247,2.344606561051965,4.89798828525423
80.4,9.629780094655754,9.673500868257982,2.395991327576493,4.699510695389464
80.5,9.5775422258835,9.616916234582819,2.884531457474388,3.4538559817886134
80.6,9.578215903436607,9.614863415860803,2.9130674991868664,4.710893922313071
80.7,9.615515067592504,9.643550575191314,3.2609311532372294,4.5592138742472805
80.8,9.398888324080708,9.443944294566656,2.336942626543355,3.974809086022154
80.9,9.778239141200862,9.809595813636845,3.1102959783944204,4.780108819009468
81.0,10.000584095864237,10.036746494933833,2.9767165297557874,4.409114226038962
81.1,9.527870419906026,9.56801686272798,2.6403193840634827,3.9574512948588096
81.2,9.44701074700937,9.488500453004766,2.4910726948616393,4.602357419449213
81.3,9.588508264270066,9.62397474526242,2.924829035527177,3.5955223874240407
81.4,9.543652168257069,9.588218830880516,2.3398056554009194,3.233301860762136
81.5,9.600633011300935,9.641673102367085,2.297765620461992,5.082996123663498
81.6,9.60285336482982,9.646230542592148,2.335988626356093,3.4000614266148923
81.7,9.63628760596343,9.691895511134389,1.758985228620699,4.544431171489806
81.8,9.435800002235814,9.489082427590981,1.6812105584088808,4.361444290009458
81.9,9.436786952193986,9.48840176767384,1.9708381149658638,3.28649358713355
82.0,9.616650673393776,9.668599180692773,1.5618971242020576,4.693373942649883
82.1,9.531023341029108,9.581315028309572,1.65039334441504,4.678154587522339
82.2,9.685658334362856,9.727548813889268,2.1792689234308487,4.784466752557137
82.3,10.179084954517162,10.23649869648783,2.0400361124022486,4.4918464226583925
82.4,10.073208965013384,10.129870126022194,2.2659293226593613,4.197410958797473
82.5,9.92863389743887,9.97636822450816,2.274281649495776,4.618971088721035
82.6,9.826269527364634,9.876369370361322,2.006396037603335,3.5196391265600013
82.7,9.692364890149598,9.742450454235716,1.9396121463313238,4.007766029433031
82.8,9.585999979986187,9.632520739469054,2.151699308889381,4.045159784378477
82.9,9.922524439699986,9.975071476121064,1.7453450785173412,4.241305980137002
83.0,9.78070996820922,9.84113024675313,1.7214120588016126,4.023160159232391
83.1,9.753120784779085,9.816906607592044,1.5679048910222146,4.234850998702987
83.2,10.046724048739183,10.108910057486675,1.8081796934870729,3.4183996634662766
83.3,10.156681339081702,10.213736358030788,1.819795465571052,3.9912358538146
83.4,9.940284914376523,9.989002832959507,2.148777238042535,4.514255145331812
83.5,10.016753094883223,10.077649606622245,1.7852364920264823,4.119779377120213
83.6,10.160622459337073,10.222018775165745,1.9295141494672534,3.9717420916811577
83.7,10.140178109032183,10.196584107776797,1.8004648692654248,3.7288099150448204
83.8,10.428545488154382,10.488952097481524,2.107808654503486,3.87941923110242
83.9,10.252022932808778,10.31614590675012,1.716802065738898,3.49839746580403
84.0,9.929866177259592,9.991421927601664,1.6763428625502141,3.256352210992407
84.1,10.069956065342883,10.127142966828744,2.28423573771345,3.5377076331438095
84.2,9.770984745856847,9.832717609947583,1.9461636563016107,4.253151798158675
84.3,9.93757693229653,9.99402030469499,2.1921422442957845,5.609884173185871
84.4,9.776892648888817,9.837323863426196,2.0153557783172182,5.257721207157989
84.5,9.670962409424622,9.737979953601414,1.7478199142722415,4.3539062698330975
84.6,9.833021354868189,9.888539628133406,2.17480895898323,4.509973536472786
84.7,9.672570551814344,9.733128161855914,2.0771207736061195,3.7916256722981196
84.8,9.752814063858487,9.815175130541482,2.020381242137803,3.2556690284298675
84.9,9.76139963368515,9.82422347504152,2.0337189948064447,3.500902173641158
85.0,9.810187200712726,9.874523882558636,2.173446656077745,2.8016671029349456
85.1,9.595414251092395,9.652263773384826,2.3667609212901826,3.1664688517782857
85.2,9.7671823389738,9.814323637241726,2.2399060914203752,3.886717337193136
85.3,9.89869990502133,9.950291242473073,2.196301559742966,3.704933266001866
85.4,10.030287413057675,10.080107192602535,2.1097080840914364,4.936970818848109
85.5,9.704943939772797,9.757333667918756,2.0182635182089483,4.295225127020347
85.6,9.598657743327616,9.653022092885422,1.8678394596957055,4.403900247207392
85.7,9.757555337056463,9.813112637668997,1.6798684818437664,5.159448987558288
85.8,9.309848426229788,9.364207213455181,1.826855166032108,4.666894398161263
85.9,9.525864089531803,9.575107955785631,1.8614958318048485,3.5199229279315563
86.0,9.629484821447035,9.677646506619013,2.145033522949492,4.128626441418527
86.1,9.379351867966179,9.433105669436934,2.1014419198917476,4.535257591385329
86.2,9.338426980802614,9.397772767807382,1.8810961710465122,3.8070680930984953
86.3,9.503736488095463,9.555291019500105,2.078435464717017,4.649898667313093
86.4,9.340789788146761,9.395797126798877,1.8919724922033496,4.7715089384667415
86.5,9.244227354996882,9.30086037912686,2.0156405488954934,3.3324159322496683
86.6,9.398378035512978,9.45556890265893,1.6435295477826013,3.502803122747393
86.7,9.562090558068723,9.62427968310612,1.8796362238610465,4.340502095086619
86.8,9.714553155900958,9.776478113151878,1.6881623343556098,2.978132926039702
86.9,9.344777791690404,9.398298623500736,1.9974668266497353,3.6304693229669747
87.0,9.348175041222273,9.406008888762805,2.174584327263205,3.812535390928009
87.1,9.723400653709168,9.777545430054333,2.318167092013049,3.8224883019809495
87.2,9.814869642146109,9.874553013097405,2.2524051521385826,4.163477120006571
87.3,9.776843202035138,9.831704282220885,1.8540774274045155,3.7551619697513887
87.4,9.938107259560764,9.98480781344255,2.107321768562238,4.108436374879205
87.5,9.83587883426969,9.886499212930946,2.0645560585888902,3.917991232330102
87.6,9.67787545543046,9.738115078522412,1.8319835259951043,4.142965110958417
87.7,9.925226034164828,9.976344029784567,2.0418152987056875,4.374767688625596
87.8,9.680278826677528,9.728888495098202,2.112131192001581,4.08462340747507
87.9,9.610231678814314,9.66229714114162,1.959602160258951,4.769545235209484
88.0,9.723392845880964,9.779297699947525,1.7250194664708374,4.019434024955063
88.1,9.697873665372866,9.754998311485496,2.0898865899346517,4.043051517887817
88.2,9.612384433023827,9.668051120874063,1.9401878389143306,4.570337459587226
88.3,9.558362430691998,9.608113801759682,2.3900047866962835,4.575753789135925
88.4,9.09797728562964,9.149707315280406,1.9479797230761078,4.497468021026184
88.5,9.615205477859647,9.664856599009754,2.199476881342481,4.063379203726864
88.6,9.565189690387403,9.619801265627393,1.969162954970694,4.410145676511168
88.7,9.68481886445233,9.735273294722456,2.1567773145521407,4.227236938562334
88.8,9.452836962643486,9.499144540821066,2.2022430075534705,4.237240435255919
88.9,9.576840514372421,9.629848662472027,1.8663158727212312,4.5100998189579595
89.0,9.557305542209612,9.605380289763366,1.9506859309396405,4.507112454026207
89.1,9.665454459740833,9.720322940121221,1.9264427140607299,4.644426313190696
89.2,9.828450737098246,9.889279085905185,1.5446616208956776,4.515993966645872
89.3,9.517079078284391,9.574888514220834,1.5524528910546538,4.406202118630015
89.4,9.26923435307207,9.318108422182446,1.8634123366897244,4.392624934928746
89.5,8.947261696045512,9.001205071204906,1.7312368309917718,4.650232376355646
89.6,9.031994332573772,9.073752044275762,2.1706895893302662,4.382400798063195
89.7,9.203150998776515,9.241475814083662,2.0993782953815785,4.357065145504653
89.8,8.982822601346745,9.016469624891227,1.8956006635915303,4.62734932276229
89.9,8.607137127437598,8.656007624770579,1.9384583162731976,4.555868081916503
90.0,8.58513662146807,8.624240587395764,1.9993758293610413,4.67971361073943
90.1,8.93680942040065,8.980277390515866,2.0528137396778976,4.578956949025687
90.2,8.817037242223943,8.865672481119542,2.309285984922747,4.876321521865804
90.3,8.755213205130294,8.804580494725986,1.9132263447504128,4.928813813963344
90.4,8.879201431588458,8.922854564134349,2.0165950489047026,4.54702772669763
90.5,8.973117726914042,9.016044092649722,1.9141427333110386,4.43488234718684
90.6,9.129992358884849,9.168604241764736,2.009747591382278,4.718052314396275
90.7,8.939035355327805,8.985428051458355,2.025746949473074,5.190130956035206
90.8,8.98992049532241,9.037856000031999,1.82032750914757,4.668099023062291
90.9,8.845794150483862,8.886194884094852,1.9818539371614896,4.374421892438242
91.0,8.864244203532126,8.903550985882228,2.030059700753609,4.716661332394835
91.1,8.957146576946263,8.99986885071583,1.9434858648718467,4.616459951707133
91.2,9.01613437310244,9.06646873648763,1.6795402607875622,4.5899596365782225
91.3,9.120718686914849,9.164524470539412,2.1251885422485937,4.642573517306889
91.4,9.138706243250251,9.188246541611111,1.9389590997236477,4.545013445707537
91.5,9.278447130191482,9.326267133695792,1.8309194964736788,4.077099730212144
91.6,9.182017890422332,9.236018360821898,1.7529977287743512,4.169725623298184
91.7,9.091463925733116,9.130449706271595,1.9888162506892324,4.785514479163532
91.8,8.989779137786869,9.04414087842471,1.7724160010509225,4.538921947548
91.9,8.81048871957999,8.85688044576422,1.854000174857945,4.840614981347925
92.0,9.015591591486965,9.06352582659599,1.9202522306498468,4.18253110779437
92.1,9.358925900711684,9.407410622827753,1.7744325616365786,4.362169502241511
92.2,9.121538475012033,9.178531093836906,1.6778504179525942,4.336344435785733
92.3,9.180773226450588,9.233498309511502,1.582500581087753,4.7381067463098345
92.4,8.937744409933993,8.99422273313269,1.865484414869962,4.534252606653596
92.5,8.961474850702295,9.01472390314702,1.5725183713691089,4.317194007963056
92.6,9.047769669990425,9.104644944643931,1.6376285978187894,4.662587966187785
92.7,9.191570142532905,9.250674595133132,1.6353656760194566,4.342143558316591
92.8,9.393975064200019,9.442010398926683,1.6573153571011874,4.3667663676429385
92.9,9.201114478187804,9.247966474988267,1.6013983685617077,4.601679076964115
93.0,8.994299288428309,9.045360432822557,1.7071351744075243,4.462789026523452
93.1,9.217220277866277,9.27095906955563,1.6657012284118196,4.6106385560779755
93.2,9.14615960194997,9.194111869385651,1.5583948364631632,3.9073509804614557
93.3,9.38386768111074,9.43444819246174,1.4552375135074989,4.21630073121312
93.4,9.31098276495728,9.36579350250016,1.6197014252183721,4.338427443805903
93.5,9.251806327526833,9.313011270469186,1.5405385069370328,4.357916823786359
93.6,9.076678838851192,9.138022635022315,1.5301920593482556,4.158496551753402
93.7,9.244485241512455,9.298940290443701,1.752623347247553,4.428508962735662
93.8,9.086575200112819,9.141768756098756,1.7049557737596241,4.005272536553825
93.9,9.103081169434258,9.157463639558019,1.6324772084286658,3.908043335927494
94.0,8.869516338255506,8.920829972391582,1.8771106003227223,3.987768647720489
94.1,8.877812702991964,8.925266553442691,1.869195257425234,4.311895515982429
94.2,8.697996685560549,8.739557150156116,1.960070339756761,4.477335382267956
94.3,8.7658290226269,8.813857897423823,1.759492037669145,4.388576795133471
94.4,8.929221708060975,8.972821043943517,1.5983043194334123,4.7469456919456
94.5,8.903750649448495,8.946773052889245,1.7980384656253197,4.62068582371735
94.6,8.70134779692148,8.740616310603308,1.79992017359262,4.2772824894985035
94.7,8.677804609896466,8.711379685629852,1.5788934319481218,4.118031123619619
94.8,8.641493463377564,8.673907116252435,1.964017134700493,4.107851477869865
94.9,9.038514146641964,9.089494075651574,1.646171432243796,4.533043884177865
95.0,9.12175048357045,9.16523085148652,1.6911823866276132,4.392574096082827
95.1,8.830181249307035,8.863514574171841,1.8370961193634245,4.820179149930978
95.2,9.192349372050904,9.235211694733227,1.610157493182011,4.506832116911685
95.3,9.058157363412928,9.104029870750262,1.4226890563052426,4.88453540099752
95.4,9.124865151475824,9.171821780747937,1.6388729011818017,4.639080652319684
95.5,9.262744567542235,9.30818798923067,1.4761811286605129,4.683961544467322
95.6,9.308786165104664,9.355082827562919,1.4584629037101582,4.63666105071465
95.7,9.225674801033062,9.273436922303834,1.4352920288557918,4.482758548151175
95.8,9.168867372708899,9.214428045454838,1.403123991609324,4.344399029978882
95.9,9.354556949026025,9.405124066012487,1.446585108881808,4.412371089771052
96.0,9.086608110730308,9.124837393003347,1.4634428975576081,4.721620238234809
96.1,9.311044434116152,9.353757093159064,1.4449433147582846,4.541072445769417
96.2,8.720167792092273,8.76594890626188,1.4685675512770364,4.5492250439176285
96.3,8.686029120930904,8.723416451403445,1.8697991551109419,4.3189610142470976
96.4,8.90703592599308,8.94993447038483,1.749278330731115,4.743491434820649
96.5,8.858704876720319,8.899186266679301,1.9786286972103626,4.607616480846129
96.6,8.953143833495977,8.997457096509812,1.8509236773945241,4.231718067898656
96.7,8.946463742960542,8.994230822200954,1.6454649083787571,4.6245257755940345
96.8,9.162797515186549,9.214491652449777,1.525139399764291,4.5381174783089975
96.9,9.236932190932793,9.284777412530106,1.5408061064104475,4.575561989412568
97.0,9.170493741195644,9.22187902067099,1.1609305223312278,4.696749426388981
97.1,9.262829144665652,9.315610340644488,1.2849281167218736,4.305715589317314
97.2,9.111286002832852,9.163438538569123,1.5081664151849645,4.607191961717237
97.3,9.181782396540989,9.230052002921324,1.6993665861136893,4.277550318079787
97.4,9.021227212601643,9.069669020201607,1.8325501394667159,4.443747853384531
97.5,9.096245845132922,9.142470944173839,2.1078957539403835,4.431460667056975
97.6,9.288760372693831,9.326729361878908,2.0401458865695203,4.500107472292803
97.7,9.456555140477334,9.503082057372213,2.0184349870581406,4.604262459623523
97.8,9.407337067065722,9.444443511471471,1.8974563230062842,4.553875586893457
97.9,9.103018115131013,9.13907377866671,2.2256201344797883,4.499163442382884
98.0,9.25405685259562,9.294419034875082,2.0054232351123478,4.464211377857987
98.1,8.837238719560697,8.881390880701042,2.0422109042824066,4.591737849103184
98.2,8.943224400578051,8.976182690423919,2.060235866691034,4.356283598957557
98.3,8.988522458073499,9.021201575858836,1.954311541220414,4.492203137019139
98.4,9.094415712427358,9.124501129379192,2.1902594582507953,4.641164524352176
98.5,9.007316761875183,9.043662297314848,2.1669692923876056,4.600053996747232
98.6,8.605720207222307,8.643059123944633,1.8808781305835054,4.695747510027285
98.7,8.76696446686605,8.801626377138884,2.1223412548305074,4.542608081015266
98.8,8.67374782280652,8.705453807924068,2.248089965187682,4.433969165224844
98.9,8.810155516540824,8.847907056878615,1.9801211277221868,4.267710641833664
99.0,9.159928108530968,9.202885697007678,2.174190374792204,4.149733791086536
99.1,9.133812244114425,9.172425476089657,2.2113648309190963,3.779490607796078
99.2,9.194935476365103,9.229491739150776,2.3511989393388086,4.012608185422847
99.3,9.139016978087858,9.179597930534571,2.1684359119632775,4.671575005180999
99.4,9.31077100222464,9.34778980686057,2.1644918564761437,4.628307155220612
99.5,9.215128972983972,9.25522720189651,2.111627993222993,4.322284306785893
99.6,9.309319911435445,9.342468205651775,2.264176372742644,4.379579874772772
99.7,9.039801620539556,9.079221196528184,1.8501792513484543,4.293023979349888
99.8,9.155467971523427,9.205078567337743,1.9784872699737523,4.612135936534413
99.9,9.347016886566044,9.391919891935741,2.1491142030361705,5.230554825967528
100.0,9.090701420885813,9.144110748192862,1.8503614644963182,4.636646533264047
100.1,8.954729365830998,9.004660434545084,2.0124891096537154,4.806679018637459
100.2,9.050191439089797,9.104424165335665,1.8165701108449674,4.633985445274017
100.3,9.311270407703889,9.361317374269628,1.733307532945239,4.997072934401869
100.4,9.110996054371215,9.15581806584693,1.9704473739504662,4.740264637173178
100.5,8.864002500131473,8.916517830801698,2.070966022803146,5.010657677726338
100.6,8.970113893887966,9.021040960663916,1.9600441999181708,4.517445646802935
100.7,8.926389583435757,8.976785882539344,1.9922440246312487,5.263541880117649
100.8,9.014221907110471,9.059734466454662,2.1363276745718536,4.706527901296782
100.9,9.169225772221631,9.222380172358365,1.7853570218950332,4.7103374204821575
101.0,9.136545398103278,9.187050756819476,1.746378444181476,4.475267706372883
101.1,9.49730484067256,9.55805993954693,1.5500983808828397,4.814995938126719
101.2,9.111273667521019,9.16602525801847,1.4195052817781795,4.556970001876691
101.3,9.132823141357356,9.187920393927973,1.8715273100087024,4.493004579876628
101.4,9.217921847898342,9.267601415073473,1.855640400681684,4.6705034449064815
101.5,9.159200225257134,9.202103650356758,2.054210319871382,5.352127942392819
101.6,9.40913481140477,9.451131474082915,2.435082606933911,4.241460505886049
101.7,9.29695607362918,9.342705898661988,2.2100284895190287,4.859505279712455
101.8,9.033215410645035,9.085088955536673,1.9858318601173062,4.4099449193651745
101.9,9.09986466155688,9.143069991644255,2.357372891736305,4.941761979064375
102.0,8.664327296429862,8.710653493804756,1.9592895684456282,4.944799729754436
102.1,8.285867448295734,8.32900720416704,2.2622599300894852,3.206885215584447
102.2,8.089667746671791,8.124744154175298,2.3126882681424314,2.829071541008072
102.3,8.416847550721647,8.463420385428794,1.7548668187718004,3.4698192819258518
102.4,7.90267556578914,7.948257633300341,1.8884719087312798,4.163270243001627
102.5,8.177213581675078,8.212689890348251,1.9218764030067323,4.170434202909496
102.6,7.846168829597544,7.893315128838217,1.7931378838199332,3.750119995351203
102.7,8.05442165107479,8.100168162345978,1.7409473017046717,3.9018777811742327
102.8,7.8409811735778785,7.876855807819953,2.2034411222876087,3.8664611328290523
102.9,7.969392938486365,8.00090125446467,1.849022656226598,4.518940750588834
103.0,7.880679201222002,7.920532095680426,2.330548915160667,4.264470935487914
103.1,7.984857545954546,8.018064062767897,2.537956215742428,4.228430740959911
103.2,7.8774976291076975,7.918135345942081,2.226316812947404,4.421699428903056
103.3,8.03160248551504,8.072088755335702,1.8323241445855991,4.250064246798379
103.4,8.273751104355462,8.314025523288608,2.272021927371178,4.575725289153329
103.5,8.40929129365951,8.44999763981583,2.1982116500231914,4.776680532275395
103.6,8.435413454224772,8.474491181569112,2.18827272925804,4.688792772727392
103.7,8.41006483927784,8.450302010882975,2.215135528394709,4.714879172316465
103.8,8.59741331777319,8.633460713706027,2.1617175617905713,4.265721827033679
103.9,8.649164741926002,8.689114460442692,2.3598072936618286,4.352940158466978
104.0,8.713697266708127,8.754742691875283,2.110497147807695,4.512389938555928
104.1,8.975411161764226,9.024341044028407,2.0320806714151995,4.7742459253858245
104.2,8.610469629854473,8.65153659835872,1.9961113572512226,4.612328519324764
104.3,8.601208928093092,8.642042100301461,1.927718923196589,4.62600539696241
104.4,8.28442258883755,8.326471967369168,1.9263371541776004,4.6699824345444725
104.5,8.61989905334572,8.662655300829726,2.0634718862760795,4.79765544244622
104.6,8.356035049229373,8.392447222817076,2.041567882245343,4.623433039170977
104.7,8.460892123770977,8.498731880348732,2.1788860157615826,4.417157339885802
104.8,8.457174708802242,8.503712782593325,2.112204120155981,4.313356108377238
104.9,8.39513753557282,8.43853696298064,2.0926735764699735,4.7366912631059535
105.0,8.736793303902495,8.772039395739746,2.153868119866277,4.582621845810865
105.1,8.869003258907805,8.916497229243841,2.0458903545498384,4.320568475962381
105.2,9.122031533273361,9.167347154341863,2.355943507915292,4.118393556858295
105.3,8.91991040330423,8.965758306767917,2.446013953183797,4.340352719513674
105.4,8.845120395349749,8.88611228206221,1.8971056378153723,4.405426186606505
105.5,8.764670511452353,8.804369939141381,2.0443594148928725,4.4917419322509025
105.6,8.97913957261979,9.021062992557718,2.066737524324366,4.320465267899196
105.7,8.839670635029004,8.875582067167919,2.030281329501373,4.557621382849526
105.8,8.93274448246368,8.978536777677078,2.227963827278962,4.033463948122093
105.9,8.874542231540014,8.923620617783891,2.162806571251334,4.337818218433888
106.0,8.660728785288706,8.70225686937958,2.1406617822656715,4.595686309793697
106.1,8.68868585681385,8.727510435756368,2.205362781654926,4.624105067788907
106.2,9.006991685670668,9.053103358489562,2.0382419912426912,4.72187757999276
106.3,8.996108425410466,9.03888000540254,2.021056007309923,3.6963601738391403
106.4,9.012743755020919,9.056210935380175,2.0839759066064456,3.8106637417314717
106.5,8.68418735318701,8.728004609341593,2.1202424813687797,4.408971757463132
106.6,8.76316534946537,8.806500311646369,2.088226539120702,4.1758566116498255
106.7,8.717033268072964,8.755287607844092,2.122528597618233,4.054907058386523
106.8,8.68632288796364,8.724838410507298,2.276275971856585,3.8440120232877497
106.9,8.768493915717286,8.808471650434567,2.240264618133557,4.315191771865886
107.0,8.679735881656093,8.716686858428652,2.1328993364935616,4.27712975031903
107.1,8.55415741692653,8.582971435131574,2.167794575428985,4.282235146950979
107.2,8.73129374156673,8.768302028273327,2.1539031575294634,3.6626052842468013
107.3,8.42536978026705,8.470840004586865,2.0429800564504084,4.179221342634747
107.4,8.3646897615721,8.410347432020293,1.8438147558276565,4.404091336659683
107.5,8.524930408385117,8.564275254374978,1.8154285171767537,4.428177390921896
107.6,8.332076290019877,8.367657724674803,2.0296952587526467,4.527400543673825
107.7,8.59416705624702,8.63248625179154,2.07932941979531,4.913532829720713
107.8,8.271763597099715,8.303254908813026,2.2614958788857233,4.361604433838528
107.9,8.336222157586885,8.363975126478524,2.2230330029614698,4.7036752890101985
108.0,8.260689368380566,8.289650038601724,2.0534883693525874,4.620112191592015
108.1,8.62471019768221,8.658940025891575,2.042261369142589,4.696410746021
108.2,8.011136687288765,8.048958866789137,1.9736015526315611,4.667447227145362
108.3,8.352939183278792,8.387440363508585,2.2188012973679463,4.336659741926134
108.4,8.533389829330337,8.56853728654511,2.1510595933468966,4.423255345276954
108.5,8.63638471625271,8.666385880478103,2.030914987403611,4.4623143069310105
108.6,8.25368413538036,8.281358520721918,2.1700032988809643,4.798509291340101
108.7,8.413620756297329,8.44075366342213,2.03506355046669,4.800796921507469
108.8,8.501824667023497,8.543617890095511,1.8112987784200167,4.634566088259487
108.9,8.71171661863581,8.754913145741947,1.8597363284870967,4.577335151432978
109.0,8.51046412139571,8.54467056153859,1.8932591255105053,4.585854164773288
109.1,8.315886075921629,8.339178388882537,1.9897247496858432,4.570874630597968
109.2,8.29096585216384,8.317665856205066,2.087896856209758,4.590176254594959
109.3,8.505794357855713,8.539423766211874,1.7789206744905883,4.723199232397615
109.4,8.557567676240602,8.59188306462455,2.0387540170488063,4.640425879610679
109.5,8.724139871814772,8.754471747218037,2.1159730995481834,4.40071601054764
109.6,8.660999260264148,8.69634214463474,1.9302755674309346,4.424827408956961
109.7,8.833859300446033,8.867264572244993,1.951016139962186,4.471256181742821
109.8,8.59626546454565,8.62829296557671,1.9746038957773993,4.397278420011097
109.9,8.473650826790967,8.506197628196706,1.9183685082445185,4.538517743352882
110.0,8.455690657540107,8.49169869297085,1.8814358641185223,4.706520421489285
110.1,8.772608157503992,8.809879868665085,1.856115137382953,4.5557320291869345
110.2,8.385702780179017,8.431112169368134,1.9882495151008417,4.737137127446629
110.3,8.324550262229735,8.369932545519731,1.8683385925446727,4.3180805149813075
110.4,8.234744896972941,8.271561606701548,1.9117931317525534,4.311694041535489
110.5,8.541391312254172,8.581591197905572,2.0285613422887345,4.613762771753863
110.6,8.189009124073172,8.230475992756961,1.642643904873267,4.645311980477355
110.7,8.250077302914333,8.29012187898749,1.5731243933276617,4.627057906901554
110.8,8.142657216458366,8.181713761773478,1.6684575299714974,4.374016291861119
110.9,8.14381317476877,8.183471495627467,1.5576540468187996,4.3962180787324465
111.0,8.096395352590067,8.142260722216202,1.468631182509311,4.145001970974365
111.1,8.499648955995104,8.539724897076301,1.8427463661170864,3.7653556064988067
111.2,8.184952557224388,8.225102583340572,1.7780721496958138,4.43541261741274
111.3,8.046863692851026,8.079453408485342,1.7984690495789146,4.545892379938794
111.4,8.171055912372296,8.204893480130645,1.790207923689183,4.499401412448349
111.5,7.928092721138699,7.968365269305229,1.6133514794632826,4.7805035796783875
111.6,7.880717082108756,7.920452888429079,1.8286739534971947,4.310677340530328
111.7,8.226268932467532,8.258556416567938,2.1982246586304797,4.540739990013449
111.8,8.246418692381823,8.280117962662278,1.9488186419727491,4.497368087195077
111.9,8.210932468589405,8.252747297349618,1.789753565826613,4.604156722009977
112.0,8.222854459864374,8.266516560235322,1.6932271752018255,4.721385734021473
112.1,8.298824541794385,8.33099456213779,1.8568606826204506,4.283425628729324
112.2,8.352946764102198,8.399226373879866,1.7086235880565428,4.205392982418096
112.3,8.487180244307016,8.519392885218547,2.0632353344781587,4.415944015985824
112.4,8.431780828092771,8.469988847977374,2.064912426928652,4.831964094833062
112.5,7.9932921023265235,8.033976178478918,1.5925120708226959,4.0498892466931835
112.6,8.348829202675951,8.388935275956714,1.8775100834653735,3.68272625654801
112.7,8.522302553116301,8.559442150353338,1.8396849705897858,3.6787927961984668
112.8,8.493664307023472,8.532085227089404,1.9205932439622713,3.630512863060657
112.9,8.236480721907881,8.272548993528792,2.1318706888462344,4.315128819150652
113.0,8.364969242996324,8.393891196853687,2.2838218954010725,3.944609076976022
113.1,8.415673559487503,8.453381535708102,2.3838464021783814,4.824832760284686
113.2,8.489947578059336,8.53466505440544,2.205205243373312,4.487861016817172
113.3,8.53160733444579,8.569996689867494,2.221356299854502,4.32828824437201
113.4,8.66453829438331,8.706432212020847,2.3082410493899244,4.2177483914284775
113.5,8.651536648541228,8.688782872263603,2.354174264048191,4.186561184741569
113.6,8.785877501087027,8.82109900350076,2.291194525580271,3.992450032446392
113.7,8.60039706460031,8.639356833561255,2.1776696158236994,4.482689148120995
113.8,8.453406458691722,8.489667546969107,2.1591932455794773,5.075209875785894
113.9,8.658687644857377,8.697480220737894,2.11220929984941,4.937456934512506
114.0,8.659185653127677,8.692725821152958,2.1649029577984997,4.813333232026727
114.1,8.953498927648631,8.986509156046644,2.225587251124933,4.840037500524964
114.2,8.83696291501243,8.876396481817862,2.3400522674906927,4.547080821979752
114.3,8.659243264823035,8.694165682552903,2.5013326574867336,3.767230757590445
114.4,8.721833734797627,8.753864748042506,2.2333672915411413,4.1322457796460155
114.5,8.821723095064668,8.859000793742846,2.0425554572882234,4.5191433327547434
114.6,8.5629797574281,8.600931261375136,2.2095126546618533,4.344453554489895
114.7,9.078306864706109,9.106791600010299,2.379178870841171,4.540409459949771
114.8,8.97004723931563,9.00465207614662,2.107218128571253,4.24826551762452
114.9,8.866805806114396,8.904654170963006,2.223521988502922,4.509944846361666
115.0,8.984660347201778,9.025603460348469,2.198799322481021,4.301885270343651
115.1,8.947202949934827,8.987738216480645,2.329624331817351,5.335126617574318
115.2,8.955220865819129,8.99901232920344,2.0941115737715834,4.6939593957094665
115.3,8.916203737931554,8.955713178263247,2.266502859715162,5.486766362858423
115.4,8.920361246015144,8.968999569620923,2.145141894153002,4.983256461189949
115.5,9.022905919371007,9.07333614111693,2.2707361427313537,4.9388881003839
115.6,9.17537022543597,9.216027723888018,2.2117911488650708,5.664309006281781
115.7,9.000057946382137,9.035954792783077,2.4535366363312843,6.063636671597974
115.8,8.914733240831119,8.961194443414126,2.1840655078984565,5.971030243462156
115.9,8.918291595193946,8.965286347100935,2.062045310789001,6.41328766518639
116.0,8.935232682451298,8.980930946373341,2.1300553924146,5.611295734277941
116.1,8.940446500914389,8.978876355135082,2.5000999375693365,5.520797790495125
116.2,8.992135196417747,9.028403016444617,2.3484948293595056,5.674174322816049
116.3,9.031559820841231,9.074669039209242,2.2654575309174505,5.644972201149536
116.4,8.92740142482145,8.968186930296087,2.31770806743803,5.430608235353485
116.5,8.676757879930797,8.729130381559361,1.947947746759693,5.387825355279237
116.6,8.830300276927806,8.879823054518287,1.969658618550783,5.85168473240242
116.7,8.99300782978364,9.034668334012052,2.1611045589700306,5.124806075147897
116.8,8.814017921228551,8.850796846620142,2.118085673339916,5.611440515170404
116.9,9.00273749036398,9.030286599140675,2.3567075940015316,5.384987261170977
117.0,8.818583610596365,8.860577703859178,1.9940741131124715,5.476832240472777
117.1,8.611572001599642,8.651619633988593,1.9038402929090243,5.633202954936312
117.2,8.917730206707992,8.958410514030778,1.9284601789540132,5.27886259315632
117.3,8.668540996681175,8.706472603740123,2.115793392931611,5.3030828762895625
117.4,8.709036586961505,8.7536633877938,2.313687561382888,4.730034887738188
117.5,8.810072990045686,8.850033351631591,2.378696792622004,4.018150704503068
117.6,9.040810757253414,9.08540646675133,2.273661896132987,4.239902775971589
117.7,8.819016616991616,8.859248026531038,2.260914581016931,4.270123212379002
117.8,8.662155851499138,8.698294204698266,2.3167927020393053,4.955604202187412
117.9,8.620239640125604,8.663446605262356,1.881699445783898,4.785186601439662
118.0,8.609425748836516,8.652118262676911,2.0827541328677905,5.2041636809249745
118.1,9.00324805655109,9.053867039494104,2.2500171634399524,4.96206183359853
118.2,9.026981067774171,9.075352332216072,2.2484492544927908,4.719075956746325
118.3,8.81010760315409,8.850585239277432,2.0136424051754473,3.510675891480013
118.4,8.772509092953467,8.809526101734091,2.4228442042552456,3.551804377786807
118.5,9.053136825259905,9.090375167695985,2.3276319206761684,4.135853915286074
118.6,9.144392075369757,9.184725405049521,2.193150701089861,4.224142493828408
118.7,8.893156654358666,8.926535445865479,2.1570775725023417,5.301332740781181
118.8,8.702375137979583,8.74046569936899,2.086270493370853,4.119693696607919
118.9,8.57115654108806,8.612524156322188,2.1527692971564525,4.31158729023986
119.0,8.614103724449066,8.64915037036197,2.0592590256084886,4.08369428746575
119.1,8.764109203846361,8.80585128221264,1.8665961646386409,3.697150159941294
119.2,8.981480617046111,9.02867095466314,1.8680735407500726,4.333621234090101
119.3,9.065267476405456,9.115520564724722,1.9628090093647679,3.675410628589666
119.4,8.954772952571709,8.995688202707676,2.114040528840713,3.028423889033529
119.5,8.792484065043828,8.843480373829998,2.016824208771334,3.5216147028568225
119.6,8.77619422464375,8.82452122783612,1.7486790504245082,3.9902980166018445
119.7,8.910499434042007,8.95179181314034,1.839773004832569,4.924078953428976
119.8,8.784825464408408,8.818517173421954,2.075472971987535,4.591600990206811
119.9,8.845546923026415,8.887157680756411,1.9827982881977224,4.200971915644858
120.0,8.696583608360918,8.733337848174129,1.8277567444338172,4.465072909255145
120.1,8.594002003755422,8.630960832385544,2.0080762731590793,4.581310098147951
120.2,8.70910460326214,8.753034979903441,1.8799876334078605,5.0298014469129
120.3,8.735067882569789,8.774330461558412,1.7907363222219317,4.649152490364626
120.4,8.878926197279192,8.920106026909536,2.0810379100008074,5.034248712208831
120.5,8.978624253560987,9.021646056333967,2.03147787587908,4.97340523271905
120.6,9.029106315901489,9.065084447066765,2.292438536509067,5.017909116309573
120.7,9.235815684191156,9.27516148511904,2.068537948104588,3.088902512357764
120.8,9.473250695879168,9.51719862858398,2.037835660264651,4.317911133491083
120.9,9.333116751933463,9.381020201098789,2.0297725363688652,4.638080534249864
121.0,9.49134367407645,9.54175459951952,2.01355815779472,4.144935811058873
121.1,9.751405537137213,9.80456485419375,2.037089816227367,5.532579353927365
121.2,9.41886037599381,9.463605725559004,2.0680223044027386,4.402367924970923
121.3,9.15316088886293,9.204669003449725,1.9743324652920138,4.01467350087678
121.4,9.165221162450624,9.21758847957468,2.022881005951999,2.9942054593483665
121.5,8.968654057430674,9.022691858894676,1.9542615813132818,4.903388703358457
121.6,8.797238659537328,8.838810678736634,2.1692405491996385,4.403549127944869
121.7,9.190624144909355,9.240054277861402,1.8224440359086977,4.165989322669992
121.8,8.960373249359066,9.004392024395035,1.8589472229908162,3.1741344064483212
121.9,8.722787216702281,8.770911272406794,1.906663446643672,4.500588398190019
122.0,8.92519207526454,8.975779399968363,1.861888477480177,4.060087058385936
122.1,8.659756427133255,8.717179538442785,1.6175332179804562,3.0896323943340613
122.2,9.112183233542028,9.152815649044053,2.0290666523419985,3.2228844774968652
122.3,8.934344768848346,8.98301364523674,2.0100930424263908,4.035600520874054
122.4,9.08943210389958,9.142528166866406,1.9195039152530216,3.539130070794851
122.5,9.039150454792171,9.099193580639055,1.7717271031102595,4.8664956238277775
122.6,9.013898495399415,9.076584262852615,1.905379582584172,4.820299036318565
122.7,8.73171823959255,8.78110589448503,1.6980422520845082,5.141773058592789
122.8,8.742863689555737,8.79431599166631,1.9356886210481674,4.43064046747919
122.9,9.162764193276024,9.213952501723663,1.7308600803762857,4.661455051250636
123.0,8.917624272506286,8.960640180332513,2.1276107232844232,5.264479847961691
123.1,9.14189279620498,9.187498367854893,2.1687513833703584,4.705034342308588
123.2,8.895147470277891,8.944351107668863,2.018965640078365,4.612432534761632
123.3,8.755467889122082,8.808105097228601,1.601404626002473,4.47749687976418
123.4,9.037699485191547,9.085312061065759,1.8275286796177375,5.139826262752343
123.5,8.954124026546458,9.008012989702374,2.0838461825990056,3.6280581344535316
123.6,8.850032677646405,8.906932339679093,1.9059584144804695,3.5353661673380743
123.7,8.908853046876384,8.966211850164772,1.8190089563633005,4.59754777759307
123.8,8.829537481365609,8.891591928266427,1.8572766035567665,4.549891011052966
123.9,8.932639507732445,8.986705823351368,1.9461531173837907,4.657203042328602
124.0,8.641229580846876,8.69307309850781,1.923029593421053,5.413351660348549
124.1,8.532333627602554,8.587110898652973,1.8951332191177268,3.98553362596272
124.2,8.877962902404999,8.931982870920868,1.792401280279167,3.413577604119148
124.3,9.082343235260858,9.136770523986955,1.986679582252915,5.068102718040837
124.4,8.955717346882833,9.006607053506757,2.3640677760877162,5.140918384883328
124.5,9.01959731486128,9.072646041415707,1.8984862686379325,5.1487710618188345
124.6,8.961650619081565,9.016420229858998,1.6415170456056227,5.434073089461777
124.7,9.046562196670726,9.096424532685406,1.642028858216198,4.558713848666099
124.8,9.266854073783533,9.31726332432831,1.768901241131795,4.227408635734964
124.9,9.054461365800568,9.098190300764204,1.9574001520798932,3.8891581330039853
125.0,9.270880050957672,9.31587562541374,2.026700375582597,3.723062087690021
125.1,9.255532478205097,9.30704190249607,1.7594914216503605,4.140519370536068
125.2,9.251460373225433,9.3025579505299,1.8140181075337756,4.812166621003707
125.3,9.072506100098863,9.128351522320528,1.7992762313477735,3.5846005248881787
125.4,8.952618972257241,9.00716928252524,1.6631283788222777,3.2765042146914674
125.5,9.13492701555021,9.188027861164263,1.7102501254035718,3.690179203841321
125.6,8.6829524553526,8.734972416221057,1.3601945565188884,4.957309825001722
125.7,9.119623318956858,9.169873626030606,1.9640414814058995,4.062125005157853
125.8,8.897862844500487,8.949640587109414,1.8430004419819084,4.8026572300324935
125.9,8.697902010648914,8.74233565906849,1.7673236532288787,3.5774564331607177
126.0,8.745420944882458,8.795382313879932,1.701670775967122,3.750435437764769
126.1,8.566494879109273,8.612817542691579,1.6891414667513922,4.265500530760741
126.2,8.826718439010998,8.873381805876495,1.8811695619307327,3.47830811883864
126.3,8.798534980970901,8.850903548793774,1.6407598619299577,3.6713279458137515
126.4,8.77567093111524,8.82569531709058,1.7909244683666325,4.224690144945748
126.5,9.360066101070661,9.409321351777727,1.8143026416101882,4.279426286747955
126.6,9.155876662486728,9.201582991096643,1.7442005560432752,4.540297313752857
126.7,9.041301223189857,9.089022777652294,2.062114768819601,5.8248858103601835
126.8,9.295582958517008,9.346506706676424,2.224882102227382,5.05981271942744
126.9,9.070743100901499,9.117856078448513,2.023074810759227,3.574904597984851
127.0,9.291984792924294,9.337168548070114,1.7940008152788791,2.975842520804489
127.1,8.894314363045384,8.943256599500858,1.9321221914255255,3.201920361033951
127.2,9.003373702169979,9.047334864543657,1.9867336034318415,4.260906385933309
127.3,9.117074291953106,9.165455901212884,2.043571862382716,4.059820349198083
127.4,8.873344449759177,8.923544085823197,2.1854000750777436,3.3102081981025306
127.5,9.016775871071744,9.071437604227102,1.990676162726056,3.720507372126171
127.6,9.019952342258714,9.06757162162395,2.0803607891875915,4.523463985372851
127.7,8.742274951166541,8.800799780322535,1.8719360590822434,3.9404072945465107
127.8,8.798008387418518,8.85007887702727,1.9157072712519072,4.520876650267488
127.9,8.770266118267259,8.816038252053056,2.027174618994421,5.05328055894422
128.0,8.74100135837813,8.791283789744377,1.6348346137139511,4.1358965533386
128.1,8.954952997822295,9.001245034402844,1.8294741885324768,2.419022102094336
128.2,8.950667113995214,8.99121534573293,1.9750623906804248,3.1047731869730137
128.3,8.600046708264866,8.63160955280369,1.953413333163898,3.6508201006462135
128.4,8.431777880419196,8.473923440740302,1.8196203113770444,3.2861215008514884
128.5,8.759859443678973,8.81076109825033,1.8858035112373863,3.9797657321842834
128.6,8.83348679603978,8.882343318394831,1.9024155960056688,3.936007768845012
128.7,8.88546427781546,8.932486352584135,2.0266348922782855,3.329187870382716
128.8,8.810050512079254,8.85586117869516,1.8075152697956025,3.144893832095042
128.9,8.792590098057236,8.83230997826242,2.1670890523545685,4.734400115344112
129.0,8.841029790032156,8.890264373503713,2.0365467648630067,4.978274812582556
129.1,8.957827094667168,8.998474641466345,2.114504594166242,4.6086029550244145
129.2,9.044192819166156,9.086150510716976,1.9244730267261652,4.040353119524735
129.3,8.848987625015065,8.896216678355973,1.8172517061178568,4.014679451278201
129.4,8.725181065286003,8.769590402010541,1.8668705869017246,4.3968424729036
129.5,8.905932491463629,8.953638866006914,1.5943963093755804,5.10701855336765
129.6,8.861309920800071,8.908459462076776,1.7703472602572892,4.216295365372183
129.7,8.752823306211887,8.805767631983366,1.7046700056366983,4.836396215161139
129.8,8.89662836061773,8.945876966395094,1.6748492768303198,5.7829475063073765
129.9,8.585803641848386,8.637611075156572,1.5287924322171176,5.690628459588852
130.0,8.809809238965268,8.852428656721434,1.6884757554888041,5.350770320594986
130.1,8.973343638016255,9.021392461375696,1.9978319017477628,5.413145856020391
130.2,8.886608765453918,8.933102106133273,2.0093980653933166,4.756749532494238
130.3,8.838152509758846,8.886542022983951,2.11048784755493,4.83049434006194
130.4,9.041918452718818,9.085021551210257,1.9182795062327804,4.498105113459644
130.5,9.057055230613706,9.106007358495486,1.865906398432519,4.569023175693203
130.6,9.21193188343858,9.259006278817296,2.128237487751245,4.026952769137038
130.7,8.977069852452505,9.025028249388782,2.098190834038285,4.357134889928411
130.8,9.192460218890838,9.244999436118318,1.8466349724200397,3.3250853261368403
130.9,9.118308223698286,9.166819543617608,1.8944190905457035,4.517768699880276
131.0,8.933303563411096,8.990901261597989,1.7779123857675632,4.752375767574956
131.1,8.957558099651939,9.008821933674632,1.958009472073462,4.634629321452355
131.2,8.848209074152678,8.90057416754307,1.88385733111975,4.366404805231546
131.3,8.881377116931693,8.932608733189156,1.8902691647487602,3.901843864365732
131.4,9.348952584414558,9.40094357334218,1.9279967407754142,3.8666889168708045
131.5,9.044198397171437,9.088833947480444,2.0495870192951227,3.700767136368389
131.6,8.930395495519708,8.982093920521537,1.916640023379106,3.960187016238119
131.7,8.946710505644278,8.997248561814342,1.9206007674437218,4.585684838499238
131.8,8.961877315517633,9.008579057312922,1.9977308376575604,4.0303075857010615
131.9,8.922045729051765,8.978253575327527,1.9545720661718335,4.695692921873418
132.0,9.008535197227989,9.063358877684603,2.01055468120821,4.120344329435646
132.1,8.92978030066528,8.979722041385962,1.866841996961332,4.326651024098287
132.2,8.96658096047485,9.018636553205626,2.0971260066168678,5.444243315188141
132.3,9.317147525173919,9.369804711795767,2.4827283581657946,5.727519145343142
132.4,9.163450041493798,9.224101435826773,1.8788597108424163,3.7726724275866066
132.5,9.126091802337102,9.182550816968577,1.9010406162787046,4.467161306635263
132.6,9.105981705078783,9.161120535076503,1.9359604172216838,4.632811423408038
132.7,9.083922298778981,9.130957716265904,1.916343605376029,5.993496309336891
132.8,9.008165567370243,9.055465238360638,2.055836903625965,4.410975671085467
132.9,9.216169941673197,9.264880159417553,2.086609349094323,3.6909588658177803
133.0,9.31108046728325,9.362032182068962,1.7848199028305358,4.088837330216722
133.1,9.076849610682697,9.130490823717174,1.837349678338125,3.354873034998809
133.2,8.937423365864934,8.994655979379402,1.739024524886834,3.1430965274307407
133.3,8.941461927372034,9.00156872289644,1.7146716803921955,4.614808860802739
133.4,9.089242008945776,9.14557778009028,1.9556886077639457,3.803677851838067
133.5,8.947865179194354,9.009924257041165,1.6519237959757938,3.597358495136126
133.6,8.989861280303046,9.048870952939536,1.8726769215999943,4.170874084634199
133.7,8.860182013637868,8.924643575010641,1.7426854007309356,4.105940585658908
133.8,9.062496745528723,9.124720023139362,1.682396003910758,3.6040754911474813
133.9,9.084252892410085,9.142073263509932,1.8071848941066162,4.331295010222182
134.0,8.99952284264162,9.047742173946832,1.7714833816423434,4.185759094499785
134.1,8.991955183168688,9.04037189541155,1.6752578100267932,4.467847548099268
134.2,8.833462237350012,8.881990597668851,1.9051262000887412,4.398748012201053
134.3,9.07381798744392,9.117962926023399,1.889947932730516,3.8646810279748975
134.4,9.150640564188233,9.198216245095704,2.0264850927210714,2.997119535125388
134.5,9.069778149120111,9.123379175443326,1.8550950424375916,4.184724250724024
134.6,9.103212089703078,9.162288843127422,1.7555900439683354,3.521326468890277
134.7,9.016498754843168,9.06968405614249,1.8976340762427926,4.402781501657868
134.8,8.838932778805352,8.89195902722483,1.8780525109493555,5.1644525342055285
134.9,8.925000673185453,8.980643369941207,2.0438905572494006,4.750321297851772
135.0,8.985079873604171,9.041058682767632,1.973890146352541,4.276718208923824
135.1,9.215126690419526,9.27410150763647,1.8582318537739324,5.610740923777825
135.2,9.05771387491884,9.114962583780816,1.892958615254929,4.394672673095602
135.3,9.023474661006501,9.076038373496052,1.9575476879772382,4.629416736807356
135.4,8.855583550326813,8.914856338869082,1.8045040718060985,4.678544786784592
135.5,9.058332764754907,9.10793168609239,1.9730961674144454,4.926513925273135
135.6,8.92622029601946,8.978648171737927,1.9265613925023573,4.24241707942399
135.7,9.027147280119944,9.078986934760485,1.8771829920898178,3.2986922419227223
135.8,8.84982674700143,8.901563502402205,1.8853359258051048,5.208816291588608
135.9,8.671720300867312,8.721050469021423,1.9437018594267141,4.892381014282207
136.0,8.954395702768524,9.010561124955252,1.9428610409982707,5.109630326350434
136.1,9.095700795895148,9.151839747936764,2.0053173614096593,5.483524192799744
136.2,8.98855895240683,9.045746164768197,1.9366591509771887,5.549482683760639
136.3,9.188400326517707,9.245759843892769,1.9513263691737033,5.4759793069792995
136.4,9.136780240013954,9.191308321486598,1.9702150280387993,5.64950334390803
136.5,9.01621722818138,9.066516180341322,1.870359809248909,5.1422008814459055
136.6,9.01243206745062,9.060890799364552,1.888632501390738,5.210087854999692
136.7,9.041516178196078,9.095453414416886,2.0052252568063453,5.686159868250164
136.8,9.207040538109505,9.261002210785884,1.8847617530580163,5.931374267861068
136.9,9.16317470869683,9.2181566963195,1.8687788001995533,5.92099594378911
137.0,9.143512681842054,9.20122530459505,1.8150972217279866,4.1396614857425975
137.1,9.154074461064926,9.200656271138795,1.887296614157261,4.860288570006902
137.2,9.35537360444198,9.415648417655646,1.7894520865707102,5.2507547707452975
137.3,8.924801868789947,8.978783790195935,1.9931689096028642,5.160370541270739
137.4,8.888822538563995,8.940263369660789,1.8714192699566952,4.96113472161003
137.5,8.670378738371637,8.722237731255639,1.7765966149468144,4.516202400468996
137.6,8.680693224073213,8.73386377921184,1.8251623619706672,3.3721425388129633
137.7,8.662837236404924,8.714645568297842,2.092827244461824,3.920391207518653
137.8,8.539924997677854,8.586513534634188,1.852505835470085,3.9004727488830566
137.9,8.753627702548362,8.803323313034301,1.819062454149303,4.936221086387612
138.0,8.791073014226296,8.845101362704504,1.8757371668657536,4.78694378680569
138.1,8.624337527828603,8.67734530922075,1.7809820544274189,4.848120013100268
138.2,8.91584657278111,8.97070096678789,1.82821984471202,4.158771800450053
138.3,8.638159148260502,8.684362225950352,1.8158446098725944,5.673421178690956
138.4,8.734165614668731,8.786590020921135,2.0422529997264807,6.071181215177236
138.5,9.09040315665207,9.142592494186268,1.9929080648315574,5.528923191545976
138.6,8.974752594399359,9.028032465731982,1.8261816642156778,5.253426149925738
138.7,8.692690322235112,8.745082287379518,1.7086444291055238,5.131727785074349
138.8,8.736894999732858,8.794765556109805,1.6753461993041627,5.405924704537152
138.9,8.75568791601703,8.817014996876448,1.6393787648881568,3.992930579145791
139.0,8.81742122723606,8.880170941332198,1.5367129613850554,4.96761074116694
139.1,8.656178038362615,8.72002630192518,1.5578866148513089,4.793083922086041
139.2,8.892523492283383,8.957109054628251,1.5466920580044878,4.380381581912101
139.3,9.320670279803425,9.383973810269026,1.536725798720318,4.909823501547803
139.4,9.107928902770086,9.173884296015085,1.76034938792338,4.422895476977809
139.5,9.058056700776847,9.118388366074187,1.6153819670598863,5.045279254374808
139.6,9.031894852504763,9.088223262741806,1.6881343952324979,5.2379522164490275
139.7,8.776777573690946,8.835746900834526,1.5779440516164325,4.788138076234391
139.8,8.593185642607896,8.64926087150263,2.003893919479712,4.552395633719128
139.9,8.414217064837056,8.470692612185278,1.6983829842677873,4.59931381699991
140.0,8.114666324471306,8.167747744959572,1.724756704107526,5.0025065008642295
140.1,8.26241353165568,8.32146905942187,1.543592040889869,4.5681117396219
140.2,8.596032676173847,8.655522757610726,1.6360564290562782,4.113530248996311
140.3,8.449382990439961,8.505023528305996,1.7199185940314152,4.473178053359789
140.4,8.822741033182943,8.883626325992035,1.612318390184514,4.306682716998381
140.5,8.621445288708372,8.67938424975772,1.8542742663270426,4.6190382484823855
140.6,8.467999235221706,8.523151753432401,1.9027478933680149,4.562792961584973
140.7,8.877563881802626,8.936795721169748,1.6759582801924515,4.539303423743337
140.8,8.672951653214884,8.723363657275131,1.5905060250226746,3.631161608062385
140.9,9.087483252609244,9.14335310091251,1.5857281222045787,4.427491387581946
141.0,9.185906957190378,9.23849760845298,1.9701277984772407,4.239052276061732
141.1,9.179077318052466,9.229324193365935,1.835597017780815,4.18622520465578
141.2,9.063854444508236,9.118799360811476,1.7423609394351327,4.694224836075572
141.3,8.939129133528843,8.994451746955995,1.6016666681989618,4.780947910132613
141.4,8.907121611483108,8.953610195044362,1.5819225376059756,5.187804265725924
141.5,8.921316687893107,8.976626840311617,1.7970699663467398,4.264245753224313
141.6,8.938965907950982,8.998887878000065,1.755033133455581,4.8042249219804996
141.7,8.815392537441936,8.87045665311947,1.646162052343079,4.855311551386094
141.8,8.98868226069004,9.053552968966441,1.630019484452072,4.465394161693628
141.9,8.913352105280063,8.974129282559755,1.7683794933759518,4.37879304706172
142.0,8.721178740152624,8.779025543021135,1.8095189947704824,3.9194095293405673
142.1,8.905335962219466,8.959398528687565,1.6389630343323884,4.976323196009086
142.2,8.681695595267962,8.733572322900898,1.764199084646278,4.319419919923939
142.3,8.859362548988937,8.905090764402297,1.7989765213536797,4.235776334462024
142.4,8.52386323562511,8.56789866817875,1.947878981098818,4.168986867729398
142.5,8.471418077910167,8.51760344607309,1.8223836483750722,3.979911060732747
142.6,8.613733254652402,8.664650704116582,1.7670537402976776,4.478764608167274
142.7,8.82030817451694,8.86867768465088,1.9091202883334624,4.702126674696746
142.8,8.837026666592669,8.881236801774675,1.9908939648971369,4.389975336101719
142.9,9.04602571591412,9.097538147791946,2.232709338546182,4.8367794267512005
143.0,8.903197186144423,8.945728087086042,2.1681749250339886,3.976767632398766
143.1,8.923857206893183,8.974890853091141,1.9814782704353018,4.584613057131245
143.2,9.015164253257925,9.07102578552405,1.8414446074103847,4.2503116645537125
143.3,8.939766843725225,8.988190155902103,1.759202153006567,4.502604293922364
143.4,8.818033400474052,8.861622682676279,1.9152822125042122,3.973147405943772
143.5,9.14359310463649,9.18896737703679,1.8995046154976631,3.9613424897462317
143.6,9.198641610933587,9.248596281628428,1.7682073142478099,4.596489010779349
143.7,8.843288167833196,8.895543003899471,1.878714249515701,4.247598354297479
143.8,9.16733581049267,9.218515356643666,1.736730740743295,4.531680854176494
143.9,9.16270295206689,9.209708327103675,2.042055366208238,3.928754456942512
144.0,9.435433367855616,9.488039046960793,1.7518727740591362,4.286991046803968
144.1,9.479642865525758,9.53038081590595,2.0207540921722558,4.772656393837223
144.2,9.630961014870755,9.6835141123472,1.9029355783355342,4.026137600120261
144.3,9.626828475779304,9.67178300019269,1.8906321894869549,4.220322781414896
144.4,9.606021018282346,9.66203353891169,1.798858317906687,3.6831146172278713
144.5,9.483045070111412,9.537669369395154,1.8379235374069913,4.075340623726628
144.6,9.512590922692956,9.567046914572579,1.7036004288574675,4.365955757755875
144.7,9.694364827354631,9.74491430626513,1.8727674871339373,3.8639324489404263
144.8,9.577286973042836,9.623214254346866,1.897669574515261,3.671066490176056
144.9,9.500670484718459,9.546679485706541,1.8042323632605632,3.921770707016597
145.0,9.906391079173929,9.956169675586919,2.054594107484296,3.8992256038992315
145.1,9.956260380638609,10.015362499846667,1.7334801329630773,3.9574408585935403
145.2,9.478112553084635,9.526383818336104,2.0461330451896145,3.8868891711218776
145.3,9.478601964222543,9.526996721173226,2.0013437481641754,4.135845924866178
145.4,9.441444991480667,9.493191108003968,1.8228621998928953,3.5000460600062686
145.5,9.361666057365909,9.403919994148017,1.9657904631930418,2.897830049332321
145.6,9.816424651748607,9.865554781743958,1.9030462080578816,3.272791052019979
145.7,9.925205883323612,9.97660738315266,1.7748951388821963,4.623288935365982
145.8,9.804174104733201,9.849500688893247,1.8781327225586013,3.1515133942674773
145.9,9.723117321654033,9.772289994051652,1.798042561069977,3.5284720256739517
146.0,9.674066821179537,9.719485304673048,1.9932692183402632,3.621773892146718
146.1,9.917574497582992,9.961335843781644,2.0665447114488726,3.667250154367859
146.2,9.994656605946632,10.041358074864547,1.9734151302642298,4.135957412442036
146.3,9.776662381543431,9.822125731546958,1.815045428236969,3.7041345628195015
146.4,9.854124482634433,9.901039191583573,2.1457677186190667,2.830284989670064
146.5,9.526257642628652,9.570931326887546,1.7307925275622202,3.2061262387215703
146.6,9.524697483902536,9.559110221983362,2.2965489150940215,4.257039070015684
146.7,9.746197419434822,9.792665957686559,2.0503338258309403,3.895950195040584
146.8,9.642503706494187,9.68281902586401,2.2921844682846206,3.4787496288482216
146.9,9.58741092321561,9.61976149554912,2.207596613135927,3.247248751148655
147.0,9.6153613297508,9.648679859104895,2.3189035927498023,3.2429940509002364
147.1,9.448562507626967,9.500980533502895,1.8166096840997648,3.9107578041378717
147.2,9.226114477069617,9.272790963179812,1.767715119553747,3.2756604464697427
147.3,9.810987409306138,9.85534580273782,1.863353697467881,4.051489141945043
147.4,9.660959898590374,9.709289885290096,1.8258597095961877,3.668494319232375
147.5,9.69851827122737,9.749388274890418,1.8392333830125909,3.8446332884865333
147.6,9.821468364246336,9.867804682533725,2.1645201948705215,3.603593053672426
147.7,9.845570216973329,9.90008524127801,1.9542355306035932,4.228000455770864
147.8,9.868586295540288,9.92159338620782,1.9097378388616821,4.595292230433501
147.9,9.765623124675393,9.812127101780758,2.4244510938436523,4.625191951477484
148.0,9.809587292839494,9.855231791427356,2.0626110609285493,4.657889299012897
148.1,10.137904375991706,10.191938060801261,1.629889692729616,5.789846444846076
148.2,9.870250491112497,9.921710247219115,2.3731398634804313,4.545397034661468
148.3,10.016976621514834,10.065687494666092,2.3429280095269904,4.594263504915393
148.4,9.728879030230187,9.776526184961398,2.4499913316373405,4.194652297022941
148.5,9.919075218854477,9.966075541597439,2.328425222508847,4.3983199289879655
148.6,10.113808196412625,10.156397065183402,2.3000874757929455,4.07866531671479
148.7,9.855915068788288,9.905653662954073,2.2084490708504076,4.673624172068794
148.8,10.064026007403372,10.108371787253274,2.2162953581431375,4.712665057828454
148.9,10.163549421499663,10.21283356762755,2.405567379511248,4.304329842805873
149.0,10.369800782846939,10.424661106496133,2.3467835227345004,4.6363856371888685
149.1,10.375665880591086,10.42583936795736,2.3750724100109384,4.279025292599585
149.2,9.949304462030518,9.998304320872768,2.3729156663250195,4.924532301046073
149.3,10.210347495975887,10.267009906087674,1.801440868072643,4.032606977847523
149.4,10.007061573213678,10.054702641969502,2.2626662819612333,4.649174207938942
149.5,10.086825495009544,10.14187925524931,1.755554175083124,4.068843489613542
149.6,9.992665388580189,10.044902695033345,2.357263597021751,5.2322701695473635
149.7,9.877526793907283,9.929752464031377,2.4011957880229207,5.302771113481826
149.8,10.051895298447269,10.102372062934151,2.0882314752085063,3.964239656573713
149.9,10.15498511357587,10.209724178940546,2.285371325137236,4.240418780059662
150.0,10.003665612215386,10.06019059461841,2.1434526435858334,4.34609593778265
150.1,9.620524256441701,9.672986420456134,2.4375596533520696,4.253836413354345
150.2,9.801193547852513,9.86191167665667,1.9904624133513964,3.6560326261415232
150.3,10.11493843239777,10.163047237541887,2.5332491267711164,3.0868601044140003
150.4,9.980414908751817,10.034751585654925,2.3323945001128177,4.5016156129534055
150.5,9.72378784746669,9.774892514697633,2.591792401246734,3.1823873160972282
150.6,9.94834950804323,9.996425667738421,2.13539845396978,3.32966286301903
150.7,10.042808321117452,10.090320467906096,2.5423779426449857,5.576888080813363
150.8,10.047278752736505,10.09574688424894,2.67360380264086,4.309419947940821
150.9,10.186828766013805,10.241822648294905,2.089885474291966,4.5288512191993435
151.0,9.985555567170058,10.037375258520195,2.3949134392113867,2.787012907638323
151.1,10.077386750213437,10.131028026626328,2.2293775734655044,5.251502813226125
151.2,10.063819735025898,10.110878104980399,2.4223826085056746,4.24951897541193
151.3,9.933538351293102,9.983056520379563,2.526098529172917,3.852476839182385
151.4,9.829522651640222,9.876241166025613,2.554111083302087,3.5813000706423965
151.5,9.783428463837327,9.83006002696107,2.7170479289757306,3.5450307036988113
151.6,10.050626586818352,10.100359498492118,2.4029622007292377,3.4594426671596175
151.7,9.823953955606115,9.868905863948424,2.643438428536768,4.426643602655
151.8,9.789834934701698,9.829849193574388,2.592281759362243,4.79881361700417
151.9,10.091647989843242,10.13706058580542,2.7407799721205284,3.9799174913113173
152.0,10.092747251662963,10.142847533144772,2.77703636478898,5.3770941924159565
152.1,10.167364792707092,10.213199461909745,2.3980365748761434,5.215061204841958
152.2,9.774608322116784,9.822722434978417,2.534219953399048,4.913939099195973
152.3,10.017770074032853,10.06585379784075,2.445097593616842,5.1479523287471105
152.4,10.121867304219297,10.170188251255576,2.187843133138429,3.335799558512174
152.5,9.979023286875462,10.022927174509332,2.357521401970462,4.294362755016445
152.6,9.948478070608633,10.01239027489377,1.888995771498689,4.38668161879675
152.7,9.753634619931745,9.818386765838635,2.1609035991160273,4.7349304565809085
152.8,9.55734945368088,9.612309601663723,2.462172327523606,4.698256942902534
152.9,9.493852831273458,9.552379547593581,2.257834557842208,3.8146832956192003
153.0,9.668167378959474,9.733629302183349,2.071303079418147,5.451435502404046
153.1,9.868538437129153,9.930684894971563,2.2154363775447963,4.115975264864267
153.2,9.989049317214642,10.05471425480391,2.1984784269664868,4.973849135707892
153.3,9.671745830768288,9.729783648440403,2.138238647846804,5.009524405252085
153.4,9.770657186586904,9.825947407320763,2.0149810756677353,5.0529503781119836
153.5,9.913327591041005,9.972341135493187,2.177305882741379,3.274519258688555
153.6,9.943860410444834,10.000792562407552,2.1839203226828756,3.540287585403193
153.7,10.1280134000002,10.185860794979197,2.0854254467010853,4.249683318305265
153.8,9.927899054161694,9.974624069652082,2.322238922407904,3.909238203087582
153.9,9.716410604603123,9.763826578798534,2.367232985856446,5.1734319312330665
154.0,10.074353677492223,10.118456070742527,2.041943090547329,3.8575124346803333
154.1,9.927924280401381,9.973066101193096,2.4575879426564047,4.159488726975861
154.2,10.236175869336058,10.290371512950356,2.458442898091526,4.730222982561104
154.3,10.327399821957284,10.383084247980987,2.180032185890193,4.687678450798008
154.4,10.40658856204384,10.455966357456298,2.0959744599055035,4.003721205997626
154.5,10.632589871470438,10.68734648809842,2.052171838554554,4.540827035314452
154.6,10.616667427280015,10.674805309417174,2.1550097491244604,5.0095182751547735
154.7,10.869396439034366,10.918514352033839,2.313333085287189,4.228676126904114
154.8,10.858121524838678,10.9056151731056,2.2982260346573526,5.235792185165824
154.9,10.796914534902795,10.844857797544405,1.97113732092267,5.122551933726228
155.0,10.695647162180933,10.736676180228166,1.9786129152468297,5.045054297576451
155.1,10.971324212672917,11.034256779016774,2.2573601280688345,5.501921204335724
155.2,11.003585615172122,11.066938510632923,2.2285882428783674,4.395126618613708
155.3,10.66950970721075,10.725799622052724,2.164712646540568,4.6321465838340865
155.4,10.694596432267344,10.749448014896853,1.9810347799644168,5.396873722756887
155.5,10.762715568695851,10.81637006011932,2.1240185924043096,4.54515500458053
155.6,10.936038385536214,10.984461966327636,2.167270459420117,4.556719402951831
155.7,10.999647889318371,11.055088417637217,2.0684673480016857,5.029302829634448
155.8,10.574069128084416,10.635036683913405,2.1660738235656183,5.538108196207238
155.9,10.587620394228098,10.622392598668618,2.612248506079947,5.1743495699491575
156.0,10.596579838502498,10.650599209357829,1.8824941451814872,3.282012676842239
156.1,10.35312627260056,10.405417436085342,2.199761778792645,4.241647492146441
156.2,10.475218452308562,10.526328165698141,2.301712650615057,3.8967305437222457
156.3,10.569329424676086,10.618425716223815,2.4438906016816624,3.74760059967446
156.4,10.529495071708908,10.57993897281201,2.5600180855688226,4.73933089791537
156.5,10.503052960613779,10.54897341546821,2.420468498618662,5.110451282123713
156.6,10.816324319352915,10.862874941927041,2.271561289512682,4.723377201362214
156.7,10.818466526541393,10.862577759992345,2.527570305175125,4.5022175436411365
156.8,10.725276690716775,10.775504550729607,2.5758203798335506,4.524616980545772
156.9,10.687725083166848,10.733261952607434,2.458110939376255,5.5760256833711965
157.0,10.454567822057701,10.500158105254794,2.8888461561017413,6.700990907171019
157.1,10.574436815796666,10.624172153518352,2.4632137984424025,5.48537099554205
157.2,10.512290943586956,10.554491812005436,2.687664808737039,5.371842585648121
157.3,10.496649869711439,10.546272239787944,2.354395026971692,6.0160568519812445
157.4,10.618111198903957,10.652566556518684,2.8492301149875,6.025172692301245
157.5,10.647406854822727,10.675612113133386,2.870075146773146,5.990956340023536
157.6,10.801308008407004,10.835164155152443,2.987803459010046,4.990718043395607
157.7,10.780005577596901,10.824335743636402,2.4417901759326512,3.393743679302575
157.8,10.691212415157896,10.72928885054575,2.5252157494876877,3.1304168565490444
157.9,10.82157135244959,10.859400699866631,2.754179789521131,3.4959400660502404
158.0,10.817305461599638,10.86201641743232,2.5378472947144934,4.110734780010235
158.1,11.00970288317988,11.050958427729103,2.861149522209649,5.539839759422092
158.2,10.63494650501978,10.673255895874073,2.789403323758421,4.97571849481822
158.3,10.47976554682757,10.518181685500075,2.7150504585331157,2.1524051422449175
158.4,10.52917990041973,10.557985110209078,2.9547668761391526,3.557296879110796
158.5,10.33746192964176,10.37289613362331,2.775684206259265,2.8606519677925646
158.6,10.503581375887139,10.537624338762926,2.9000556991292887,3.4315727041274457
158.7,10.712423354540906,10.750807795306402,2.865912933304087,2.9457611498189995
158.8,10.659927193062076,10.697604897166304,2.7041374379982845,2.8002117233909116
158.9,10.261647415153904,10.28818621433029,2.873185988498657,2.8807844932858577
159.0,10.43475632218543,10.470559748967242,2.702065531638267,3.5247937097456066
159.1,10.428718524373872,10.46979510818764,2.7066710955091366,5.318457170457253
159.2,10.730694966655587,10.769716893782132,2.9121129338754392,4.201816760937183
159.3,10.563527893899096,10.596623748991666,2.8035942617665435,2.4957152475561064
159.4,10.864093398127494,10.895018483479706,2.892460474164513,4.830846677172583
159.5,10.572211974957105,10.603387441471343,3.048482686628436,5.127022602798476
159.6,10.657826123788812,10.700474101111803,2.824763141913968,3.549419725657344
159.7,10.619230310415208,10.654436410402564,2.8780934286474613,3.4290682074992236
159.8,10.95799151351759,10.990038252623611,2.8670964068086016,2.6617718825580674
159.9,10.744637616273964,10.781595041877301,2.8316914631461287,3.89308367434421
160.0,10.775479503666377,10.811569636695717,2.7216754585957452,4.849336004276523
160.1,10.94117546555252,10.963723337947904,3.188998771959736,3.774614793116381
160.2,10.797370643547621,10.827638820960965,3.1757818015917625,4.242611591933503
160.3,10.721427098786751,10.743271261515437,3.2492116105298767,3.0360884137882396
160.4,10.941637324781011,10.969554222634024,3.0458218512444795,3.4284338382416317
160.5,10.88707521247472,10.915323644660662,2.791113931434619,3.3381021915984563
160.6,10.789424596903105,10.820381090090809,2.841037065290913,3.084758949472165
160.7,10.995559777616354,11.022321955100226,2.7555473208949044,3.236597296443557
160.8,10.734396868912004,10.762112459412151,2.845089876689727,3.707609979431737
160.9,10.892030304406811,10.917612873060568,2.9155967894946064,3.93061746476772
161.0,10.934216627445984,10.961772696960528,2.680817423991509,3.9418242093090026
161.1,10.887127278765904,10.914188624444881,2.8604025231974313,3.960938559064615
161.2,10.943350760957212,10.970494756768412,2.863925603687178,5.445775221330027
161.3,10.961755728774914,10.989687604163457,3.0048376698396013,3.0728845262819546
161.4,10.935349565267344,10.964945440400523,2.851367173704348,2.718592300967513
161.5,10.778541304600159,10.80523648217324,2.8268935460923035,3.3122079144838676
161.6,10.999018231612402,11.021437498589815,2.9505184133068916,2.5399306416133656
161.7,10.946140378095256,10.969816007473623,2.980922026061868,3.4973408596213966
161.8,11.025803095874162,11.043983420627775,3.1224777151228102,3.519587036863976
161.9,10.872016473567086,10.897590917863644,2.9848212850883478,3.079385722816045
162.0,11.106200797454504,11.130031079066303,2.734915273817692,3.4533745380140934
162.1,11.138083285879299,11.166020779700158,2.7450343998055984,3.0425981195120655
162.2,11.226439862042032,11.25823843714463,3.049961932677789,3.6620325651676264
162.3,11.316601193037199,11.346254826249133,3.0223459056074966,3.6297020326152865
162.4,11.260228180711936,11.293606876283866,2.8185088033207735,4.070548758071631
162.5,11.16901258809402,11.196595862914291,2.892643282786787,3.5767688135936573
162.6,11.197224891198047,11.226200377130352,3.063582559608386,3.6983550790313973
162.7,11.185987390415214,11.21406670948918,2.929017297265554,2.704030063572065
162.8,10.878822184926651,10.904793563277133,2.644305661518752,3.2997862078785767
162.9,10.922401388719669,10.950693420181684,2.847635924009327,3.701931638008673
163.0,11.268651245175928,11.306776399908491,3.07982473705612,4.345962816966659
163.1,11.68363928769386,11.730584475313805,2.7556804075180277,2.8184205516055116
163.2,11.611025472031018,11.655287947773584,2.877285254284926,3.186103574169251
163.3,11.642414839927298,11.685921843748382,3.0307725942032406,3.316903692310742
163.4,11.719583836413767,11.755767431277134,3.1809530922110736,3.4670657485912573
163.5,11.767493322228518,11.804079066912166,3.0802357043494517,4.48957246769887
163.6,11.70919298777608,11.751035923138977,3.003506544953151,5.126573940202384
163.7,11.710566082942762,11.756003632348401,2.85344833465143,4.955199437663096
163.8,11.803098503447622,11.851729453920688,2.6156357906118,3.477834501005626
163.9,11.870382361805502,11.912619026556833,2.8681100725581925,3.3743771032781136
164.0,12.085907674263984,12.131793713555327,3.053818839984518,6.745071280031021
164.1,11.976423202680452,12.021583766817326,2.9546054472009664,5.9734538409759494
164.2,11.641816427372945,11.688501687272993,3.0142433945754004,6.520349911382111
164.3,11.798609929798086,11.836311049088998,3.039565683002314,6.655721705700602
164.4,11.793452521619942,11.832410581481662,2.946195505074962,6.650194761493616
164.5,11.566784801774123,11.607138812173622,2.7591096829248807,6.02659846406994
164.6,11.66709714881394,11.713196486453697,2.832711447363513,4.682552135263044
164.7,11.620035203913096,11.670718774024092,2.990442727476286,4.446610651554543
164.8,11.33646654259261,11.381733319144667,3.026399463501509,4.692094011711986
164.9,11.639989803839248,11.686498709454366,2.9874812245055264,4.398755675285574
165.0,11.588615847259451,11.639176150952467,2.7136232066721986,4.902203565766382
165.1,11.886743727189204,11.934863248576487,2.8432490594200894,4.973820227320287
165.2,12.041086817159615,12.087689279027636,3.0082476053632954,4.232016656876444
165.3,11.73402067285301,11.775636463935536,2.876161855440887,4.43334279609697
165.4,11.498338047317839,11.541930213365285,2.86764228151377,4.148685110322656
165.5,11.372160010580812,11.412475821530293,2.9079587040761647,5.126785478929599
165.6,11.489989952942981,11.52543744239093,3.2056328921228454,5.1707493480303315
165.7,11.670470235517497,11.710233439134301,3.2813794033391823,3.923365904888275
165.8,11.56587912499193,11.60944315236823,3.172985817178237,4.05173404679784
165.9,11.759816222660167,11.800533383403025,3.1227840251407604,4.059951326734379
166.0,11.926156661268115,11.977959623394224,3.301226337503415,4.690130237386526
166.1,11.741680146206724,11.792606359405475,2.879260786968354,4.257482533158691
166.2,11.639972064391655,11.692832248613028,3.0181970569047456,4.670539741443939
166.3,11.610821430525585,11.660510137840442,3.013070951917843,3.8340637202533254
166.4,11.5961436795801,11.652042680185405,2.984221512688925,5.0515497150681785
166.5,11.733681412399283,11.780521913258236,2.9623476911625604,5.008951824536083
166.6,11.744516298972307,11.785112871296217,2.9428306130338497,4.163399714519675
166.7,11.647236731130182,11.684068226271053,2.9870113734524146,4.45693527783928
166.8,11.51158158362413,11.551261004619558,2.923711046404928,5.400831537544772
166.9,11.627847418750445,11.674502626927241,2.9124406180001587,4.481237805910606
167.0,11.61513635961116,11.656873124064933,2.878696452414702,4.115217186660134
167.1,11.745052110878309,11.784318680636936,3.0436429089419095,4.3103032823771485
167.2,11.885819096275691,11.928217273840215,2.874697241926738,4.005988959547882
167.3,11.619828991424624,11.658612325120131,3.0724394511222353,4.046716226831709
167.4,11.558451838480233,11.600222902684019,2.829602915688275,4.332980913813096
167.5,11.58030480415643,11.618912163389425,2.934144584939284,4.746344742717225
167.6,11.728246238131597,11.763106415703149,3.0276677709114193,5.034202988489039
167.7,11.789906781290545,11.829504401234923,3.191950981794515,4.37860996440718
167.8,11.725353726565782,11.763720147818182,3.128917850805025,4.692229776576059
167.9,11.790119776383266,11.826468443049682,3.2334104318602193,4.6822309799247455
168.0,12.053729201505464,12.08839106835899,3.2196013182256507,5.363023698217843
168.1,11.775812421422692,11.799252105190114,3.391970939024119,5.4005074803298605
168.2,11.751248919791056,11.779408996669632,3.2360882397898916,5.734601984464092
168.3,11.575278001665149,11.603910445041612,3.1107192007241156,5.706211303880897
168.4,11.52725256331701,11.561125819459692,2.917190230813569,4.965182661950892
168.5,11.884159554483384,11.921733319435784,2.987027028044669,5.208184771400543
168.6,11.822014368067217,11.8578574091003,3.0958925087969753,5.912656944950892
168.7,11.613987703929743,11.649574929192543,2.846056872226043,4.574481002707651
168.8,11.98294402574523,12.01127049295178,3.105569385353471,3.367842475525193
168.9,11.641422981918232,11.67404421829969,3.044349149932862,5.102039791957918
169.0,11.696511045473997,11.727978483338596,3.2943328272690726,4.61111954465329
169.1,11.788342873004053,11.814810175764709,3.3634962459898823,4.591743732470279
169.2,11.82902872983548,11.85719402576506,3.315457305713081,4.7742281252364736
169.3,11.737710265631927,11.765781533284065,3.2253232256569264,4.808758221535663
169.4,11.5568550737014,11.58615718089751,3.25252751954151,4.958342618190177
169.5,11.485478344372194,11.50891125078511,3.3987564030647026,4.666455530101089
169.6,11.52315392859166,11.552170104815557,3.381236297220323,4.715272912586247
169.7,11.48478998094319,11.517726766108408,3.3267482013275824,4.541369430112691
169.8,11.375369244456024,11.405549852813841,3.2584125967422084,4.602578311519734
169.9,11.420223151960924,11.447734257680844,3.340599609371886,4.58664528279079
170.0,11.33575029016893,11.37121033372081,3.329219138003801,4.86987349676547
170.1,11.362126702438212,11.393552754093314,3.263214104747322,5.268930595274299
170.2,11.629397273059846,11.661870341523,3.315749915066832,4.752635920337345
170.3,11.766658380030385,11.802952524055314,3.1146585683533377,5.17709292254473
170.4,11.579590859937321,11.614349989210313,3.203732398037785,4.554172723500052
170.5,11.565385270960425,11.605120403291812,3.1192667450804694,4.304370803321445
170.6,11.382628866251576,11.412576079626342,3.18415563061309,4.70426984949324
170.7,11.617073418334225,11.651903892029472,3.2976332723471913,4.850607631148672
170.8,11.556556955339474,11.589994776314436,3.1903437139863757,4.282851559208074
170.9,11.70969123736758,11.738539982503362,3.2348191661209094,4.140320251984655
171.0,11.673493665099468,11.705385552302424,3.1508936701056145,4.856657563267228
171.1,11.92782516111555,11.961403454644719,3.423846669564543,4.562667161889034
171.2,11.712066050079606,11.742841017952676,3.2654838175114143,4.463492762050171
171.3,11.560052774339125,11.601287474961149,2.9267943996536867,4.721829509880029
171.4,11.714014239880864,11.754334278082043,3.1232817941481943,4.757131699717479
171.5,11.860469770807889,11.895837601651598,3.239788102281117,4.970737831371512
171.6,12.179454785819127,12.217588483197808,3.3588080093565305,4.502232446995105
171.7,12.049660697420782,12.08502506853043,3.3817609253466983,5.125552138821911
171.8,11.60275071718832,11.632455244154121,3.1544854917931997,5.324971507719885
171.9,11.76522893286742,11.804450641397713,3.151826316103659,4.548338520752012
172.0,11.700874247281822,11.730157172534254,3.2401758613833924,4.9065510835798
172.1,11.663494082103728,11.6996979198739,3.1781299359340305,4.6516614538785355
172.2,11.526379437607094,11.564341958437856,2.933783788212599,4.871059379231123
172.3,11.261020666892499,11.293880542453737,3.193421793994399,4.549031611258799
172.4,11.722016745380765,11.75418771901575,3.1905940878500343,4.618003270395493
172.5,11.86261423144037,11.901886565677193,3.2318269035492353,5.029058173534075
172.6,11.967957714487083,12.004031167435764,3.227889744284914,4.318189671210646
172.7,12.014917435181234,12.051866523544003,3.3939126571104308,3.9294360586087684
172.8,11.864261595065305,11.898548035285723,3.196181260767676,4.26750744166924
172.9,11.64435400162757,11.67711311988491,3.288280458632113,4.353223370680646
173.0,11.845764534661011,11.883971224240431,3.225309959132599,4.155717144907043
173.1,11.771689573170603,11.79669958612516,3.2756647726172528,4.231688946328073
173.2,11.71714018729655,11.74185299195632,3.447270994892232,3.283995906403616
173.3,11.751886059262999,11.776005564237105,3.3100217126943443,4.087398446954602
173.4,11.779562091228765,11.81456688471663,3.057016711807344,4.557014583101587
173.5,11.824852527437201,11.856796549751797,3.147503629880824,3.255661572553725
173.6,11.922356025710478,11.957893546077518,3.228879501700347,3.861302770856006
173.7,11.67136733479311,11.710427788179189,3.1831574613414686,3.8479560928051253
173.8,11.663163326942824,11.698958893549031,3.125455035083987,4.924625403841531
173.9,11.892502014390292,11.921262990314165,3.3423690851523116,4.593253584882676
174.0,11.605530786492995,11.639773580834254,3.0930709819333257,3.7746985293161996
174.1,11.590958941295922,11.630820584336687,2.912301238047814,3.409778240862446
174.2,11.743678040478596,11.78457795462755,3.08497481358541,3.992785337769042
174.3,11.503413067108719,11.543028841501096,2.8185405505011416,5.2798029930101045
174.4,11.525711253751197,11.56651545941572,2.9638407763785035,5.326850396730533
174.5,11.817868881198589,11.860783073372946,3.0709648824717704,4.038410635322024
174.6,11.406530282254021,11.434574058184042,3.0863066069153815,3.9934849408739095
174.7,11.460460960258308,11.496550424288015,3.0065673245676594,4.841890371878951
174.8,11.439864792138764,11.476402895573425,2.9931701479185007,3.273504191093509
174.9,11.355339783609905,11.389742545073945,3.065710445972848,3.3578853062807097
175.0,11.603225583282331,11.635247337028876,3.1603829872045064,4.447490314134781
175.1,11.574188871977439,11.618668876150402,2.99767541737376,3.6484168412542286
175.2,11.391000803005184,11.420315903837036,3.3705345930587205,4.377427006006429
175.3,11.772873994786469,11.81115767442124,3.3936177212514846,6.198439608418133
175.4,11.81486574777026,11.861847440522945,3.3268569925100584,2.7517846763485703
175.5,11.542793219010607,11.57716479341216,3.0847738239674767,4.939326865404259
175.6,11.410912749733935,11.448752406276824,3.1018374440465957,4.0002808014780795
175.7,11.255517284193575,11.29172541444266,3.114635852458485,2.754337366244077
175.8,11.316736862229478,11.353330319992233,3.15842530900076,3.666042479393961
175.9,11.259450721070614,11.300422021397406,2.826941191211729,3.582918965198338
176.0,11.345118564860488,11.387075918307929,2.791240469325585,3.31907201571805
176.1,11.254241702716845,11.283754735382729,3.0644974254650523,3.2206323463867075
176.2,11.041646220361647,11.076837952623341,2.881624805659259,5.680981722663884
176.3,11.005846411980475,11.042352254415944,3.059669359159462,3.6705488782131996
176.4,11.104949787451435,11.139410087300783,2.8891212601372462,5.546886027210797
176.5,11.147721532160288,11.17844225211778,3.0425636077016613,4.349674805766145
176.6,11.397874844423827,11.43010732406602,3.1338639135387587,4.652647539508266
176.7,11.497208567784407,11.526881116077291,3.4363127795293775,3.5251303557665317
176.8,11.416368998201206,11.448255641085915,3.307431949842744,3.434402559809747
176.9,11.481917218062174,11.51062295520634,3.2604294197657677,4.86398398568077
177.0,11.44037068996216,11.468352526600333,3.631356335856227,4.9978591700554595
177.1,11.463676591005479,11.495822947334593,3.268710650300012,4.27198049818223
177.2,11.6389450670371,11.674486982007368,3.3469833637595263,4.398000001369659
177.3,11.360129308114066,11.385242638416953,3.2202835599535984,5.444846201886711
177.4,11.54758679858402,11.58203154836297,3.4351303957135775,3.560556130568989
177.5,11.609516602527911,11.644267703079814,3.1600358421528,3.6491710512161926
177.6,11.80789884576644,11.846631902988252,3.11706918572513,4.384368730239032
177.7,11.669621963403905,11.711939628680076,3.176531467554461,3.7008410331236763
177.8,11.688198210891596,11.728442727161815,2.97732842661255,3.869386587846847
177.9,11.391559411213459,11.431208397216091,2.9840876828327163,4.443905793798414
178.0,11.551516605374632,11.578531654705232,3.357774432218359,4.3800989075698595
178.1,11.524799221093193,11.566702639506614,3.1097608636397522,4.904424152574952
178.2,11.647904974927181,11.684246468039186,3.063613885520548,6.249416002438861
178.3,11.66088146066644,11.697943771829921,2.9867014522485125,5.962470174682011
178.4,11.575155481396717,11.607498156376481,3.3043643236759723,5.451774012134003
178.5,11.732204538495173,11.770830880820466,3.2402152538136066,4.06923245896265
178.6,11.695487058602753,11.729711684457387,3.4175760020252035,4.410249877498349
178.7,11.955156383343152,11.991807848394451,3.5208939476172567,4.428506308631916
178.8,12.03927105934403,12.078098838918475,3.3446602448258407,5.631807628651678
178.9,12.125762257378746,12.1612026579259,3.4330428834566447,5.629947286922726
179.0,11.542797052325028,11.572452078605279,3.40246176685645,4.81519359729666
179.1,11.848648944138617,11.886080775144535,3.1455819920977164,6.545393012398419
179.2,11.572837770580717,11.60842883310091,3.2340173421793073,5.901558014130148
179.3,11.665833192289542,11.701143722685796,3.1043175799914553,5.881321064202075
179.4,11.555852313058097,11.591998007781148,3.0503581810408327,6.1438340258312705
179.5,11.628065697482725,11.666233429779794,2.936560343880453,5.774682077129121
179.6,11.818773583396881,11.858973717532512,3.078108674404661,4.896011500229635
179.7,11.476437755698113,11.516642230648136,3.080200194468819,4.636971933659316
179.8,11.636708931777049,11.677010992124824,3.188267748018862,4.287623658104301
179.9,11.745726074980569,11.788427884188366,3.1118459485750707,4.582003452884313
180.0,11.582283775040487,11.61833501276558,3.136095192750575,4.610523591663858
180.1,11.485735570301003,11.526000992173751,2.989851005804505,5.1463236374746835
180.2,11.708592199195614,11.747196853303432,3.298047986180778,4.5715803997502515
180.3,11.897613826400466,11.934728291336233,3.352742986712966,4.721866328912214
180.4,11.799416882288138,11.84210098686839,3.019739296618625,4.3734435574055475
180.5,11.772653173726818,11.812570371707741,3.1398483615429678,5.1181202404200254
180.6,11.679602984826092,11.716228703913286,3.0893939054123245,5.83533014256238
180.7,11.520072123784294,11.559297600891668,3.0272887291748036,5.919461827593092
180.8,11.314730237869146,11.341233774016446,3.095217009101228,4.416233990910954
180.9,11.390209414571212,11.41752034502969,2.9788613831250554,5.108884427888997
181.0,11.557456052549096,11.589892756191883,2.965782208283693,4.589911371719636
181.1,11.423140738784541,11.450676667322185,3.075838457118997,4.750934643947287
181.2,11.385090358907497,11.416770625203778,2.9155877602255074,4.022222587017669
181.3,11.310283225192338,11.341970309183331,2.9893827158410176,4.749621755463916
181.4,11.510428406897006,11.539994029894,3.1524243597536548,4.7564829897719525
181.5,11.51098356892173,11.542913416502401,3.2057315990072737,4.73253570277429
181.6,11.612225839281457,11.64245170750842,2.945944307775771,3.1765742016436604
181.7,11.81495584490452,11.844032192862892,2.984310239030739,3.6416572115802492
181.8,11.645429730684512,11.673665803633135,3.2543682089358077,4.520406332691644
181.9,11.623361868060709,11.657000807305758,2.81528341453221,3.51798388027862
182.0,11.700863530564138,11.735403977140377,3.2988925413315204,4.816001764561234
182.1,11.695909146526484,11.732243949277589,2.870296112672857,4.6124051236748045
182.2,11.57340278661443,11.605469601911196,2.8743324645735937,3.8815939461655353
182.3,11.433816869895281,11.467951028829175,3.0094780961218786,4.07828713321194
182.4,11.935272289389163,11.968315452566886,2.8684352305550265,4.643956033987479
182.5,11.813620041586043,11.84958654597626,3.05728462783537,4.535709972046598
182.6,11.799948115279081,11.826976884222944,3.1627341257425865,4.37372333843187
182.7,11.781454513872228,11.812662764018121,2.898662746699038,5.288061815749526
182.8,11.712035112014282,11.743304496337801,2.8752440010329057,3.8043215000992667
182.9,11.796819989894706,11.830398010955985,2.9373619286587362,3.574522253354524
183.0,11.716286027715217,11.738393948080684,3.1498456822568905,3.100248751756498
183.1,11.782908608696074,11.810943303409141,3.0866257505575385,4.585030942851655
183.2,11.722759982693479,11.758544294982638,3.018148872230716,4.335690100384296
183.3,11.498058052074581,11.526844022173059,3.1483737429018768,3.2873083723489187
183.4,11.407304552509077,11.440047034776981,2.824101867865295,5.162492322825334
183.5,11.24979022115009,11.279590743611978,3.0541390545559572,4.417508008736313
183.6,11.498917727879958,11.532087366175219,2.797301810608648,4.127347023847923
183.7,11.35216489411818,11.389532872827651,2.8440630090980537,4.372036079503377
183.8,11.449322568339309,11.485369411647525,3.0363613344630376,3.6027273841081597
183.9,11.29468886758577,11.328080203883994,2.823600417873275,4.719680378263311
184.0,11.101317325378606,11.132467412826086,2.8144918546806252,2.935229069148232
184.1,11.12088186078856,11.15335231556847,2.8935807878076436,3.5270885012551862
184.2,10.833091894753329,10.854927173253069,2.9190749424249565,5.185882280008599
184.3,10.823950217839974,10.849586819282848,2.8388234050818824,5.289783648209327
184.4,11.05343394099275,11.075238938174591,2.9036935758224995,5.257951817894002
184.5,11.043136504694447,11.072296537031377,2.89092997473099,5.393770002918438
184.6,11.14049832127073,11.171072014188008,2.8434307495551567,4.682190492282583
184.7,11.168690253643657,11.19928958451042,2.9010313830562864,4.654517065085075
184.8,11.271353767773089,11.30225347402469,2.8556922415026817,4.286473099060205
184.9,11.271569713296588,11.299373729157049,2.787523840954777,5.267680312571489
185.0,11.465337152778872,11.495874227643423,2.959756325215365,5.146645976174201
185.1,11.264855529385635,11.2961079590777,2.9019214596026908,4.84196927851022
185.2,11.326199097951683,11.347934168481425,3.2224822668793447,4.538142950873911
185.3,11.493281685646,11.528640295214924,2.889748961391127,4.797690985374265
185.4,11.604426515397249,11.629612336166417,3.187429024194014,3.6029068039081293
185.5,11.430069877161609,11.45752985936895,3.1211152415854584,2.345834096272475
185.6,11.278103308312481,11.305886270182066,2.909504920078541,2.696573406214135
185.7,11.13375291517226,11.164847695950442,2.9160730683988736,3.948350935432087
185.8,11.40142878163587,11.436868236679443,3.0210667977188925,3.967812929852276
185.9,11.127302036647238,11.15317039536167,2.8747898900728965,4.4836585921022625
186.0,11.362662511022043,11.394480996073845,2.994124721115309,3.9537846929995673
186.1,11.462836657017686,11.496992685002008,3.0364765182125795,5.1965780866015425
186.2,11.300583649908761,11.338893786559689,2.621174383758817,4.61035306806588
186.3,11.019330611884108,11.047405339357814,2.8610639857917626,5.918218830688646
186.4,10.714478387988622,10.739744297574772,2.7207308407111332,4.200646459233228
186.5,11.044647435611306,11.069127940787231,3.0494939426365475,4.069377341197124
186.6,11.193091109108373,11.233687315585486,2.720065956758878,4.78634808801962
186.7,11.230582487782828,11.260640529835815,2.822680313495704,3.5583438638391978
186.8,11.193829760879488,11.22664121855801,2.9729781651972544,4.000886649471268
186.9,10.925537164003106,10.953890894472913,2.759506067265227,4.781735635574097
187.0,11.46724470253878,11.499269459842953,2.91357549686829,4.5741923297784775
187.1,11.175089359052182,11.211570150104546,2.900291234686718,5.5729767368792045
187.2,11.358563275777682,11.399047564383604,2.804387605065549,5.074397779637141
187.3,11.07146211164948,11.103955499873065,2.965774474692055,5.22038313707515
187.4,11.127168120679103,11.1546800545982,2.908802787406071,3.5370861559096283
187.5,11.337435383743074,11.36755464768668,2.865015127286894,4.62386996729735
187.6,11.31378463778875,11.343155039952283,2.928931838437395,5.5848477910356955
187.7,11.199643748740858,11.23041861996002,2.9343364879910006,4.38328156877967
187.8,11.416832315439358,11.442561440240667,2.8775023125095314,3.2122436004160004
187.9,11.37966175560553,11.405929880096382,3.062838082752221,3.571462415613677
188.0,11.077801192358764,11.10587144580471,3.119182272855048,5.795708379725535
188.1,11.12115147093451,11.149621992156666,2.911516519943136,4.653945588002494
188.2,11.18844435660239,11.214705277922391,2.9897780493724775,4.204169207517466
188.3,11.25418631508844,11.283601909879065,2.897498735670327,3.8824036603167653
188.4,11.15539410189008,11.187611579493934,2.9905118214507027,3.4097102979173144
188.5,11.1728960574033,11.198572982879737,2.9575787706395875,4.2348470219154555
188.6,11.311672431874685,11.342454841260311,3.0545718804129933,5.288397635216065
188.7,11.581646916845683,11.61898499548646,3.0021264684813795,4.517948265030342
188.8,11.314602277005115,11.349809458107439,2.979478074775548,3.275208650343389
188.9,11.142537969602223,11.178760525442947,2.8978958203095253,3.883120847691863
189.0,11.419218426400333,11.452389589329545,3.1026077888511363,3.7296754523430153
189.1,11.47834310801993,11.513594783518863,2.867848514084264,4.4954616269152226
189.2,11.622885711789486,11.663843074681118,2.7522844507384785,3.1000018034007204
189.3,11.662652622553585,11.69862550899753,2.965408770825222,3.8168259959264947
189.4,11.521846006649723,11.553815888030861,2.889231780227138,2.9068615141625376
189.5,11.303944300312173,11.33934711842958,2.7521830082587413,4.577379476007121
189.6,11.518590578306023,11.551810112845999,2.9082733773982654,3.4041895033419394
189.7,11.356687033803453,11.392556765223402,2.617305011744435,4.474293782661226
189.8,11.398954781601843,11.438307172562611,2.8889250664173303,3.5123549736503086
189.9,11.2793120411218,11.318353137411505,2.758735229762796,3.3854602817158166
190.0,11.285386450086376,11.327865638824145,2.816562849551397,4.713138212240859
190.1,11.427666078535651,11.458840726889324,2.873662295488851,4.464908160356999
190.2,11.008495725920875,11.037646270805006,2.9070188983702634,4.736851201672888
190.3,11.407702336762503,11.44136177053403,2.7937070754134217,4.146733255698317
190.4,11.642013572645336,11.68326156813969,2.831716228233636,4.085891213617722
190.5,11.612623028282801,11.650852605342473,2.9402571437233593,3.816088231123297
190.6,11.503896308376515,11.54001822210251,2.8610610403977272,4.521726271094488
190.7,11.544175425030021,11.583191538811551,2.8777894427289428,5.547566012772032
190.8,11.280495634870414,11.317509489402424,2.797488425359044,4.9519817787368545
190.9,11.275716064812343,11.30736057861658,2.8258335473729495,4.840782375202687
191.0,11.17103178169939,11.204911439250152,2.980005154977659,4.489836526505263
191.1,11.079981026630904,11.109779391972603,2.8474210636990414,4.375711925344508
191.2,11.256432637575768,11.284126184808981,3.1503131944473757,4.239880294026154
191.3,10.991269215151258,11.019635328493989,2.970455652790041,4.194739733268336
191.4,11.189123478003035,11.224554566395126,2.855013293522097,4.565307384862677
191.5,11.073637163621003,11.108367825879098,2.8842770652449143,4.38351511405911
191.6,11.052262687431307,11.084829526847585,2.667068771335689,4.352875503569106
191.7,10.958008415309495,10.994828001338105,2.823116782998016,4.321257159759144
191.8,11.044363548688011,11.078644763472036,2.9200777281224557,4.2000881587627426
191.9,11.413560674755074,11.45676386671409,2.9048241618253257,3.9373782744875383
192.0,11.32441634326468,11.36329265748455,2.799868431515776,4.142800518695459
192.1,11.530635594071798,11.564846325584195,2.991902220305472,4.375121667788191
192.2,11.405316041409657,11.444085286417188,3.032587593611642,4.7871323881027985
192.3,11.281103099054555,11.312527658674714,2.8240036025331086,4.803634938252955
192.4,11.518398352123493,11.55391776629531,3.1923992724980734,4.795304313042007
192.5,11.407530473097745,11.443661777425138,3.017095309250935,4.77160648585607
192.6,11.236777925072753,11.263265810356161,3.099860396517362,4.265833695261537
192.7,11.239491151061298,11.278756734145993,2.9373193256146366,4.5492351933488075
192.8,10.93040841936712,10.95813288816269,3.0584675725882784,3.4469381611653724
192.9,11.226565252741604,11.254272166777255,3.1430272285474756,3.969651733093769
193.0,11.107758933366437,11.128962343885103,3.2838817837571947,3.7645599555592564
193.1,11.177712172229253,11.2083953338562,3.31443138922839,4.884058295620241
193.2,11.46684421878194,11.492477754985858,2.80177173341161,2.800562776976398
193.3,11.330444850210025,11.360457424976762,2.746092058027777,3.583322361530503
193.4,11.157182353198348,11.195676703534483,2.7316870031350295,2.820628874356362
193.5,11.248572420242157,11.281164272665453,2.9073326123557703,3.218705885973888
193.6,11.384790154161381,11.413594351910252,2.892797302839375,4.768258079041031
193.7,11.258750053745079,11.28841806124919,2.8748921252014203,3.2109103135391908
193.8,11.001976641714146,11.032774224073451,2.7778159674483507,3.94994276118834
193.9,11.008267052397086,11.04444322442628,2.760207217309641,5.075813591416239
194.0,10.961161858702885,10.981265701133553,2.765427226101648,5.427447357788561
194.1,11.187690369363537,11.220942031372068,2.8539019065587747,6.7398520128712525
194.2,11.099052345379324,11.134844743518268,2.867536457045046,4.808477505093042
194.3,11.094974942129191,11.12897334316964,2.5865669104864972,4.185013062063037
194.4,11.278027186335944,11.313078790395933,2.621531482260145,4.120846591458058
194.5,11.406409041373712,11.446435110694182,2.69651743968041,3.8183130694441707
194.6,11.298110996368024,11.333006009136762,2.8576350606505643,5.414064146351693
194.7,11.088133124783413,11.123526534148438,2.824904950628077,4.92439695503643
194.8,11.266153554680225,11.300329706039603,2.8639999207963323,3.502089161489564
194.9,11.20162288448754,11.238954085933777,2.6173312500099835,5.804018427221336
195.0,11.24106198826874,11.269571477096871,2.94674102758949,4.867089324707666
195.1,11.468200692589162,11.509236902134306,2.6498349218812254,4.321893979470561
195.2,11.413269061067334,11.450848679191651,2.8786083675021064,5.628797951893498
195.3,11.317091892307188,11.35816826503129,2.7353355698926163,5.289496838761959
195.4,11.262352963084245,11.297077151215756,2.831537981134561,5.58086321808046
195.5,11.219977764942094,11.254619674889266,2.674568763333574,3.6485288930617887
195.6,11.318074593311266,11.361127361439165,2.8454892857345615,4.479654927622802
195.7,11.345672551490663,11.3836922755335,2.894082052119106,3.687606959671872
195.8,11.53194489207931,11.572792933472,2.8235532066549838,5.114956133487077
195.9,11.237945396031437,11.282939482108644,2.9130472799720706,4.114848052545685
196.0,11.285147777692774,11.318135110216746,2.9138433279462097,5.040957210525947
196.1,11.067363208140321,11.106756741651957,2.7674754253187346,5.113292138461872
196.2,11.550588730899724,11.597400432233233,2.5778559121055924,3.6992476809236443
196.3,11.475144291980113,11.521303081546462,2.7652307194234336,4.029322233956392
196.4,11.580753013800743,11.620123361532029,2.7261588287528893,4.131572635153034
196.5,11.558431847457607,11.602704279079289,2.8475856698248077,3.673833434785872
196.6,11.657861482199095,11.710022109799429,2.6017378274624794,2.5378945851979187
196.7,11.572193326171673,11.616891458371006,2.6779376849930276,4.034358145987431
196.8,11.892460904382816,11.943008196413876,2.6180326012061403,4.075789749380996
196.9,11.778327158878101,11.82756830819558,2.364303905006635,3.861465405926088
197.0,11.48026140664132,11.528902815170092,2.443515549208966,4.012793538348961
197.1,11.548678127433467,11.603549030599744,2.2867935478582346,4.77029144461656
197.2,11.546672634429466,11.596659512908607,2.637876329721649,4.404316263841706
197.3,11.248350871829286,11.295822456475998,2.2586396215242504,3.403517050540925
197.4,11.34486954624386,11.383051169941034,2.771402261948012,3.9304750450656107
197.5,11.23208803386022,11.282527381352718,2.4018367282312916,3.7303018830777996
197.6,11.20063051048038,11.252988770780046,2.247743315934694,3.76347273977411
197.7,11.167755467408975,11.2184937345862,2.499203602929547,4.3005859308903105
197.8,11.351277150832878,11.403155387531973,2.581165571308042,5.009450918628387
197.9,11.196175853401556,11.249364475041864,2.657134811287522,5.178183696899546
198.0,11.52652327812912,11.573415425212948,2.7606946297498403,3.905304459761287
198.1,11.370891969612892,11.420245596659889,2.506733345869654,4.583881382914765
198.2,11.103913049143808,11.139432903082996,2.820690608672091,3.8099626779887332
198.3,11.054620675933773,11.092879890781758,2.876031205894629,2.0933341173420694
198.4,10.942070309186859,10.97968998306345,3.092084755691758,3.803755715846111
198.5,11.209335300901936,11.253719912837278,2.854281698082302,3.4732339380724
198.6,11.210291538393134,11.251647411698695,2.9977013172098568,5.14973330289824
198.7,11.113909505497464,11.156018481280803,2.873961108740162,4.835598416789655
198.8,11.280269814785948,11.323578389037305,2.8370619904163443,5.363759629725882
198.9,11.205789405945453,11.25115752969282,2.7042263324003195,4.791005538215576
199.0,11.150141093138288,11.200707720457444,2.4418532192201163,3.7912258028096693
199.1,11.262406178043976,11.30648256822486,2.636609845069065,4.191490596888376
199.2,11.41885682933757,11.470510458697122,2.45074800048876,3.946827412245512
199.3,11.292226357235165,11.341457580215389,2.3620829030756476,3.647890979183113
199.4,11.349359350866925,11.402663823408142,2.7589786868609063,3.7444030568324136
199.5,11.47336890130352,11.523966776344665,2.432650056983681,5.1327869455155195
199.6,11.2272253502945,11.271834553792123,2.5203359495135964,5.8644534224501585
199.7,11.434613316810067,11.47740660160746,2.5665714401918986,4.898512744439856
199.8,11.075475082860597,11.122763499942003,2.4797459173250633,4.794131618899113
199.9,11.234923046380661,11.277327005619139,2.3858866875515634,5.027866164489776
200.0,11.056421723541336,11.086715218005635,2.6368016930293057,3.005301404183605
